#VRML V2.0 utf8
DEF TXFM_1 Transform {
  center 0 0 0
  rotation 0 0 1 0
  scale 2.54 2.54 2.54
  scaleOrientation 0 0 1 0
  translation 0 0 0
 children [
DEF TXFM_2 Transform {
  center 0 0 0
  rotation 0 0 1 0
  scale 1 1 1
  scaleOrientation 0 0 1 0
  translation 0.78740157 -3.5433071 0.31496063
 children [
DEF TXFM_3 Transform {
  center 0 0 0
  rotation 0 0 1 0
  scale 1 1 1
  scaleOrientation 0 0 1 0
  translation 0 0 0
 children [
DEF TXFM_4 Transform {
  center 0 0 0
  rotation 0 0 1 0
  scale 1 1 1
  scaleOrientation 0 0 1 0
  translation 0 0 0.19684999
 children [
DEF SHAPE_1 Shape {
 appearance DEF APP_1 Appearance {
  material Material {
   ambientIntensity 0.2
   diffuseColor 0.34999999 0.34999999 0.38
   emissiveColor 0 0 0
   shininess 0.30000001
   specularColor 0.2 0.2 0.2
   transparency 0
} }
 geometry DEF FACE_1 IndexedFaceSet {
  coord DEF COORD_1 Coordinate { point [
  -1.574805 -1.1811 0.19684999,1.574805 -1.1811 0.19684999,
  1.574805 1.1811 0.19684999,-1.574805 1.1811 0.19684999,
  -1.574805 -1.1811 -0.19684999,1.574805 -1.1811 -0.19684999,
  1.574805 1.1811 -0.19684999,-1.574805 1.1811 -0.19684999,
  -1.574805 -1.1811 0.19684999,-1.574805 -1.1811 -0.19684999,
  1.574805 -1.1811 -0.19684999,1.574805 -1.1811 0.19684999,
  -1.574805 1.1811 0.19684999,-1.574805 1.1811 -0.19684999,
  1.574805 1.1811 -0.19684999,1.574805 1.1811 0.19684999,
  -1.574805 -1.1811 -0.19684999,-1.574805 -1.1811 0.19684999,
  -1.574805 1.1811 0.19684999,-1.574805 1.1811 -0.19684999,
  1.574805 -1.1811 -0.19684999,1.574805 -1.1811 0.19684999,
  1.574805 1.1811 0.19684999,1.574805 1.1811 -0.19684999] }
 coordIndex [
  0,1,2,-1,0,2,3,-1,4,6,5,-1,4,7,6,-1,8,9,10,-1,8,10,11,-1,12,14,13,-1,12,15,14,-1,
  16,17,18,-1,16,18,19,-1,20,22,21,-1,20,23,22,-1]
  normalPerVertex TRUE
  normal DEF NORM_1 Normal { vector [
  0 0 1,0 0 1,
  0 0 1,0 0 1,
  0 0 -1,0 0 -1,
  0 0 -1,0 0 -1,
  0 -1 0,0 -1 0,
  0 -1 0,0 -1 0,
  0 1 0,0 1 0,
  0 1 0,0 1 0,
  -1 0 0,-1 0 0,
  -1 0 0,-1 0 0,
  1 0 0,1 0 0,
  1 0 0,1 0 0] }
}
}
] }
] }
] }
DEF TXFM_5 Transform {
  center 0 0 0
  rotation 0 0 1 0
  scale 1 1 1
  scaleOrientation 0 0 1 0
  translation 15.748031 -3.1496063 0.31496063
 children [
DEF TXFM_6 Transform {
  center 0 0 0
  rotation 0 0 1 0
  scale 1 1 1
  scaleOrientation 0 0 1 0
  translation 0 0 0
 children [
DEF TXFM_7 Transform {
  center 0 0 0
  rotation 0 0 1 0
  scale 1 1 1
  scaleOrientation 0 0 1 0
  translation 0 0 0.98425
 children [
DEF SHAPE_2 Shape {
 appearance DEF APP_2 Appearance {
  material Material {
   ambientIntensity 0.2
   diffuseColor 0.69999999 0.69999999 0.72000003
   emissiveColor 0 0 0
   shininess 0.30000001
   specularColor 0.2 0.2 0.2
   transparency 0
} }
 geometry DEF FACE_2 IndexedFaceSet {
  coord DEF COORD_2 Coordinate { point [
  -1.1811 -1.1811 0.98425,1.1811 -1.1811 0.98425,
  1.1811 1.1811 0.98425,-1.1811 1.1811 0.98425,
  -1.1811 -1.1811 -0.98425,1.1811 -1.1811 -0.98425,
  1.1811 1.1811 -0.98425,-1.1811 1.1811 -0.98425,
  -1.1811 -1.1811 0.98425,-1.1811 -1.1811 -0.98425,
  1.1811 -1.1811 -0.98425,1.1811 -1.1811 0.98425,
  -1.1811 1.1811 0.98425,-1.1811 1.1811 -0.98425,
  1.1811 1.1811 -0.98425,1.1811 1.1811 0.98425,
  -1.1811 -1.1811 -0.98425,-1.1811 -1.1811 0.98425,
  -1.1811 1.1811 0.98425,-1.1811 1.1811 -0.98425,
  1.1811 -1.1811 -0.98425,1.1811 -1.1811 0.98425,
  1.1811 1.1811 0.98425,1.1811 1.1811 -0.98425] }
 coordIndex [
  0,1,2,-1,0,2,3,-1,4,6,5,-1,4,7,6,-1,8,9,10,-1,8,10,11,-1,12,14,13,-1,12,15,14,-1,
  16,17,18,-1,16,18,19,-1,20,22,21,-1,20,23,22,-1]
  normalPerVertex TRUE
  normal DEF NORM_2 Normal { vector [
  0 0 1,0 0 1,
  0 0 1,0 0 1,
  0 0 -1,0 0 -1,
  0 0 -1,0 0 -1,
  0 -1 0,0 -1 0,
  0 -1 0,0 -1 0,
  0 1 0,0 1 0,
  0 1 0,0 1 0,
  -1 0 0,-1 0 0,
  -1 0 0,-1 0 0,
  1 0 0,1 0 0,
  1 0 0,1 0 0] }
}
}
] }
] }
] }
DEF TXFM_8 Transform {
  center 0 0 0
  rotation 0 0 1 0
  scale 1 1 1
  scaleOrientation 0 0 1 0
  translation 0 3.3464567 0.31496063
 children [
DEF TXFM_9 Transform {
  center 0 0 0
  rotation 0 0 1 0
  scale 1 1 1
  scaleOrientation 0 0 1 0
  translation 0 0 0
 children [
DEF TXFM_10 Transform {
  center 0 0 0
  rotation 0 0 1 0
  scale 1 1 1
  scaleOrientation 0 0 1 0
  translation 0 0 1.1811
 children [
DEF SHAPE_3 Shape {
 appearance DEF APP_3 Appearance {
  material Material {
   ambientIntensity 0.2
   diffuseColor 0.34999999 0.34999999 0.38
   emissiveColor 0 0 0
   shininess 0.30000001
   specularColor 0.2 0.2 0.2
   transparency 0
} }
 geometry DEF FACE_3 IndexedFaceSet {
  coord DEF COORD_3 Coordinate { point [
  -9.4488196 -1.574805 1.1811,9.4488196 -1.574805 1.1811,
  9.4488196 1.574805 1.1811,-9.4488196 1.574805 1.1811,
  -9.4488196 -1.574805 -1.1811,9.4488196 -1.574805 -1.1811,
  9.4488196 1.574805 -1.1811,-9.4488196 1.574805 -1.1811,
  -9.4488196 -1.574805 1.1811,-9.4488196 -1.574805 -1.1811,
  9.4488196 -1.574805 -1.1811,9.4488196 -1.574805 1.1811,
  -9.4488196 1.574805 1.1811,-9.4488196 1.574805 -1.1811,
  9.4488196 1.574805 -1.1811,9.4488196 1.574805 1.1811,
  -9.4488196 -1.574805 -1.1811,-9.4488196 -1.574805 1.1811,
  -9.4488196 1.574805 1.1811,-9.4488196 1.574805 -1.1811,
  9.4488196 -1.574805 -1.1811,9.4488196 -1.574805 1.1811,
  9.4488196 1.574805 1.1811,9.4488196 1.574805 -1.1811] }
 coordIndex [
  0,1,2,-1,0,2,3,-1,4,6,5,-1,4,7,6,-1,8,9,10,-1,8,10,11,-1,12,14,13,-1,12,15,14,-1,
  16,17,18,-1,16,18,19,-1,20,22,21,-1,20,23,22,-1]
  normalPerVertex TRUE
  normal DEF NORM_3 Normal { vector [
  0 0 1,0 0 1,
  0 0 1,0 0 1,
  0 0 -1,0 0 -1,
  0 0 -1,0 0 -1,
  0 -1 0,0 -1 0,
  0 -1 0,0 -1 0,
  0 1 0,0 1 0,
  0 1 0,0 1 0,
  -1 0 0,-1 0 0,
  -1 0 0,-1 0 0,
  1 0 0,1 0 0,
  1 0 0,1 0 0] }
}
}
] }
] }
] }
DEF TXFM_11 Transform {
  center 0 0 0
  rotation 0 0 1 0
  scale 1 1 1
  scaleOrientation 0 0 1 0
  translation 8.6614173 -3.5433071 0.31496063
 children [
DEF TXFM_12 Transform {
  center 0 0 0
  rotation 0 0 1 0
  scale 1 1 1
  scaleOrientation 0 0 1 0
  translation 0 0 0
 children [
DEF TXFM_13 Transform {
  center 0 0 0
  rotation 0 0 1 0
  scale 1 1 1
  scaleOrientation 0 0 1 0
  translation 0 0 0.78739998
 children [
DEF SHAPE_4 Shape {
 appearance DEF APP_4 Appearance {
  material Material {
   ambientIntensity 0.20000002
   diffuseColor 0.44999999 0.2 0.55000001
   emissiveColor 0 0 0
   shininess 0.30000001
   specularColor 0.2 0.2 0.2
   transparency 0
} }
 geometry DEF FACE_4 IndexedFaceSet {
  coord DEF COORD_4 Coordinate { point [
  -1.9685051 -0.98425 0.78739998,1.9685051 -0.98425 0.78739998,
  1.9685051 0.98425 0.78739998,-1.9685051 0.98425 0.78739998,
  -1.9685051 -0.98425 -0.78739998,1.9685051 -0.98425 -0.78739998,
  1.9685051 0.98425 -0.78739998,-1.9685051 0.98425 -0.78739998,
  -1.9685051 -0.98425 0.78739998,-1.9685051 -0.98425 -0.78739998,
  1.9685051 -0.98425 -0.78739998,1.9685051 -0.98425 0.78739998,
  -1.9685051 0.98425 0.78739998,-1.9685051 0.98425 -0.78739998,
  1.9685051 0.98425 -0.78739998,1.9685051 0.98425 0.78739998,
  -1.9685051 -0.98425 -0.78739998,-1.9685051 -0.98425 0.78739998,
  -1.9685051 0.98425 0.78739998,-1.9685051 0.98425 -0.78739998,
  1.9685051 -0.98425 -0.78739998,1.9685051 -0.98425 0.78739998,
  1.9685051 0.98425 0.78739998,1.9685051 0.98425 -0.78739998] }
 coordIndex [
  0,1,2,-1,0,2,3,-1,4,6,5,-1,4,7,6,-1,8,9,10,-1,8,10,11,-1,12,14,13,-1,12,15,14,-1,
  16,17,18,-1,16,18,19,-1,20,22,21,-1,20,23,22,-1]
  normalPerVertex TRUE
  normal DEF NORM_4 Normal { vector [
  0 0 1,0 0 1,
  0 0 1,0 0 1,
  0 0 -1,0 0 -1,
  0 0 -1,0 0 -1,
  0 -1 0,0 -1 0,
  0 -1 0,0 -1 0,
  0 1 0,0 1 0,
  0 1 0,0 1 0,
  -1 0 0,-1 0 0,
  -1 0 0,-1 0 0,
  1 0 0,1 0 0,
  1 0 0,1 0 0] }
}
}
] }
] }
] }
DEF TXFM_14 Transform {
  center 0 0 0
  rotation 0 0 1 0
  scale 1 1 1
  scaleOrientation 0 0 1 0
  translation -17.322835 -3.1496063 0.31496063
 children [
DEF TXFM_15 Transform {
  center 0 0 0
  rotation 0 0 1 0
  scale 1 1 1
  scaleOrientation 0 0 1 0
  translation 0 0 0
 children [
DEF TXFM_16 Transform {
  center 0 0 0
  rotation 0 0 1 0
  scale 1 1 1
  scaleOrientation 0 0 1 0
  translation 0 0 0.59055001
 children [
DEF SHAPE_5 Shape {
 appearance DEF APP_5 Appearance {
  material Material {
   ambientIntensity 0.2
   diffuseColor 0.55000001 0.55000001 0.55000001
   emissiveColor 0 0 0
   shininess 0.30000001
   specularColor 0.2 0.2 0.2
   transparency 0
} }
 geometry DEF FACE_5 IndexedFaceSet {
  coord DEF COORD_5 Coordinate { point [
  -1.1811 -0.78739998 0.59055001,1.1811 -0.78739998 0.59055001,
  1.1811 0.78739998 0.59055001,-1.1811 0.78739998 0.59055001,
  -1.1811 -0.78739998 -0.59055001,1.1811 -0.78739998 -0.59055001,
  1.1811 0.78739998 -0.59055001,-1.1811 0.78739998 -0.59055001,
  -1.1811 -0.78739998 0.59055001,-1.1811 -0.78739998 -0.59055001,
  1.1811 -0.78739998 -0.59055001,1.1811 -0.78739998 0.59055001,
  -1.1811 0.78739998 0.59055001,-1.1811 0.78739998 -0.59055001,
  1.1811 0.78739998 -0.59055001,1.1811 0.78739998 0.59055001,
  -1.1811 -0.78739998 -0.59055001,-1.1811 -0.78739998 0.59055001,
  -1.1811 0.78739998 0.59055001,-1.1811 0.78739998 -0.59055001,
  1.1811 -0.78739998 -0.59055001,1.1811 -0.78739998 0.59055001,
  1.1811 0.78739998 0.59055001,1.1811 0.78739998 -0.59055001] }
 coordIndex [
  0,1,2,-1,0,2,3,-1,4,6,5,-1,4,7,6,-1,8,9,10,-1,8,10,11,-1,12,14,13,-1,12,15,14,-1,
  16,17,18,-1,16,18,19,-1,20,22,21,-1,20,23,22,-1]
  normalPerVertex TRUE
  normal DEF NORM_5 Normal { vector [
  0 0 1,0 0 1,
  0 0 1,0 0 1,
  0 0 -1,0 0 -1,
  0 0 -1,0 0 -1,
  0 -1 0,0 -1 0,
  0 -1 0,0 -1 0,
  0 1 0,0 1 0,
  0 1 0,0 1 0,
  -1 0 0,-1 0 0,
  -1 0 0,-1 0 0,
  1 0 0,1 0 0,
  1 0 0,1 0 0] }
}
}
] }
] }
] }
DEF TXFM_17 Transform {
  center 0 0 0
  rotation 0 0 1 0
  scale 1 1 1
  scaleOrientation 0 0 1 0
  translation -10.23622 -3.5433071 0.31496063
 children [
DEF TXFM_18 Transform {
  center 0 0 0
  rotation 0 0 1 0
  scale 1 1 1
  scaleOrientation 0 0 1 0
  translation 0 0 0
 children [
DEF TXFM_19 Transform {
  center 0 0 0
  rotation 0 0 1 0
  scale 1 1 1
  scaleOrientation 0 0 1 0
  translation 0 0 1.3779499
 children [
DEF SHAPE_6 Shape {
 appearance DEF APP_6 Appearance {
  material Material {
   ambientIntensity 0.2
   diffuseColor 0.34999999 0.34999999 0.38
   emissiveColor 0 0 0
   shininess 0.30000001
   specularColor 0.2 0.2 0.2
   transparency 0
} }
 geometry DEF FACE_6 IndexedFaceSet {
  coord DEF COORD_6 Coordinate { point [
  -4.7244098 -1.574805 1.3779549,4.7244098 -1.574805 1.3779549,
  4.7244098 1.574805 1.3779549,-4.7244098 1.574805 1.3779549,
  -4.7244098 -1.574805 -1.3779549,4.7244098 -1.574805 -1.3779549,
  4.7244098 1.574805 -1.3779549,-4.7244098 1.574805 -1.3779549,
  -4.7244098 -1.574805 1.3779549,-4.7244098 -1.574805 -1.3779549,
  4.7244098 -1.574805 -1.3779549,4.7244098 -1.574805 1.3779549,
  -4.7244098 1.574805 1.3779549,-4.7244098 1.574805 -1.3779549,
  4.7244098 1.574805 -1.3779549,4.7244098 1.574805 1.3779549,
  -4.7244098 -1.574805 -1.3779549,-4.7244098 -1.574805 1.3779549,
  -4.7244098 1.574805 1.3779549,-4.7244098 1.574805 -1.3779549,
  4.7244098 -1.574805 -1.3779549,4.7244098 -1.574805 1.3779549,
  4.7244098 1.574805 1.3779549,4.7244098 1.574805 -1.3779549] }
 coordIndex [
  0,1,2,-1,0,2,3,-1,4,6,5,-1,4,7,6,-1,8,9,10,-1,8,10,11,-1,12,14,13,-1,12,15,14,-1,
  16,17,18,-1,16,18,19,-1,20,22,21,-1,20,23,22,-1]
  normalPerVertex TRUE
  normal DEF NORM_6 Normal { vector [
  0 0 1,0 0 1,
  0 0 1,0 0 1,
  0 0 -1,0 0 -1,
  0 0 -1,0 0 -1,
  0 -1 0,0 -1 0,
  0 -1 0,0 -1 0,
  0 1 0,0 1 0,
  0 1 0,0 1 0,
  -1 0 0,-1 0 0,
  -1 0 0,-1 0 0,
  1 0 0,1 0 0,
  1 0 0,1 0 0] }
}
}
] }
] }
] }
DEF TXFM_20 Transform {
  center 0 0 0
  rotation 0 0 1 0
  scale 1 1 1
  scaleOrientation 0 0 1 0
  translation 0 0 0
 children [
DEF SHAPE_7 Shape {
 appearance DEF APP_7 Appearance {
  material Material {
   ambientIntensity 1
   diffuseColor 0 0 0
   emissiveColor 0 0 0
   shininess 0.0099999998
   specularColor 0.1 0.1 0.1
   transparency 0
} }
 geometry DEF FACE_7 IndexedFaceSet {
  coord DEF COORD_7 Coordinate { point [
  19.840551 4.7244094 0.31003937,19.888651 4.9662232 0.31003937,
  20.025627 5.171223 0.31003937,20.230627 5.3081995 0.31003937,
  20.472441 5.3562992 0.31003937,20.714255 5.3081995 0.31003937,
  20.919254 5.171223 0.31003937,21.056231 4.9662232 0.31003937,
  21.104331 4.7244094 0.31003937,21.056231 4.4825957 0.31003937,
  20.919254 4.2775959 0.31003937,20.714255 4.1406194 0.31003937,
  20.472441 4.0925197 0.31003937,20.230627 4.1406194 0.31003937,
  20.025627 4.2775959 0.31003937,19.888651 4.4825957 0.31003937,
  8.1496063 3.3464567 0.31003937,8.1945593 3.5724508 0.31003937,
  8.3225747 3.7640394 0.31003937,8.5141633 3.8920548 0.31003937,
  8.7401575 3.9370079 0.31003937,8.9661516 3.8920548 0.31003937,
  9.1577402 3.7640394 0.31003937,9.2857556 3.5724508 0.31003937,
  9.3307087 3.3464567 0.31003937,9.2857556 3.1204625 0.31003937,
  9.1577402 2.9288739 0.31003937,8.9661516 2.8008585 0.31003937,
  8.7401575 2.7559055 0.31003937,8.5141633 2.8008585 0.31003937,
  8.3225747 2.9288739 0.31003937,8.1945593 3.1204625 0.31003937,
  -9.3307087 3.3464567 0.31003937,-9.2857556 3.5724508 0.31003937,
  -9.1577402 3.7640394 0.31003937,-8.9661516 3.8920548 0.31003937,
  -8.7401575 3.9370079 0.31003937,-8.5141633 3.8920548 0.31003937,
  -8.3225747 3.7640394 0.31003937,-8.1945593 3.5724508 0.31003937,
  -8.1496063 3.3464567 0.31003937,-8.1945593 3.1204625 0.31003937,
  -8.3225747 2.9288739 0.31003937,-8.5141633 2.8008585 0.31003937,
  -8.7401575 2.7559055 0.31003937,-8.9661516 2.8008585 0.31003937,
  -9.1577402 2.9288739 0.31003937,-9.2857556 3.1204625 0.31003937,
  -21.104331 4.7244094 0.31003937,-21.056231 4.9662232 0.31003937,
  -20.919254 5.171223 0.31003937,-20.714255 5.3081995 0.31003937,
  -20.472441 5.3562992 0.31003937,-20.230627 5.3081995 0.31003937,
  -20.025627 5.171223 0.31003937,-19.888651 4.9662232 0.31003937,
  -19.840551 4.7244094 0.31003937,-19.888651 4.4825957 0.31003937,
  -20.025627 4.2775959 0.31003937,-20.230627 4.1406194 0.31003937,
  -20.472441 4.0925197 0.31003937,-20.714255 4.1406194 0.31003937,
  -20.919254 4.2775959 0.31003937,-21.056231 4.4825957 0.31003937,
  -22.047244 6.2992126 0.31003937,-22.047244 -6.2992126 0.31003937,
  22.047244 -6.2992126 0.31003937,22.047244 6.2992126 0.31003937,
  -21.104331 -4.7244094 0.31003937,-21.056231 -4.4825957 0.31003937,
  -20.919254 -4.2775959 0.31003937,-20.714255 -4.1406194 0.31003937,
  -20.472441 -4.0925197 0.31003937,-20.230627 -4.1406194 0.31003937,
  -20.025627 -4.2775959 0.31003937,-19.888651 -4.4825957 0.31003937,
  -19.840551 -4.7244094 0.31003937,-19.888651 -4.9662232 0.31003937,
  -20.025627 -5.171223 0.31003937,-20.230627 -5.3081995 0.31003937,
  -20.472441 -5.3562992 0.31003937,-20.714255 -5.3081995 0.31003937,
  -20.919254 -5.171223 0.31003937,-21.056231 -4.9662232 0.31003937,
  19.840551 -4.7244094 0.31003937,19.888651 -4.4825957 0.31003937,
  20.025627 -4.2775959 0.31003937,20.230627 -4.1406194 0.31003937,
  20.472441 -4.0925197 0.31003937,20.714255 -4.1406194 0.31003937,
  20.919254 -4.2775959 0.31003937,21.056231 -4.4825957 0.31003937,
  21.104331 -4.7244094 0.31003937,21.056231 -4.9662232 0.31003937,
  20.919254 -5.171223 0.31003937,20.714255 -5.3081995 0.31003937,
  20.472441 -5.3562992 0.31003937,20.230627 -5.3081995 0.31003937,
  20.025627 -5.171223 0.31003937,19.888651 -4.9662232 0.31003937,
  19.840551 4.7244094 -0.31003937,19.888651 4.9662232 -0.31003937,
  20.025627 5.171223 -0.31003937,20.230627 5.3081995 -0.31003937,
  20.472441 5.3562992 -0.31003937,20.714255 5.3081995 -0.31003937,
  20.919254 5.171223 -0.31003937,21.056231 4.9662232 -0.31003937,
  21.104331 4.7244094 -0.31003937,21.056231 4.4825957 -0.31003937,
  20.919254 4.2775959 -0.31003937,20.714255 4.1406194 -0.31003937,
  20.472441 4.0925197 -0.31003937,20.230627 4.1406194 -0.31003937,
  20.025627 4.2775959 -0.31003937,19.888651 4.4825957 -0.31003937,
  8.1496063 3.3464567 -0.31003937,8.1945593 3.5724508 -0.31003937,
  8.3225747 3.7640394 -0.31003937,8.5141633 3.8920548 -0.31003937,
  8.7401575 3.9370079 -0.31003937,8.9661516 3.8920548 -0.31003937,
  9.1577402 3.7640394 -0.31003937,9.2857556 3.5724508 -0.31003937,
  9.3307087 3.3464567 -0.31003937,9.2857556 3.1204625 -0.31003937,
  9.1577402 2.9288739 -0.31003937,8.9661516 2.8008585 -0.31003937,
  8.7401575 2.7559055 -0.31003937,8.5141633 2.8008585 -0.31003937,
  8.3225747 2.9288739 -0.31003937,8.1945593 3.1204625 -0.31003937,
  -9.3307087 3.3464567 -0.31003937,-9.2857556 3.5724508 -0.31003937,
  -9.1577402 3.7640394 -0.31003937,-8.9661516 3.8920548 -0.31003937,
  -8.7401575 3.9370079 -0.31003937,-8.5141633 3.8920548 -0.31003937,
  -8.3225747 3.7640394 -0.31003937,-8.1945593 3.5724508 -0.31003937,
  -8.1496063 3.3464567 -0.31003937,-8.1945593 3.1204625 -0.31003937,
  -8.3225747 2.9288739 -0.31003937,-8.5141633 2.8008585 -0.31003937,
  -8.7401575 2.7559055 -0.31003937,-8.9661516 2.8008585 -0.31003937,
  -9.1577402 2.9288739 -0.31003937,-9.2857556 3.1204625 -0.31003937,
  -21.104331 4.7244094 -0.31003937,-21.056231 4.9662232 -0.31003937,
  -20.919254 5.171223 -0.31003937,-20.714255 5.3081995 -0.31003937,
  -20.472441 5.3562992 -0.31003937,-20.230627 5.3081995 -0.31003937,
  -20.025627 5.171223 -0.31003937,-19.888651 4.9662232 -0.31003937,
  -19.840551 4.7244094 -0.31003937,-19.888651 4.4825957 -0.31003937,
  -20.025627 4.2775959 -0.31003937,-20.230627 4.1406194 -0.31003937,
  -20.472441 4.0925197 -0.31003937,-20.714255 4.1406194 -0.31003937,
  -20.919254 4.2775959 -0.31003937,-21.056231 4.4825957 -0.31003937,
  -22.047244 6.2992126 -0.31003937,-22.047244 -6.2992126 -0.31003937,
  22.047244 -6.2992126 -0.31003937,22.047244 6.2992126 -0.31003937,
  -21.104331 -4.7244094 -0.31003937,-21.056231 -4.4825957 -0.31003937,
  -20.919254 -4.2775959 -0.31003937,-20.714255 -4.1406194 -0.31003937,
  -20.472441 -4.0925197 -0.31003937,-20.230627 -4.1406194 -0.31003937,
  -20.025627 -4.2775959 -0.31003937,-19.888651 -4.4825957 -0.31003937,
  -19.840551 -4.7244094 -0.31003937,-19.888651 -4.9662232 -0.31003937,
  -20.025627 -5.171223 -0.31003937,-20.230627 -5.3081995 -0.31003937,
  -20.472441 -5.3562992 -0.31003937,-20.714255 -5.3081995 -0.31003937,
  -20.919254 -5.171223 -0.31003937,-21.056231 -4.9662232 -0.31003937,
  19.840551 -4.7244094 -0.31003937,19.888651 -4.4825957 -0.31003937,
  20.025627 -4.2775959 -0.31003937,20.230627 -4.1406194 -0.31003937,
  20.472441 -4.0925197 -0.31003937,20.714255 -4.1406194 -0.31003937,
  20.919254 -4.2775959 -0.31003937,21.056231 -4.4825957 -0.31003937,
  21.104331 -4.7244094 -0.31003937,21.056231 -4.9662232 -0.31003937,
  20.919254 -5.171223 -0.31003937,20.714255 -5.3081995 -0.31003937,
  20.472441 -5.3562992 -0.31003937,20.230627 -5.3081995 -0.31003937,
  20.025627 -5.171223 -0.31003937,19.888651 -4.9662232 -0.31003937] }
 coordIndex [
  44,45,66,-1,66,45,56,-1,66,56,76,-1,76,56,57,-1,76,57,75,-1,75,57,58,-1,75,58,74,-1,74,58,59,-1,
  74,59,73,-1,73,59,60,-1,73,60,72,-1,72,60,61,-1,72,61,71,-1,71,61,62,-1,71,62,70,-1,70,62,63,-1,
  70,63,69,-1,69,63,48,-1,69,48,68,-1,68,48,64,-1,68,64,65,-1,98,99,24,-1,24,99,84,-1,24,84,0,-1,
  0,84,85,-1,0,85,15,-1,15,85,86,-1,15,86,14,-1,14,86,87,-1,14,87,13,-1,13,87,88,-1,13,88,12,-1,
  12,88,89,-1,12,89,11,-1,11,89,90,-1,11,90,10,-1,10,90,91,-1,10,91,9,-1,9,91,92,-1,9,92,8,-1,
  8,92,66,-1,8,66,67,-1,67,64,52,-1,67,52,53,-1,67,53,54,-1,67,54,55,-1,67,55,56,-1,67,56,36,-1,
  67,36,37,-1,67,37,38,-1,67,38,39,-1,67,39,40,-1,67,40,20,-1,67,20,21,-1,67,21,22,-1,67,22,23,-1,
  67,23,24,-1,67,24,3,-1,67,3,4,-1,67,4,5,-1,67,5,6,-1,67,6,7,-1,67,7,8,-1,24,0,1,-1,
  24,1,2,-1,24,2,3,-1,40,41,66,-1,40,66,97,-1,40,97,98,-1,40,98,30,-1,40,30,31,-1,40,31,16,-1,
  40,16,17,-1,40,17,18,-1,40,18,19,-1,40,19,20,-1,56,45,46,-1,56,46,47,-1,56,47,32,-1,56,32,33,-1,
  56,33,34,-1,56,34,35,-1,56,35,36,-1,64,48,49,-1,64,49,50,-1,64,50,51,-1,64,51,52,-1,66,92,93,-1,
  66,93,94,-1,66,94,95,-1,66,95,96,-1,66,96,97,-1,98,24,25,-1,98,25,26,-1,98,26,27,-1,98,27,28,-1,
  98,28,29,-1,98,29,30,-1,66,41,42,-1,66,42,43,-1,66,43,44,-1,66,76,77,-1,66,77,78,-1,66,78,79,-1,
  66,79,80,-1,66,80,65,-1,65,80,81,-1,65,81,82,-1,65,82,83,-1,65,83,68,-1,145,144,166,-1,145,166,156,-1,
  156,166,176,-1,156,176,157,-1,157,176,175,-1,157,175,158,-1,158,175,174,-1,158,174,159,-1,159,174,173,-1,159,173,160,-1,
  160,173,172,-1,160,172,161,-1,161,172,171,-1,161,171,162,-1,162,171,170,-1,162,170,163,-1,163,170,169,-1,163,169,148,-1,
  148,169,168,-1,148,168,164,-1,164,168,165,-1,199,198,124,-1,199,124,184,-1,184,124,100,-1,184,100,185,-1,185,100,115,-1,
  185,115,186,-1,186,115,114,-1,186,114,187,-1,187,114,113,-1,187,113,188,-1,188,113,112,-1,188,112,189,-1,189,112,111,-1,
  189,111,190,-1,190,111,110,-1,190,110,191,-1,191,110,109,-1,191,109,192,-1,192,109,108,-1,192,108,166,-1,166,108,167,-1,
  164,167,152,-1,152,167,153,-1,153,167,154,-1,154,167,155,-1,155,167,156,-1,156,167,136,-1,136,167,137,-1,137,167,138,-1,
  138,167,139,-1,139,167,140,-1,140,167,120,-1,120,167,121,-1,121,167,122,-1,122,167,123,-1,123,167,124,-1,124,167,103,-1,
  103,167,104,-1,104,167,105,-1,105,167,106,-1,106,167,107,-1,107,167,108,-1,100,124,101,-1,101,124,102,-1,102,124,103,-1,
  141,140,166,-1,166,140,197,-1,197,140,198,-1,198,140,130,-1,130,140,131,-1,131,140,116,-1,116,140,117,-1,117,140,118,-1,
  118,140,119,-1,119,140,120,-1,145,156,146,-1,146,156,147,-1,147,156,132,-1,132,156,133,-1,133,156,134,-1,134,156,135,-1,
  135,156,136,-1,148,164,149,-1,149,164,150,-1,150,164,151,-1,151,164,152,-1,192,166,193,-1,193,166,194,-1,194,166,195,-1,
  195,166,196,-1,196,166,197,-1,124,198,125,-1,125,198,126,-1,126,198,127,-1,127,198,128,-1,128,198,129,-1,129,198,130,-1,
  141,166,142,-1,142,166,143,-1,143,166,144,-1,176,166,177,-1,177,166,178,-1,178,166,179,-1,179,166,180,-1,180,166,165,-1,
  180,165,181,-1,181,165,182,-1,182,165,183,-1,183,165,168,-1]
  normalPerVertex TRUE
  normal DEF NORM_7 Normal { vector [
  0 0 1,0 0 1,
  0 0 1,0 0 1,
  0 0 1,0 0 1,
  0 0 1,0 0 1,
  0 0 1,0 0 1,
  0 0 1,0 0 1,
  0 0 1,0 0 1,
  0 0 1,0 0 1,
  0 0 1,0 0 1,
  0 0 1,0 0 1,
  0 0 1,0 0 1,
  0 0 1,0 0 1,
  0 0 1,0 0 1,
  0 0 1,0 0 1,
  0 0 1,0 0 1,
  0 0 1,0 0 1,
  0 0 1,0 0 1,
  0 0 1,0 0 1,
  0 0 1,0 0 1,
  0 0 1,0 0 1,
  0 0 1,0 0 1,
  0 0 1,0 0 1,
  0 0 1,0 0 1,
  0 0 1,0 0 1,
  0 0 1,0 0 1,
  0 0 1,0 0 1,
  0 0 1,0 0 1,
  0 0 1,0 0 1,
  0 0 1,0 0 1,
  0 0 1,0 0 1,
  0 0 1,0 0 1,
  0 0 1,0 0 1,
  0 0 1,0 0 1,
  0 0 1,0 0 1,
  0 0 1,0 0 1,
  0 0 1,0 0 1,
  0 0 1,0 0 1,
  0 0 1,0 0 1,
  0 0 1,0 0 1,
  0 0 1,0 0 1,
  0 0 1,0 0 1,
  0 0 1,0 0 1,
  0 0 1,0 0 1,
  0 0 1,0 0 1,
  0 0 1,0 0 1,
  0 0 1,0 0 1,
  0 0 1,0 0 1,
  0 0 1,0 0 1,
  0 0 1,0 0 1,
  0 0 1,0 0 1,
  0 0 -1,0 0 -1,
  0 0 -1,0 0 -1,
  0 0 -1,0 0 -1,
  0 0 -1,0 0 -1,
  0 0 -1,0 0 -1,
  0 0 -1,0 0 -1,
  0 0 -1,0 0 -1,
  0 0 -1,0 0 -1,
  0 0 -1,0 0 -1,
  0 0 -1,0 0 -1,
  0 0 -1,0 0 -1,
  0 0 -1,0 0 -1,
  0 0 -1,0 0 -1,
  0 0 -1,0 0 -1,
  0 0 -1,0 0 -1,
  0 0 -1,0 0 -1,
  0 0 -1,0 0 -1,
  0 0 -1,0 0 -1,
  0 0 -1,0 0 -1,
  0 0 -1,0 0 -1,
  0 0 -1,0 0 -1,
  0 0 -1,0 0 -1,
  0 0 -1,0 0 -1,
  0 0 -1,0 0 -1,
  0 0 -1,0 0 -1,
  0 0 -1,0 0 -1,
  0 0 -1,0 0 -1,
  0 0 -1,0 0 -1,
  0 0 -1,0 0 -1,
  0 0 -1,0 0 -1,
  0 0 -1,0 0 -1,
  0 0 -1,0 0 -1,
  0 0 -1,0 0 -1,
  0 0 -1,0 0 -1,
  0 0 -1,0 0 -1,
  0 0 -1,0 0 -1,
  0 0 -1,0 0 -1,
  0 0 -1,0 0 -1,
  0 0 -1,0 0 -1,
  0 0 -1,0 0 -1,
  0 0 -1,0 0 -1,
  0 0 -1,0 0 -1,
  0 0 -1,0 0 -1,
  0 0 -1,0 0 -1,
  0 0 -1,0 0 -1,
  0 0 -1,0 0 -1,
  0 0 -1,0 0 -1,
  0 0 -1,0 0 -1,
  0 0 -1,0 0 -1,
  0 0 -1,0 0 -1] }
}
}
DEF SHAPE_8 Shape {
 appearance USE APP_7
 geometry DEF FACE_8 IndexedFaceSet {
  coord DEF COORD_8 Coordinate { point [
  19.888651 4.9662232 0.31003937,19.840551 4.7244094 0.31003937,
  19.888651 4.9662232 -0.31003937,19.888651 4.9662232 -0.31003937,
  19.840551 4.7244094 0.31003937,19.840551 4.7244094 -0.31003937,
  20.025627 5.171223 0.31003937,19.888651 4.9662232 0.31003937,
  20.025627 5.171223 -0.31003937,20.025627 5.171223 -0.31003937,
  19.888651 4.9662232 0.31003937,19.888651 4.9662232 -0.31003937,
  20.230627 5.3081995 0.31003937,20.025627 5.171223 0.31003937,
  20.230627 5.3081995 -0.31003937,20.230627 5.3081995 -0.31003937,
  20.025627 5.171223 0.31003937,20.025627 5.171223 -0.31003937,
  20.472441 5.3562992 0.31003937,20.230627 5.3081995 0.31003937,
  20.472441 5.3562992 -0.31003937,20.472441 5.3562992 -0.31003937,
  20.230627 5.3081995 0.31003937,20.230627 5.3081995 -0.31003937,
  20.714255 5.3081995 0.31003937,20.472441 5.3562992 0.31003937,
  20.714255 5.3081995 -0.31003937,20.714255 5.3081995 -0.31003937,
  20.472441 5.3562992 0.31003937,20.472441 5.3562992 -0.31003937,
  20.919254 5.171223 0.31003937,20.714255 5.3081995 0.31003937,
  20.919254 5.171223 -0.31003937,20.919254 5.171223 -0.31003937,
  20.714255 5.3081995 0.31003937,20.714255 5.3081995 -0.31003937,
  21.056231 4.9662232 0.31003937,20.919254 5.171223 0.31003937,
  21.056231 4.9662232 -0.31003937,21.056231 4.9662232 -0.31003937,
  20.919254 5.171223 0.31003937,20.919254 5.171223 -0.31003937,
  21.104331 4.7244094 0.31003937,21.056231 4.9662232 0.31003937,
  21.104331 4.7244094 -0.31003937,21.104331 4.7244094 -0.31003937,
  21.056231 4.9662232 0.31003937,21.056231 4.9662232 -0.31003937,
  21.056231 4.4825957 0.31003937,21.104331 4.7244094 0.31003937,
  21.056231 4.4825957 -0.31003937,21.056231 4.4825957 -0.31003937,
  21.104331 4.7244094 0.31003937,21.104331 4.7244094 -0.31003937,
  20.919254 4.2775959 0.31003937,21.056231 4.4825957 0.31003937,
  20.919254 4.2775959 -0.31003937,20.919254 4.2775959 -0.31003937,
  21.056231 4.4825957 0.31003937,21.056231 4.4825957 -0.31003937,
  20.714255 4.1406194 0.31003937,20.919254 4.2775959 0.31003937,
  20.714255 4.1406194 -0.31003937,20.714255 4.1406194 -0.31003937,
  20.919254 4.2775959 0.31003937,20.919254 4.2775959 -0.31003937,
  20.472441 4.0925197 0.31003937,20.714255 4.1406194 0.31003937,
  20.472441 4.0925197 -0.31003937,20.472441 4.0925197 -0.31003937,
  20.714255 4.1406194 0.31003937,20.714255 4.1406194 -0.31003937,
  20.230627 4.1406194 0.31003937,20.472441 4.0925197 0.31003937,
  20.230627 4.1406194 -0.31003937,20.230627 4.1406194 -0.31003937,
  20.472441 4.0925197 0.31003937,20.472441 4.0925197 -0.31003937,
  20.025627 4.2775959 0.31003937,20.230627 4.1406194 0.31003937,
  20.025627 4.2775959 -0.31003937,20.025627 4.2775959 -0.31003937,
  20.230627 4.1406194 0.31003937,20.230627 4.1406194 -0.31003937,
  19.888651 4.4825957 0.31003937,20.025627 4.2775959 0.31003937,
  19.888651 4.4825957 -0.31003937,19.888651 4.4825957 -0.31003937,
  20.025627 4.2775959 0.31003937,20.025627 4.2775959 -0.31003937,
  19.840551 4.7244094 0.31003937,19.888651 4.4825957 0.31003937,
  19.840551 4.7244094 -0.31003937,19.840551 4.7244094 -0.31003937,
  19.888651 4.4825957 0.31003937,19.888651 4.4825957 -0.31003937,
  8.1945593 3.5724508 0.31003937,8.1496063 3.3464567 0.31003937,
  8.1945593 3.5724508 -0.31003937,8.1945593 3.5724508 -0.31003937,
  8.1496063 3.3464567 0.31003937,8.1496063 3.3464567 -0.31003937,
  8.3225747 3.7640394 0.31003937,8.1945593 3.5724508 0.31003937,
  8.3225747 3.7640394 -0.31003937,8.3225747 3.7640394 -0.31003937,
  8.1945593 3.5724508 0.31003937,8.1945593 3.5724508 -0.31003937,
  8.5141633 3.8920548 0.31003937,8.3225747 3.7640394 0.31003937,
  8.5141633 3.8920548 -0.31003937,8.5141633 3.8920548 -0.31003937,
  8.3225747 3.7640394 0.31003937,8.3225747 3.7640394 -0.31003937,
  8.7401575 3.9370079 0.31003937,8.5141633 3.8920548 0.31003937,
  8.7401575 3.9370079 -0.31003937,8.7401575 3.9370079 -0.31003937,
  8.5141633 3.8920548 0.31003937,8.5141633 3.8920548 -0.31003937,
  8.9661516 3.8920548 0.31003937,8.7401575 3.9370079 0.31003937,
  8.9661516 3.8920548 -0.31003937,8.9661516 3.8920548 -0.31003937,
  8.7401575 3.9370079 0.31003937,8.7401575 3.9370079 -0.31003937,
  9.1577402 3.7640394 0.31003937,8.9661516 3.8920548 0.31003937,
  9.1577402 3.7640394 -0.31003937,9.1577402 3.7640394 -0.31003937,
  8.9661516 3.8920548 0.31003937,8.9661516 3.8920548 -0.31003937,
  9.2857556 3.5724508 0.31003937,9.1577402 3.7640394 0.31003937,
  9.2857556 3.5724508 -0.31003937,9.2857556 3.5724508 -0.31003937,
  9.1577402 3.7640394 0.31003937,9.1577402 3.7640394 -0.31003937,
  9.3307087 3.3464567 0.31003937,9.2857556 3.5724508 0.31003937,
  9.3307087 3.3464567 -0.31003937,9.3307087 3.3464567 -0.31003937,
  9.2857556 3.5724508 0.31003937,9.2857556 3.5724508 -0.31003937,
  9.2857556 3.1204625 0.31003937,9.3307087 3.3464567 0.31003937,
  9.2857556 3.1204625 -0.31003937,9.2857556 3.1204625 -0.31003937,
  9.3307087 3.3464567 0.31003937,9.3307087 3.3464567 -0.31003937,
  9.1577402 2.9288739 0.31003937,9.2857556 3.1204625 0.31003937,
  9.1577402 2.9288739 -0.31003937,9.1577402 2.9288739 -0.31003937,
  9.2857556 3.1204625 0.31003937,9.2857556 3.1204625 -0.31003937,
  8.9661516 2.8008585 0.31003937,9.1577402 2.9288739 0.31003937,
  8.9661516 2.8008585 -0.31003937,8.9661516 2.8008585 -0.31003937,
  9.1577402 2.9288739 0.31003937,9.1577402 2.9288739 -0.31003937,
  8.7401575 2.7559055 0.31003937,8.9661516 2.8008585 0.31003937,
  8.7401575 2.7559055 -0.31003937,8.7401575 2.7559055 -0.31003937,
  8.9661516 2.8008585 0.31003937,8.9661516 2.8008585 -0.31003937,
  8.5141633 2.8008585 0.31003937,8.7401575 2.7559055 0.31003937,
  8.5141633 2.8008585 -0.31003937,8.5141633 2.8008585 -0.31003937,
  8.7401575 2.7559055 0.31003937,8.7401575 2.7559055 -0.31003937,
  8.3225747 2.9288739 0.31003937,8.5141633 2.8008585 0.31003937,
  8.3225747 2.9288739 -0.31003937,8.3225747 2.9288739 -0.31003937,
  8.5141633 2.8008585 0.31003937,8.5141633 2.8008585 -0.31003937,
  8.1945593 3.1204625 0.31003937,8.3225747 2.9288739 0.31003937,
  8.1945593 3.1204625 -0.31003937,8.1945593 3.1204625 -0.31003937,
  8.3225747 2.9288739 0.31003937,8.3225747 2.9288739 -0.31003937,
  8.1496063 3.3464567 0.31003937,8.1945593 3.1204625 0.31003937,
  8.1496063 3.3464567 -0.31003937,8.1496063 3.3464567 -0.31003937,
  8.1945593 3.1204625 0.31003937,8.1945593 3.1204625 -0.31003937,
  -9.2857556 3.5724508 0.31003937,-9.3307087 3.3464567 0.31003937,
  -9.2857556 3.5724508 -0.31003937,-9.2857556 3.5724508 -0.31003937,
  -9.3307087 3.3464567 0.31003937,-9.3307087 3.3464567 -0.31003937,
  -9.1577402 3.7640394 0.31003937,-9.2857556 3.5724508 0.31003937,
  -9.1577402 3.7640394 -0.31003937,-9.1577402 3.7640394 -0.31003937,
  -9.2857556 3.5724508 0.31003937,-9.2857556 3.5724508 -0.31003937,
  -8.9661516 3.8920548 0.31003937,-9.1577402 3.7640394 0.31003937,
  -8.9661516 3.8920548 -0.31003937,-8.9661516 3.8920548 -0.31003937,
  -9.1577402 3.7640394 0.31003937,-9.1577402 3.7640394 -0.31003937,
  -8.7401575 3.9370079 0.31003937,-8.9661516 3.8920548 0.31003937,
  -8.7401575 3.9370079 -0.31003937,-8.7401575 3.9370079 -0.31003937,
  -8.9661516 3.8920548 0.31003937,-8.9661516 3.8920548 -0.31003937,
  -8.5141633 3.8920548 0.31003937,-8.7401575 3.9370079 0.31003937,
  -8.5141633 3.8920548 -0.31003937,-8.5141633 3.8920548 -0.31003937,
  -8.7401575 3.9370079 0.31003937,-8.7401575 3.9370079 -0.31003937,
  -8.3225747 3.7640394 0.31003937,-8.5141633 3.8920548 0.31003937,
  -8.3225747 3.7640394 -0.31003937,-8.3225747 3.7640394 -0.31003937,
  -8.5141633 3.8920548 0.31003937,-8.5141633 3.8920548 -0.31003937,
  -8.1945593 3.5724508 0.31003937,-8.3225747 3.7640394 0.31003937,
  -8.1945593 3.5724508 -0.31003937,-8.1945593 3.5724508 -0.31003937,
  -8.3225747 3.7640394 0.31003937,-8.3225747 3.7640394 -0.31003937,
  -8.1496063 3.3464567 0.31003937,-8.1945593 3.5724508 0.31003937,
  -8.1496063 3.3464567 -0.31003937,-8.1496063 3.3464567 -0.31003937,
  -8.1945593 3.5724508 0.31003937,-8.1945593 3.5724508 -0.31003937,
  -8.1945593 3.1204625 0.31003937,-8.1496063 3.3464567 0.31003937,
  -8.1945593 3.1204625 -0.31003937,-8.1945593 3.1204625 -0.31003937,
  -8.1496063 3.3464567 0.31003937,-8.1496063 3.3464567 -0.31003937,
  -8.3225747 2.9288739 0.31003937,-8.1945593 3.1204625 0.31003937,
  -8.3225747 2.9288739 -0.31003937,-8.3225747 2.9288739 -0.31003937,
  -8.1945593 3.1204625 0.31003937,-8.1945593 3.1204625 -0.31003937,
  -8.5141633 2.8008585 0.31003937,-8.3225747 2.9288739 0.31003937,
  -8.5141633 2.8008585 -0.31003937,-8.5141633 2.8008585 -0.31003937,
  -8.3225747 2.9288739 0.31003937,-8.3225747 2.9288739 -0.31003937,
  -8.7401575 2.7559055 0.31003937,-8.5141633 2.8008585 0.31003937,
  -8.7401575 2.7559055 -0.31003937,-8.7401575 2.7559055 -0.31003937,
  -8.5141633 2.8008585 0.31003937,-8.5141633 2.8008585 -0.31003937,
  -8.9661516 2.8008585 0.31003937,-8.7401575 2.7559055 0.31003937,
  -8.9661516 2.8008585 -0.31003937,-8.9661516 2.8008585 -0.31003937,
  -8.7401575 2.7559055 0.31003937,-8.7401575 2.7559055 -0.31003937,
  -9.1577402 2.9288739 0.31003937,-8.9661516 2.8008585 0.31003937,
  -9.1577402 2.9288739 -0.31003937,-9.1577402 2.9288739 -0.31003937,
  -8.9661516 2.8008585 0.31003937,-8.9661516 2.8008585 -0.31003937,
  -9.2857556 3.1204625 0.31003937,-9.1577402 2.9288739 0.31003937,
  -9.2857556 3.1204625 -0.31003937,-9.2857556 3.1204625 -0.31003937,
  -9.1577402 2.9288739 0.31003937,-9.1577402 2.9288739 -0.31003937,
  -9.3307087 3.3464567 0.31003937,-9.2857556 3.1204625 0.31003937,
  -9.3307087 3.3464567 -0.31003937,-9.3307087 3.3464567 -0.31003937,
  -9.2857556 3.1204625 0.31003937,-9.2857556 3.1204625 -0.31003937,
  -21.056231 4.9662232 0.31003937,-21.104331 4.7244094 0.31003937,
  -21.056231 4.9662232 -0.31003937,-21.056231 4.9662232 -0.31003937,
  -21.104331 4.7244094 0.31003937,-21.104331 4.7244094 -0.31003937,
  -20.919254 5.171223 0.31003937,-21.056231 4.9662232 0.31003937,
  -20.919254 5.171223 -0.31003937,-20.919254 5.171223 -0.31003937,
  -21.056231 4.9662232 0.31003937,-21.056231 4.9662232 -0.31003937,
  -20.714255 5.3081995 0.31003937,-20.919254 5.171223 0.31003937,
  -20.714255 5.3081995 -0.31003937,-20.714255 5.3081995 -0.31003937,
  -20.919254 5.171223 0.31003937,-20.919254 5.171223 -0.31003937,
  -20.472441 5.3562992 0.31003937,-20.714255 5.3081995 0.31003937,
  -20.472441 5.3562992 -0.31003937,-20.472441 5.3562992 -0.31003937,
  -20.714255 5.3081995 0.31003937,-20.714255 5.3081995 -0.31003937,
  -20.230627 5.3081995 0.31003937,-20.472441 5.3562992 0.31003937,
  -20.230627 5.3081995 -0.31003937,-20.230627 5.3081995 -0.31003937,
  -20.472441 5.3562992 0.31003937,-20.472441 5.3562992 -0.31003937,
  -20.025627 5.171223 0.31003937,-20.230627 5.3081995 0.31003937,
  -20.025627 5.171223 -0.31003937,-20.025627 5.171223 -0.31003937,
  -20.230627 5.3081995 0.31003937,-20.230627 5.3081995 -0.31003937,
  -19.888651 4.9662232 0.31003937,-20.025627 5.171223 0.31003937,
  -19.888651 4.9662232 -0.31003937,-19.888651 4.9662232 -0.31003937,
  -20.025627 5.171223 0.31003937,-20.025627 5.171223 -0.31003937,
  -19.840551 4.7244094 0.31003937,-19.888651 4.9662232 0.31003937,
  -19.840551 4.7244094 -0.31003937,-19.840551 4.7244094 -0.31003937,
  -19.888651 4.9662232 0.31003937,-19.888651 4.9662232 -0.31003937,
  -19.888651 4.4825957 0.31003937,-19.840551 4.7244094 0.31003937,
  -19.888651 4.4825957 -0.31003937,-19.888651 4.4825957 -0.31003937,
  -19.840551 4.7244094 0.31003937,-19.840551 4.7244094 -0.31003937,
  -20.025627 4.2775959 0.31003937,-19.888651 4.4825957 0.31003937,
  -20.025627 4.2775959 -0.31003937,-20.025627 4.2775959 -0.31003937,
  -19.888651 4.4825957 0.31003937,-19.888651 4.4825957 -0.31003937,
  -20.230627 4.1406194 0.31003937,-20.025627 4.2775959 0.31003937,
  -20.230627 4.1406194 -0.31003937,-20.230627 4.1406194 -0.31003937,
  -20.025627 4.2775959 0.31003937,-20.025627 4.2775959 -0.31003937,
  -20.472441 4.0925197 0.31003937,-20.230627 4.1406194 0.31003937,
  -20.472441 4.0925197 -0.31003937,-20.472441 4.0925197 -0.31003937,
  -20.230627 4.1406194 0.31003937,-20.230627 4.1406194 -0.31003937,
  -20.714255 4.1406194 0.31003937,-20.472441 4.0925197 0.31003937,
  -20.714255 4.1406194 -0.31003937,-20.714255 4.1406194 -0.31003937,
  -20.472441 4.0925197 0.31003937,-20.472441 4.0925197 -0.31003937,
  -20.919254 4.2775959 0.31003937,-20.714255 4.1406194 0.31003937,
  -20.919254 4.2775959 -0.31003937,-20.919254 4.2775959 -0.31003937,
  -20.714255 4.1406194 0.31003937,-20.714255 4.1406194 -0.31003937,
  -21.056231 4.4825957 0.31003937,-20.919254 4.2775959 0.31003937,
  -21.056231 4.4825957 -0.31003937,-21.056231 4.4825957 -0.31003937,
  -20.919254 4.2775959 0.31003937,-20.919254 4.2775959 -0.31003937,
  -21.104331 4.7244094 0.31003937,-21.056231 4.4825957 0.31003937,
  -21.104331 4.7244094 -0.31003937,-21.104331 4.7244094 -0.31003937,
  -21.056231 4.4825957 0.31003937,-21.056231 4.4825957 -0.31003937,
  -22.047244 -6.2992126 0.31003937,-22.047244 6.2992126 0.31003937,
  -22.047244 -6.2992126 -0.31003937,-22.047244 -6.2992126 -0.31003937,
  -22.047244 6.2992126 0.31003937,-22.047244 6.2992126 -0.31003937,
  22.047244 -6.2992126 0.31003937,-22.047244 -6.2992126 0.31003937,
  22.047244 -6.2992126 -0.31003937,22.047244 -6.2992126 -0.31003937,
  -22.047244 -6.2992126 0.31003937,-22.047244 -6.2992126 -0.31003937,
  22.047244 6.2992126 0.31003937,22.047244 -6.2992126 0.31003937,
  22.047244 6.2992126 -0.31003937,22.047244 6.2992126 -0.31003937,
  22.047244 -6.2992126 0.31003937,22.047244 -6.2992126 -0.31003937,
  -22.047244 6.2992126 0.31003937,22.047244 6.2992126 0.31003937,
  -22.047244 6.2992126 -0.31003937,-22.047244 6.2992126 -0.31003937,
  22.047244 6.2992126 0.31003937,22.047244 6.2992126 -0.31003937,
  -21.056231 -4.4825957 0.31003937,-21.104331 -4.7244094 0.31003937,
  -21.056231 -4.4825957 -0.31003937,-21.056231 -4.4825957 -0.31003937,
  -21.104331 -4.7244094 0.31003937,-21.104331 -4.7244094 -0.31003937,
  -20.919254 -4.2775959 0.31003937,-21.056231 -4.4825957 0.31003937,
  -20.919254 -4.2775959 -0.31003937,-20.919254 -4.2775959 -0.31003937,
  -21.056231 -4.4825957 0.31003937,-21.056231 -4.4825957 -0.31003937,
  -20.714255 -4.1406194 0.31003937,-20.919254 -4.2775959 0.31003937,
  -20.714255 -4.1406194 -0.31003937,-20.714255 -4.1406194 -0.31003937,
  -20.919254 -4.2775959 0.31003937,-20.919254 -4.2775959 -0.31003937,
  -20.472441 -4.0925197 0.31003937,-20.714255 -4.1406194 0.31003937,
  -20.472441 -4.0925197 -0.31003937,-20.472441 -4.0925197 -0.31003937,
  -20.714255 -4.1406194 0.31003937,-20.714255 -4.1406194 -0.31003937,
  -20.230627 -4.1406194 0.31003937,-20.472441 -4.0925197 0.31003937,
  -20.230627 -4.1406194 -0.31003937,-20.230627 -4.1406194 -0.31003937,
  -20.472441 -4.0925197 0.31003937,-20.472441 -4.0925197 -0.31003937,
  -20.025627 -4.2775959 0.31003937,-20.230627 -4.1406194 0.31003937,
  -20.025627 -4.2775959 -0.31003937,-20.025627 -4.2775959 -0.31003937,
  -20.230627 -4.1406194 0.31003937,-20.230627 -4.1406194 -0.31003937,
  -19.888651 -4.4825957 0.31003937,-20.025627 -4.2775959 0.31003937,
  -19.888651 -4.4825957 -0.31003937,-19.888651 -4.4825957 -0.31003937,
  -20.025627 -4.2775959 0.31003937,-20.025627 -4.2775959 -0.31003937,
  -19.840551 -4.7244094 0.31003937,-19.888651 -4.4825957 0.31003937,
  -19.840551 -4.7244094 -0.31003937,-19.840551 -4.7244094 -0.31003937,
  -19.888651 -4.4825957 0.31003937,-19.888651 -4.4825957 -0.31003937,
  -19.888651 -4.9662232 0.31003937,-19.840551 -4.7244094 0.31003937,
  -19.888651 -4.9662232 -0.31003937,-19.888651 -4.9662232 -0.31003937,
  -19.840551 -4.7244094 0.31003937,-19.840551 -4.7244094 -0.31003937,
  -20.025627 -5.171223 0.31003937,-19.888651 -4.9662232 0.31003937,
  -20.025627 -5.171223 -0.31003937,-20.025627 -5.171223 -0.31003937,
  -19.888651 -4.9662232 0.31003937,-19.888651 -4.9662232 -0.31003937,
  -20.230627 -5.3081995 0.31003937,-20.025627 -5.171223 0.31003937,
  -20.230627 -5.3081995 -0.31003937,-20.230627 -5.3081995 -0.31003937,
  -20.025627 -5.171223 0.31003937,-20.025627 -5.171223 -0.31003937,
  -20.472441 -5.3562992 0.31003937,-20.230627 -5.3081995 0.31003937,
  -20.472441 -5.3562992 -0.31003937,-20.472441 -5.3562992 -0.31003937,
  -20.230627 -5.3081995 0.31003937,-20.230627 -5.3081995 -0.31003937,
  -20.714255 -5.3081995 0.31003937,-20.472441 -5.3562992 0.31003937,
  -20.714255 -5.3081995 -0.31003937,-20.714255 -5.3081995 -0.31003937,
  -20.472441 -5.3562992 0.31003937,-20.472441 -5.3562992 -0.31003937,
  -20.919254 -5.171223 0.31003937,-20.714255 -5.3081995 0.31003937,
  -20.919254 -5.171223 -0.31003937,-20.919254 -5.171223 -0.31003937,
  -20.714255 -5.3081995 0.31003937,-20.714255 -5.3081995 -0.31003937,
  -21.056231 -4.9662232 0.31003937,-20.919254 -5.171223 0.31003937,
  -21.056231 -4.9662232 -0.31003937,-21.056231 -4.9662232 -0.31003937,
  -20.919254 -5.171223 0.31003937,-20.919254 -5.171223 -0.31003937,
  -21.104331 -4.7244094 0.31003937,-21.056231 -4.9662232 0.31003937,
  -21.104331 -4.7244094 -0.31003937,-21.104331 -4.7244094 -0.31003937,
  -21.056231 -4.9662232 0.31003937,-21.056231 -4.9662232 -0.31003937,
  19.888651 -4.4825957 0.31003937,19.840551 -4.7244094 0.31003937,
  19.888651 -4.4825957 -0.31003937,19.888651 -4.4825957 -0.31003937,
  19.840551 -4.7244094 0.31003937,19.840551 -4.7244094 -0.31003937,
  20.025627 -4.2775959 0.31003937,19.888651 -4.4825957 0.31003937,
  20.025627 -4.2775959 -0.31003937,20.025627 -4.2775959 -0.31003937,
  19.888651 -4.4825957 0.31003937,19.888651 -4.4825957 -0.31003937,
  20.230627 -4.1406194 0.31003937,20.025627 -4.2775959 0.31003937,
  20.230627 -4.1406194 -0.31003937,20.230627 -4.1406194 -0.31003937,
  20.025627 -4.2775959 0.31003937,20.025627 -4.2775959 -0.31003937,
  20.472441 -4.0925197 0.31003937,20.230627 -4.1406194 0.31003937,
  20.472441 -4.0925197 -0.31003937,20.472441 -4.0925197 -0.31003937,
  20.230627 -4.1406194 0.31003937,20.230627 -4.1406194 -0.31003937,
  20.714255 -4.1406194 0.31003937,20.472441 -4.0925197 0.31003937,
  20.714255 -4.1406194 -0.31003937,20.714255 -4.1406194 -0.31003937,
  20.472441 -4.0925197 0.31003937,20.472441 -4.0925197 -0.31003937,
  20.919254 -4.2775959 0.31003937,20.714255 -4.1406194 0.31003937,
  20.919254 -4.2775959 -0.31003937,20.919254 -4.2775959 -0.31003937,
  20.714255 -4.1406194 0.31003937,20.714255 -4.1406194 -0.31003937,
  21.056231 -4.4825957 0.31003937,20.919254 -4.2775959 0.31003937,
  21.056231 -4.4825957 -0.31003937,21.056231 -4.4825957 -0.31003937,
  20.919254 -4.2775959 0.31003937,20.919254 -4.2775959 -0.31003937,
  21.104331 -4.7244094 0.31003937,21.056231 -4.4825957 0.31003937,
  21.104331 -4.7244094 -0.31003937,21.104331 -4.7244094 -0.31003937,
  21.056231 -4.4825957 0.31003937,21.056231 -4.4825957 -0.31003937,
  21.056231 -4.9662232 0.31003937,21.104331 -4.7244094 0.31003937,
  21.056231 -4.9662232 -0.31003937,21.056231 -4.9662232 -0.31003937,
  21.104331 -4.7244094 0.31003937,21.104331 -4.7244094 -0.31003937,
  20.919254 -5.171223 0.31003937,21.056231 -4.9662232 0.31003937,
  20.919254 -5.171223 -0.31003937,20.919254 -5.171223 -0.31003937,
  21.056231 -4.9662232 0.31003937,21.056231 -4.9662232 -0.31003937,
  20.714255 -5.3081995 0.31003937,20.919254 -5.171223 0.31003937,
  20.714255 -5.3081995 -0.31003937,20.714255 -5.3081995 -0.31003937,
  20.919254 -5.171223 0.31003937,20.919254 -5.171223 -0.31003937,
  20.472441 -5.3562992 0.31003937,20.714255 -5.3081995 0.31003937,
  20.472441 -5.3562992 -0.31003937,20.472441 -5.3562992 -0.31003937,
  20.714255 -5.3081995 0.31003937,20.714255 -5.3081995 -0.31003937,
  20.230627 -5.3081995 0.31003937,20.472441 -5.3562992 0.31003937,
  20.230627 -5.3081995 -0.31003937,20.230627 -5.3081995 -0.31003937,
  20.472441 -5.3562992 0.31003937,20.472441 -5.3562992 -0.31003937,
  20.025627 -5.171223 0.31003937,20.230627 -5.3081995 0.31003937,
  20.025627 -5.171223 -0.31003937,20.025627 -5.171223 -0.31003937,
  20.230627 -5.3081995 0.31003937,20.230627 -5.3081995 -0.31003937,
  19.888651 -4.9662232 0.31003937,20.025627 -5.171223 0.31003937,
  19.888651 -4.9662232 -0.31003937,19.888651 -4.9662232 -0.31003937,
  20.025627 -5.171223 0.31003937,20.025627 -5.171223 -0.31003937,
  19.840551 -4.7244094 0.31003937,19.888651 -4.9662232 0.31003937,
  19.840551 -4.7244094 -0.31003937,19.840551 -4.7244094 -0.31003937,
  19.888651 -4.9662232 0.31003937,19.888651 -4.9662232 -0.31003937] }
 coordIndex [
  0,1,2,-1,3,4,5,-1,6,7,8,-1,9,10,11,-1,12,13,14,-1,15,16,17,-1,18,19,20,-1,21,22,23,-1,
  24,25,26,-1,27,28,29,-1,30,31,32,-1,33,34,35,-1,36,37,38,-1,39,40,41,-1,42,43,44,-1,45,46,47,-1,
  48,49,50,-1,51,52,53,-1,54,55,56,-1,57,58,59,-1,60,61,62,-1,63,64,65,-1,66,67,68,-1,69,70,71,-1,
  72,73,74,-1,75,76,77,-1,78,79,80,-1,81,82,83,-1,84,85,86,-1,87,88,89,-1,90,91,92,-1,93,94,95,-1,
  96,97,98,-1,99,100,101,-1,102,103,104,-1,105,106,107,-1,108,109,110,-1,111,112,113,-1,114,115,116,-1,117,118,119,-1,
  120,121,122,-1,123,124,125,-1,126,127,128,-1,129,130,131,-1,132,133,134,-1,135,136,137,-1,138,139,140,-1,141,142,143,-1,
  144,145,146,-1,147,148,149,-1,150,151,152,-1,153,154,155,-1,156,157,158,-1,159,160,161,-1,162,163,164,-1,165,166,167,-1,
  168,169,170,-1,171,172,173,-1,174,175,176,-1,177,178,179,-1,180,181,182,-1,183,184,185,-1,186,187,188,-1,189,190,191,-1,
  192,193,194,-1,195,196,197,-1,198,199,200,-1,201,202,203,-1,204,205,206,-1,207,208,209,-1,210,211,212,-1,213,214,215,-1,
  216,217,218,-1,219,220,221,-1,222,223,224,-1,225,226,227,-1,228,229,230,-1,231,232,233,-1,234,235,236,-1,237,238,239,-1,
  240,241,242,-1,243,244,245,-1,246,247,248,-1,249,250,251,-1,252,253,254,-1,255,256,257,-1,258,259,260,-1,261,262,263,-1,
  264,265,266,-1,267,268,269,-1,270,271,272,-1,273,274,275,-1,276,277,278,-1,279,280,281,-1,282,283,284,-1,285,286,287,-1,
  288,289,290,-1,291,292,293,-1,294,295,296,-1,297,298,299,-1,300,301,302,-1,303,304,305,-1,306,307,308,-1,309,310,311,-1,
  312,313,314,-1,315,316,317,-1,318,319,320,-1,321,322,323,-1,324,325,326,-1,327,328,329,-1,330,331,332,-1,333,334,335,-1,
  336,337,338,-1,339,340,341,-1,342,343,344,-1,345,346,347,-1,348,349,350,-1,351,352,353,-1,354,355,356,-1,357,358,359,-1,
  360,361,362,-1,363,364,365,-1,366,367,368,-1,369,370,371,-1,372,373,374,-1,375,376,377,-1,378,379,380,-1,381,382,383,-1,
  384,385,386,-1,387,388,389,-1,390,391,392,-1,393,394,395,-1,396,397,398,-1,399,400,401,-1,402,403,404,-1,405,406,407,-1,
  408,409,410,-1,411,412,413,-1,414,415,416,-1,417,418,419,-1,420,421,422,-1,423,424,425,-1,426,427,428,-1,429,430,431,-1,
  432,433,434,-1,435,436,437,-1,438,439,440,-1,441,442,443,-1,444,445,446,-1,447,448,449,-1,450,451,452,-1,453,454,455,-1,
  456,457,458,-1,459,460,461,-1,462,463,464,-1,465,466,467,-1,468,469,470,-1,471,472,473,-1,474,475,476,-1,477,478,479,-1,
  480,481,482,-1,483,484,485,-1,486,487,488,-1,489,490,491,-1,492,493,494,-1,495,496,497,-1,498,499,500,-1,501,502,503,-1,
  504,505,506,-1,507,508,509,-1,510,511,512,-1,513,514,515,-1,516,517,518,-1,519,520,521,-1,522,523,524,-1,525,526,527,-1,
  528,529,530,-1,531,532,533,-1,534,535,536,-1,537,538,539,-1,540,541,542,-1,543,544,545,-1,546,547,548,-1,549,550,551,-1,
  552,553,554,-1,555,556,557,-1,558,559,560,-1,561,562,563,-1,564,565,566,-1,567,568,569,-1,570,571,572,-1,573,574,575,-1,
  576,577,578,-1,579,580,581,-1,582,583,584,-1,585,586,587,-1,588,589,590,-1,591,592,593,-1,594,595,596,-1,597,598,599,-1]
  normalPerVertex TRUE
  normal DEF NORM_8 Normal { vector [
  0.98078528 -0.19509032 0,0.98078528 -0.19509032 0,
  0.98078528 -0.19509032 0,0.98078528 -0.19509032 0,
  0.98078528 -0.19509032 0,0.98078528 -0.19509032 0,
  0.83146961 -0.55557023 0,0.83146961 -0.55557023 0,
  0.83146961 -0.55557023 0,0.83146961 -0.55557023 0,
  0.83146961 -0.55557023 0,0.83146961 -0.55557023 0,
  0.55557023 -0.83146961 0,0.55557023 -0.83146961 0,
  0.55557023 -0.83146961 0,0.55557023 -0.83146961 0,
  0.55557023 -0.83146961 0,0.55557023 -0.83146961 0,
  0.19509032 -0.98078528 0,0.19509032 -0.98078528 0,
  0.19509032 -0.98078528 0,0.19509032 -0.98078528 0,
  0.19509032 -0.98078528 0,0.19509032 -0.98078528 0,
  -0.19509032 -0.98078528 0,-0.19509032 -0.98078528 0,
  -0.19509032 -0.98078528 0,-0.19509032 -0.98078528 0,
  -0.19509032 -0.98078528 0,-0.19509032 -0.98078528 0,
  -0.55557023 -0.83146961 0,-0.55557023 -0.83146961 0,
  -0.55557023 -0.83146961 0,-0.55557023 -0.83146961 0,
  -0.55557023 -0.83146961 0,-0.55557023 -0.83146961 0,
  -0.83146961 -0.55557023 0,-0.83146961 -0.55557023 0,
  -0.83146961 -0.55557023 0,-0.83146961 -0.55557023 0,
  -0.83146961 -0.55557023 0,-0.83146961 -0.55557023 0,
  -0.98078528 -0.19509032 0,-0.98078528 -0.19509032 0,
  -0.98078528 -0.19509032 0,-0.98078528 -0.19509032 0,
  -0.98078528 -0.19509032 0,-0.98078528 -0.19509032 0,
  -0.98078528 0.19509032 0,-0.98078528 0.19509032 0,
  -0.98078528 0.19509032 0,-0.98078528 0.19509032 0,
  -0.98078528 0.19509032 0,-0.98078528 0.19509032 0,
  -0.83146961 0.55557023 0,-0.83146961 0.55557023 0,
  -0.83146961 0.55557023 0,-0.83146961 0.55557023 0,
  -0.83146961 0.55557023 0,-0.83146961 0.55557023 0,
  -0.55557023 0.83146961 0,-0.55557023 0.83146961 0,
  -0.55557023 0.83146961 0,-0.55557023 0.83146961 0,
  -0.55557023 0.83146961 0,-0.55557023 0.83146961 0,
  -0.19509032 0.98078528 0,-0.19509032 0.98078528 0,
  -0.19509032 0.98078528 0,-0.19509032 0.98078528 0,
  -0.19509032 0.98078528 0,-0.19509032 0.98078528 0,
  0.19509032 0.98078528 0,0.19509032 0.98078528 0,
  0.19509032 0.98078528 0,0.19509032 0.98078528 0,
  0.19509032 0.98078528 0,0.19509032 0.98078528 0,
  0.55557023 0.83146961 0,0.55557023 0.83146961 0,
  0.55557023 0.83146961 0,0.55557023 0.83146961 0,
  0.55557023 0.83146961 0,0.55557023 0.83146961 0,
  0.83146961 0.55557023 0,0.83146961 0.55557023 0,
  0.83146961 0.55557023 0,0.83146961 0.55557023 0,
  0.83146961 0.55557023 0,0.83146961 0.55557023 0,
  0.98078528 0.19509032 0,0.98078528 0.19509032 0,
  0.98078528 0.19509032 0,0.98078528 0.19509032 0,
  0.98078528 0.19509032 0,0.98078528 0.19509032 0,
  0.98078528 -0.19509032 0,0.98078528 -0.19509032 0,
  0.98078528 -0.19509032 0,0.98078528 -0.19509032 0,
  0.98078528 -0.19509032 0,0.98078528 -0.19509032 0,
  0.83146961 -0.55557023 0,0.83146961 -0.55557023 0,
  0.83146961 -0.55557023 0,0.83146961 -0.55557023 0,
  0.83146961 -0.55557023 0,0.83146961 -0.55557023 0,
  0.55557023 -0.83146961 0,0.55557023 -0.83146961 0,
  0.55557023 -0.83146961 0,0.55557023 -0.83146961 0,
  0.55557023 -0.83146961 0,0.55557023 -0.83146961 0,
  0.19509032 -0.98078528 0,0.19509032 -0.98078528 0,
  0.19509032 -0.98078528 0,0.19509032 -0.98078528 0,
  0.19509032 -0.98078528 0,0.19509032 -0.98078528 0,
  -0.19509032 -0.98078528 0,-0.19509032 -0.98078528 0,
  -0.19509032 -0.98078528 0,-0.19509032 -0.98078528 0,
  -0.19509032 -0.98078528 0,-0.19509032 -0.98078528 0,
  -0.55557023 -0.83146961 0,-0.55557023 -0.83146961 0,
  -0.55557023 -0.83146961 0,-0.55557023 -0.83146961 0,
  -0.55557023 -0.83146961 0,-0.55557023 -0.83146961 0,
  -0.83146961 -0.55557023 0,-0.83146961 -0.55557023 0,
  -0.83146961 -0.55557023 0,-0.83146961 -0.55557023 0,
  -0.83146961 -0.55557023 0,-0.83146961 -0.55557023 0,
  -0.98078528 -0.19509032 0,-0.98078528 -0.19509032 0,
  -0.98078528 -0.19509032 0,-0.98078528 -0.19509032 0,
  -0.98078528 -0.19509032 0,-0.98078528 -0.19509032 0,
  -0.98078528 0.19509032 0,-0.98078528 0.19509032 0,
  -0.98078528 0.19509032 0,-0.98078528 0.19509032 0,
  -0.98078528 0.19509032 0,-0.98078528 0.19509032 0,
  -0.83146961 0.55557023 0,-0.83146961 0.55557023 0,
  -0.83146961 0.55557023 0,-0.83146961 0.55557023 0,
  -0.83146961 0.55557023 0,-0.83146961 0.55557023 0,
  -0.55557023 0.83146961 0,-0.55557023 0.83146961 0,
  -0.55557023 0.83146961 0,-0.55557023 0.83146961 0,
  -0.55557023 0.83146961 0,-0.55557023 0.83146961 0,
  -0.19509032 0.98078528 0,-0.19509032 0.98078528 0,
  -0.19509032 0.98078528 0,-0.19509032 0.98078528 0,
  -0.19509032 0.98078528 0,-0.19509032 0.98078528 0,
  0.19509032 0.98078528 0,0.19509032 0.98078528 0,
  0.19509032 0.98078528 0,0.19509032 0.98078528 0,
  0.19509032 0.98078528 0,0.19509032 0.98078528 0,
  0.55557023 0.83146961 0,0.55557023 0.83146961 0,
  0.55557023 0.83146961 0,0.55557023 0.83146961 0,
  0.55557023 0.83146961 0,0.55557023 0.83146961 0,
  0.83146961 0.55557023 0,0.83146961 0.55557023 0,
  0.83146961 0.55557023 0,0.83146961 0.55557023 0,
  0.83146961 0.55557023 0,0.83146961 0.55557023 0,
  0.98078528 0.19509032 0,0.98078528 0.19509032 0,
  0.98078528 0.19509032 0,0.98078528 0.19509032 0,
  0.98078528 0.19509032 0,0.98078528 0.19509032 0,
  0.98078528 -0.19509032 0,0.98078528 -0.19509032 0,
  0.98078528 -0.19509032 0,0.98078528 -0.19509032 0,
  0.98078528 -0.19509032 0,0.98078528 -0.19509032 0,
  0.83146961 -0.55557023 0,0.83146961 -0.55557023 0,
  0.83146961 -0.55557023 0,0.83146961 -0.55557023 0,
  0.83146961 -0.55557023 0,0.83146961 -0.55557023 0,
  0.55557023 -0.83146961 0,0.55557023 -0.83146961 0,
  0.55557023 -0.83146961 0,0.55557023 -0.83146961 0,
  0.55557023 -0.83146961 0,0.55557023 -0.83146961 0,
  0.19509032 -0.98078528 0,0.19509032 -0.98078528 0,
  0.19509032 -0.98078528 0,0.19509032 -0.98078528 0,
  0.19509032 -0.98078528 0,0.19509032 -0.98078528 0,
  -0.19509032 -0.98078528 0,-0.19509032 -0.98078528 0,
  -0.19509032 -0.98078528 0,-0.19509032 -0.98078528 0,
  -0.19509032 -0.98078528 0,-0.19509032 -0.98078528 0,
  -0.55557023 -0.83146961 0,-0.55557023 -0.83146961 0,
  -0.55557023 -0.83146961 0,-0.55557023 -0.83146961 0,
  -0.55557023 -0.83146961 0,-0.55557023 -0.83146961 0,
  -0.83146961 -0.55557023 0,-0.83146961 -0.55557023 0,
  -0.83146961 -0.55557023 0,-0.83146961 -0.55557023 0,
  -0.83146961 -0.55557023 0,-0.83146961 -0.55557023 0,
  -0.98078528 -0.19509032 0,-0.98078528 -0.19509032 0,
  -0.98078528 -0.19509032 0,-0.98078528 -0.19509032 0,
  -0.98078528 -0.19509032 0,-0.98078528 -0.19509032 0,
  -0.98078528 0.19509032 0,-0.98078528 0.19509032 0,
  -0.98078528 0.19509032 0,-0.98078528 0.19509032 0,
  -0.98078528 0.19509032 0,-0.98078528 0.19509032 0,
  -0.83146961 0.55557023 0,-0.83146961 0.55557023 0,
  -0.83146961 0.55557023 0,-0.83146961 0.55557023 0,
  -0.83146961 0.55557023 0,-0.83146961 0.55557023 0,
  -0.55557023 0.83146961 0,-0.55557023 0.83146961 0,
  -0.55557023 0.83146961 0,-0.55557023 0.83146961 0,
  -0.55557023 0.83146961 0,-0.55557023 0.83146961 0,
  -0.19509032 0.98078528 0,-0.19509032 0.98078528 0,
  -0.19509032 0.98078528 0,-0.19509032 0.98078528 0,
  -0.19509032 0.98078528 0,-0.19509032 0.98078528 0,
  0.19509032 0.98078528 0,0.19509032 0.98078528 0,
  0.19509032 0.98078528 0,0.19509032 0.98078528 0,
  0.19509032 0.98078528 0,0.19509032 0.98078528 0,
  0.55557023 0.83146961 0,0.55557023 0.83146961 0,
  0.55557023 0.83146961 0,0.55557023 0.83146961 0,
  0.55557023 0.83146961 0,0.55557023 0.83146961 0,
  0.83146961 0.55557023 0,0.83146961 0.55557023 0,
  0.83146961 0.55557023 0,0.83146961 0.55557023 0,
  0.83146961 0.55557023 0,0.83146961 0.55557023 0,
  0.98078528 0.19509032 0,0.98078528 0.19509032 0,
  0.98078528 0.19509032 0,0.98078528 0.19509032 0,
  0.98078528 0.19509032 0,0.98078528 0.19509032 0,
  0.98078528 -0.19509032 0,0.98078528 -0.19509032 0,
  0.98078528 -0.19509032 0,0.98078528 -0.19509032 0,
  0.98078528 -0.19509032 0,0.98078528 -0.19509032 0,
  0.83146961 -0.55557023 0,0.83146961 -0.55557023 0,
  0.83146961 -0.55557023 0,0.83146961 -0.55557023 0,
  0.83146961 -0.55557023 0,0.83146961 -0.55557023 0,
  0.55557023 -0.83146961 0,0.55557023 -0.83146961 0,
  0.55557023 -0.83146961 0,0.55557023 -0.83146961 0,
  0.55557023 -0.83146961 0,0.55557023 -0.83146961 0,
  0.19509032 -0.98078528 0,0.19509032 -0.98078528 0,
  0.19509032 -0.98078528 0,0.19509032 -0.98078528 0,
  0.19509032 -0.98078528 0,0.19509032 -0.98078528 0,
  -0.19509032 -0.98078528 0,-0.19509032 -0.98078528 0,
  -0.19509032 -0.98078528 0,-0.19509032 -0.98078528 0,
  -0.19509032 -0.98078528 0,-0.19509032 -0.98078528 0,
  -0.55557023 -0.83146961 0,-0.55557023 -0.83146961 0,
  -0.55557023 -0.83146961 0,-0.55557023 -0.83146961 0,
  -0.55557023 -0.83146961 0,-0.55557023 -0.83146961 0,
  -0.83146961 -0.55557023 0,-0.83146961 -0.55557023 0,
  -0.83146961 -0.55557023 0,-0.83146961 -0.55557023 0,
  -0.83146961 -0.55557023 0,-0.83146961 -0.55557023 0,
  -0.98078528 -0.19509032 0,-0.98078528 -0.19509032 0,
  -0.98078528 -0.19509032 0,-0.98078528 -0.19509032 0,
  -0.98078528 -0.19509032 0,-0.98078528 -0.19509032 0,
  -0.98078528 0.19509032 0,-0.98078528 0.19509032 0,
  -0.98078528 0.19509032 0,-0.98078528 0.19509032 0,
  -0.98078528 0.19509032 0,-0.98078528 0.19509032 0,
  -0.83146961 0.55557023 0,-0.83146961 0.55557023 0,
  -0.83146961 0.55557023 0,-0.83146961 0.55557023 0,
  -0.83146961 0.55557023 0,-0.83146961 0.55557023 0,
  -0.55557023 0.83146961 0,-0.55557023 0.83146961 0,
  -0.55557023 0.83146961 0,-0.55557023 0.83146961 0,
  -0.55557023 0.83146961 0,-0.55557023 0.83146961 0,
  -0.19509032 0.98078528 0,-0.19509032 0.98078528 0,
  -0.19509032 0.98078528 0,-0.19509032 0.98078528 0,
  -0.19509032 0.98078528 0,-0.19509032 0.98078528 0,
  0.19509032 0.98078528 0,0.19509032 0.98078528 0,
  0.19509032 0.98078528 0,0.19509032 0.98078528 0,
  0.19509032 0.98078528 0,0.19509032 0.98078528 0,
  0.55557023 0.83146961 0,0.55557023 0.83146961 0,
  0.55557023 0.83146961 0,0.55557023 0.83146961 0,
  0.55557023 0.83146961 0,0.55557023 0.83146961 0,
  0.83146961 0.55557023 0,0.83146961 0.55557023 0,
  0.83146961 0.55557023 0,0.83146961 0.55557023 0,
  0.83146961 0.55557023 0,0.83146961 0.55557023 0,
  0.98078528 0.19509032 0,0.98078528 0.19509032 0,
  0.98078528 0.19509032 0,0.98078528 0.19509032 0,
  0.98078528 0.19509032 0,0.98078528 0.19509032 0,
  -1 0 0,-1 0 0,
  -1 0 0,-1 0 0,
  -1 0 0,-1 0 0,
  0 -1 0,0 -1 0,
  0 -1 0,0 -1 0,
  0 -1 0,0 -1 0,
  1 0 0,1 0 0,
  1 0 0,1 0 0,
  1 0 0,1 0 0,
  0 1 0,0 1 0,
  0 1 0,0 1 0,
  0 1 0,0 1 0,
  0.98078528 -0.19509032 0,0.98078528 -0.19509032 0,
  0.98078528 -0.19509032 0,0.98078528 -0.19509032 0,
  0.98078528 -0.19509032 0,0.98078528 -0.19509032 0,
  0.83146961 -0.55557023 0,0.83146961 -0.55557023 0,
  0.83146961 -0.55557023 0,0.83146961 -0.55557023 0,
  0.83146961 -0.55557023 0,0.83146961 -0.55557023 0,
  0.55557023 -0.83146961 0,0.55557023 -0.83146961 0,
  0.55557023 -0.83146961 0,0.55557023 -0.83146961 0,
  0.55557023 -0.83146961 0,0.55557023 -0.83146961 0,
  0.19509032 -0.98078528 0,0.19509032 -0.98078528 0,
  0.19509032 -0.98078528 0,0.19509032 -0.98078528 0,
  0.19509032 -0.98078528 0,0.19509032 -0.98078528 0,
  -0.19509032 -0.98078528 0,-0.19509032 -0.98078528 0,
  -0.19509032 -0.98078528 0,-0.19509032 -0.98078528 0,
  -0.19509032 -0.98078528 0,-0.19509032 -0.98078528 0,
  -0.55557023 -0.83146961 0,-0.55557023 -0.83146961 0,
  -0.55557023 -0.83146961 0,-0.55557023 -0.83146961 0,
  -0.55557023 -0.83146961 0,-0.55557023 -0.83146961 0,
  -0.83146961 -0.55557023 0,-0.83146961 -0.55557023 0,
  -0.83146961 -0.55557023 0,-0.83146961 -0.55557023 0,
  -0.83146961 -0.55557023 0,-0.83146961 -0.55557023 0,
  -0.98078528 -0.19509032 0,-0.98078528 -0.19509032 0,
  -0.98078528 -0.19509032 0,-0.98078528 -0.19509032 0,
  -0.98078528 -0.19509032 0,-0.98078528 -0.19509032 0,
  -0.98078528 0.19509032 0,-0.98078528 0.19509032 0,
  -0.98078528 0.19509032 0,-0.98078528 0.19509032 0,
  -0.98078528 0.19509032 0,-0.98078528 0.19509032 0,
  -0.83146961 0.55557023 0,-0.83146961 0.55557023 0,
  -0.83146961 0.55557023 0,-0.83146961 0.55557023 0,
  -0.83146961 0.55557023 0,-0.83146961 0.55557023 0,
  -0.55557023 0.83146961 0,-0.55557023 0.83146961 0,
  -0.55557023 0.83146961 0,-0.55557023 0.83146961 0,
  -0.55557023 0.83146961 0,-0.55557023 0.83146961 0,
  -0.19509032 0.98078528 0,-0.19509032 0.98078528 0,
  -0.19509032 0.98078528 0,-0.19509032 0.98078528 0,
  -0.19509032 0.98078528 0,-0.19509032 0.98078528 0,
  0.19509032 0.98078528 0,0.19509032 0.98078528 0,
  0.19509032 0.98078528 0,0.19509032 0.98078528 0,
  0.19509032 0.98078528 0,0.19509032 0.98078528 0,
  0.55557023 0.83146961 0,0.55557023 0.83146961 0,
  0.55557023 0.83146961 0,0.55557023 0.83146961 0,
  0.55557023 0.83146961 0,0.55557023 0.83146961 0,
  0.83146961 0.55557023 0,0.83146961 0.55557023 0,
  0.83146961 0.55557023 0,0.83146961 0.55557023 0,
  0.83146961 0.55557023 0,0.83146961 0.55557023 0,
  0.98078528 0.19509032 0,0.98078528 0.19509032 0,
  0.98078528 0.19509032 0,0.98078528 0.19509032 0,
  0.98078528 0.19509032 0,0.98078528 0.19509032 0,
  0.98078528 -0.19509032 0,0.98078528 -0.19509032 0,
  0.98078528 -0.19509032 0,0.98078528 -0.19509032 0,
  0.98078528 -0.19509032 0,0.98078528 -0.19509032 0,
  0.83146961 -0.55557023 0,0.83146961 -0.55557023 0,
  0.83146961 -0.55557023 0,0.83146961 -0.55557023 0,
  0.83146961 -0.55557023 0,0.83146961 -0.55557023 0,
  0.55557023 -0.83146961 0,0.55557023 -0.83146961 0,
  0.55557023 -0.83146961 0,0.55557023 -0.83146961 0,
  0.55557023 -0.83146961 0,0.55557023 -0.83146961 0,
  0.19509032 -0.98078528 0,0.19509032 -0.98078528 0,
  0.19509032 -0.98078528 0,0.19509032 -0.98078528 0,
  0.19509032 -0.98078528 0,0.19509032 -0.98078528 0,
  -0.19509032 -0.98078528 0,-0.19509032 -0.98078528 0,
  -0.19509032 -0.98078528 0,-0.19509032 -0.98078528 0,
  -0.19509032 -0.98078528 0,-0.19509032 -0.98078528 0,
  -0.55557023 -0.83146961 0,-0.55557023 -0.83146961 0,
  -0.55557023 -0.83146961 0,-0.55557023 -0.83146961 0,
  -0.55557023 -0.83146961 0,-0.55557023 -0.83146961 0,
  -0.83146961 -0.55557023 0,-0.83146961 -0.55557023 0,
  -0.83146961 -0.55557023 0,-0.83146961 -0.55557023 0,
  -0.83146961 -0.55557023 0,-0.83146961 -0.55557023 0,
  -0.98078528 -0.19509032 0,-0.98078528 -0.19509032 0,
  -0.98078528 -0.19509032 0,-0.98078528 -0.19509032 0,
  -0.98078528 -0.19509032 0,-0.98078528 -0.19509032 0,
  -0.98078528 0.19509032 0,-0.98078528 0.19509032 0,
  -0.98078528 0.19509032 0,-0.98078528 0.19509032 0,
  -0.98078528 0.19509032 0,-0.98078528 0.19509032 0,
  -0.83146961 0.55557023 0,-0.83146961 0.55557023 0,
  -0.83146961 0.55557023 0,-0.83146961 0.55557023 0,
  -0.83146961 0.55557023 0,-0.83146961 0.55557023 0,
  -0.55557023 0.83146961 0,-0.55557023 0.83146961 0,
  -0.55557023 0.83146961 0,-0.55557023 0.83146961 0,
  -0.55557023 0.83146961 0,-0.55557023 0.83146961 0,
  -0.19509032 0.98078528 0,-0.19509032 0.98078528 0,
  -0.19509032 0.98078528 0,-0.19509032 0.98078528 0,
  -0.19509032 0.98078528 0,-0.19509032 0.98078528 0,
  0.19509032 0.98078528 0,0.19509032 0.98078528 0,
  0.19509032 0.98078528 0,0.19509032 0.98078528 0,
  0.19509032 0.98078528 0,0.19509032 0.98078528 0,
  0.55557023 0.83146961 0,0.55557023 0.83146961 0,
  0.55557023 0.83146961 0,0.55557023 0.83146961 0,
  0.55557023 0.83146961 0,0.55557023 0.83146961 0,
  0.83146961 0.55557023 0,0.83146961 0.55557023 0,
  0.83146961 0.55557023 0,0.83146961 0.55557023 0,
  0.83146961 0.55557023 0,0.83146961 0.55557023 0,
  0.98078528 0.19509032 0,0.98078528 0.19509032 0,
  0.98078528 0.19509032 0,0.98078528 0.19509032 0,
  0.98078528 0.19509032 0,0.98078528 0.19509032 0] }
}
}
] }
DEF TXFM_21 Transform {
  center 0 0 0
  rotation 0 0 1 0
  scale 1 1 1
  scaleOrientation 0 0 1 0
  translation 0 0 0
 children [
DEF SHAPE_9 Shape {
 appearance DEF APP_8 Appearance {
  material Material {
   ambientIntensity 1
   diffuseColor 0.75 0.61000001 0.23
   emissiveColor 0 0 0
   shininess 0.89999998
   specularColor 0.89999998 0.84399998 0.69199997
   transparency 0
} }
 geometry DEF FACE_9 IndexedFaceSet {
  coord DEF COORD_9 Coordinate { point [
  -7.2834646 3.7401575 0.31496063,-7.8346457 3.7401575 0.31496063,
  -7.8346457 2.1653543 0.31496063,-7.2834646 2.1653543 0.31496063,
  -14.665354 -4.6220472 0.31496063,-14.901574 -4.6220472 0.31496063,
  -14.901574 -4.8582677 0.31496063,-14.665354 -4.8582677 0.31496063,
  -5.5708665 -4.6220472 0.31496063,-5.807087 -4.6220472 0.31496063,
  -5.807087 -4.8582677 0.31496063,-5.5708665 -4.8582677 0.31496063,
  0.27559055 3.2677165 0.31496063,-0.27559055 3.2677165 0.31496063,
  -0.27559055 2.1653543 0.31496063,0.27559055 2.1653543 0.31496063,
  -0.55511811 -4.4015744 0.31496063,-0.72834646 -4.4015744 0.31496063,
  -0.72834646 -4.5748028 0.31496063,-0.55511811 -4.5748028 0.31496063,
  3.1102358 3.2677165 0.31496063,2.5590547 3.2677165 0.31496063,
  2.5590547 2.1653543 0.31496063,3.1102358 2.1653543 0.31496063,
  2.3031496 -4.3608921 0.31496063,2.1010496 -4.3608921 0.31496063,
  2.1010496 -4.5629921 0.31496063,2.3031496 -4.5629921 0.31496063,
  -14.665354 -4.023622 0.31496063,-14.901574 -4.023622 0.31496063,
  -14.901574 -4.2598425 0.31496063,-14.665354 -4.2598425 0.31496063,
  -5.5708665 -4.023622 0.31496063,-5.807087 -4.023622 0.31496063,
  -5.807087 -4.2598425 0.31496063,-5.5708665 -4.2598425 0.31496063,
  -0.55511811 -4.0866138 0.31496063,-0.72834646 -4.0866138 0.31496063,
  -0.72834646 -4.2598421 0.31496063,-0.55511811 -4.2598421 0.31496063,
  2.3031496 -3.9934378 0.31496063,2.1010496 -3.9934378 0.31496063,
  2.1010496 -4.1955378 0.31496063,2.3031496 -4.1955378 0.31496063,
  7.8724992 2.9836276 0.31496063,7.8604535 3.0441843 0.31496063,
  7.8368256 3.1012272 0.31496063,7.8025228 3.152565 0.31496063,
  7.7588642 3.1962236 0.31496063,7.7075264 3.2305264 0.31496063,
  7.6504835 3.2541543 0.31496063,7.5899268 3.2662 0.31496063,
  7.5281835 3.2662 0.31496063,7.4676268 3.2541543 0.31496063,
  7.4105839 3.2305264 0.31496063,7.3592461 3.1962236 0.31496063,
  7.3155874 3.152565 0.31496063,7.2812846 3.1012272 0.31496063,
  7.2576567 3.0441843 0.31496063,7.245611 2.9836276 0.31496063,
  7.245611 2.9218843 0.31496063,7.2576567 2.8613276 0.31496063,
  7.2812846 2.8042846 0.31496063,7.3155874 2.7529469 0.31496063,
  7.3592461 2.7092882 0.31496063,7.4105839 2.6749854 0.31496063,
  7.4676268 2.6513575 0.31496063,7.5281835 2.6393118 0.31496063,
  7.5899268 2.6393118 0.31496063,7.6504835 2.6513575 0.31496063,
  7.7075264 2.6749854 0.31496063,7.7588642 2.7092882 0.31496063,
  7.8025228 2.7529469 0.31496063,7.8368256 2.8042846 0.31496063,
  7.8604535 2.8613276 0.31496063,7.8724992 2.9218843 0.31496063,
  6.988189 -3.8779528 0.31496063,6.7519685 -3.8779528 0.31496063,
  6.7519685 -4.1141732 0.31496063,6.988189 -4.1141732 0.31496063,
  16.870079 -3.0314961 0.31496063,16.633858 -3.0314961 0.31496063,
  16.633858 -3.2677165 0.31496063,16.870079 -3.2677165 0.31496063,
  14.862205 -3.0314961 0.31496063,14.625984 -3.0314961 0.31496063,
  14.625984 -3.2677165 0.31496063,14.862205 -3.2677165 0.31496063,
  10.570866 -3.8779528 0.31496063,10.334646 -3.8779528 0.31496063,
  10.334646 -4.1141732 0.31496063,10.570866 -4.1141732 0.31496063,
  -0.55511811 -3.7716531 0.31496063,-0.72834646 -3.7716531 0.31496063,
  -0.72834646 -3.9448815 0.31496063,-0.55511811 -3.9448815 0.31496063,
  2.3031496 -3.6259839 0.31496063,2.1010496 -3.6259839 0.31496063,
  2.1010496 -3.8280839 0.31496063,2.3031496 -3.8280839 0.31496063,
  -14.665354 -3.4251969 0.31496063,-14.901574 -3.4251969 0.31496063,
  -14.901574 -3.6614173 0.31496063,-14.665354 -3.6614173 0.31496063,
  -5.5708665 -3.4251969 0.31496063,-5.807087 -3.4251969 0.31496063,
  -5.807087 -3.6614173 0.31496063,-5.5708665 -3.6614173 0.31496063,
  -0.55511811 -3.4566929 0.31496063,-0.72834646 -3.4566929 0.31496063,
  -0.72834646 -3.6299213 0.31496063,-0.55511811 -3.6299213 0.31496063,
  2.3031496 -3.2585303 0.31496063,2.1010496 -3.2585303 0.31496063,
  2.1010496 -3.4606303 0.31496063,2.3031496 -3.4606303 0.31496063,
  -0.55511811 -3.1417323 0.31496063,-0.72834646 -3.1417323 0.31496063,
  -0.72834646 -3.3149606 0.31496063,-0.55511811 -3.3149606 0.31496063,
  -16.200787 -3.0314961 0.31496063,-16.437008 -3.0314961 0.31496063,
  -16.437008 -3.2677165 0.31496063,-16.200787 -3.2677165 0.31496063,
  -18.208661 -3.0314961 0.31496063,-18.444882 -3.0314961 0.31496063,
  -18.444882 -3.2677165 0.31496063,-18.208661 -3.2677165 0.31496063,
  6.988189 -2.9724409 0.31496063,6.7519685 -2.9724409 0.31496063,
  6.7519685 -3.2086614 0.31496063,6.988189 -3.2086614 0.31496063,
  10.570866 -2.9724409 0.31496063,10.334646 -2.9724409 0.31496063,
  10.334646 -3.2086614 0.31496063,10.570866 -3.2086614 0.31496063,
  2.3031496 -2.891076 0.31496063,2.1010496 -2.891076 0.31496063,
  2.1010496 -3.093176 0.31496063,2.3031496 -3.093176 0.31496063,
  -14.665354 -2.826772 0.31496063,-14.901574 -2.826772 0.31496063,
  -14.901574 -3.0629925 0.31496063,-14.665354 -3.0629925 0.31496063,
  -5.5708665 -2.826772 0.31496063,-5.807087 -2.826772 0.31496063,
  -5.807087 -3.0629925 0.31496063,-5.5708665 -3.0629925 0.31496063,
  -0.55511811 -2.826772 0.31496063,-0.72834646 -2.826772 0.31496063,
  -0.72834646 -3.0000004 0.31496063,-0.55511811 -3.0000004 0.31496063,
  2.3031496 -2.523622 0.31496063,2.1010496 -2.523622 0.31496063,
  2.1010496 -2.725722 0.31496063,2.3031496 -2.725722 0.31496063,
  -0.55511811 -2.511811 0.31496063,-0.72834646 -2.511811 0.31496063,
  -0.72834646 -2.6850394 0.31496063,-0.55511811 -2.6850394 0.31496063,
  -14.665354 -2.2283465 0.31496063,-14.901574 -2.2283465 0.31496063,
  -14.901574 -2.4645669 0.31496063,-14.665354 -2.4645669 0.31496063,
  -5.5708665 -2.2283465 0.31496063,-5.807087 -2.2283465 0.31496063,
  -5.807087 -2.4645669 0.31496063,-5.5708665 -2.4645669 0.31496063,
  -6.3385827 3.7401575 0.31496063,-6.8897638 3.7401575 0.31496063,
  -6.8897638 2.1653543 0.31496063,-6.3385827 2.1653543 0.31496063,
  -5.3937004 3.503937 0.31496063,-5.9448815 3.503937 0.31496063,
  -5.9448815 2.1653543 0.31496063,-5.3937004 2.1653543 0.31496063,
  -4.4488189 3.503937 0.31496063,-5 3.503937 0.31496063,
  -5 2.1653543 0.31496063,-4.4488189 2.1653543 0.31496063,
  -3.503937 3.2677165 0.31496063,-4.0551181 3.2677165 0.31496063,
  -4.0551181 2.1653543 0.31496063,-3.503937 2.1653543 0.31496063,
  -2.5590547 3.2677165 0.31496063,-3.1102358 3.2677165 0.31496063,
  -3.1102358 2.1653543 0.31496063,-2.5590547 2.1653543 0.31496063,
  -1.6141732 3.2677165 0.31496063,-2.1653543 3.2677165 0.31496063,
  -2.1653543 2.1653543 0.31496063,-1.6141732 2.1653543 0.31496063,
  -0.66929094 3.2677165 0.31496063,-1.220472 3.2677165 0.31496063,
  -1.220472 2.1653543 0.31496063,-0.66929094 2.1653543 0.31496063,
  1.220472 3.2677165 0.31496063,0.66929094 3.2677165 0.31496063,
  0.66929094 2.1653543 0.31496063,1.220472 2.1653543 0.31496063,
  2.1653543 3.2677165 0.31496063,1.6141732 3.2677165 0.31496063,
  1.6141732 2.1653543 0.31496063,2.1653543 2.1653543 0.31496063,
  4.0551177 3.2677165 0.31496063,3.5039366 3.2677165 0.31496063,
  3.5039366 2.1653543 0.31496063,4.0551177 2.1653543 0.31496063,
  5 3.2677165 0.31496063,4.4488189 3.2677165 0.31496063,
  4.4488189 2.1653543 0.31496063,5 2.1653543 0.31496063,
  5.9448819 3.0314961 0.31496063,5.3937008 3.0314961 0.31496063,
  5.3937008 2.1653543 0.31496063,5.9448819 2.1653543 0.31496063,
  6.8897638 3.0314961 0.31496063,6.3385827 3.0314961 0.31496063,
  6.3385827 2.1653543 0.31496063,6.8897638 2.1653543 0.31496063,
  19.788971 5.6876705 0.31496063,19.685417 5.605089 0.31496063,
  19.591761 5.5114331 0.31496063,19.50918 5.4078795 0.31496063,
  19.438713 5.2957311 0.31496063,19.381244 5.1763976 0.31496063,
  19.337499 5.0513807 0.31496063,19.308026 4.9222516 0.31496063,
  19.293197 4.7906343 0.31496063,19.293197 4.6581846 0.31496063,
  19.308026 4.5265673 0.31496063,19.337499 4.3974382 0.31496063,
  19.381244 4.2724213 0.31496063,19.438713 4.1530878 0.31496063,
  19.50918 4.0409394 0.31496063,19.591761 3.9373858 0.31496063,
  19.685417 3.8437299 0.31496063,19.788971 3.7611484 0.31496063,
  19.901119 3.6906811 0.31496063,20.020453 3.633213 0.31496063,
  20.14547 3.5894677 0.31496063,20.274599 3.5599949 0.31496063,
  20.406216 3.5451654 0.31496063,20.538666 3.5451654 0.31496063,
  20.670283 3.5599949 0.31496063,20.799412 3.5894677 0.31496063,
  20.924429 3.633213 0.31496063,21.043763 3.6906811 0.31496063,
  21.155911 3.7611484 0.31496063,21.259465 3.8437299 0.31496063,
  21.35312 3.9373858 0.31496063,21.435702 4.0409394 0.31496063,
  21.506169 4.1530878 0.31496063,21.563637 4.2724213 0.31496063,
  21.607383 4.3974382 0.31496063,21.636856 4.5265673 0.31496063,
  21.651685 4.6581846 0.31496063,21.651685 4.7906343 0.31496063,
  21.636856 4.9222516 0.31496063,21.607383 5.0513807 0.31496063,
  21.563637 5.1763976 0.31496063,21.506169 5.2957311 0.31496063,
  21.435702 5.4078795 0.31496063,21.35312 5.5114331 0.31496063,
  21.259465 5.605089 0.31496063,21.155911 5.6876705 0.31496063,
  21.043763 5.7581378 0.31496063,20.924429 5.8156059 0.31496063,
  20.799412 5.8593512 0.31496063,20.670283 5.888824 0.31496063,
  20.538666 5.9036535 0.31496063,20.406216 5.9036535 0.31496063,
  20.274599 5.888824 0.31496063,20.14547 5.8593512 0.31496063,
  20.020453 5.8156059 0.31496063,19.901119 5.7581378 0.31496063,
  19.840551 4.7244094 0.31496063,19.888651 4.9662232 0.31496063,
  20.025627 5.171223 0.31496063,20.230627 5.3081995 0.31496063,
  20.472441 5.3562992 0.31496063,20.714255 5.3081995 0.31496063,
  20.919254 5.171223 0.31496063,21.056231 4.9662232 0.31496063,
  21.104331 4.7244094 0.31496063,21.056231 4.4825957 0.31496063,
  20.919254 4.2775959 0.31496063,20.714255 4.1406194 0.31496063,
  20.472441 4.0925197 0.31496063,20.230627 4.1406194 0.31496063,
  20.025627 4.2775959 0.31496063,19.888651 4.4825957 0.31496063,
  19.788971 -3.7611484 0.31496063,19.685417 -3.8437299 0.31496063,
  19.591761 -3.9373858 0.31496063,19.50918 -4.0409394 0.31496063,
  19.438713 -4.1530878 0.31496063,19.381244 -4.2724213 0.31496063,
  19.337499 -4.3974382 0.31496063,19.308026 -4.5265673 0.31496063,
  19.293197 -4.6581846 0.31496063,19.293197 -4.7906343 0.31496063,
  19.308026 -4.9222516 0.31496063,19.337499 -5.0513807 0.31496063,
  19.381244 -5.1763976 0.31496063,19.438713 -5.2957311 0.31496063,
  19.50918 -5.4078795 0.31496063,19.591761 -5.5114331 0.31496063,
  19.685417 -5.605089 0.31496063,19.788971 -5.6876705 0.31496063,
  19.901119 -5.7581378 0.31496063,20.020453 -5.8156059 0.31496063,
  20.14547 -5.8593512 0.31496063,20.274599 -5.888824 0.31496063,
  20.406216 -5.9036535 0.31496063,20.538666 -5.9036535 0.31496063,
  20.670283 -5.888824 0.31496063,20.799412 -5.8593512 0.31496063,
  20.924429 -5.8156059 0.31496063,21.043763 -5.7581378 0.31496063,
  21.155911 -5.6876705 0.31496063,21.259465 -5.605089 0.31496063,
  21.35312 -5.5114331 0.31496063,21.435702 -5.4078795 0.31496063,
  21.506169 -5.2957311 0.31496063,21.563637 -5.1763976 0.31496063,
  21.607383 -5.0513807 0.31496063,21.636856 -4.9222516 0.31496063,
  21.651685 -4.7906343 0.31496063,21.651685 -4.6581846 0.31496063,
  21.636856 -4.5265673 0.31496063,21.607383 -4.3974382 0.31496063,
  21.563637 -4.2724213 0.31496063,21.506169 -4.1530878 0.31496063,
  21.435702 -4.0409394 0.31496063,21.35312 -3.9373858 0.31496063,
  21.259465 -3.8437299 0.31496063,21.155911 -3.7611484 0.31496063,
  21.043763 -3.6906811 0.31496063,20.924429 -3.633213 0.31496063,
  20.799412 -3.5894677 0.31496063,20.670283 -3.5599949 0.31496063,
  20.538666 -3.5451654 0.31496063,20.406216 -3.5451654 0.31496063,
  20.274599 -3.5599949 0.31496063,20.14547 -3.5894677 0.31496063,
  20.020453 -3.633213 0.31496063,19.901119 -3.6906811 0.31496063,
  19.840551 -4.7244094 0.31496063,19.888651 -4.4825957 0.31496063,
  20.025627 -4.2775959 0.31496063,20.230627 -4.1406194 0.31496063,
  20.472441 -4.0925197 0.31496063,20.714255 -4.1406194 0.31496063,
  20.919254 -4.2775959 0.31496063,21.056231 -4.4825957 0.31496063,
  21.104331 -4.7244094 0.31496063,21.056231 -4.9662232 0.31496063,
  20.919254 -5.171223 0.31496063,20.714255 -5.3081995 0.31496063,
  20.472441 -5.3562992 0.31496063,20.230627 -5.3081995 0.31496063,
  20.025627 -5.171223 0.31496063,19.888651 -4.9662232 0.31496063,
  -21.155911 5.6876705 0.31496063,-21.259465 5.605089 0.31496063,
  -21.35312 5.5114331 0.31496063,-21.435702 5.4078795 0.31496063,
  -21.506169 5.2957311 0.31496063,-21.563637 5.1763976 0.31496063,
  -21.607383 5.0513807 0.31496063,-21.636856 4.9222516 0.31496063,
  -21.651685 4.7906343 0.31496063,-21.651685 4.6581846 0.31496063,
  -21.636856 4.5265673 0.31496063,-21.607383 4.3974382 0.31496063,
  -21.563637 4.2724213 0.31496063,-21.506169 4.1530878 0.31496063,
  -21.435702 4.0409394 0.31496063,-21.35312 3.9373858 0.31496063,
  -21.259465 3.8437299 0.31496063,-21.155911 3.7611484 0.31496063,
  -21.043763 3.6906811 0.31496063,-20.924429 3.633213 0.31496063,
  -20.799412 3.5894677 0.31496063,-20.670283 3.5599949 0.31496063,
  -20.538666 3.5451654 0.31496063,-20.406216 3.5451654 0.31496063,
  -20.274599 3.5599949 0.31496063,-20.14547 3.5894677 0.31496063,
  -20.020453 3.633213 0.31496063,-19.901119 3.6906811 0.31496063,
  -19.788971 3.7611484 0.31496063,-19.685417 3.8437299 0.31496063,
  -19.591761 3.9373858 0.31496063,-19.50918 4.0409394 0.31496063,
  -19.438713 4.1530878 0.31496063,-19.381244 4.2724213 0.31496063,
  -19.337499 4.3974382 0.31496063,-19.308026 4.5265673 0.31496063,
  -19.293197 4.6581846 0.31496063,-19.293197 4.7906343 0.31496063,
  -19.308026 4.9222516 0.31496063,-19.337499 5.0513807 0.31496063,
  -19.381244 5.1763976 0.31496063,-19.438713 5.2957311 0.31496063,
  -19.50918 5.4078795 0.31496063,-19.591761 5.5114331 0.31496063,
  -19.685417 5.605089 0.31496063,-19.788971 5.6876705 0.31496063,
  -19.901119 5.7581378 0.31496063,-20.020453 5.8156059 0.31496063,
  -20.14547 5.8593512 0.31496063,-20.274599 5.888824 0.31496063,
  -20.406216 5.9036535 0.31496063,-20.538666 5.9036535 0.31496063,
  -20.670283 5.888824 0.31496063,-20.799412 5.8593512 0.31496063,
  -20.924429 5.8156059 0.31496063,-21.043763 5.7581378 0.31496063,
  -21.104331 4.7244094 0.31496063,-21.056231 4.9662232 0.31496063,
  -20.919254 5.171223 0.31496063,-20.714255 5.3081995 0.31496063,
  -20.472441 5.3562992 0.31496063,-20.230627 5.3081995 0.31496063,
  -20.025627 5.171223 0.31496063,-19.888651 4.9662232 0.31496063,
  -19.840551 4.7244094 0.31496063,-19.888651 4.4825957 0.31496063,
  -20.025627 4.2775959 0.31496063,-20.230627 4.1406194 0.31496063,
  -20.472441 4.0925197 0.31496063,-20.714255 4.1406194 0.31496063,
  -20.919254 4.2775959 0.31496063,-21.056231 4.4825957 0.31496063,
  -21.155911 -3.7611484 0.31496063,-21.259465 -3.8437299 0.31496063,
  -21.35312 -3.9373858 0.31496063,-21.435702 -4.0409394 0.31496063,
  -21.506169 -4.1530878 0.31496063,-21.563637 -4.2724213 0.31496063,
  -21.607383 -4.3974382 0.31496063,-21.636856 -4.5265673 0.31496063,
  -21.651685 -4.6581846 0.31496063,-21.651685 -4.7906343 0.31496063,
  -21.636856 -4.9222516 0.31496063,-21.607383 -5.0513807 0.31496063,
  -21.563637 -5.1763976 0.31496063,-21.506169 -5.2957311 0.31496063,
  -21.435702 -5.4078795 0.31496063,-21.35312 -5.5114331 0.31496063,
  -21.259465 -5.605089 0.31496063,-21.155911 -5.6876705 0.31496063,
  -21.043763 -5.7581378 0.31496063,-20.924429 -5.8156059 0.31496063,
  -20.799412 -5.8593512 0.31496063,-20.670283 -5.888824 0.31496063,
  -20.538666 -5.9036535 0.31496063,-20.406216 -5.9036535 0.31496063,
  -20.274599 -5.888824 0.31496063,-20.14547 -5.8593512 0.31496063,
  -20.020453 -5.8156059 0.31496063,-19.901119 -5.7581378 0.31496063,
  -19.788971 -5.6876705 0.31496063,-19.685417 -5.605089 0.31496063,
  -19.591761 -5.5114331 0.31496063,-19.50918 -5.4078795 0.31496063,
  -19.438713 -5.2957311 0.31496063,-19.381244 -5.1763976 0.31496063,
  -19.337499 -5.0513807 0.31496063,-19.308026 -4.9222516 0.31496063,
  -19.293197 -4.7906343 0.31496063,-19.293197 -4.6581846 0.31496063,
  -19.308026 -4.5265673 0.31496063,-19.337499 -4.3974382 0.31496063,
  -19.381244 -4.2724213 0.31496063,-19.438713 -4.1530878 0.31496063,
  -19.50918 -4.0409394 0.31496063,-19.591761 -3.9373858 0.31496063,
  -19.685417 -3.8437299 0.31496063,-19.788971 -3.7611484 0.31496063,
  -19.901119 -3.6906811 0.31496063,-20.020453 -3.633213 0.31496063,
  -20.14547 -3.5894677 0.31496063,-20.274599 -3.5599949 0.31496063,
  -20.406216 -3.5451654 0.31496063,-20.538666 -3.5451654 0.31496063,
  -20.670283 -3.5599949 0.31496063,-20.799412 -3.5894677 0.31496063,
  -20.924429 -3.633213 0.31496063,-21.043763 -3.6906811 0.31496063,
  -21.104331 -4.7244094 0.31496063,-21.056231 -4.4825957 0.31496063,
  -20.919254 -4.2775959 0.31496063,-20.714255 -4.1406194 0.31496063,
  -20.472441 -4.0925197 0.31496063,-20.230627 -4.1406194 0.31496063,
  -20.025627 -4.2775959 0.31496063,-19.888651 -4.4825957 0.31496063,
  -19.840551 -4.7244094 0.31496063,-19.888651 -4.9662232 0.31496063,
  -20.025627 -5.171223 0.31496063,-20.230627 -5.3081995 0.31496063,
  -20.472441 -5.3562992 0.31496063,-20.714255 -5.3081995 0.31496063,
  -20.919254 -5.171223 0.31496063,-21.056231 -4.9662232 0.31496063] }
 coordIndex [
  1,2,3,-1,1,3,0,-1,5,6,7,-1,5,7,4,-1,9,10,11,-1,9,11,8,-1,13,14,15,-1,13,15,12,-1,
  17,18,19,-1,17,19,16,-1,21,22,23,-1,21,23,20,-1,25,26,27,-1,25,27,24,-1,29,30,31,-1,29,31,28,-1,
  33,34,35,-1,33,35,32,-1,37,38,39,-1,37,39,36,-1,41,42,43,-1,41,43,40,-1,59,61,58,-1,58,61,62,-1,
  58,62,57,-1,57,62,63,-1,57,63,56,-1,56,63,64,-1,56,64,55,-1,55,64,65,-1,55,65,54,-1,54,65,66,-1,
  54,66,53,-1,53,66,67,-1,53,67,52,-1,52,67,68,-1,52,68,51,-1,51,68,69,-1,51,69,50,-1,50,69,70,-1,
  50,70,49,-1,49,70,71,-1,49,71,48,-1,48,71,72,-1,48,72,47,-1,47,72,73,-1,47,73,46,-1,46,73,74,-1,
  46,74,45,-1,45,74,75,-1,45,75,44,-1,77,78,79,-1,77,79,76,-1,81,82,83,-1,81,83,80,-1,85,86,87,-1,
  85,87,84,-1,89,90,91,-1,89,91,88,-1,93,94,95,-1,93,95,92,-1,97,98,99,-1,97,99,96,-1,101,102,103,-1,
  101,103,100,-1,105,106,107,-1,105,107,104,-1,109,110,111,-1,109,111,108,-1,113,114,115,-1,113,115,112,-1,117,118,119,-1,
  117,119,116,-1,121,122,123,-1,121,123,120,-1,125,126,127,-1,125,127,124,-1,129,130,131,-1,129,131,128,-1,133,134,135,-1,
  133,135,132,-1,137,138,139,-1,137,139,136,-1,141,142,143,-1,141,143,140,-1,145,146,147,-1,145,147,144,-1,149,150,151,-1,
  149,151,148,-1,153,154,155,-1,153,155,152,-1,157,158,159,-1,157,159,156,-1,161,162,163,-1,161,163,160,-1,165,166,167,-1,
  165,167,164,-1,169,170,171,-1,169,171,168,-1,173,174,175,-1,173,175,172,-1,177,178,179,-1,177,179,176,-1,181,182,183,-1,
  181,183,180,-1,185,186,187,-1,185,187,184,-1,189,190,191,-1,189,191,188,-1,193,194,195,-1,193,195,192,-1,197,198,199,-1,
  197,199,196,-1,201,202,203,-1,201,203,200,-1,205,206,207,-1,205,207,204,-1,209,210,211,-1,209,211,208,-1,213,214,215,-1,
  213,215,212,-1,217,218,219,-1,217,219,216,-1,284,248,265,-1,265,248,249,-1,265,249,264,-1,264,249,250,-1,264,250,263,-1,
  263,250,251,-1,263,251,262,-1,262,251,252,-1,262,252,261,-1,261,252,253,-1,261,253,260,-1,260,253,254,-1,260,254,259,-1,
  259,254,255,-1,259,255,258,-1,258,255,256,-1,258,256,257,-1,283,284,265,-1,283,265,266,-1,283,266,267,-1,283,267,282,-1,
  268,269,281,-1,268,281,282,-1,268,282,267,-1,270,271,280,-1,270,280,281,-1,270,281,269,-1,274,278,273,-1,273,278,279,-1,
  273,279,272,-1,272,279,280,-1,272,280,271,-1,275,220,276,-1,275,276,277,-1,275,277,278,-1,275,278,274,-1,285,286,246,-1,
  285,246,247,-1,285,247,248,-1,285,248,284,-1,243,244,287,-1,287,244,245,-1,287,245,286,-1,286,245,246,-1,288,289,241,-1,
  288,241,242,-1,288,242,243,-1,288,243,287,-1,238,239,290,-1,290,239,240,-1,290,240,289,-1,289,240,241,-1,290,291,238,-1,
  238,291,276,-1,238,276,237,-1,237,276,220,-1,237,220,221,-1,237,221,236,-1,236,221,222,-1,236,222,235,-1,235,222,223,-1,
  235,223,234,-1,234,223,224,-1,234,224,233,-1,233,224,225,-1,233,225,232,-1,232,225,226,-1,232,226,231,-1,231,226,227,-1,
  231,227,230,-1,230,227,228,-1,230,228,229,-1,356,320,337,-1,337,320,321,-1,337,321,336,-1,336,321,322,-1,336,322,335,-1,
  335,322,323,-1,335,323,334,-1,334,323,324,-1,334,324,333,-1,333,324,325,-1,333,325,332,-1,332,325,326,-1,332,326,331,-1,
  331,326,327,-1,331,327,330,-1,330,327,328,-1,330,328,329,-1,355,356,337,-1,355,337,338,-1,355,338,339,-1,355,339,354,-1,
  340,341,353,-1,340,353,354,-1,340,354,339,-1,342,343,352,-1,342,352,353,-1,342,353,341,-1,346,350,345,-1,345,350,351,-1,
  345,351,344,-1,344,351,352,-1,344,352,343,-1,347,292,348,-1,347,348,349,-1,347,349,350,-1,347,350,346,-1,357,358,318,-1,
  357,318,319,-1,357,319,320,-1,357,320,356,-1,315,316,359,-1,359,316,317,-1,359,317,358,-1,358,317,318,-1,360,361,313,-1,
  360,313,314,-1,360,314,315,-1,360,315,359,-1,310,311,362,-1,362,311,312,-1,362,312,361,-1,361,312,313,-1,362,363,310,-1,
  310,363,348,-1,310,348,309,-1,309,348,292,-1,309,292,293,-1,309,293,308,-1,308,293,294,-1,308,294,307,-1,307,294,295,-1,
  307,295,306,-1,306,295,296,-1,306,296,305,-1,305,296,297,-1,305,297,304,-1,304,297,298,-1,304,298,303,-1,303,298,299,-1,
  303,299,302,-1,302,299,300,-1,302,300,301,-1,428,392,409,-1,409,392,393,-1,409,393,408,-1,408,393,394,-1,408,394,407,-1,
  407,394,395,-1,407,395,406,-1,406,395,396,-1,406,396,405,-1,405,396,397,-1,405,397,404,-1,404,397,398,-1,404,398,403,-1,
  403,398,399,-1,403,399,402,-1,402,399,400,-1,402,400,401,-1,427,428,409,-1,427,409,410,-1,427,410,411,-1,427,411,426,-1,
  412,413,425,-1,412,425,426,-1,412,426,411,-1,414,415,424,-1,414,424,425,-1,414,425,413,-1,418,422,417,-1,417,422,423,-1,
  417,423,416,-1,416,423,424,-1,416,424,415,-1,419,364,420,-1,419,420,421,-1,419,421,422,-1,419,422,418,-1,429,430,390,-1,
  429,390,391,-1,429,391,392,-1,429,392,428,-1,387,388,431,-1,431,388,389,-1,431,389,430,-1,430,389,390,-1,432,433,385,-1,
  432,385,386,-1,432,386,387,-1,432,387,431,-1,382,383,434,-1,434,383,384,-1,434,384,433,-1,433,384,385,-1,434,435,382,-1,
  382,435,420,-1,382,420,381,-1,381,420,364,-1,381,364,365,-1,381,365,380,-1,380,365,366,-1,380,366,379,-1,379,366,367,-1,
  379,367,378,-1,378,367,368,-1,378,368,377,-1,377,368,369,-1,377,369,376,-1,376,369,370,-1,376,370,375,-1,375,370,371,-1,
  375,371,374,-1,374,371,372,-1,374,372,373,-1,500,464,481,-1,481,464,465,-1,481,465,480,-1,480,465,466,-1,480,466,479,-1,
  479,466,467,-1,479,467,478,-1,478,467,468,-1,478,468,477,-1,477,468,469,-1,477,469,476,-1,476,469,470,-1,476,470,475,-1,
  475,470,471,-1,475,471,474,-1,474,471,472,-1,474,472,473,-1,499,500,481,-1,499,481,482,-1,499,482,483,-1,499,483,498,-1,
  484,485,497,-1,484,497,498,-1,484,498,483,-1,486,487,496,-1,486,496,497,-1,486,497,485,-1,490,494,489,-1,489,494,495,-1,
  489,495,488,-1,488,495,496,-1,488,496,487,-1,491,436,492,-1,491,492,493,-1,491,493,494,-1,491,494,490,-1,501,502,462,-1,
  501,462,463,-1,501,463,464,-1,501,464,500,-1,459,460,503,-1,503,460,461,-1,503,461,502,-1,502,461,462,-1,504,505,457,-1,
  504,457,458,-1,504,458,459,-1,504,459,503,-1,454,455,506,-1,506,455,456,-1,506,456,505,-1,505,456,457,-1,506,507,454,-1,
  454,507,492,-1,454,492,453,-1,453,492,436,-1,453,436,437,-1,453,437,452,-1,452,437,438,-1,452,438,451,-1,451,438,439,-1,
  451,439,450,-1,450,439,440,-1,450,440,449,-1,449,440,441,-1,449,441,448,-1,448,441,442,-1,448,442,447,-1,447,442,443,-1,
  447,443,446,-1,446,443,444,-1,446,444,445,-1,61,59,60,-1]
  normalPerVertex TRUE
  normal DEF NORM_9 Normal { vector [
  0 0 1,0 0 1,
  0 0 1,0 0 1,
  0 0 1,0 0 1,
  0 0 1,0 0 1,
  0 0 1,0 0 1,
  0 0 1,0 0 1,
  0 0 1,0 0 1,
  0 0 1,0 0 1,
  0 0 1,0 0 1,
  0 0 1,0 0 1,
  0 0 1,0 0 1,
  0 0 1,0 0 1,
  0 0 1,0 0 1,
  0 0 1,0 0 1,
  0 0 1,0 0 1,
  0 0 1,0 0 1,
  0 0 1,0 0 1,
  0 0 1,0 0 1,
  0 0 1,0 0 1,
  0 0 1,0 0 1,
  0 0 1,0 0 1,
  0 0 1,0 0 1,
  0 0 1,0 0 1,
  0 0 1,0 0 1,
  0 0 1,0 0 1,
  0 0 1,0 0 1,
  0 0 1,0 0 1,
  0 0 1,0 0 1,
  0 0 1,0 0 1,
  0 0 1,0 0 1,
  0 0 1,0 0 1,
  0 0 1,0 0 1,
  0 0 1,0 0 1,
  0 0 1,0 0 1,
  0 0 1,0 0 1,
  0 0 1,0 0 1,
  0 0 1,0 0 1,
  0 0 1,0 0 1,
  0 0 1,0 0 1,
  0 0 1,0 0 1,
  0 0 1,0 0 1,
  0 0 1,0 0 1,
  0 0 1,0 0 1,
  0 0 1,0 0 1,
  0 0 1,0 0 1,
  0 0 1,0 0 1,
  0 0 1,0 0 1,
  0 0 1,0 0 1,
  0 0 1,0 0 1,
  0 0 1,0 0 1,
  0 0 1,0 0 1,
  0 0 1,0 0 1,
  0 0 1,0 0 1,
  0 0 1,0 0 1,
  0 0 1,0 0 1,
  0 0 1,0 0 1,
  0 0 1,0 0 1,
  0 0 1,0 0 1,
  0 0 1,0 0 1,
  0 0 1,0 0 1,
  0 0 1,0 0 1,
  0 0 1,0 0 1,
  0 0 1,0 0 1,
  0 0 1,0 0 1,
  0 0 1,0 0 1,
  0 0 1,0 0 1,
  0 0 1,0 0 1,
  0 0 1,0 0 1,
  0 0 1,0 0 1,
  0 0 1,0 0 1,
  0 0 1,0 0 1,
  0 0 1,0 0 1,
  0 0 1,0 0 1,
  0 0 1,0 0 1,
  0 0 1,0 0 1,
  0 0 1,0 0 1,
  0 0 1,0 0 1,
  0 0 1,0 0 1,
  0 0 1,0 0 1,
  0 0 1,0 0 1,
  0 0 1,0 0 1,
  0 0 1,0 0 1,
  0 0 1,0 0 1,
  0 0 1,0 0 1,
  0 0 1,0 0 1,
  0 0 1,0 0 1,
  0 0 1,0 0 1,
  0 0 1,0 0 1,
  0 0 1,0 0 1,
  0 0 1,0 0 1,
  0 0 1,0 0 1,
  0 0 1,0 0 1,
  0 0 1,0 0 1,
  0 0 1,0 0 1,
  0 0 1,0 0 1,
  0 0 1,0 0 1,
  0 0 1,0 0 1,
  0 0 1,0 0 1,
  0 0 1,0 0 1,
  0 0 1,0 0 1,
  0 0 1,0 0 1,
  0 0 1,0 0 1,
  0 0 1,0 0 1,
  0 0 1,0 0 1,
  0 0 1,0 0 1,
  0 0 1,0 0 1,
  0 0 1,0 0 1,
  0 0 1,0 0 1,
  0 0 1,0 0 1,
  0 0 1,0 0 1,
  0 0 1,0 0 1,
  0 0 1,0 0 1,
  0 0 1,0 0 1,
  0 0 1,0 0 1,
  0 0 1,0 0 1,
  0 0 1,0 0 1,
  0 0 1,0 0 1,
  0 0 1,0 0 1,
  0 0 1,0 0 1,
  0 0 1,0 0 1,
  0 0 1,0 0 1,
  0 0 1,0 0 1,
  0 0 1,0 0 1,
  0 0 1,0 0 1,
  0 0 1,0 0 1,
  0 0 1,0 0 1,
  0 0 1,0 0 1,
  0 0 1,0 0 1,
  0 0 1,0 0 1,
  0 0 1,0 0 1,
  0 0 1,0 0 1,
  0 0 1,0 0 1,
  0 0 1,0 0 1,
  0 0 1,0 0 1,
  0 0 1,0 0 1,
  0 0 1,0 0 1,
  0 0 1,0 0 1,
  0 0 1,0 0 1,
  0 0 1,0 0 1,
  0 0 1,0 0 1,
  0 0 1,0 0 1,
  0 0 1,0 0 1,
  0 0 1,0 0 1,
  0 0 1,0 0 1,
  0 0 1,0 0 1,
  0 0 1,0 0 1,
  0 0 1,0 0 1,
  0 0 1,0 0 1,
  0 0 1,0 0 1,
  0 0 1,0 0 1,
  0 0 1,0 0 1,
  0 0 1,0 0 1,
  0 0 1,0 0 1,
  0 0 1,0 0 1,
  0 0 1,0 0 1,
  0 0 1,0 0 1,
  0 0 1,0 0 1,
  0 0 1,0 0 1,
  0 0 1,0 0 1,
  0 0 1,0 0 1,
  0 0 1,0 0 1,
  0 0 1,0 0 1,
  0 0 1,0 0 1,
  0 0 1,0 0 1,
  0 0 1,0 0 1,
  0 0 1,0 0 1,
  0 0 1,0 0 1,
  0 0 1,0 0 1,
  0 0 1,0 0 1,
  0 0 1,0 0 1,
  0 0 1,0 0 1,
  0 0 1,0 0 1,
  0 0 1,0 0 1,
  0 0 1,0 0 1,
  0 0 1,0 0 1,
  0 0 1,0 0 1,
  0 0 1,0 0 1,
  0 0 1,0 0 1,
  0 0 1,0 0 1,
  0 0 1,0 0 1,
  0 0 1,0 0 1,
  0 0 1,0 0 1,
  0 0 1,0 0 1,
  0 0 1,0 0 1,
  0 0 1,0 0 1,
  0 0 1,0 0 1,
  0 0 1,0 0 1,
  0 0 1,0 0 1,
  0 0 1,0 0 1,
  0 0 1,0 0 1,
  0 0 1,0 0 1,
  0 0 1,0 0 1,
  0 0 1,0 0 1,
  0 0 1,0 0 1,
  0 0 1,0 0 1,
  0 0 1,0 0 1,
  0 0 1,0 0 1,
  0 0 1,0 0 1,
  0 0 1,0 0 1,
  0 0 1,0 0 1,
  0 0 1,0 0 1,
  0 0 1,0 0 1,
  0 0 1,0 0 1,
  0 0 1,0 0 1,
  0 0 1,0 0 1,
  0 0 1,0 0 1,
  0 0 1,0 0 1,
  0 0 1,0 0 1,
  0 0 1,0 0 1,
  0 0 1,0 0 1,
  0 0 1,0 0 1,
  0 0 1,0 0 1,
  0 0 1,0 0 1,
  0 0 1,0 0 1,
  0 0 1,0 0 1,
  0 0 1,0 0 1,
  0 0 1,0 0 1,
  0 0 1,0 0 1,
  0 0 1,0 0 1,
  0 0 1,0 0 1,
  0 0 1,0 0 1,
  0 0 1,0 0 1,
  0 0 1,0 0 1,
  0 0 1,0 0 1,
  0 0 1,0 0 1,
  0 0 1,0 0 1,
  0 0 1,0 0 1,
  0 0 1,0 0 1,
  0 0 1,0 0 1,
  0 0 1,0 0 1,
  0 0 1,0 0 1,
  0 0 1,0 0 1,
  0 0 1,0 0 1,
  0 0 1,0 0 1,
  0 0 1,0 0 1,
  0 0 1,0 0 1,
  0 0 1,0 0 1,
  0 0 1,0 0 1,
  0 0 1,0 0 1,
  0 0 1,0 0 1,
  0 0 1,0 0 1,
  0 0 1,0 0 1,
  0 0 1,0 0 1,
  0 0 1,0 0 1,
  0 0 1,0 0 1,
  0 0 1,0 0 1,
  0 0 1,0 0 1,
  0 0 1,0 0 1,
  0 0 1,0 0 1,
  0 0 1,0 0 1,
  0 0 1,0 0 1,
  0 0 1,0 0 1,
  0 0 1,0 0 1,
  0 0 1,0 0 1] }
}
}
] }
DEF TXFM_22 Transform {
  center 0 0 0
  rotation 0 0 1 0
  scale 1 1 1
  scaleOrientation 0 0 1 0
  translation 0 0 0
 children [
DEF SHAPE_10 Shape {
 appearance DEF APP_9 Appearance {
  material Material {
   ambientIntensity 1
   diffuseColor 0.5 0.5 0.5
   emissiveColor 0 0 0
   shininess 0.69999999
   specularColor 0.80000001 0.80000001 0.80000001
   transparency 0
} }
 geometry DEF FACE_10 IndexedFaceSet {
  coord DEF COORD_10 Coordinate { point [
  -7.2834646 3.7401575 0.31988189,-7.8346457 3.7401575 0.31988189,
  -7.8346457 2.1653543 0.31988189,-7.2834646 2.1653543 0.31988189,
  -14.665354 -4.6220472 0.31988189,-14.901574 -4.6220472 0.31988189,
  -14.901574 -4.8582677 0.31988189,-14.665354 -4.8582677 0.31988189,
  -5.5708665 -4.6220472 0.31988189,-5.807087 -4.6220472 0.31988189,
  -5.807087 -4.8582677 0.31988189,-5.5708665 -4.8582677 0.31988189,
  0.27559055 3.2677165 0.31988189,-0.27559055 3.2677165 0.31988189,
  -0.27559055 2.1653543 0.31988189,0.27559055 2.1653543 0.31988189,
  -0.55511811 -4.4015744 0.31988189,-0.72834646 -4.4015744 0.31988189,
  -0.72834646 -4.5748028 0.31988189,-0.55511811 -4.5748028 0.31988189,
  3.1102358 3.2677165 0.31988189,2.5590547 3.2677165 0.31988189,
  2.5590547 2.1653543 0.31988189,3.1102358 2.1653543 0.31988189,
  2.3031496 -4.3608921 0.31988189,2.1010496 -4.3608921 0.31988189,
  2.1010496 -4.5629921 0.31988189,2.3031496 -4.5629921 0.31988189,
  -14.665354 -4.023622 0.31988189,-14.901574 -4.023622 0.31988189,
  -14.901574 -4.2598425 0.31988189,-14.665354 -4.2598425 0.31988189,
  -5.5708665 -4.023622 0.31988189,-5.807087 -4.023622 0.31988189,
  -5.807087 -4.2598425 0.31988189,-5.5708665 -4.2598425 0.31988189,
  -0.55511811 -4.0866138 0.31988189,-0.72834646 -4.0866138 0.31988189,
  -0.72834646 -4.2598421 0.31988189,-0.55511811 -4.2598421 0.31988189,
  2.3031496 -3.9934378 0.31988189,2.1010496 -3.9934378 0.31988189,
  2.1010496 -4.1955378 0.31988189,2.3031496 -4.1955378 0.31988189,
  7.8724992 2.9836276 0.31988189,7.8604535 3.0441843 0.31988189,
  7.8368256 3.1012272 0.31988189,7.8025228 3.152565 0.31988189,
  7.7588642 3.1962236 0.31988189,7.7075264 3.2305264 0.31988189,
  7.6504835 3.2541543 0.31988189,7.5899268 3.2662 0.31988189,
  7.5281835 3.2662 0.31988189,7.4676268 3.2541543 0.31988189,
  7.4105839 3.2305264 0.31988189,7.3592461 3.1962236 0.31988189,
  7.3155874 3.152565 0.31988189,7.2812846 3.1012272 0.31988189,
  7.2576567 3.0441843 0.31988189,7.245611 2.9836276 0.31988189,
  7.245611 2.9218843 0.31988189,7.2576567 2.8613276 0.31988189,
  7.2812846 2.8042846 0.31988189,7.3155874 2.7529469 0.31988189,
  7.3592461 2.7092882 0.31988189,7.4105839 2.6749854 0.31988189,
  7.4676268 2.6513575 0.31988189,7.5281835 2.6393118 0.31988189,
  7.5899268 2.6393118 0.31988189,7.6504835 2.6513575 0.31988189,
  7.7075264 2.6749854 0.31988189,7.7588642 2.7092882 0.31988189,
  7.8025228 2.7529469 0.31988189,7.8368256 2.8042846 0.31988189,
  7.8604535 2.8613276 0.31988189,7.8724992 2.9218843 0.31988189,
  6.988189 -3.8779528 0.31988189,6.7519685 -3.8779528 0.31988189,
  6.7519685 -4.1141732 0.31988189,6.988189 -4.1141732 0.31988189,
  16.870079 -3.0314961 0.31988189,16.633858 -3.0314961 0.31988189,
  16.633858 -3.2677165 0.31988189,16.870079 -3.2677165 0.31988189,
  14.862205 -3.0314961 0.31988189,14.625984 -3.0314961 0.31988189,
  14.625984 -3.2677165 0.31988189,14.862205 -3.2677165 0.31988189,
  10.570866 -3.8779528 0.31988189,10.334646 -3.8779528 0.31988189,
  10.334646 -4.1141732 0.31988189,10.570866 -4.1141732 0.31988189,
  -0.55511811 -3.7716531 0.31988189,-0.72834646 -3.7716531 0.31988189,
  -0.72834646 -3.9448815 0.31988189,-0.55511811 -3.9448815 0.31988189,
  2.3031496 -3.6259839 0.31988189,2.1010496 -3.6259839 0.31988189,
  2.1010496 -3.8280839 0.31988189,2.3031496 -3.8280839 0.31988189,
  -14.665354 -3.4251969 0.31988189,-14.901574 -3.4251969 0.31988189,
  -14.901574 -3.6614173 0.31988189,-14.665354 -3.6614173 0.31988189,
  -5.5708665 -3.4251969 0.31988189,-5.807087 -3.4251969 0.31988189,
  -5.807087 -3.6614173 0.31988189,-5.5708665 -3.6614173 0.31988189,
  -0.55511811 -3.4566929 0.31988189,-0.72834646 -3.4566929 0.31988189,
  -0.72834646 -3.6299213 0.31988189,-0.55511811 -3.6299213 0.31988189,
  2.3031496 -3.2585303 0.31988189,2.1010496 -3.2585303 0.31988189,
  2.1010496 -3.4606303 0.31988189,2.3031496 -3.4606303 0.31988189,
  -0.55511811 -3.1417323 0.31988189,-0.72834646 -3.1417323 0.31988189,
  -0.72834646 -3.3149606 0.31988189,-0.55511811 -3.3149606 0.31988189,
  -16.200787 -3.0314961 0.31988189,-16.437008 -3.0314961 0.31988189,
  -16.437008 -3.2677165 0.31988189,-16.200787 -3.2677165 0.31988189,
  -18.208661 -3.0314961 0.31988189,-18.444882 -3.0314961 0.31988189,
  -18.444882 -3.2677165 0.31988189,-18.208661 -3.2677165 0.31988189,
  6.988189 -2.9724409 0.31988189,6.7519685 -2.9724409 0.31988189,
  6.7519685 -3.2086614 0.31988189,6.988189 -3.2086614 0.31988189,
  10.570866 -2.9724409 0.31988189,10.334646 -2.9724409 0.31988189,
  10.334646 -3.2086614 0.31988189,10.570866 -3.2086614 0.31988189,
  2.3031496 -2.891076 0.31988189,2.1010496 -2.891076 0.31988189,
  2.1010496 -3.093176 0.31988189,2.3031496 -3.093176 0.31988189,
  -14.665354 -2.826772 0.31988189,-14.901574 -2.826772 0.31988189,
  -14.901574 -3.0629925 0.31988189,-14.665354 -3.0629925 0.31988189,
  -5.5708665 -2.826772 0.31988189,-5.807087 -2.826772 0.31988189,
  -5.807087 -3.0629925 0.31988189,-5.5708665 -3.0629925 0.31988189,
  -0.55511811 -2.826772 0.31988189,-0.72834646 -2.826772 0.31988189,
  -0.72834646 -3.0000004 0.31988189,-0.55511811 -3.0000004 0.31988189,
  2.3031496 -2.523622 0.31988189,2.1010496 -2.523622 0.31988189,
  2.1010496 -2.725722 0.31988189,2.3031496 -2.725722 0.31988189,
  -0.55511811 -2.511811 0.31988189,-0.72834646 -2.511811 0.31988189,
  -0.72834646 -2.6850394 0.31988189,-0.55511811 -2.6850394 0.31988189,
  -14.665354 -2.2283465 0.31988189,-14.901574 -2.2283465 0.31988189,
  -14.901574 -2.4645669 0.31988189,-14.665354 -2.4645669 0.31988189,
  -5.5708665 -2.2283465 0.31988189,-5.807087 -2.2283465 0.31988189,
  -5.807087 -2.4645669 0.31988189,-5.5708665 -2.4645669 0.31988189,
  -6.3385827 3.7401575 0.31988189,-6.8897638 3.7401575 0.31988189,
  -6.8897638 2.1653543 0.31988189,-6.3385827 2.1653543 0.31988189,
  -5.3937004 3.503937 0.31988189,-5.9448815 3.503937 0.31988189,
  -5.9448815 2.1653543 0.31988189,-5.3937004 2.1653543 0.31988189,
  -4.4488189 3.503937 0.31988189,-5 3.503937 0.31988189,
  -5 2.1653543 0.31988189,-4.4488189 2.1653543 0.31988189,
  -3.503937 3.2677165 0.31988189,-4.0551181 3.2677165 0.31988189,
  -4.0551181 2.1653543 0.31988189,-3.503937 2.1653543 0.31988189,
  -2.5590547 3.2677165 0.31988189,-3.1102358 3.2677165 0.31988189,
  -3.1102358 2.1653543 0.31988189,-2.5590547 2.1653543 0.31988189,
  -1.6141732 3.2677165 0.31988189,-2.1653543 3.2677165 0.31988189,
  -2.1653543 2.1653543 0.31988189,-1.6141732 2.1653543 0.31988189,
  -0.66929094 3.2677165 0.31988189,-1.220472 3.2677165 0.31988189,
  -1.220472 2.1653543 0.31988189,-0.66929094 2.1653543 0.31988189,
  1.220472 3.2677165 0.31988189,0.66929094 3.2677165 0.31988189,
  0.66929094 2.1653543 0.31988189,1.220472 2.1653543 0.31988189,
  2.1653543 3.2677165 0.31988189,1.6141732 3.2677165 0.31988189,
  1.6141732 2.1653543 0.31988189,2.1653543 2.1653543 0.31988189,
  4.0551177 3.2677165 0.31988189,3.5039366 3.2677165 0.31988189,
  3.5039366 2.1653543 0.31988189,4.0551177 2.1653543 0.31988189,
  5 3.2677165 0.31988189,4.4488189 3.2677165 0.31988189,
  4.4488189 2.1653543 0.31988189,5 2.1653543 0.31988189,
  5.9448819 3.0314961 0.31988189,5.3937008 3.0314961 0.31988189,
  5.3937008 2.1653543 0.31988189,5.9448819 2.1653543 0.31988189,
  6.8897638 3.0314961 0.31988189,6.3385827 3.0314961 0.31988189,
  6.3385827 2.1653543 0.31988189,6.8897638 2.1653543 0.31988189] }
 coordIndex [
  1,2,3,-1,1,3,0,-1,5,6,7,-1,5,7,4,-1,9,10,11,-1,9,11,8,-1,13,14,15,-1,13,15,12,-1,
  17,18,19,-1,17,19,16,-1,21,22,23,-1,21,23,20,-1,25,26,27,-1,25,27,24,-1,29,30,31,-1,29,31,28,-1,
  33,34,35,-1,33,35,32,-1,37,38,39,-1,37,39,36,-1,41,42,43,-1,41,43,40,-1,59,61,58,-1,58,61,62,-1,
  58,62,57,-1,57,62,63,-1,57,63,56,-1,56,63,64,-1,56,64,55,-1,55,64,65,-1,55,65,54,-1,54,65,66,-1,
  54,66,53,-1,53,66,67,-1,53,67,52,-1,52,67,68,-1,52,68,51,-1,51,68,69,-1,51,69,50,-1,50,69,70,-1,
  50,70,49,-1,49,70,71,-1,49,71,48,-1,48,71,72,-1,48,72,47,-1,47,72,73,-1,47,73,46,-1,46,73,74,-1,
  46,74,45,-1,45,74,75,-1,45,75,44,-1,77,78,79,-1,77,79,76,-1,81,82,83,-1,81,83,80,-1,85,86,87,-1,
  85,87,84,-1,89,90,91,-1,89,91,88,-1,93,94,95,-1,93,95,92,-1,97,98,99,-1,97,99,96,-1,101,102,103,-1,
  101,103,100,-1,105,106,107,-1,105,107,104,-1,109,110,111,-1,109,111,108,-1,113,114,115,-1,113,115,112,-1,117,118,119,-1,
  117,119,116,-1,121,122,123,-1,121,123,120,-1,125,126,127,-1,125,127,124,-1,129,130,131,-1,129,131,128,-1,133,134,135,-1,
  133,135,132,-1,137,138,139,-1,137,139,136,-1,141,142,143,-1,141,143,140,-1,145,146,147,-1,145,147,144,-1,149,150,151,-1,
  149,151,148,-1,153,154,155,-1,153,155,152,-1,157,158,159,-1,157,159,156,-1,161,162,163,-1,161,163,160,-1,165,166,167,-1,
  165,167,164,-1,169,170,171,-1,169,171,168,-1,173,174,175,-1,173,175,172,-1,177,178,179,-1,177,179,176,-1,181,182,183,-1,
  181,183,180,-1,185,186,187,-1,185,187,184,-1,189,190,191,-1,189,191,188,-1,193,194,195,-1,193,195,192,-1,197,198,199,-1,
  197,199,196,-1,201,202,203,-1,201,203,200,-1,205,206,207,-1,205,207,204,-1,209,210,211,-1,209,211,208,-1,213,214,215,-1,
  213,215,212,-1,217,218,219,-1,217,219,216,-1,61,59,60,-1]
  normalPerVertex TRUE
  normal DEF NORM_10 Normal { vector [
  0 0 1,0 0 1,
  0 0 1,0 0 1,
  0 0 1,0 0 1,
  0 0 1,0 0 1,
  0 0 1,0 0 1,
  0 0 1,0 0 1,
  0 0 1,0 0 1,
  0 0 1,0 0 1,
  0 0 1,0 0 1,
  0 0 1,0 0 1,
  0 0 1,0 0 1,
  0 0 1,0 0 1,
  0 0 1,0 0 1,
  0 0 1,0 0 1,
  0 0 1,0 0 1,
  0 0 1,0 0 1,
  0 0 1,0 0 1,
  0 0 1,0 0 1,
  0 0 1,0 0 1,
  0 0 1,0 0 1,
  0 0 1,0 0 1,
  0 0 1,0 0 1,
  0 0 1,0 0 1,
  0 0 1,0 0 1,
  0 0 1,0 0 1,
  0 0 1,0 0 1,
  0 0 1,0 0 1,
  0 0 1,0 0 1,
  0 0 1,0 0 1,
  0 0 1,0 0 1,
  0 0 1,0 0 1,
  0 0 1,0 0 1,
  0 0 1,0 0 1,
  0 0 1,0 0 1,
  0 0 1,0 0 1,
  0 0 1,0 0 1,
  0 0 1,0 0 1,
  0 0 1,0 0 1,
  0 0 1,0 0 1,
  0 0 1,0 0 1,
  0 0 1,0 0 1,
  0 0 1,0 0 1,
  0 0 1,0 0 1,
  0 0 1,0 0 1,
  0 0 1,0 0 1,
  0 0 1,0 0 1,
  0 0 1,0 0 1,
  0 0 1,0 0 1,
  0 0 1,0 0 1,
  0 0 1,0 0 1,
  0 0 1,0 0 1,
  0 0 1,0 0 1,
  0 0 1,0 0 1,
  0 0 1,0 0 1,
  0 0 1,0 0 1,
  0 0 1,0 0 1,
  0 0 1,0 0 1,
  0 0 1,0 0 1,
  0 0 1,0 0 1,
  0 0 1,0 0 1,
  0 0 1,0 0 1,
  0 0 1,0 0 1,
  0 0 1,0 0 1,
  0 0 1,0 0 1,
  0 0 1,0 0 1,
  0 0 1,0 0 1,
  0 0 1,0 0 1,
  0 0 1,0 0 1,
  0 0 1,0 0 1,
  0 0 1,0 0 1,
  0 0 1,0 0 1,
  0 0 1,0 0 1,
  0 0 1,0 0 1,
  0 0 1,0 0 1,
  0 0 1,0 0 1,
  0 0 1,0 0 1,
  0 0 1,0 0 1,
  0 0 1,0 0 1,
  0 0 1,0 0 1,
  0 0 1,0 0 1,
  0 0 1,0 0 1,
  0 0 1,0 0 1,
  0 0 1,0 0 1,
  0 0 1,0 0 1,
  0 0 1,0 0 1,
  0 0 1,0 0 1,
  0 0 1,0 0 1,
  0 0 1,0 0 1,
  0 0 1,0 0 1,
  0 0 1,0 0 1,
  0 0 1,0 0 1,
  0 0 1,0 0 1,
  0 0 1,0 0 1,
  0 0 1,0 0 1,
  0 0 1,0 0 1,
  0 0 1,0 0 1,
  0 0 1,0 0 1,
  0 0 1,0 0 1,
  0 0 1,0 0 1,
  0 0 1,0 0 1,
  0 0 1,0 0 1,
  0 0 1,0 0 1,
  0 0 1,0 0 1,
  0 0 1,0 0 1,
  0 0 1,0 0 1,
  0 0 1,0 0 1,
  0 0 1,0 0 1,
  0 0 1,0 0 1,
  0 0 1,0 0 1,
  0 0 1,0 0 1] }
}
}
] }
DEF TXFM_23 Transform {
  center 0 0 0
  rotation 0 0 1 0
  scale 1 1 1
  scaleOrientation 0 0 1 0
  translation 0 0 0
 children [
DEF SHAPE_11 Shape {
 appearance DEF APP_10 Appearance {
  material Material {
   ambientIntensity 1
   diffuseColor 0.078431375 0.2 0.14117648
   emissiveColor 0 0 0
   shininess 0.30000001
   specularColor 0.35490197 0.44 0.39882353
   transparency 0.17
} }
 geometry DEF FACE_11 IndexedFaceSet {
  coord DEF COORD_11 Coordinate { point [
  -7.2834646 3.7401575 0.31988189,-7.2834646 2.1653543 0.31988189,
  -7.8346457 2.1653543 0.31988189,-7.8346457 3.7401575 0.31988189,
  -6.8897638 2.1653543 0.31988189,-6.8897638 3.7401575 0.31988189,
  -6.3385827 3.7401575 0.31988189,-6.3385827 2.1653543 0.31988189,
  -5.807087 -3.0629925 0.31988189,-5.807087 -2.826772 0.31988189,
  -5.5708665 -2.826772 0.31988189,-5.5708665 -3.0000004 0.31988189,
  -5.5708665 -3.0629925 0.31988189,-5.807087 -3.6614173 0.31988189,
  -5.807087 -3.4251969 0.31988189,-5.5708665 -3.4251969 0.31988189,
  -5.5708665 -3.6299213 0.31988189,-5.5708665 -3.6614173 0.31988189,
  -5.3937004 2.1653543 0.31988189,-5.9448815 2.1653543 0.31988189,
  -5.9448815 3.503937 0.31988189,-5.3937004 3.503937 0.31988189,
  -5.5708665 -2.2283465 0.31988189,-5.5708665 -2.4645669 0.31988189,
  -5.807087 -2.4645669 0.31988189,-5.807087 -2.2283465 0.31988189,
  -5.807087 -4.2598425 0.31988189,-5.807087 -4.023622 0.31988189,
  -5.5708665 -4.023622 0.31988189,-5.5708665 -4.2598421 0.31988189,
  -5.5708665 -4.2598425 0.31988189,-5.807087 -4.6220472 0.31988189,
  -5.5708665 -4.6220472 0.31988189,-5.5708665 -4.6581846 0.31988189,
  -5.5708665 -4.8582677 0.31988189,-5.807087 -4.8582677 0.31988189,
  -5 2.1653543 0.31988189,-5 3.503937 0.31988189,
  -4.4488189 3.503937 0.31988189,-4.4488189 3.3927909 0.31988189,
  -4.4488189 2.1653543 0.31988189,-4.0551181 2.1653543 0.31988189,
  -4.0551181 3.2677165 0.31988189,-3.503937 3.2677165 0.31988189,
  -3.503937 2.1653543 0.31988189,-3.1102358 2.1653543 0.31988189,
  -3.1102358 3.2677165 0.31988189,-2.5590547 3.2677165 0.31988189,
  -2.5590547 2.1653543 0.31988189,-2.1653543 2.1653543 0.31988189,
  -2.1653543 3.2677165 0.31988189,-1.6141732 3.2677165 0.31988189,
  -1.6141732 2.1653543 0.31988189,-0.27559055 2.1653543 0.31988189,
  -0.27559055 3.2677165 0.31988189,0.27559055 3.2677165 0.31988189,
  0.27559055 2.1653543 0.31988189,-0.72834646 -2.6850394 0.31988189,
  -0.72834646 -2.511811 0.31988189,-0.55511811 -2.511811 0.31988189,
  -0.55511811 -2.6850394 0.31988189,-0.72834646 -2.826772 0.31988189,
  -0.55511811 -2.826772 0.31988189,-0.55511811 -3.0000004 0.31988189,
  -0.72834646 -3.0000004 0.31988189,-0.72834646 -3.3149606 0.31988189,
  -0.72834646 -3.1417323 0.31988189,-0.55511811 -3.1417323 0.31988189,
  -0.55511811 -3.2086614 0.31988189,-0.55511811 -3.3149606 0.31988189,
  -0.72834646 -3.6299213 0.31988189,-0.72834646 -3.4566929 0.31988189,
  -0.55511811 -3.4566929 0.31988189,-0.55511811 -3.4606303 0.31988189,
  -0.55511811 -3.6299213 0.31988189,-0.72834646 -3.7716531 0.31988189,
  -0.55511811 -3.7716531 0.31988189,-0.55511811 -3.8280839 0.31988189,
  -0.55511811 -3.9448815 0.31988189,-0.72834646 -3.9448815 0.31988189,
  -1.220472 2.1653543 0.31988189,-1.220472 3.2677165 0.31988189,
  -0.66929094 3.2677165 0.31988189,-0.66929094 2.1653543 0.31988189,
  -0.72834646 -4.2598421 0.31988189,-0.72834646 -4.0866138 0.31988189,
  -0.55511811 -4.0866138 0.31988189,-0.55511811 -4.1955378 0.31988189,
  -0.55511811 -4.2598421 0.31988189,-0.72834646 -4.4015744 0.31988189,
  -0.55511811 -4.4015744 0.31988189,-0.55511811 -4.5629921 0.31988189,
  -0.55511811 -4.5748028 0.31988189,-0.72834646 -4.5748028 0.31988189,
  0.66929094 2.1653543 0.31988189,0.66929094 3.2677165 0.31988189,
  1.220472 3.2677165 0.31988189,1.220472 2.1653543 0.31988189,
  2.5590547 2.1653543 0.31988189,2.5590547 3.2677165 0.31988189,
  3.1102358 3.2677165 0.31988189,3.1102358 2.1653543 0.31988189,
  2.1010496 -2.725722 0.31988189,2.1010496 -2.523622 0.31988189,
  2.3031496 -2.523622 0.31988189,2.3031496 -2.725722 0.31988189,
  2.1010496 -2.891076 0.31988189,2.3031496 -2.891076 0.31988189,
  2.3031496 -3.093176 0.31988189,2.1010496 -3.093176 0.31988189,
  1.6141732 2.1653543 0.31988189,1.6141732 3.2677165 0.31988189,
  2.1653543 3.2677165 0.31988189,2.1653543 2.1653543 0.31988189,
  2.1010496 -4.1955378 0.31988189,2.1010496 -3.9934378 0.31988189,
  2.3031496 -3.9934378 0.31988189,2.3031496 -4.1141732 0.31988189,
  2.3031496 -4.1955378 0.31988189,2.1010496 -4.3608921 0.31988189,
  2.3031496 -4.3608921 0.31988189,2.3031496 -4.5629921 0.31988189,
  2.1010496 -4.5629921 0.31988189,3.5039366 2.1653543 0.31988189,
  3.5039366 3.2677165 0.31988189,4.0551177 3.2677165 0.31988189,
  4.0551177 2.1653543 0.31988189,4.4488189 2.1653543 0.31988189,
  4.4488189 3.2677165 0.31988189,5 3.2677165 0.31988189,
  5 2.1653543 0.31988189,5.3937008 2.1653543 0.31988189,
  5.3937008 3.0314961 0.31988189,5.9448819 3.0314961 0.31988189,
  5.9448819 2.1653543 0.31988189,7.8724992 2.9836276 0.31988189,
  7.8724992 2.9218843 0.31988189,7.8604535 2.8613276 0.31988189,
  7.8368256 2.8042846 0.31988189,7.8025228 2.7529469 0.31988189,
  7.7588642 2.7092882 0.31988189,7.7075264 2.6749854 0.31988189,
  7.6504835 2.6513575 0.31988189,7.5899268 2.6393118 0.31988189,
  7.5281835 2.6393118 0.31988189,7.4676268 2.6513575 0.31988189,
  7.4105839 2.6749854 0.31988189,7.3592461 2.7092882 0.31988189,
  7.3155874 2.7529469 0.31988189,7.2812846 2.8042846 0.31988189,
  7.2576567 2.8613276 0.31988189,7.245611 2.9218843 0.31988189,
  7.245611 2.9836276 0.31988189,7.2576567 3.0441843 0.31988189,
  7.2812846 3.1012272 0.31988189,7.3155874 3.152565 0.31988189,
  7.3592461 3.1962236 0.31988189,7.4105839 3.2305264 0.31988189,
  7.4676268 3.2541543 0.31988189,7.5281835 3.2662 0.31988189,
  7.5899268 3.2662 0.31988189,7.6504835 3.2541543 0.31988189,
  7.7075264 3.2305264 0.31988189,7.7588642 3.1962236 0.31988189,
  7.8025228 3.152565 0.31988189,7.8368256 3.1012272 0.31988189,
  7.8604535 3.0441843 0.31988189,6.988189 -2.9724409 0.31988189,
  6.988189 -3.2086614 0.31988189,6.7519685 -3.2086614 0.31988189,
  6.7519685 -2.9724409 0.31988189,6.8897638 3.0314961 0.31988189,
  6.8897638 2.9836276 0.31988189,6.8897638 2.1653543 0.31988189,
  6.3385827 2.1653543 0.31988189,6.3385827 3.0314961 0.31988189,
  6.7519685 -3.8779528 0.31988189,6.988189 -3.8779528 0.31988189,
  6.988189 -4.1141732 0.31988189,6.7519685 -4.1141732 0.31988189,
  -9.3307087 3.3464567 0.31988189,-9.3288875 3.3556083 0.31988189,
  -9.3288882 3.3927909 0.31988189,-9.3143917 3.4843181 0.31988189,
  -9.2857557 3.5724497 0.31988189,-9.2857556 3.5724508 0.31988189,
  -9.2857549 3.5724517 0.31988189,-9.243685 3.6550189 0.31988189,
  -9.1892161 3.729989 0.31988189,-9.1629252 3.7562811 0.31988189,
  -9.1577402 3.7640394 0.31988189,-9.149982 3.7692242 0.31988189,
  -9.1236898 3.7955154 0.31988189,-9.0487197 3.8499843 0.31988189,
  -8.9661531 3.8920546 0.31988189,-8.9661516 3.8920548 0.31988189,
  -8.9661498 3.8920546 0.31988189,-8.8780189 3.9206909 0.31988189,
  -8.7864917 3.9351874 0.31988189,-8.7493094 3.9351872 0.31988189,
  -8.7401575 3.9370079 0.31988189,-8.7310048 3.9351871 0.31988189,
  -8.6938232 3.9351874 0.31988189,-8.6022961 3.9206909 0.31988189,
  -8.5141643 3.892055 0.31988189,-8.5141633 3.8920548 0.31988189,
  -8.5141623 3.8920542 0.31988189,-8.4315953 3.8499843 0.31988189,
  -8.3566252 3.7955154 0.31988189,-8.3303342 3.7692242 0.31988189,
  -8.3225747 3.7640394 0.31988189,-8.3173911 3.7562811 0.31988189,
  -8.2910988 3.729989 0.31988189,-8.2366299 3.6550189 0.31988189,
  -8.1945605 3.5724521 0.31988189,-8.1945593 3.5724508 0.31988189,
  -8.1945584 3.5724493 0.31988189,-8.1659232 3.4843181 0.31988189,
  -8.1514268 3.3927909 0.31988189,-8.1514269 3.3556089 0.31988189,
  -8.1496063 3.3464567 0.31988189,-8.1514265 3.3373044 0.31988189,
  -8.1514268 3.3001224 0.31988189,-8.1659232 3.2085953 0.31988189,
  -8.1945584 3.1204631 0.31988189,-8.1945593 3.1204625 0.31988189,
  -8.1945605 3.120462 0.31988189,-8.2366299 3.0378945 0.31988189,
  -8.2910988 2.9629244 0.31988189,-8.3173911 2.9366332 0.31988189,
  -8.3225747 2.9288739 0.31988189,-8.3303342 2.9236901 0.31988189,
  -8.3566252 2.897398 0.31988189,-8.4315953 2.8429291 0.31988189,
  -8.5141623 2.8008591 0.31988189,-8.5141633 2.8008585 0.31988189,
  -8.5141643 2.8008582 0.31988189,-8.6022961 2.7722224 0.31988189,
  -8.6938232 2.757726 0.31988189,-8.7310048 2.7577256 0.31988189,
  -8.7401575 2.7559055 0.31988189,-8.7493094 2.7577258 0.31988189,
  -8.7864917 2.757726 0.31988189,-8.8780189 2.7722224 0.31988189,
  -8.9661498 2.8008578 0.31988189,-8.9661516 2.8008585 0.31988189,
  -8.9661531 2.8008595 0.31988189,-9.0487197 2.8429291 0.31988189,
  -9.1236898 2.897398 0.31988189,-9.149982 2.9236901 0.31988189,
  -9.1577402 2.9288739 0.31988189,-9.1629252 2.9366332 0.31988189,
  -9.1892161 2.9629244 0.31988189,-9.243685 3.0378945 0.31988189,
  -9.2857549 3.1204616 0.31988189,-9.2857556 3.1204625 0.31988189,
  -9.2857557 3.1204635 0.31988189,-9.3143917 3.2085953 0.31988189,
  -9.3288882 3.3001224 0.31988189,-9.3288873 3.3373039 0.31988189,
  -14.665354 -2.2283465 0.31988189,-14.665354 -2.4645669 0.31988189,
  -14.901574 -2.4645669 0.31988189,-14.901574 -2.2283465 0.31988189,
  -14.901574 -2.826772 0.31988189,-14.665354 -2.826772 0.31988189,
  -14.665354 -3.0629925 0.31988189,-14.901574 -3.0629925 0.31988189,
  -14.901574 -3.6614173 0.31988189,-14.901574 -3.4251969 0.31988189,
  -14.665354 -3.4251969 0.31988189,-14.665354 -3.6614173 0.31988189,
  -19.293197 4.7906343 0.31988189,-19.293197 4.6581846 0.31988189,
  -19.308026 4.5265673 0.31988189,-19.337499 4.3974382 0.31988189,
  -19.381244 4.2724213 0.31988189,-19.438713 4.1530878 0.31988189,
  -19.50918 4.0409394 0.31988189,-19.591761 3.9373858 0.31988189,
  -19.685417 3.8437299 0.31988189,-19.788971 3.7611484 0.31988189,
  -19.901119 3.6906811 0.31988189,-20.020453 3.633213 0.31988189,
  -20.14547 3.5894677 0.31988189,-20.274599 3.5599949 0.31988189,
  -20.406216 3.5451654 0.31988189,-20.538666 3.5451654 0.31988189,
  -20.670283 3.5599949 0.31988189,-20.799412 3.5894677 0.31988189,
  -20.924429 3.633213 0.31988189,-21.043763 3.6906811 0.31988189,
  -21.155911 3.7611484 0.31988189,-21.259465 3.8437299 0.31988189,
  -21.35312 3.9373858 0.31988189,-21.435702 4.0409394 0.31988189,
  -21.506169 4.1530878 0.31988189,-21.563637 4.2724213 0.31988189,
  -21.607383 4.3974382 0.31988189,-21.636856 4.5265673 0.31988189,
  -21.651685 4.6581846 0.31988189,-21.651685 4.7906343 0.31988189,
  -21.636856 4.9222516 0.31988189,-21.607383 5.0513807 0.31988189,
  -21.563637 5.1763976 0.31988189,-21.506169 5.2957311 0.31988189,
  -21.435702 5.4078795 0.31988189,-21.35312 5.5114331 0.31988189,
  -21.259465 5.605089 0.31988189,-21.155911 5.6876705 0.31988189,
  -21.043763 5.7581378 0.31988189,-20.924429 5.8156059 0.31988189,
  -20.799412 5.8593512 0.31988189,-20.670283 5.888824 0.31988189,
  -20.538666 5.9036535 0.31988189,-20.406216 5.9036535 0.31988189,
  -20.274599 5.888824 0.31988189,-20.14547 5.8593512 0.31988189,
  -20.020453 5.8156059 0.31988189,-19.901119 5.7581378 0.31988189,
  -19.788971 5.6876705 0.31988189,-19.685417 5.605089 0.31988189,
  -19.591761 5.5114331 0.31988189,-19.50918 5.4078795 0.31988189,
  -19.438713 5.2957311 0.31988189,-19.381244 5.1763976 0.31988189,
  -19.337499 5.0513807 0.31988189,-19.308026 4.9222516 0.31988189,
  -18.444882 -3.2677165 0.31988189,-18.444882 -3.0314961 0.31988189,
  -18.208661 -3.0314961 0.31988189,-18.208661 -3.2677165 0.31988189,
  -16.200787 -3.0314961 0.31988189,-16.200787 -3.0629925 0.31988189,
  -16.200787 -3.093176 0.31988189,-16.200787 -3.2677165 0.31988189,
  -16.437008 -3.2677165 0.31988189,-16.437008 -3.0314961 0.31988189,
  -14.901574 -4.2598425 0.31988189,-14.901574 -4.023622 0.31988189,
  -14.665354 -4.023622 0.31988189,-14.665354 -4.2598425 0.31988189,
  -14.901574 -4.6220472 0.31988189,-14.665354 -4.6220472 0.31988189,
  -14.665354 -4.8582677 0.31988189,-14.901574 -4.8582677 0.31988189,
  -19.293197 -4.6581846 0.31988189,-19.293197 -4.7906343 0.31988189,
  -19.300817 -4.8582677 0.31988189,-19.308026 -4.9222516 0.31988189,
  -19.337499 -5.0513807 0.31988189,-19.381244 -5.1763976 0.31988189,
  -19.438713 -5.2957311 0.31988189,-19.50918 -5.4078795 0.31988189,
  -19.591761 -5.5114331 0.31988189,-19.685417 -5.605089 0.31988189,
  -19.788971 -5.6876705 0.31988189,-19.901119 -5.7581378 0.31988189,
  -20.020453 -5.8156059 0.31988189,-20.14547 -5.8593512 0.31988189,
  -20.274599 -5.888824 0.31988189,-20.406216 -5.9036535 0.31988189,
  -20.538666 -5.9036535 0.31988189,-20.670283 -5.888824 0.31988189,
  -20.799412 -5.8593512 0.31988189,-20.924429 -5.8156059 0.31988189,
  -21.043763 -5.7581378 0.31988189,-21.155911 -5.6876705 0.31988189,
  -21.259465 -5.605089 0.31988189,-21.35312 -5.5114331 0.31988189,
  -21.435702 -5.4078795 0.31988189,-21.506169 -5.2957311 0.31988189,
  -21.563637 -5.1763976 0.31988189,-21.607383 -5.0513807 0.31988189,
  -21.636856 -4.9222516 0.31988189,-21.651685 -4.7906343 0.31988189,
  -21.651685 -4.6581846 0.31988189,-21.636856 -4.5265673 0.31988189,
  -21.607383 -4.3974382 0.31988189,-21.563637 -4.2724213 0.31988189,
  -21.506169 -4.1530878 0.31988189,-21.435702 -4.0409394 0.31988189,
  -21.35312 -3.9373858 0.31988189,-21.259465 -3.8437299 0.31988189,
  -21.155911 -3.7611484 0.31988189,-21.043763 -3.6906811 0.31988189,
  -20.924429 -3.633213 0.31988189,-20.799412 -3.5894677 0.31988189,
  -20.670283 -3.5599949 0.31988189,-20.538666 -3.5451654 0.31988189,
  -20.406216 -3.5451654 0.31988189,-20.274599 -3.5599949 0.31988189,
  -20.14547 -3.5894677 0.31988189,-20.020453 -3.633213 0.31988189,
  -19.961886 -3.6614173 0.31988189,-19.901119 -3.6906811 0.31988189,
  -19.788971 -3.7611484 0.31988189,-19.685417 -3.8437299 0.31988189,
  -19.591761 -3.9373858 0.31988189,-19.585784 -3.9448815 0.31988189,
  -19.50918 -4.0409394 0.31988189,-19.438713 -4.1530878 0.31988189,
  -19.387302 -4.2598425 0.31988189,-19.381244 -4.2724213 0.31988189,
  -19.337499 -4.3974382 0.31988189,-19.308026 -4.5265673 0.31988189,
  -19.302592 -4.5748028 0.31988189,2.1010496 -3.4606303 0.31988189,
  2.1010496 -3.2585303 0.31988189,2.3031496 -3.2585303 0.31988189,
  2.3031496 -3.2677165 0.31988189,2.3031496 -3.4606303 0.31988189,
  2.1010496 -3.6259839 0.31988189,2.3031496 -3.6259839 0.31988189,
  2.3031496 -3.8280839 0.31988189,2.1010496 -3.8280839 0.31988189,
  16.870079 -3.0314961 0.31988189,16.870079 -3.2677165 0.31988189,
  16.633858 -3.2677165 0.31988189,16.633858 -3.0314961 0.31988189,
  14.862205 -3.0314961 0.31988189,14.862205 -3.2677165 0.31988189,
  14.625984 -3.2677165 0.31988189,14.625984 -3.0314961 0.31988189,
  10.570866 -2.9724409 0.31988189,10.570866 -3.2086614 0.31988189,
  10.334646 -3.2086614 0.31988189,10.334646 -2.9724409 0.31988189,
  10.334646 -3.8779528 0.31988189,10.570866 -3.8779528 0.31988189,
  10.570866 -4.1141732 0.31988189,10.334646 -4.1141732 0.31988189,
  22.047244 -6.2992126 0.31988189,22.047244 6.2992126 0.31988189,
  -22.047244 6.2992126 0.31988189,-22.047244 4.7906343 0.31988189,
  -22.047244 3.3927909 0.31988189,-22.047244 2.1653543 0.31988189,
  -22.047244 -2.4645669 0.31988189,-22.047244 -2.6850394 0.31988189,
  -22.047244 -2.725722 0.31988189,-22.047244 -3.2677165 0.31988189,
  -22.047244 -3.3149606 0.31988189,-22.047244 -4.6581846 0.31988189,
  -22.047244 -6.2992126 0.31988189,21.651685 4.7906343 0.31988189,
  21.651685 4.6581846 0.31988189,21.636856 4.5265673 0.31988189,
  21.607383 4.3974382 0.31988189,21.563637 4.2724213 0.31988189,
  21.506169 4.1530878 0.31988189,21.435702 4.0409394 0.31988189,
  21.35312 3.9373858 0.31988189,21.259465 3.8437299 0.31988189,
  21.155911 3.7611484 0.31988189,21.043763 3.6906811 0.31988189,
  20.924429 3.633213 0.31988189,20.799412 3.5894677 0.31988189,
  20.670283 3.5599949 0.31988189,20.538666 3.5451654 0.31988189,
  20.406216 3.5451654 0.31988189,20.274599 3.5599949 0.31988189,
  20.14547 3.5894677 0.31988189,20.020453 3.633213 0.31988189,
  19.901119 3.6906811 0.31988189,19.788971 3.7611484 0.31988189,
  19.685417 3.8437299 0.31988189,19.591761 3.9373858 0.31988189,
  19.50918 4.0409394 0.31988189,19.438713 4.1530878 0.31988189,
  19.381244 4.2724213 0.31988189,19.337499 4.3974382 0.31988189,
  19.308026 4.5265673 0.31988189,19.293197 4.6581846 0.31988189,
  19.293197 4.7906343 0.31988189,19.308026 4.9222516 0.31988189,
  19.337499 5.0513807 0.31988189,19.381244 5.1763976 0.31988189,
  19.438713 5.2957311 0.31988189,19.50918 5.4078795 0.31988189,
  19.591761 5.5114331 0.31988189,19.685417 5.605089 0.31988189,
  19.788971 5.6876705 0.31988189,19.901119 5.7581378 0.31988189,
  20.020453 5.8156059 0.31988189,20.14547 5.8593512 0.31988189,
  20.274599 5.888824 0.31988189,20.406216 5.9036535 0.31988189,
  20.538666 5.9036535 0.31988189,20.670283 5.888824 0.31988189,
  20.799412 5.8593512 0.31988189,20.924429 5.8156059 0.31988189,
  21.043763 5.7581378 0.31988189,21.155911 5.6876705 0.31988189,
  21.259465 5.605089 0.31988189,21.35312 5.5114331 0.31988189,
  21.435702 5.4078795 0.31988189,21.506169 5.2957311 0.31988189,
  21.563637 5.1763976 0.31988189,21.607383 5.0513807 0.31988189,
  21.636856 4.9222516 0.31988189,21.651685 -4.6581846 0.31988189,
  21.651685 -4.7906343 0.31988189,21.636856 -4.9222516 0.31988189,
  21.607383 -5.0513807 0.31988189,21.563637 -5.1763976 0.31988189,
  21.506169 -5.2957311 0.31988189,21.435702 -5.4078795 0.31988189,
  21.35312 -5.5114331 0.31988189,21.259465 -5.605089 0.31988189,
  21.155911 -5.6876705 0.31988189,21.043763 -5.7581378 0.31988189,
  20.924429 -5.8156059 0.31988189,20.799412 -5.8593512 0.31988189,
  20.670283 -5.888824 0.31988189,20.538666 -5.9036535 0.31988189,
  20.406216 -5.9036535 0.31988189,20.274599 -5.888824 0.31988189,
  20.14547 -5.8593512 0.31988189,20.020453 -5.8156059 0.31988189,
  19.901119 -5.7581378 0.31988189,19.788971 -5.6876705 0.31988189,
  19.685417 -5.605089 0.31988189,19.591761 -5.5114331 0.31988189,
  19.50918 -5.4078795 0.31988189,19.438713 -5.2957311 0.31988189,
  19.381244 -5.1763976 0.31988189,19.337499 -5.0513807 0.31988189,
  19.308026 -4.9222516 0.31988189,19.293197 -4.7906343 0.31988189,
  19.293197 -4.6581846 0.31988189,19.308026 -4.5265673 0.31988189,
  19.337499 -4.3974382 0.31988189,19.381244 -4.2724213 0.31988189,
  19.438713 -4.1530878 0.31988189,19.50918 -4.0409394 0.31988189,
  19.591761 -3.9373858 0.31988189,19.685417 -3.8437299 0.31988189,
  19.788971 -3.7611484 0.31988189,19.901119 -3.6906811 0.31988189,
  20.020453 -3.633213 0.31988189,20.14547 -3.5894677 0.31988189,
  20.274599 -3.5599949 0.31988189,20.406216 -3.5451654 0.31988189,
  20.538666 -3.5451654 0.31988189,20.670283 -3.5599949 0.31988189,
  20.799412 -3.5894677 0.31988189,20.924429 -3.633213 0.31988189,
  21.043763 -3.6906811 0.31988189,21.155911 -3.7611484 0.31988189,
  21.259465 -3.8437299 0.31988189,21.35312 -3.9373858 0.31988189,
  21.435702 -4.0409394 0.31988189,21.506169 -4.1530878 0.31988189,
  21.563637 -4.2724213 0.31988189,21.607383 -4.3974382 0.31988189,
  21.636856 -4.5265673 0.31988189,9.3307087 3.3464567 0.31988189,
  9.3288886 3.3373044 0.31988189,9.3288882 3.3001224 0.31988189,
  9.3143917 3.2085953 0.31988189,9.285757 3.1204631 0.31988189,
  9.2857556 3.1204625 0.31988189,9.2857542 3.120462 0.31988189,
  9.243685 3.0378945 0.31988189,9.1892161 2.9629244 0.31988189,
  9.1629235 2.9366332 0.31988189,9.1577402 2.9288739 0.31988189,
  9.1499804 2.9236901 0.31988189,9.1236898 2.897398 0.31988189,
  9.0487197 2.8429291 0.31988189,8.9661527 2.8008591 0.31988189,
  8.9661516 2.8008585 0.31988189,8.9661508 2.8008582 0.31988189,
  8.8780189 2.7722224 0.31988189,8.7864917 2.757726 0.31988189,
  8.7493104 2.7577256 0.31988189,8.7401575 2.7559055 0.31988189,
  8.7310057 2.7577258 0.31988189,8.6938232 2.757726 0.31988189,
  8.6022961 2.7722224 0.31988189,8.5141656 2.8008578 0.31988189,
  8.5141633 2.8008585 0.31988189,8.5141616 2.8008595 0.31988189,
  8.4315953 2.8429291 0.31988189,8.3566252 2.897398 0.31988189,
  8.3303326 2.9236901 0.31988189,8.3225747 2.9288739 0.31988189,
  8.3173894 2.9366332 0.31988189,8.2910988 2.9629244 0.31988189,
  8.2366299 3.0378945 0.31988189,8.19456 3.1204616 0.31988189,
  8.1945593 3.1204625 0.31988189,8.1945594 3.1204635 0.31988189,
  8.1659232 3.2085953 0.31988189,8.1514268 3.3001224 0.31988189,
  8.1514282 3.3373039 0.31988189,8.1496063 3.3464567 0.31988189,
  8.1514279 3.3556083 0.31988189,8.1514268 3.3927909 0.31988189,
  8.1659232 3.4843181 0.31988189,8.1945594 3.5724497 0.31988189,
  8.1945593 3.5724508 0.31988189,8.19456 3.5724517 0.31988189,
  8.2366299 3.6550189 0.31988189,8.2910988 3.729989 0.31988189,
  8.3173894 3.7562811 0.31988189,8.3225747 3.7640394 0.31988189,
  8.3303326 3.7692242 0.31988189,8.3566252 3.7955154 0.31988189,
  8.4315953 3.8499843 0.31988189,8.5141616 3.8920546 0.31988189,
  8.5141633 3.8920548 0.31988189,8.5141656 3.8920546 0.31988189,
  8.6022961 3.9206909 0.31988189,8.6938232 3.9351874 0.31988189,
  8.7310057 3.9351872 0.31988189,8.7401575 3.9370079 0.31988189,
  8.7493104 3.9351871 0.31988189,8.7864917 3.9351874 0.31988189,
  8.8780189 3.9206909 0.31988189,8.9661508 3.892055 0.31988189,
  8.9661516 3.8920548 0.31988189,8.9661527 3.8920542 0.31988189,
  9.0487197 3.8499843 0.31988189,9.1236898 3.7955154 0.31988189,
  9.1499804 3.7692242 0.31988189,9.1577402 3.7640394 0.31988189,
  9.1629235 3.7562811 0.31988189,9.1892161 3.729989 0.31988189,
  9.243685 3.6550189 0.31988189,9.2857542 3.5724521 0.31988189,
  9.2857556 3.5724508 0.31988189,9.285757 3.5724493 0.31988189,
  9.3143917 3.4843181 0.31988189,9.3288882 3.3927909 0.31988189,
  9.328888 3.3556089 0.31988189] }
 coordIndex [
  36,37,21,-1,21,37,433,-1,21,433,20,-1,20,433,6,-1,20,6,19,-1,19,6,35,-1,19,35,25,-1,25,35,31,-1,
  25,31,26,-1,26,31,32,-1,26,32,30,-1,30,32,432,-1,29,432,93,-1,29,93,28,-1,28,93,17,-1,28,17,13,-1,
  10,11,93,-1,93,11,12,-1,93,12,15,-1,15,12,8,-1,15,8,14,-1,14,8,25,-1,14,25,13,-1,13,25,27,-1,
  13,27,28,-1,19,25,18,-1,18,25,22,-1,18,22,93,-1,93,22,23,-1,93,23,10,-1,10,23,24,-1,10,24,9,-1,
  9,24,25,-1,9,25,8,-1,86,87,122,-1,122,87,88,-1,122,88,90,-1,90,88,84,-1,90,84,89,-1,89,84,58,-1,
  89,58,93,-1,93,58,80,-1,93,80,51,-1,51,80,81,-1,51,81,433,-1,433,81,82,-1,433,82,54,-1,54,82,59,-1,
  54,59,53,-1,53,59,122,-1,53,122,56,-1,56,122,55,-1,76,77,122,-1,122,77,78,-1,122,78,86,-1,86,78,79,-1,
  86,79,85,-1,85,79,58,-1,85,58,84,-1,72,73,122,-1,122,73,74,-1,122,74,76,-1,76,74,70,-1,76,70,75,-1,
  75,70,58,-1,75,58,79,-1,67,68,122,-1,122,68,69,-1,122,69,72,-1,72,69,65,-1,72,65,71,-1,71,65,58,-1,
  71,58,70,-1,58,66,64,-1,64,66,67,-1,64,67,63,-1,63,67,122,-1,63,122,62,-1,62,122,60,-1,62,60,57,-1,
  61,62,57,-1,61,57,58,-1,61,58,64,-1,83,80,58,-1,83,58,59,-1,83,59,82,-1,116,117,432,-1,432,117,118,-1,
  432,118,120,-1,120,118,114,-1,120,114,119,-1,119,114,103,-1,119,103,122,-1,122,103,110,-1,122,110,96,-1,96,110,111,-1,
  96,111,433,-1,433,111,112,-1,433,112,99,-1,99,112,104,-1,99,104,98,-1,98,104,179,-1,98,179,101,-1,101,179,123,-1,
  101,123,100,-1,100,123,124,-1,100,124,433,-1,433,124,125,-1,433,125,128,-1,128,125,127,-1,410,411,179,-1,179,411,413,-1,
  179,413,432,-1,432,413,414,-1,432,414,116,-1,116,414,415,-1,116,415,115,-1,115,415,103,-1,115,103,114,-1,407,408,103,-1,
  407,103,412,-1,407,412,413,-1,407,413,411,-1,103,408,109,-1,109,408,409,-1,109,409,108,-1,108,409,179,-1,108,179,107,-1,
  107,179,105,-1,107,105,102,-1,106,107,102,-1,106,102,103,-1,106,103,109,-1,113,110,103,-1,113,103,104,-1,113,104,112,-1,
  610,611,175,-1,175,611,133,-1,175,133,174,-1,174,133,179,-1,174,179,170,-1,170,179,176,-1,170,176,169,-1,169,176,177,-1,
  169,177,168,-1,168,177,431,-1,168,431,167,-1,167,431,149,-1,167,149,150,-1,171,172,167,-1,171,167,152,-1,171,152,153,-1,
  171,153,154,-1,171,154,155,-1,171,155,156,-1,171,156,157,-1,171,157,610,-1,171,610,175,-1,173,174,170,-1,173,170,167,-1,
  173,167,172,-1,402,403,276,-1,276,403,404,-1,276,404,275,-1,275,404,405,-1,275,405,274,-1,274,405,406,-1,274,406,273,-1,
  273,406,346,-1,273,346,328,-1,328,346,345,-1,328,345,331,-1,331,345,330,-1,399,400,278,-1,278,400,401,-1,278,401,277,-1,
  277,401,402,-1,277,402,276,-1,394,395,282,-1,282,395,396,-1,282,396,281,-1,281,396,397,-1,281,397,280,-1,280,397,398,-1,
  280,398,279,-1,279,398,399,-1,279,399,278,-1,434,375,301,-1,301,375,376,-1,301,376,300,-1,300,376,377,-1,300,377,299,-1,
  299,377,378,-1,299,378,298,-1,298,378,379,-1,298,379,297,-1,297,379,380,-1,297,380,296,-1,296,380,381,-1,296,381,295,-1,
  295,381,382,-1,295,382,294,-1,294,382,383,-1,294,383,293,-1,293,383,384,-1,293,384,292,-1,292,384,385,-1,292,385,291,-1,
  291,385,386,-1,291,386,290,-1,290,386,387,-1,290,387,289,-1,289,387,388,-1,289,388,288,-1,288,388,389,-1,288,389,287,-1,
  287,389,390,-1,287,390,286,-1,286,390,391,-1,286,391,285,-1,285,391,392,-1,285,392,284,-1,284,392,393,-1,284,393,283,-1,
  283,393,394,-1,283,394,282,-1,332,345,263,-1,263,345,342,-1,263,342,338,-1,338,342,343,-1,338,343,341,-1,341,343,35,-1,
  341,35,340,-1,340,35,271,-1,340,271,268,-1,261,265,35,-1,35,265,266,-1,35,266,270,-1,270,266,267,-1,270,267,269,-1,
  269,267,263,-1,269,263,268,-1,268,263,339,-1,268,339,340,-1,262,263,264,-1,262,264,265,-1,262,265,261,-1,259,180,258,-1,
  258,180,260,-1,258,260,257,-1,257,260,255,-1,220,221,2,-1,220,2,3,-1,220,3,218,-1,220,218,219,-1,183,185,260,-1,
  183,260,182,-1,182,260,180,-1,182,180,181,-1,431,592,594,-1,431,594,135,-1,135,594,595,-1,135,595,597,-1,597,595,596,-1,
  420,421,520,-1,520,421,422,-1,520,422,519,-1,519,422,424,-1,519,424,518,-1,518,424,425,-1,518,425,429,-1,429,425,426,-1,
  429,426,428,-1,428,426,427,-1,428,427,431,-1,431,427,557,-1,431,557,558,-1,499,500,433,-1,433,500,445,-1,433,445,432,-1,
  432,445,446,-1,432,446,501,-1,501,446,447,-1,501,447,556,-1,556,447,448,-1,556,448,555,-1,555,448,449,-1,555,449,554,-1,
  554,449,450,-1,554,450,553,-1,553,450,451,-1,553,451,552,-1,552,451,452,-1,552,452,551,-1,551,452,453,-1,551,453,550,-1,
  550,453,454,-1,550,454,549,-1,549,454,455,-1,549,455,548,-1,548,455,456,-1,548,456,547,-1,547,456,457,-1,547,457,546,-1,
  546,457,458,-1,546,458,545,-1,545,458,459,-1,545,459,544,-1,544,459,460,-1,544,460,543,-1,543,460,461,-1,543,461,542,-1,
  542,461,462,-1,542,462,541,-1,541,462,463,-1,541,463,540,-1,540,463,464,-1,540,464,539,-1,539,464,465,-1,539,465,538,-1,
  538,465,466,-1,538,466,537,-1,537,466,467,-1,537,467,536,-1,536,467,468,-1,536,468,535,-1,535,468,469,-1,535,469,534,-1,
  534,469,470,-1,534,470,533,-1,533,470,471,-1,533,471,532,-1,532,471,472,-1,532,472,531,-1,531,472,473,-1,531,473,530,-1,
  530,473,474,-1,530,474,529,-1,529,474,416,-1,529,416,528,-1,528,416,527,-1,433,128,614,-1,433,614,615,-1,433,615,617,-1,
  433,617,618,-1,433,618,619,-1,433,619,620,-1,433,620,621,-1,433,623,624,-1,433,624,625,-1,433,625,626,-1,433,626,627,-1,
  433,627,628,-1,433,628,629,-1,433,629,630,-1,433,630,631,-1,433,633,634,-1,433,634,635,-1,433,635,485,-1,433,485,486,-1,
  433,486,487,-1,433,487,488,-1,433,488,489,-1,433,489,490,-1,433,490,491,-1,433,491,492,-1,433,492,493,-1,433,493,494,-1,
  433,494,495,-1,433,495,496,-1,433,496,497,-1,433,497,498,-1,433,498,499,-1,474,475,416,-1,416,475,476,-1,416,476,419,-1,
  419,476,420,-1,419,420,418,-1,418,420,521,-1,418,521,522,-1,476,477,420,-1,420,477,478,-1,420,478,423,-1,423,478,424,-1,
  423,424,422,-1,424,478,479,-1,424,479,480,-1,424,480,481,-1,424,481,427,-1,557,427,481,-1,557,481,482,-1,557,482,483,-1,
  557,483,484,-1,557,484,485,-1,557,485,635,-1,557,635,636,-1,614,128,129,-1,614,129,132,-1,614,132,611,-1,609,610,160,-1,
  609,160,161,-1,609,161,162,-1,609,162,607,-1,609,607,608,-1,605,606,607,-1,605,607,163,-1,605,163,164,-1,605,164,604,-1,
  604,164,165,-1,604,165,166,-1,604,166,135,-1,604,135,602,-1,600,602,135,-1,600,135,599,-1,599,135,597,-1,599,597,598,-1,
  610,157,158,-1,610,158,159,-1,610,159,160,-1,167,150,151,-1,167,151,152,-1,133,134,179,-1,179,134,131,-1,179,131,129,-1,
  129,131,132,-1,96,97,122,-1,122,97,94,-1,122,94,55,-1,55,94,95,-1,55,95,433,-1,433,95,96,-1,433,37,38,-1,
  433,38,42,-1,433,42,43,-1,433,43,46,-1,433,46,47,-1,433,47,50,-1,433,50,51,-1,51,52,93,-1,93,52,49,-1,
  93,49,47,-1,47,49,50,-1,47,48,93,-1,93,48,45,-1,93,45,43,-1,43,45,46,-1,41,42,38,-1,41,38,39,-1,
  41,39,40,-1,41,40,93,-1,41,93,44,-1,433,434,314,-1,433,314,315,-1,433,315,316,-1,433,316,317,-1,433,317,318,-1,
  433,318,319,-1,433,319,320,-1,433,320,321,-1,433,321,322,-1,433,322,323,-1,433,323,324,-1,433,324,325,-1,433,325,326,-1,
  433,326,327,-1,433,327,272,-1,433,272,198,-1,433,198,200,-1,433,200,201,-1,433,201,202,-1,433,202,203,-1,433,203,204,-1,
  433,206,207,-1,433,207,208,-1,433,208,209,-1,433,209,210,-1,433,210,211,-1,433,211,212,-1,433,212,3,-1,433,3,0,-1,
  433,0,5,-1,433,5,6,-1,6,7,35,-1,35,7,4,-1,35,4,0,-1,0,4,5,-1,3,212,213,-1,3,213,214,-1,
  3,216,217,-1,3,217,218,-1,192,193,272,-1,272,193,194,-1,272,194,197,-1,190,191,192,-1,190,192,330,-1,190,330,337,-1,
  190,337,332,-1,190,332,263,-1,190,263,188,-1,190,188,189,-1,187,188,260,-1,187,260,185,-1,334,335,345,-1,345,335,336,-1,
  345,336,330,-1,330,336,337,-1,273,328,272,-1,272,328,329,-1,272,329,192,-1,192,329,330,-1,434,301,302,-1,434,302,303,-1,
  434,303,304,-1,434,304,305,-1,434,305,306,-1,434,306,307,-1,434,307,308,-1,434,308,309,-1,434,309,310,-1,434,310,311,-1,
  434,311,312,-1,434,312,313,-1,434,313,314,-1,432,501,502,-1,432,502,503,-1,432,503,504,-1,432,504,505,-1,432,505,506,-1,
  432,506,507,-1,432,507,508,-1,432,508,509,-1,432,509,510,-1,432,510,511,-1,432,511,512,-1,432,512,513,-1,432,513,514,-1,
  432,514,515,-1,432,515,516,-1,432,516,517,-1,432,517,518,-1,432,518,429,-1,432,429,430,-1,432,430,431,-1,432,431,177,-1,
  432,177,178,-1,432,178,179,-1,416,417,522,-1,416,522,523,-1,416,523,524,-1,416,524,525,-1,416,525,526,-1,416,526,527,-1,
  431,558,559,-1,431,559,560,-1,431,560,561,-1,431,563,564,-1,431,564,565,-1,431,565,566,-1,431,566,567,-1,431,567,568,-1,
  431,568,569,-1,431,569,570,-1,431,570,571,-1,431,573,574,-1,431,574,575,-1,431,575,576,-1,431,576,577,-1,431,577,578,-1,
  431,578,579,-1,431,579,580,-1,431,580,581,-1,431,583,584,-1,431,584,585,-1,431,585,586,-1,431,586,587,-1,431,587,588,-1,
  431,588,589,-1,431,589,590,-1,431,590,591,-1,431,135,136,-1,431,136,137,-1,431,137,138,-1,431,138,139,-1,431,139,140,-1,
  431,140,141,-1,431,141,142,-1,431,142,143,-1,431,143,144,-1,431,144,145,-1,431,145,146,-1,431,146,147,-1,431,147,148,-1,
  431,148,149,-1,179,129,130,-1,179,130,127,-1,179,127,126,-1,179,126,123,-1,432,120,121,-1,432,121,122,-1,432,122,90,-1,
  432,90,91,-1,432,91,92,-1,432,92,93,-1,36,21,18,-1,36,18,93,-1,36,93,40,-1,16,17,93,-1,16,93,15,-1,
  432,32,33,-1,432,33,34,-1,432,34,35,-1,432,35,343,-1,432,343,344,-1,432,344,345,-1,432,345,347,-1,432,347,348,-1,
  432,348,349,-1,432,349,350,-1,432,350,351,-1,432,351,352,-1,432,352,353,-1,432,353,354,-1,432,354,355,-1,432,355,356,-1,
  432,356,357,-1,432,357,358,-1,432,358,359,-1,432,359,360,-1,432,360,361,-1,432,361,362,-1,432,362,444,-1,35,0,1,-1,
  35,1,2,-1,35,2,223,-1,35,223,224,-1,35,226,227,-1,35,227,228,-1,35,228,229,-1,35,229,230,-1,35,230,231,-1,
  35,231,232,-1,35,232,233,-1,35,233,234,-1,35,236,237,-1,35,237,238,-1,35,238,239,-1,35,239,240,-1,35,240,241,-1,
  35,241,242,-1,35,242,243,-1,35,243,244,-1,35,246,247,-1,35,247,248,-1,35,248,249,-1,35,249,250,-1,35,250,251,-1,
  35,251,252,-1,35,252,253,-1,35,253,254,-1,35,255,260,-1,35,260,261,-1,222,223,2,-1,222,2,221,-1,333,334,345,-1,
  333,345,332,-1,375,434,435,-1,375,435,436,-1,375,436,437,-1,375,437,438,-1,375,438,374,-1,374,438,439,-1,374,439,440,-1,
  374,440,441,-1,374,441,373,-1,371,372,443,-1,443,372,373,-1,443,373,442,-1,442,373,441,-1,367,368,444,-1,444,368,369,-1,
  444,369,443,-1,443,369,370,-1,443,370,371,-1,444,362,363,-1,444,363,364,-1,444,364,365,-1,444,365,366,-1,444,366,367,-1,
  347,345,346,-1,271,35,270,-1,44,93,43,-1,60,122,59,-1,410,179,409,-1,105,179,104,-1,126,127,125,-1,420,520,521,-1,
  418,522,417,-1,198,272,197,-1,263,338,339,-1,263,267,264,-1,188,263,260,-1,200,198,199,-1,433,54,55,-1,433,99,100,-1,
  611,132,133,-1,607,162,163,-1,617,615,616,-1,103,415,412,-1,58,65,66,-1,25,26,27,-1]
  normalPerVertex TRUE
  normal DEF NORM_11 Normal { vector [
  0 0 1,0 0 1,
  0 0 1,0 0 1,
  0 0 1,0 0 1,
  0 0 1,0 0 1,
  0 0 1,0 0 1,
  0 0 1,0 0 1,
  0 0 1,0 0 1,
  0 0 1,0 0 1,
  0 0 1,0 0 1,
  0 0 1,0 0 1,
  0 0 1,0 0 1,
  0 0 1,0 0 1,
  0 0 1,0 0 1,
  0 0 1,0 0 1,
  0 0 1,0 0 1,
  0 0 1,0 0 1,
  0 0 1,0 0 1,
  0 0 1,0 0 1,
  0 0 1,0 0 1,
  0 0 1,0 0 1,
  0 0 1,0 0 1,
  0 0 1,0 0 1,
  0 0 1,0 0 1,
  0 0 1,0 0 1,
  0 0 1,0 0 1,
  0 0 1,0 0 1,
  0 0 1,0 0 1,
  0 0 1,0 0 1,
  0 0 1,0 0 1,
  0 0 1,0 0 1,
  0 0 1,0 0 1,
  0 0 1,0 0 1,
  0 0 1,0 0 1,
  0 0 1,0 0 1,
  0 0 1,0 0 1,
  0 0 1,0 0 1,
  0 0 1,0 0 1,
  0 0 1,0 0 1,
  0 0 1,0 0 1,
  0 0 1,0 0 1,
  0 0 1,0 0 1,
  0 0 1,0 0 1,
  0 0 1,0 0 1,
  0 0 1,0 0 1,
  0 0 1,0 0 1,
  0 0 1,0 0 1,
  0 0 1,0 0 1,
  0 0 1,0 0 1,
  0 0 1,0 0 1,
  0 0 1,0 0 1,
  0 0 1,0 0 1,
  0 0 1,0 0 1,
  0 0 1,0 0 1,
  0 0 1,0 0 1,
  0 0 1,0 0 1,
  0 0 1,0 0 1,
  0 0 1,0 0 1,
  0 0 1,0 0 1,
  0 0 1,0 0 1,
  0 0 1,0 0 1,
  0 0 1,0 0 1,
  0 0 1,0 0 1,
  0 0 1,0 0 1,
  0 0 1,0 0 1,
  0 0 1,0 0 1,
  0 0 1,0 0 1,
  0 0 1,0 0 1,
  0 0 1,0 0 1,
  0 0 1,0 0 1,
  0 0 1,0 0 1,
  0 0 1,0 0 1,
  0 0 1,0 0 1,
  0 0 1,0 0 1,
  0 0 1,0 0 1,
  0 0 1,0 0 1,
  0 0 1,0 0 1,
  0 0 1,0 0 1,
  0 0 1,0 0 1,
  0 0 1,0 0 1,
  0 0 1,0 0 1,
  0 0 1,0 0 1,
  0 0 1,0 0 1,
  0 0 1,0 0 1,
  0 0 1,0 0 1,
  0 0 1,0 0 1,
  0 0 1,0 0 1,
  0 0 1,0 0 1,
  0 0 1,0 0 1,
  0 0 1,0 0 1,
  0 0 1,0 0 1,
  0 0 1,0 0 1,
  0 0 1,0 0 1,
  0 0 1,0 0 1,
  0 0 1,0 0 1,
  0 0 1,0 0 1,
  0 0 1,0 0 1,
  0 0 1,0 0 1,
  0 0 1,0 0 1,
  0 0 1,0 0 1,
  0 0 1,0 0 1,
  0 0 1,0 0 1,
  0 0 1,0 0 1,
  0 0 1,0 0 1,
  0 0 1,0 0 1,
  0 0 1,0 0 1,
  0 0 1,0 0 1,
  0 0 1,0 0 1,
  0 0 1,0 0 1,
  0 0 1,0 0 1,
  0 0 1,0 0 1,
  0 0 1,0 0 1,
  0 0 1,0 0 1,
  0 0 1,0 0 1,
  0 0 1,0 0 1,
  0 0 1,0 0 1,
  0 0 1,0 0 1,
  0 0 1,0 0 1,
  0 0 1,0 0 1,
  0 0 1,0 0 1,
  0 0 1,0 0 1,
  0 0 1,0 0 1,
  0 0 1,0 0 1,
  0 0 1,0 0 1,
  0 0 1,0 0 1,
  0 0 1,0 0 1,
  0 0 1,0 0 1,
  0 0 1,0 0 1,
  0 0 1,0 0 1,
  0 0 1,0 0 1,
  0 0 1,0 0 1,
  0 0 1,0 0 1,
  0 0 1,0 0 1,
  0 0 1,0 0 1,
  0 0 1,0 0 1,
  0 0 1,0 0 1,
  0 0 1,0 0 1,
  0 0 1,0 0 1,
  0 0 1,0 0 1,
  0 0 1,0 0 1,
  0 0 1,0 0 1,
  0 0 1,0 0 1,
  0 0 1,0 0 1,
  0 0 1,0 0 1,
  0 0 1,0 0 1,
  0 0 1,0 0 1,
  0 0 1,0 0 1,
  0 0 1,0 0 1,
  0 0 1,0 0 1,
  0 0 1,0 0 1,
  0 0 1,0 0 1,
  0 0 1,0 0 1,
  0 0 1,0 0 1,
  0 0 1,0 0 1,
  0 0 1,0 0 1,
  0 0 1,0 0 1,
  0 0 1,0 0 1,
  0 0 1,0 0 1,
  0 0 1,0 0 1,
  0 0 1,0 0 1,
  0 0 1,0 0 1,
  0 0 1,0 0 1,
  0 0 1,0 0 1,
  0 0 1,0 0 1,
  0 0 1,0 0 1,
  0 0 1,0 0 1,
  0 0 1,0 0 1,
  0 0 1,0 0 1,
  0 0 1,0 0 1,
  0 0 1,0 0 1,
  0 0 1,0 0 1,
  0 0 1,0 0 1,
  0 0 1,0 0 1,
  0 0 1,0 0 1,
  0 0 1,0 0 1,
  0 0 1,0 0 1,
  0 0 1,0 0 1,
  0 0 1,0 0 1,
  0 0 1,0 0 1,
  0 0 1,0 0 1,
  0 0 1,0 0 1,
  0 0 1,0 0 1,
  0 0 1,0 0 1,
  0 0 1,0 0 1,
  0 0 1,0 0 1,
  0 0 1,0 0 1,
  0 0 1,0 0 1,
  0 0 1,0 0 1,
  0 0 1,0 0 1,
  0 0 1,0 0 1,
  0 0 1,0 0 1,
  0 0 1,0 0 1,
  0 0 1,0 0 1,
  0 0 1,0 0 1,
  0 0 1,0 0 1,
  0 0 1,0 0 1,
  0 0 1,0 0 1,
  0 0 1,0 0 1,
  0 0 1,0 0 1,
  0 0 1,0 0 1,
  0 0 1,0 0 1,
  0 0 1,0 0 1,
  0 0 1,0 0 1,
  0 0 1,0 0 1,
  0 0 1,0 0 1,
  0 0 1,0 0 1,
  0 0 1,0 0 1,
  0 0 1,0 0 1,
  0 0 1,0 0 1,
  0 0 1,0 0 1,
  0 0 1,0 0 1,
  0 0 1,0 0 1,
  0 0 1,0 0 1,
  0 0 1,0 0 1,
  0 0 1,0 0 1,
  0 0 1,0 0 1,
  0 0 1,0 0 1,
  0 0 1,0 0 1,
  0 0 1,0 0 1,
  0 0 1,0 0 1,
  0 0 1,0 0 1,
  0 0 1,0 0 1,
  0 0 1,0 0 1,
  0 0 1,0 0 1,
  0 0 1,0 0 1,
  0 0 1,0 0 1,
  0 0 1,0 0 1,
  0 0 1,0 0 1,
  0 0 1,0 0 1,
  0 0 1,0 0 1,
  0 0 1,0 0 1,
  0 0 1,0 0 1,
  0 0 1,0 0 1,
  0 0 1,0 0 1,
  0 0 1,0 0 1,
  0 0 1,0 0 1,
  0 0 1,0 0 1,
  0 0 1,0 0 1,
  0 0 1,0 0 1,
  0 0 1,0 0 1,
  0 0 1,0 0 1,
  0 0 1,0 0 1,
  0 0 1,0 0 1,
  0 0 1,0 0 1,
  0 0 1,0 0 1,
  0 0 1,0 0 1,
  0 0 1,0 0 1,
  0 0 1,0 0 1,
  0 0 1,0 0 1,
  0 0 1,0 0 1,
  0 0 1,0 0 1,
  0 0 1,0 0 1,
  0 0 1,0 0 1,
  0 0 1,0 0 1,
  0 0 1,0 0 1,
  0 0 1,0 0 1,
  0 0 1,0 0 1,
  0 0 1,0 0 1,
  0 0 1,0 0 1,
  0 0 1,0 0 1,
  0 0 1,0 0 1,
  0 0 1,0 0 1,
  0 0 1,0 0 1,
  0 0 1,0 0 1,
  0 0 1,0 0 1,
  0 0 1,0 0 1,
  0 0 1,0 0 1,
  0 0 1,0 0 1,
  0 0 1,0 0 1,
  0 0 1,0 0 1,
  0 0 1,0 0 1,
  0 0 1,0 0 1,
  0 0 1,0 0 1,
  0 0 1,0 0 1,
  0 0 1,0 0 1,
  0 0 1,0 0 1,
  0 0 1,0 0 1,
  0 0 1,0 0 1,
  0 0 1,0 0 1,
  0 0 1,0 0 1,
  0 0 1,0 0 1,
  0 0 1,0 0 1,
  0 0 1,0 0 1,
  0 0 1,0 0 1,
  0 0 1,0 0 1,
  0 0 1,0 0 1,
  0 0 1,0 0 1,
  0 0 1,0 0 1,
  0 0 1,0 0 1,
  0 0 1,0 0 1,
  0 0 1,0 0 1,
  0 0 1,0 0 1,
  0 0 1,0 0 1,
  0 0 1,0 0 1,
  0 0 1,0 0 1,
  0 0 1,0 0 1,
  0 0 1,0 0 1,
  0 0 1,0 0 1,
  0 0 1,0 0 1,
  0 0 1,0 0 1,
  0 0 1,0 0 1,
  0 0 1,0 0 1,
  0 0 1,0 0 1,
  0 0 1,0 0 1,
  0 0 1,0 0 1,
  0 0 1,0 0 1,
  0 0 1,0 0 1,
  0 0 1,0 0 1,
  0 0 1,0 0 1,
  0 0 1,0 0 1,
  0 0 1,0 0 1,
  0 0 1,0 0 1,
  0 0 1,0 0 1,
  0 0 1,0 0 1,
  0 0 1,0 0 1,
  0 0 1,0 0 1,
  0 0 1,0 0 1,
  0 0 1,0 0 1,
  0 0 1,0 0 1,
  0 0 1] }
}
}
] }
DEF TXFM_24 Transform {
  center 0 0 0
  rotation 0 0 1 0
  scale 1 1 1
  scaleOrientation 0 0 1 0
  translation 0 0 0
 children [
DEF SHAPE_12 Shape {
 appearance USE APP_8
 geometry DEF FACE_12 IndexedFaceSet {
  coord DEF COORD_12 Coordinate { point [
  19.788971 5.6876705 -0.31496063,19.685417 5.605089 -0.31496063,
  19.591761 5.5114331 -0.31496063,19.50918 5.4078795 -0.31496063,
  19.438713 5.2957311 -0.31496063,19.381244 5.1763976 -0.31496063,
  19.337499 5.0513807 -0.31496063,19.308026 4.9222516 -0.31496063,
  19.293197 4.7906343 -0.31496063,19.293197 4.6581846 -0.31496063,
  19.308026 4.5265673 -0.31496063,19.337499 4.3974382 -0.31496063,
  19.381244 4.2724213 -0.31496063,19.438713 4.1530878 -0.31496063,
  19.50918 4.0409394 -0.31496063,19.591761 3.9373858 -0.31496063,
  19.685417 3.8437299 -0.31496063,19.788971 3.7611484 -0.31496063,
  19.901119 3.6906811 -0.31496063,20.020453 3.633213 -0.31496063,
  20.14547 3.5894677 -0.31496063,20.274599 3.5599949 -0.31496063,
  20.406216 3.5451654 -0.31496063,20.538666 3.5451654 -0.31496063,
  20.670283 3.5599949 -0.31496063,20.799412 3.5894677 -0.31496063,
  20.924429 3.633213 -0.31496063,21.043763 3.6906811 -0.31496063,
  21.155911 3.7611484 -0.31496063,21.259465 3.8437299 -0.31496063,
  21.35312 3.9373858 -0.31496063,21.435702 4.0409394 -0.31496063,
  21.506169 4.1530878 -0.31496063,21.563637 4.2724213 -0.31496063,
  21.607383 4.3974382 -0.31496063,21.636856 4.5265673 -0.31496063,
  21.651685 4.6581846 -0.31496063,21.651685 4.7906343 -0.31496063,
  21.636856 4.9222516 -0.31496063,21.607383 5.0513807 -0.31496063,
  21.563637 5.1763976 -0.31496063,21.506169 5.2957311 -0.31496063,
  21.435702 5.4078795 -0.31496063,21.35312 5.5114331 -0.31496063,
  21.259465 5.605089 -0.31496063,21.155911 5.6876705 -0.31496063,
  21.043763 5.7581378 -0.31496063,20.924429 5.8156059 -0.31496063,
  20.799412 5.8593512 -0.31496063,20.670283 5.888824 -0.31496063,
  20.538666 5.9036535 -0.31496063,20.406216 5.9036535 -0.31496063,
  20.274599 5.888824 -0.31496063,20.14547 5.8593512 -0.31496063,
  20.020453 5.8156059 -0.31496063,19.901119 5.7581378 -0.31496063,
  19.840551 4.7244094 -0.31496063,19.888651 4.9662232 -0.31496063,
  20.025627 5.171223 -0.31496063,20.230627 5.3081995 -0.31496063,
  20.472441 5.3562992 -0.31496063,20.714255 5.3081995 -0.31496063,
  20.919254 5.171223 -0.31496063,21.056231 4.9662232 -0.31496063,
  21.104331 4.7244094 -0.31496063,21.056231 4.4825957 -0.31496063,
  20.919254 4.2775959 -0.31496063,20.714255 4.1406194 -0.31496063,
  20.472441 4.0925197 -0.31496063,20.230627 4.1406194 -0.31496063,
  20.025627 4.2775959 -0.31496063,19.888651 4.4825957 -0.31496063,
  19.788971 -3.7611484 -0.31496063,19.685417 -3.8437299 -0.31496063,
  19.591761 -3.9373858 -0.31496063,19.50918 -4.0409394 -0.31496063,
  19.438713 -4.1530878 -0.31496063,19.381244 -4.2724213 -0.31496063,
  19.337499 -4.3974382 -0.31496063,19.308026 -4.5265673 -0.31496063,
  19.293197 -4.6581846 -0.31496063,19.293197 -4.7906343 -0.31496063,
  19.308026 -4.9222516 -0.31496063,19.337499 -5.0513807 -0.31496063,
  19.381244 -5.1763976 -0.31496063,19.438713 -5.2957311 -0.31496063,
  19.50918 -5.4078795 -0.31496063,19.591761 -5.5114331 -0.31496063,
  19.685417 -5.605089 -0.31496063,19.788971 -5.6876705 -0.31496063,
  19.901119 -5.7581378 -0.31496063,20.020453 -5.8156059 -0.31496063,
  20.14547 -5.8593512 -0.31496063,20.274599 -5.888824 -0.31496063,
  20.406216 -5.9036535 -0.31496063,20.538666 -5.9036535 -0.31496063,
  20.670283 -5.888824 -0.31496063,20.799412 -5.8593512 -0.31496063,
  20.924429 -5.8156059 -0.31496063,21.043763 -5.7581378 -0.31496063,
  21.155911 -5.6876705 -0.31496063,21.259465 -5.605089 -0.31496063,
  21.35312 -5.5114331 -0.31496063,21.435702 -5.4078795 -0.31496063,
  21.506169 -5.2957311 -0.31496063,21.563637 -5.1763976 -0.31496063,
  21.607383 -5.0513807 -0.31496063,21.636856 -4.9222516 -0.31496063,
  21.651685 -4.7906343 -0.31496063,21.651685 -4.6581846 -0.31496063,
  21.636856 -4.5265673 -0.31496063,21.607383 -4.3974382 -0.31496063,
  21.563637 -4.2724213 -0.31496063,21.506169 -4.1530878 -0.31496063,
  21.435702 -4.0409394 -0.31496063,21.35312 -3.9373858 -0.31496063,
  21.259465 -3.8437299 -0.31496063,21.155911 -3.7611484 -0.31496063,
  21.043763 -3.6906811 -0.31496063,20.924429 -3.633213 -0.31496063,
  20.799412 -3.5894677 -0.31496063,20.670283 -3.5599949 -0.31496063,
  20.538666 -3.5451654 -0.31496063,20.406216 -3.5451654 -0.31496063,
  20.274599 -3.5599949 -0.31496063,20.14547 -3.5894677 -0.31496063,
  20.020453 -3.633213 -0.31496063,19.901119 -3.6906811 -0.31496063,
  19.840551 -4.7244094 -0.31496063,19.888651 -4.4825957 -0.31496063,
  20.025627 -4.2775959 -0.31496063,20.230627 -4.1406194 -0.31496063,
  20.472441 -4.0925197 -0.31496063,20.714255 -4.1406194 -0.31496063,
  20.919254 -4.2775959 -0.31496063,21.056231 -4.4825957 -0.31496063,
  21.104331 -4.7244094 -0.31496063,21.056231 -4.9662232 -0.31496063,
  20.919254 -5.171223 -0.31496063,20.714255 -5.3081995 -0.31496063,
  20.472441 -5.3562992 -0.31496063,20.230627 -5.3081995 -0.31496063,
  20.025627 -5.171223 -0.31496063,19.888651 -4.9662232 -0.31496063,
  -21.155911 5.6876705 -0.31496063,-21.259465 5.605089 -0.31496063,
  -21.35312 5.5114331 -0.31496063,-21.435702 5.4078795 -0.31496063,
  -21.506169 5.2957311 -0.31496063,-21.563637 5.1763976 -0.31496063,
  -21.607383 5.0513807 -0.31496063,-21.636856 4.9222516 -0.31496063,
  -21.651685 4.7906343 -0.31496063,-21.651685 4.6581846 -0.31496063,
  -21.636856 4.5265673 -0.31496063,-21.607383 4.3974382 -0.31496063,
  -21.563637 4.2724213 -0.31496063,-21.506169 4.1530878 -0.31496063,
  -21.435702 4.0409394 -0.31496063,-21.35312 3.9373858 -0.31496063,
  -21.259465 3.8437299 -0.31496063,-21.155911 3.7611484 -0.31496063,
  -21.043763 3.6906811 -0.31496063,-20.924429 3.633213 -0.31496063,
  -20.799412 3.5894677 -0.31496063,-20.670283 3.5599949 -0.31496063,
  -20.538666 3.5451654 -0.31496063,-20.406216 3.5451654 -0.31496063,
  -20.274599 3.5599949 -0.31496063,-20.14547 3.5894677 -0.31496063,
  -20.020453 3.633213 -0.31496063,-19.901119 3.6906811 -0.31496063,
  -19.788971 3.7611484 -0.31496063,-19.685417 3.8437299 -0.31496063,
  -19.591761 3.9373858 -0.31496063,-19.50918 4.0409394 -0.31496063,
  -19.438713 4.1530878 -0.31496063,-19.381244 4.2724213 -0.31496063,
  -19.337499 4.3974382 -0.31496063,-19.308026 4.5265673 -0.31496063,
  -19.293197 4.6581846 -0.31496063,-19.293197 4.7906343 -0.31496063,
  -19.308026 4.9222516 -0.31496063,-19.337499 5.0513807 -0.31496063,
  -19.381244 5.1763976 -0.31496063,-19.438713 5.2957311 -0.31496063,
  -19.50918 5.4078795 -0.31496063,-19.591761 5.5114331 -0.31496063,
  -19.685417 5.605089 -0.31496063,-19.788971 5.6876705 -0.31496063,
  -19.901119 5.7581378 -0.31496063,-20.020453 5.8156059 -0.31496063,
  -20.14547 5.8593512 -0.31496063,-20.274599 5.888824 -0.31496063,
  -20.406216 5.9036535 -0.31496063,-20.538666 5.9036535 -0.31496063,
  -20.670283 5.888824 -0.31496063,-20.799412 5.8593512 -0.31496063,
  -20.924429 5.8156059 -0.31496063,-21.043763 5.7581378 -0.31496063,
  -21.104331 4.7244094 -0.31496063,-21.056231 4.9662232 -0.31496063,
  -20.919254 5.171223 -0.31496063,-20.714255 5.3081995 -0.31496063,
  -20.472441 5.3562992 -0.31496063,-20.230627 5.3081995 -0.31496063,
  -20.025627 5.171223 -0.31496063,-19.888651 4.9662232 -0.31496063,
  -19.840551 4.7244094 -0.31496063,-19.888651 4.4825957 -0.31496063,
  -20.025627 4.2775959 -0.31496063,-20.230627 4.1406194 -0.31496063,
  -20.472441 4.0925197 -0.31496063,-20.714255 4.1406194 -0.31496063,
  -20.919254 4.2775959 -0.31496063,-21.056231 4.4825957 -0.31496063,
  -21.155911 -3.7611484 -0.31496063,-21.259465 -3.8437299 -0.31496063,
  -21.35312 -3.9373858 -0.31496063,-21.435702 -4.0409394 -0.31496063,
  -21.506169 -4.1530878 -0.31496063,-21.563637 -4.2724213 -0.31496063,
  -21.607383 -4.3974382 -0.31496063,-21.636856 -4.5265673 -0.31496063,
  -21.651685 -4.6581846 -0.31496063,-21.651685 -4.7906343 -0.31496063,
  -21.636856 -4.9222516 -0.31496063,-21.607383 -5.0513807 -0.31496063,
  -21.563637 -5.1763976 -0.31496063,-21.506169 -5.2957311 -0.31496063,
  -21.435702 -5.4078795 -0.31496063,-21.35312 -5.5114331 -0.31496063,
  -21.259465 -5.605089 -0.31496063,-21.155911 -5.6876705 -0.31496063,
  -21.043763 -5.7581378 -0.31496063,-20.924429 -5.8156059 -0.31496063,
  -20.799412 -5.8593512 -0.31496063,-20.670283 -5.888824 -0.31496063,
  -20.538666 -5.9036535 -0.31496063,-20.406216 -5.9036535 -0.31496063,
  -20.274599 -5.888824 -0.31496063,-20.14547 -5.8593512 -0.31496063,
  -20.020453 -5.8156059 -0.31496063,-19.901119 -5.7581378 -0.31496063,
  -19.788971 -5.6876705 -0.31496063,-19.685417 -5.605089 -0.31496063,
  -19.591761 -5.5114331 -0.31496063,-19.50918 -5.4078795 -0.31496063,
  -19.438713 -5.2957311 -0.31496063,-19.381244 -5.1763976 -0.31496063,
  -19.337499 -5.0513807 -0.31496063,-19.308026 -4.9222516 -0.31496063,
  -19.293197 -4.7906343 -0.31496063,-19.293197 -4.6581846 -0.31496063,
  -19.308026 -4.5265673 -0.31496063,-19.337499 -4.3974382 -0.31496063,
  -19.381244 -4.2724213 -0.31496063,-19.438713 -4.1530878 -0.31496063,
  -19.50918 -4.0409394 -0.31496063,-19.591761 -3.9373858 -0.31496063,
  -19.685417 -3.8437299 -0.31496063,-19.788971 -3.7611484 -0.31496063,
  -19.901119 -3.6906811 -0.31496063,-20.020453 -3.633213 -0.31496063,
  -20.14547 -3.5894677 -0.31496063,-20.274599 -3.5599949 -0.31496063,
  -20.406216 -3.5451654 -0.31496063,-20.538666 -3.5451654 -0.31496063,
  -20.670283 -3.5599949 -0.31496063,-20.799412 -3.5894677 -0.31496063,
  -20.924429 -3.633213 -0.31496063,-21.043763 -3.6906811 -0.31496063,
  -21.104331 -4.7244094 -0.31496063,-21.056231 -4.4825957 -0.31496063,
  -20.919254 -4.2775959 -0.31496063,-20.714255 -4.1406194 -0.31496063,
  -20.472441 -4.0925197 -0.31496063,-20.230627 -4.1406194 -0.31496063,
  -20.025627 -4.2775959 -0.31496063,-19.888651 -4.4825957 -0.31496063,
  -19.840551 -4.7244094 -0.31496063,-19.888651 -4.9662232 -0.31496063,
  -20.025627 -5.171223 -0.31496063,-20.230627 -5.3081995 -0.31496063,
  -20.472441 -5.3562992 -0.31496063,-20.714255 -5.3081995 -0.31496063,
  -20.919254 -5.171223 -0.31496063,-21.056231 -4.9662232 -0.31496063] }
 coordIndex [
  28,64,45,-1,28,45,29,-1,29,45,44,-1,29,44,30,-1,30,44,43,-1,30,43,31,-1,31,43,42,-1,31,42,32,-1,
  32,42,41,-1,32,41,33,-1,33,41,40,-1,33,40,34,-1,34,40,39,-1,34,39,35,-1,35,39,38,-1,35,38,36,-1,
  36,38,37,-1,64,63,45,-1,45,63,46,-1,46,63,47,-1,47,63,62,-1,49,48,61,-1,61,48,62,-1,62,48,47,-1,
  51,50,60,-1,60,50,61,-1,61,50,49,-1,58,54,53,-1,58,53,59,-1,59,53,52,-1,59,52,60,-1,60,52,51,-1,
  0,55,56,-1,56,55,57,-1,57,55,58,-1,58,55,54,-1,66,65,26,-1,26,65,27,-1,27,65,28,-1,28,65,64,-1,
  24,23,67,-1,24,67,25,-1,25,67,66,-1,25,66,26,-1,69,68,21,-1,21,68,22,-1,22,68,23,-1,23,68,67,-1,
  19,18,70,-1,19,70,20,-1,20,70,69,-1,20,69,21,-1,71,70,18,-1,71,18,56,-1,56,18,17,-1,56,17,0,-1,
  0,17,1,-1,1,17,16,-1,1,16,2,-1,2,16,15,-1,2,15,3,-1,3,15,14,-1,3,14,4,-1,4,14,13,-1,
  4,13,5,-1,5,13,12,-1,5,12,6,-1,6,12,11,-1,6,11,7,-1,7,11,10,-1,7,10,8,-1,8,10,9,-1,
  100,136,117,-1,100,117,101,-1,101,117,116,-1,101,116,102,-1,102,116,115,-1,102,115,103,-1,103,115,114,-1,103,114,104,-1,
  104,114,113,-1,104,113,105,-1,105,113,112,-1,105,112,106,-1,106,112,111,-1,106,111,107,-1,107,111,110,-1,107,110,108,-1,
  108,110,109,-1,136,135,117,-1,117,135,118,-1,118,135,119,-1,119,135,134,-1,121,120,133,-1,133,120,134,-1,134,120,119,-1,
  123,122,132,-1,132,122,133,-1,133,122,121,-1,130,126,125,-1,130,125,131,-1,131,125,124,-1,131,124,132,-1,132,124,123,-1,
  72,127,128,-1,128,127,129,-1,129,127,130,-1,130,127,126,-1,138,137,98,-1,98,137,99,-1,99,137,100,-1,100,137,136,-1,
  96,95,139,-1,96,139,97,-1,97,139,138,-1,97,138,98,-1,141,140,93,-1,93,140,94,-1,94,140,95,-1,95,140,139,-1,
  91,90,142,-1,91,142,92,-1,92,142,141,-1,92,141,93,-1,143,142,90,-1,143,90,128,-1,128,90,89,-1,128,89,72,-1,
  72,89,73,-1,73,89,88,-1,73,88,74,-1,74,88,87,-1,74,87,75,-1,75,87,86,-1,75,86,76,-1,76,86,85,-1,
  76,85,77,-1,77,85,84,-1,77,84,78,-1,78,84,83,-1,78,83,79,-1,79,83,82,-1,79,82,80,-1,80,82,81,-1,
  172,208,189,-1,172,189,173,-1,173,189,188,-1,173,188,174,-1,174,188,187,-1,174,187,175,-1,175,187,186,-1,175,186,176,-1,
  176,186,185,-1,176,185,177,-1,177,185,184,-1,177,184,178,-1,178,184,183,-1,178,183,179,-1,179,183,182,-1,179,182,180,-1,
  180,182,181,-1,208,207,189,-1,189,207,190,-1,190,207,191,-1,191,207,206,-1,193,192,205,-1,205,192,206,-1,206,192,191,-1,
  195,194,204,-1,204,194,205,-1,205,194,193,-1,202,198,197,-1,202,197,203,-1,203,197,196,-1,203,196,204,-1,204,196,195,-1,
  144,199,200,-1,200,199,201,-1,201,199,202,-1,202,199,198,-1,210,209,170,-1,170,209,171,-1,171,209,172,-1,172,209,208,-1,
  168,167,211,-1,168,211,169,-1,169,211,210,-1,169,210,170,-1,213,212,165,-1,165,212,166,-1,166,212,167,-1,167,212,211,-1,
  163,162,214,-1,163,214,164,-1,164,214,213,-1,164,213,165,-1,215,214,162,-1,215,162,200,-1,200,162,161,-1,200,161,144,-1,
  144,161,145,-1,145,161,160,-1,145,160,146,-1,146,160,159,-1,146,159,147,-1,147,159,158,-1,147,158,148,-1,148,158,157,-1,
  148,157,149,-1,149,157,156,-1,149,156,150,-1,150,156,155,-1,150,155,151,-1,151,155,154,-1,151,154,152,-1,152,154,153,-1,
  244,280,261,-1,244,261,245,-1,245,261,260,-1,245,260,246,-1,246,260,259,-1,246,259,247,-1,247,259,258,-1,247,258,248,-1,
  248,258,257,-1,248,257,249,-1,249,257,256,-1,249,256,250,-1,250,256,255,-1,250,255,251,-1,251,255,254,-1,251,254,252,-1,
  252,254,253,-1,280,279,261,-1,261,279,262,-1,262,279,263,-1,263,279,278,-1,265,264,277,-1,277,264,278,-1,278,264,263,-1,
  267,266,276,-1,276,266,277,-1,277,266,265,-1,274,270,269,-1,274,269,275,-1,275,269,268,-1,275,268,276,-1,276,268,267,-1,
  216,271,272,-1,272,271,273,-1,273,271,274,-1,274,271,270,-1,282,281,242,-1,242,281,243,-1,243,281,244,-1,244,281,280,-1,
  240,239,283,-1,240,283,241,-1,241,283,282,-1,241,282,242,-1,285,284,237,-1,237,284,238,-1,238,284,239,-1,239,284,283,-1,
  235,234,286,-1,235,286,236,-1,236,286,285,-1,236,285,237,-1,287,286,234,-1,287,234,272,-1,272,234,233,-1,272,233,216,-1,
  216,233,217,-1,217,233,232,-1,217,232,218,-1,218,232,231,-1,218,231,219,-1,219,231,230,-1,219,230,220,-1,220,230,229,-1,
  220,229,221,-1,221,229,228,-1,221,228,222,-1,222,228,227,-1,222,227,223,-1,223,227,226,-1,223,226,224,-1,224,226,225,-1]
  normalPerVertex TRUE
  normal DEF NORM_12 Normal { vector [
  0 0 -1,0 0 -1,
  0 0 -1,0 0 -1,
  0 0 -1,0 0 -1,
  0 0 -1,0 0 -1,
  0 0 -1,0 0 -1,
  0 0 -1,0 0 -1,
  0 0 -1,0 0 -1,
  0 0 -1,0 0 -1,
  0 0 -1,0 0 -1,
  0 0 -1,0 0 -1,
  0 0 -1,0 0 -1,
  0 0 -1,0 0 -1,
  0 0 -1,0 0 -1,
  0 0 -1,0 0 -1,
  0 0 -1,0 0 -1,
  0 0 -1,0 0 -1,
  0 0 -1,0 0 -1,
  0 0 -1,0 0 -1,
  0 0 -1,0 0 -1,
  0 0 -1,0 0 -1,
  0 0 -1,0 0 -1,
  0 0 -1,0 0 -1,
  0 0 -1,0 0 -1,
  0 0 -1,0 0 -1,
  0 0 -1,0 0 -1,
  0 0 -1,0 0 -1,
  0 0 -1,0 0 -1,
  0 0 -1,0 0 -1,
  0 0 -1,0 0 -1,
  0 0 -1,0 0 -1,
  0 0 -1,0 0 -1,
  0 0 -1,0 0 -1,
  0 0 -1,0 0 -1,
  0 0 -1,0 0 -1,
  0 0 -1,0 0 -1,
  0 0 -1,0 0 -1,
  0 0 -1,0 0 -1,
  0 0 -1,0 0 -1,
  0 0 -1,0 0 -1,
  0 0 -1,0 0 -1,
  0 0 -1,0 0 -1,
  0 0 -1,0 0 -1,
  0 0 -1,0 0 -1,
  0 0 -1,0 0 -1,
  0 0 -1,0 0 -1,
  0 0 -1,0 0 -1,
  0 0 -1,0 0 -1,
  0 0 -1,0 0 -1,
  0 0 -1,0 0 -1,
  0 0 -1,0 0 -1,
  0 0 -1,0 0 -1,
  0 0 -1,0 0 -1,
  0 0 -1,0 0 -1,
  0 0 -1,0 0 -1,
  0 0 -1,0 0 -1,
  0 0 -1,0 0 -1,
  0 0 -1,0 0 -1,
  0 0 -1,0 0 -1,
  0 0 -1,0 0 -1,
  0 0 -1,0 0 -1,
  0 0 -1,0 0 -1,
  0 0 -1,0 0 -1,
  0 0 -1,0 0 -1,
  0 0 -1,0 0 -1,
  0 0 -1,0 0 -1,
  0 0 -1,0 0 -1,
  0 0 -1,0 0 -1,
  0 0 -1,0 0 -1,
  0 0 -1,0 0 -1,
  0 0 -1,0 0 -1,
  0 0 -1,0 0 -1,
  0 0 -1,0 0 -1,
  0 0 -1,0 0 -1,
  0 0 -1,0 0 -1,
  0 0 -1,0 0 -1,
  0 0 -1,0 0 -1,
  0 0 -1,0 0 -1,
  0 0 -1,0 0 -1,
  0 0 -1,0 0 -1,
  0 0 -1,0 0 -1,
  0 0 -1,0 0 -1,
  0 0 -1,0 0 -1,
  0 0 -1,0 0 -1,
  0 0 -1,0 0 -1,
  0 0 -1,0 0 -1,
  0 0 -1,0 0 -1,
  0 0 -1,0 0 -1,
  0 0 -1,0 0 -1,
  0 0 -1,0 0 -1,
  0 0 -1,0 0 -1,
  0 0 -1,0 0 -1,
  0 0 -1,0 0 -1,
  0 0 -1,0 0 -1,
  0 0 -1,0 0 -1,
  0 0 -1,0 0 -1,
  0 0 -1,0 0 -1,
  0 0 -1,0 0 -1,
  0 0 -1,0 0 -1,
  0 0 -1,0 0 -1,
  0 0 -1,0 0 -1,
  0 0 -1,0 0 -1,
  0 0 -1,0 0 -1,
  0 0 -1,0 0 -1,
  0 0 -1,0 0 -1,
  0 0 -1,0 0 -1,
  0 0 -1,0 0 -1,
  0 0 -1,0 0 -1,
  0 0 -1,0 0 -1,
  0 0 -1,0 0 -1,
  0 0 -1,0 0 -1,
  0 0 -1,0 0 -1,
  0 0 -1,0 0 -1,
  0 0 -1,0 0 -1,
  0 0 -1,0 0 -1,
  0 0 -1,0 0 -1,
  0 0 -1,0 0 -1,
  0 0 -1,0 0 -1,
  0 0 -1,0 0 -1,
  0 0 -1,0 0 -1,
  0 0 -1,0 0 -1,
  0 0 -1,0 0 -1,
  0 0 -1,0 0 -1,
  0 0 -1,0 0 -1,
  0 0 -1,0 0 -1,
  0 0 -1,0 0 -1,
  0 0 -1,0 0 -1,
  0 0 -1,0 0 -1,
  0 0 -1,0 0 -1,
  0 0 -1,0 0 -1,
  0 0 -1,0 0 -1,
  0 0 -1,0 0 -1,
  0 0 -1,0 0 -1,
  0 0 -1,0 0 -1,
  0 0 -1,0 0 -1,
  0 0 -1,0 0 -1,
  0 0 -1,0 0 -1,
  0 0 -1,0 0 -1,
  0 0 -1,0 0 -1,
  0 0 -1,0 0 -1,
  0 0 -1,0 0 -1,
  0 0 -1,0 0 -1,
  0 0 -1,0 0 -1,
  0 0 -1,0 0 -1,
  0 0 -1,0 0 -1] }
}
}
] }
DEF TXFM_25 Transform {
  center 0 0 0
  rotation 0 0 1 0
  scale 1 1 1
  scaleOrientation 0 0 1 0
  translation 0 0 0
 children [
DEF SHAPE_13 Shape {
 appearance DEF APP_11 Appearance {
  material Material {
   ambientIntensity 1
   diffuseColor 0.078431375 0.2 0.14117648
   emissiveColor 0 0 0
   shininess 0.30000001
   specularColor 0.35490197 0.44 0.39882353
   transparency 0.17
} }
 geometry DEF FACE_13 IndexedFaceSet {
  coord DEF COORD_13 Coordinate { point [
  -19.293197 -4.6581846 -0.31988189,-19.293197 -4.7906343 -0.31988189,
  -19.308026 -4.9222516 -0.31988189,-19.337499 -5.0513807 -0.31988189,
  -19.381244 -5.1763976 -0.31988189,-19.438713 -5.2957311 -0.31988189,
  -19.50918 -5.4078795 -0.31988189,-19.591761 -5.5114331 -0.31988189,
  -19.685417 -5.605089 -0.31988189,-19.788971 -5.6876705 -0.31988189,
  -19.901119 -5.7581378 -0.31988189,-20.020453 -5.8156059 -0.31988189,
  -20.14547 -5.8593512 -0.31988189,-20.274599 -5.888824 -0.31988189,
  -20.406216 -5.9036535 -0.31988189,-20.538666 -5.9036535 -0.31988189,
  -20.670283 -5.888824 -0.31988189,-20.799412 -5.8593512 -0.31988189,
  -20.924429 -5.8156059 -0.31988189,-21.043763 -5.7581378 -0.31988189,
  -21.155911 -5.6876705 -0.31988189,-21.259465 -5.605089 -0.31988189,
  -21.35312 -5.5114331 -0.31988189,-21.435702 -5.4078795 -0.31988189,
  -21.506169 -5.2957311 -0.31988189,-21.563637 -5.1763976 -0.31988189,
  -21.607383 -5.0513807 -0.31988189,-21.636856 -4.9222516 -0.31988189,
  -21.651685 -4.7906343 -0.31988189,-21.651685 -4.6581846 -0.31988189,
  -21.636856 -4.5265673 -0.31988189,-21.607383 -4.3974382 -0.31988189,
  -21.563637 -4.2724213 -0.31988189,-21.506169 -4.1530878 -0.31988189,
  -21.435702 -4.0409394 -0.31988189,-21.35312 -3.9373858 -0.31988189,
  -21.259465 -3.8437299 -0.31988189,-21.155911 -3.7611484 -0.31988189,
  -21.043763 -3.6906811 -0.31988189,-20.924429 -3.633213 -0.31988189,
  -20.799412 -3.5894677 -0.31988189,-20.670283 -3.5599949 -0.31988189,
  -20.538666 -3.5451654 -0.31988189,-20.406216 -3.5451654 -0.31988189,
  -20.274599 -3.5599949 -0.31988189,-20.14547 -3.5894677 -0.31988189,
  -20.020453 -3.633213 -0.31988189,-19.901119 -3.6906811 -0.31988189,
  -19.788971 -3.7611484 -0.31988189,-19.685417 -3.8437299 -0.31988189,
  -19.591761 -3.9373858 -0.31988189,-19.50918 -4.0409394 -0.31988189,
  -19.438713 -4.1530878 -0.31988189,-19.381244 -4.2724213 -0.31988189,
  -19.337499 -4.3974382 -0.31988189,-19.308026 -4.5265673 -0.31988189,
  8.1496063 3.3464567 -0.31988189,8.1514279 3.3556083 -0.31988189,
  8.1514268 3.3927909 -0.31988189,8.1659232 3.4843181 -0.31988189,
  8.1945594 3.5724497 -0.31988189,8.1945593 3.5724508 -0.31988189,
  8.19456 3.5724517 -0.31988189,8.2366299 3.6550189 -0.31988189,
  8.2910988 3.729989 -0.31988189,8.3173894 3.7562811 -0.31988189,
  8.3225747 3.7640394 -0.31988189,8.3303326 3.7692242 -0.31988189,
  8.3566252 3.7955154 -0.31988189,8.4315953 3.8499843 -0.31988189,
  8.5141616 3.8920546 -0.31988189,8.5141633 3.8920548 -0.31988189,
  8.5141656 3.8920546 -0.31988189,8.6022961 3.9206909 -0.31988189,
  8.6938232 3.9351874 -0.31988189,8.7310057 3.9351872 -0.31988189,
  8.7401575 3.9370079 -0.31988189,8.7493104 3.9351871 -0.31988189,
  8.7864917 3.9351874 -0.31988189,8.8780189 3.9206909 -0.31988189,
  8.9661508 3.892055 -0.31988189,8.9661516 3.8920548 -0.31988189,
  8.9661527 3.8920542 -0.31988189,9.0487197 3.8499843 -0.31988189,
  9.1236898 3.7955154 -0.31988189,9.1499804 3.7692242 -0.31988189,
  9.1577402 3.7640394 -0.31988189,9.1629235 3.7562811 -0.31988189,
  9.1892161 3.729989 -0.31988189,9.243685 3.6550189 -0.31988189,
  9.2857542 3.5724521 -0.31988189,9.2857556 3.5724508 -0.31988189,
  9.285757 3.5724493 -0.31988189,9.3143917 3.4843181 -0.31988189,
  9.3288882 3.3927909 -0.31988189,9.328888 3.3556089 -0.31988189,
  9.3307087 3.3464567 -0.31988189,9.3288886 3.3373044 -0.31988189,
  9.3288882 3.3001224 -0.31988189,9.3143917 3.2085953 -0.31988189,
  9.285757 3.1204631 -0.31988189,9.2857556 3.1204625 -0.31988189,
  9.2857542 3.120462 -0.31988189,9.243685 3.0378945 -0.31988189,
  9.1892161 2.9629244 -0.31988189,9.1629235 2.9366332 -0.31988189,
  9.1577402 2.9288739 -0.31988189,9.1499804 2.9236901 -0.31988189,
  9.1236898 2.897398 -0.31988189,9.0487197 2.8429291 -0.31988189,
  8.9661527 2.8008591 -0.31988189,8.9661516 2.8008585 -0.31988189,
  8.9661508 2.8008582 -0.31988189,8.8780189 2.7722224 -0.31988189,
  8.7864917 2.757726 -0.31988189,8.7493104 2.7577256 -0.31988189,
  8.7401575 2.7559055 -0.31988189,8.7310057 2.7577258 -0.31988189,
  8.6938232 2.757726 -0.31988189,8.6022961 2.7722224 -0.31988189,
  8.5141656 2.8008578 -0.31988189,8.5141633 2.8008585 -0.31988189,
  8.5141616 2.8008595 -0.31988189,8.4315953 2.8429291 -0.31988189,
  8.3566252 2.897398 -0.31988189,8.3303326 2.9236901 -0.31988189,
  8.3225747 2.9288739 -0.31988189,8.3173894 2.9366332 -0.31988189,
  8.2910988 2.9629244 -0.31988189,8.2366299 3.0378945 -0.31988189,
  8.19456 3.1204616 -0.31988189,8.1945593 3.1204625 -0.31988189,
  8.1945594 3.1204635 -0.31988189,8.1659232 3.2085953 -0.31988189,
  8.1514268 3.3001224 -0.31988189,8.1514282 3.3373039 -0.31988189,
  -9.3307087 3.3464567 -0.31988189,-9.3288875 3.3556083 -0.31988189,
  -9.3288882 3.3927909 -0.31988189,-9.3143917 3.4843181 -0.31988189,
  -9.2857557 3.5724497 -0.31988189,-9.2857556 3.5724508 -0.31988189,
  -9.2857549 3.5724517 -0.31988189,-9.243685 3.6550189 -0.31988189,
  -9.1892161 3.729989 -0.31988189,-9.1629252 3.7562811 -0.31988189,
  -9.1577402 3.7640394 -0.31988189,-9.149982 3.7692242 -0.31988189,
  -9.1236898 3.7955154 -0.31988189,-9.0487197 3.8499843 -0.31988189,
  -8.9661531 3.8920546 -0.31988189,-8.9661516 3.8920548 -0.31988189,
  -8.9661498 3.8920546 -0.31988189,-8.8780189 3.9206909 -0.31988189,
  -8.7864917 3.9351874 -0.31988189,-8.7493094 3.9351872 -0.31988189,
  -8.7401575 3.9370079 -0.31988189,-8.7310048 3.9351871 -0.31988189,
  -8.6938232 3.9351874 -0.31988189,-8.6022961 3.9206909 -0.31988189,
  -8.5141643 3.892055 -0.31988189,-8.5141633 3.8920548 -0.31988189,
  -8.5141623 3.8920542 -0.31988189,-8.4315953 3.8499843 -0.31988189,
  -8.3566252 3.7955154 -0.31988189,-8.3303342 3.7692242 -0.31988189,
  -8.3225747 3.7640394 -0.31988189,-8.3173911 3.7562811 -0.31988189,
  -8.2910988 3.729989 -0.31988189,-8.2366299 3.6550189 -0.31988189,
  -8.1945605 3.5724521 -0.31988189,-8.1945593 3.5724508 -0.31988189,
  -8.1945584 3.5724493 -0.31988189,-8.1659232 3.4843181 -0.31988189,
  -8.1514268 3.3927909 -0.31988189,-8.1514269 3.3556089 -0.31988189,
  -8.1496063 3.3464567 -0.31988189,-8.1514265 3.3373044 -0.31988189,
  -8.1514268 3.3001224 -0.31988189,-8.1659232 3.2085953 -0.31988189,
  -8.1945584 3.1204631 -0.31988189,-8.1945593 3.1204625 -0.31988189,
  -8.1945605 3.120462 -0.31988189,-8.2366299 3.0378945 -0.31988189,
  -8.2910988 2.9629244 -0.31988189,-8.3173911 2.9366332 -0.31988189,
  -8.3225747 2.9288739 -0.31988189,-8.3303342 2.9236901 -0.31988189,
  -8.3566252 2.897398 -0.31988189,-8.4315953 2.8429291 -0.31988189,
  -8.5141623 2.8008591 -0.31988189,-8.5141633 2.8008585 -0.31988189,
  -8.5141643 2.8008582 -0.31988189,-8.6022961 2.7722224 -0.31988189,
  -8.6938232 2.757726 -0.31988189,-8.7310048 2.7577256 -0.31988189,
  -8.7401575 2.7559055 -0.31988189,-8.7493094 2.7577258 -0.31988189,
  -8.7864917 2.757726 -0.31988189,-8.8780189 2.7722224 -0.31988189,
  -8.9661498 2.8008578 -0.31988189,-8.9661516 2.8008585 -0.31988189,
  -8.9661531 2.8008595 -0.31988189,-9.0487197 2.8429291 -0.31988189,
  -9.1236898 2.897398 -0.31988189,-9.149982 2.9236901 -0.31988189,
  -9.1577402 2.9288739 -0.31988189,-9.1629252 2.9366332 -0.31988189,
  -9.1892161 2.9629244 -0.31988189,-9.243685 3.0378945 -0.31988189,
  -9.2857549 3.1204616 -0.31988189,-9.2857556 3.1204625 -0.31988189,
  -9.2857557 3.1204635 -0.31988189,-9.3143917 3.2085953 -0.31988189,
  -9.3288882 3.3001224 -0.31988189,-9.3288873 3.3373039 -0.31988189,
  -19.293197 4.7906343 -0.31988189,-19.293197 4.6581846 -0.31988189,
  -19.308026 4.5265673 -0.31988189,-19.337499 4.3974382 -0.31988189,
  -19.381244 4.2724213 -0.31988189,-19.438713 4.1530878 -0.31988189,
  -19.50918 4.0409394 -0.31988189,-19.591761 3.9373858 -0.31988189,
  -19.685417 3.8437299 -0.31988189,-19.788971 3.7611484 -0.31988189,
  -19.901119 3.6906811 -0.31988189,-20.020453 3.633213 -0.31988189,
  -20.14547 3.5894677 -0.31988189,-20.274599 3.5599949 -0.31988189,
  -20.406216 3.5451654 -0.31988189,-20.538666 3.5451654 -0.31988189,
  -20.670283 3.5599949 -0.31988189,-20.799412 3.5894677 -0.31988189,
  -20.924429 3.633213 -0.31988189,-21.043763 3.6906811 -0.31988189,
  -21.155911 3.7611484 -0.31988189,-21.259465 3.8437299 -0.31988189,
  -21.35312 3.9373858 -0.31988189,-21.435702 4.0409394 -0.31988189,
  -21.506169 4.1530878 -0.31988189,-21.563637 4.2724213 -0.31988189,
  -21.607383 4.3974382 -0.31988189,-21.636856 4.5265673 -0.31988189,
  -21.651685 4.6581846 -0.31988189,-21.651685 4.7906343 -0.31988189,
  -21.636856 4.9222516 -0.31988189,-21.607383 5.0513807 -0.31988189,
  -21.563637 5.1763976 -0.31988189,-21.506169 5.2957311 -0.31988189,
  -21.435702 5.4078795 -0.31988189,-21.35312 5.5114331 -0.31988189,
  -21.259465 5.605089 -0.31988189,-21.155911 5.6876705 -0.31988189,
  -21.043763 5.7581378 -0.31988189,-20.924429 5.8156059 -0.31988189,
  -20.799412 5.8593512 -0.31988189,-20.670283 5.888824 -0.31988189,
  -20.538666 5.9036535 -0.31988189,-20.406216 5.9036535 -0.31988189,
  -20.274599 5.888824 -0.31988189,-20.14547 5.8593512 -0.31988189,
  -20.020453 5.8156059 -0.31988189,-19.901119 5.7581378 -0.31988189,
  -19.788971 5.6876705 -0.31988189,-19.685417 5.605089 -0.31988189,
  -19.591761 5.5114331 -0.31988189,-19.50918 5.4078795 -0.31988189,
  -19.438713 5.2957311 -0.31988189,-19.381244 5.1763976 -0.31988189,
  -19.337499 5.0513807 -0.31988189,-19.308026 4.9222516 -0.31988189,
  22.047244 -6.2992126 -0.31988189,22.047244 6.2992126 -0.31988189,
  -22.047244 6.2992126 -0.31988189,-22.047244 4.7906343 -0.31988189,
  -22.047244 3.3927909 -0.31988189,-22.047244 -4.6581846 -0.31988189,
  -22.047244 -6.2992126 -0.31988189,21.651685 4.7906343 -0.31988189,
  21.651685 4.6581846 -0.31988189,21.636856 4.5265673 -0.31988189,
  21.607383 4.3974382 -0.31988189,21.563637 4.2724213 -0.31988189,
  21.506169 4.1530878 -0.31988189,21.435702 4.0409394 -0.31988189,
  21.35312 3.9373858 -0.31988189,21.259465 3.8437299 -0.31988189,
  21.155911 3.7611484 -0.31988189,21.043763 3.6906811 -0.31988189,
  20.924429 3.633213 -0.31988189,20.799412 3.5894677 -0.31988189,
  20.670283 3.5599949 -0.31988189,20.538666 3.5451654 -0.31988189,
  20.406216 3.5451654 -0.31988189,20.274599 3.5599949 -0.31988189,
  20.14547 3.5894677 -0.31988189,20.020453 3.633213 -0.31988189,
  19.901119 3.6906811 -0.31988189,19.788971 3.7611484 -0.31988189,
  19.685417 3.8437299 -0.31988189,19.591761 3.9373858 -0.31988189,
  19.50918 4.0409394 -0.31988189,19.438713 4.1530878 -0.31988189,
  19.381244 4.2724213 -0.31988189,19.337499 4.3974382 -0.31988189,
  19.308026 4.5265673 -0.31988189,19.293197 4.6581846 -0.31988189,
  19.293197 4.7906343 -0.31988189,19.308026 4.9222516 -0.31988189,
  19.337499 5.0513807 -0.31988189,19.381244 5.1763976 -0.31988189,
  19.438713 5.2957311 -0.31988189,19.50918 5.4078795 -0.31988189,
  19.591761 5.5114331 -0.31988189,19.685417 5.605089 -0.31988189,
  19.788971 5.6876705 -0.31988189,19.901119 5.7581378 -0.31988189,
  20.020453 5.8156059 -0.31988189,20.14547 5.8593512 -0.31988189,
  20.274599 5.888824 -0.31988189,20.406216 5.9036535 -0.31988189,
  20.538666 5.9036535 -0.31988189,20.670283 5.888824 -0.31988189,
  20.799412 5.8593512 -0.31988189,20.924429 5.8156059 -0.31988189,
  21.043763 5.7581378 -0.31988189,21.155911 5.6876705 -0.31988189,
  21.259465 5.605089 -0.31988189,21.35312 5.5114331 -0.31988189,
  21.435702 5.4078795 -0.31988189,21.506169 5.2957311 -0.31988189,
  21.563637 5.1763976 -0.31988189,21.607383 5.0513807 -0.31988189,
  21.636856 4.9222516 -0.31988189,21.651685 -4.6581846 -0.31988189,
  21.651685 -4.7906343 -0.31988189,21.636856 -4.9222516 -0.31988189,
  21.607383 -5.0513807 -0.31988189,21.563637 -5.1763976 -0.31988189,
  21.506169 -5.2957311 -0.31988189,21.435702 -5.4078795 -0.31988189,
  21.35312 -5.5114331 -0.31988189,21.259465 -5.605089 -0.31988189,
  21.155911 -5.6876705 -0.31988189,21.043763 -5.7581378 -0.31988189,
  20.924429 -5.8156059 -0.31988189,20.799412 -5.8593512 -0.31988189,
  20.670283 -5.888824 -0.31988189,20.538666 -5.9036535 -0.31988189,
  20.406216 -5.9036535 -0.31988189,20.274599 -5.888824 -0.31988189,
  20.14547 -5.8593512 -0.31988189,20.020453 -5.8156059 -0.31988189,
  19.901119 -5.7581378 -0.31988189,19.788971 -5.6876705 -0.31988189,
  19.685417 -5.605089 -0.31988189,19.591761 -5.5114331 -0.31988189,
  19.50918 -5.4078795 -0.31988189,19.438713 -5.2957311 -0.31988189,
  19.381244 -5.1763976 -0.31988189,19.337499 -5.0513807 -0.31988189,
  19.308026 -4.9222516 -0.31988189,19.293197 -4.7906343 -0.31988189,
  19.293197 -4.6581846 -0.31988189,19.308026 -4.5265673 -0.31988189,
  19.337499 -4.3974382 -0.31988189,19.381244 -4.2724213 -0.31988189,
  19.438713 -4.1530878 -0.31988189,19.50918 -4.0409394 -0.31988189,
  19.591761 -3.9373858 -0.31988189,19.685417 -3.8437299 -0.31988189,
  19.788971 -3.7611484 -0.31988189,19.901119 -3.6906811 -0.31988189,
  20.020453 -3.633213 -0.31988189,20.14547 -3.5894677 -0.31988189,
  20.274599 -3.5599949 -0.31988189,20.406216 -3.5451654 -0.31988189,
  20.538666 -3.5451654 -0.31988189,20.670283 -3.5599949 -0.31988189,
  20.799412 -3.5894677 -0.31988189,20.924429 -3.633213 -0.31988189,
  21.043763 -3.6906811 -0.31988189,21.155911 -3.7611484 -0.31988189,
  21.259465 -3.8437299 -0.31988189,21.35312 -3.9373858 -0.31988189,
  21.435702 -4.0409394 -0.31988189,21.506169 -4.1530878 -0.31988189,
  21.563637 -4.2724213 -0.31988189,21.607383 -4.3974382 -0.31988189,
  21.636856 -4.5265673 -0.31988189] }
 coordIndex [
  28,274,245,-1,28,245,29,-1,29,245,244,-1,29,244,30,-1,30,244,243,-1,30,243,31,-1,31,243,242,-1,31,242,32,-1,
  32,242,241,-1,32,241,33,-1,33,241,240,-1,33,240,34,-1,34,240,239,-1,34,239,35,-1,35,239,238,-1,35,238,36,-1,
  36,238,237,-1,36,237,37,-1,37,237,236,-1,37,236,38,-1,38,236,235,-1,38,235,39,-1,39,235,234,-1,39,234,40,-1,
  40,234,233,-1,40,233,41,-1,41,233,232,-1,41,232,42,-1,42,232,231,-1,42,231,43,-1,43,231,230,-1,43,230,44,-1,
  44,230,229,-1,44,229,45,-1,45,229,228,-1,45,228,46,-1,46,228,227,-1,46,227,47,-1,47,227,226,-1,47,226,48,-1,
  48,226,225,-1,48,225,49,-1,49,225,224,-1,49,224,50,-1,50,224,223,-1,50,223,51,-1,51,223,222,-1,51,222,52,-1,
  52,222,221,-1,52,221,53,-1,53,221,220,-1,53,220,54,-1,54,220,219,-1,54,219,55,-1,55,219,218,-1,55,218,0,-1,
  0,218,217,-1,0,217,352,-1,352,217,216,-1,352,216,199,-1,199,216,200,-1,136,215,214,-1,136,214,216,-1,216,214,213,-1,
  216,213,211,-1,56,135,134,-1,56,134,176,-1,176,134,133,-1,176,133,131,-1,334,333,273,-1,334,273,279,-1,279,273,272,-1,
  279,272,280,-1,280,272,335,-1,280,335,281,-1,281,335,390,-1,281,390,282,-1,282,390,389,-1,282,389,283,-1,283,389,388,-1,
  283,388,284,-1,284,388,387,-1,284,387,285,-1,285,387,386,-1,285,386,286,-1,286,386,385,-1,286,385,287,-1,287,385,384,-1,
  287,384,288,-1,288,384,383,-1,288,383,289,-1,289,383,382,-1,289,382,290,-1,290,382,381,-1,290,381,291,-1,291,381,380,-1,
  291,380,292,-1,292,380,379,-1,292,379,293,-1,293,379,378,-1,293,378,294,-1,294,378,377,-1,294,377,295,-1,295,377,376,-1,
  295,376,296,-1,296,376,375,-1,296,375,297,-1,297,375,374,-1,297,374,298,-1,298,374,373,-1,298,373,299,-1,299,373,372,-1,
  299,372,300,-1,300,372,371,-1,300,371,301,-1,301,371,370,-1,301,370,302,-1,302,370,369,-1,302,369,303,-1,303,369,368,-1,
  303,368,304,-1,304,368,367,-1,304,367,305,-1,305,367,366,-1,305,366,306,-1,306,366,365,-1,306,365,307,-1,307,365,364,-1,
  307,364,308,-1,308,364,363,-1,308,363,96,-1,96,363,362,-1,96,362,361,-1,274,273,258,-1,258,273,259,-1,259,273,260,-1,
  260,273,261,-1,261,273,262,-1,262,273,263,-1,263,273,264,-1,264,273,265,-1,265,273,266,-1,266,273,267,-1,267,273,268,-1,
  268,273,269,-1,269,273,270,-1,270,273,271,-1,271,273,216,-1,216,273,154,-1,154,273,156,-1,156,273,157,-1,157,273,158,-1,
  158,273,159,-1,159,273,160,-1,162,273,163,-1,163,273,164,-1,164,273,165,-1,165,273,166,-1,166,273,167,-1,167,273,168,-1,
  168,273,169,-1,169,273,170,-1,172,273,173,-1,173,273,174,-1,174,273,176,-1,176,273,73,-1,73,273,74,-1,74,273,76,-1,
  76,273,77,-1,77,273,78,-1,78,273,79,-1,79,273,80,-1,82,273,83,-1,83,273,84,-1,84,273,85,-1,85,273,86,-1,
  86,273,87,-1,87,273,88,-1,88,273,89,-1,89,273,90,-1,92,273,93,-1,93,273,94,-1,94,273,319,-1,319,273,320,-1,
  320,273,321,-1,321,273,322,-1,322,273,323,-1,323,273,324,-1,324,273,325,-1,325,273,326,-1,326,273,327,-1,327,273,328,-1,
  328,273,329,-1,329,273,330,-1,330,273,331,-1,331,273,332,-1,332,273,333,-1,308,96,309,-1,309,96,310,-1,310,96,311,-1,
  311,96,312,-1,312,96,313,-1,313,96,314,-1,314,96,315,-1,315,96,316,-1,316,96,317,-1,317,96,318,-1,318,96,319,-1,
  319,96,94,-1,94,96,95,-1,69,68,176,-1,69,176,70,-1,70,176,73,-1,67,66,68,-1,68,66,176,-1,176,66,64,-1,
  64,66,65,-1,63,61,176,-1,176,61,59,-1,59,58,176,-1,176,58,56,-1,56,58,57,-1,149,148,216,-1,149,216,150,-1,
  150,216,153,-1,147,146,148,-1,148,146,216,-1,216,146,144,-1,144,146,145,-1,143,141,216,-1,216,141,139,-1,139,138,216,-1,
  216,138,136,-1,136,138,137,-1,245,274,246,-1,246,274,247,-1,247,274,248,-1,248,274,249,-1,249,274,250,-1,250,274,251,-1,
  251,274,252,-1,252,274,253,-1,253,274,254,-1,254,274,255,-1,255,274,256,-1,256,274,257,-1,257,274,258,-1,335,272,336,-1,
  336,272,337,-1,337,272,338,-1,338,272,339,-1,339,272,340,-1,340,272,341,-1,341,272,342,-1,342,272,343,-1,343,272,344,-1,
  344,272,345,-1,345,272,346,-1,346,272,347,-1,347,272,348,-1,348,272,349,-1,349,272,350,-1,350,272,351,-1,351,272,352,-1,
  352,272,0,-1,0,272,1,-1,1,272,2,-1,2,272,3,-1,3,272,4,-1,4,272,5,-1,5,272,6,-1,6,272,7,-1,
  7,272,8,-1,8,272,9,-1,9,272,10,-1,10,272,11,-1,11,272,12,-1,12,272,13,-1,13,272,14,-1,14,272,15,-1,
  15,272,278,-1,97,96,356,-1,356,96,357,-1,357,96,358,-1,358,96,359,-1,359,96,360,-1,360,96,361,-1,97,356,98,-1,
  98,356,99,-1,99,356,100,-1,102,356,103,-1,103,356,104,-1,104,356,105,-1,105,356,106,-1,106,356,107,-1,107,356,108,-1,
  108,356,109,-1,109,356,355,-1,109,355,110,-1,112,355,113,-1,113,355,114,-1,114,355,115,-1,115,355,116,-1,116,355,117,-1,
  117,355,118,-1,118,355,119,-1,119,355,120,-1,122,355,123,-1,123,355,124,-1,124,355,176,-1,176,355,354,-1,127,126,128,-1,
  128,126,176,-1,176,126,124,-1,124,126,125,-1,131,129,176,-1,176,129,128,-1,177,176,352,-1,352,176,353,-1,353,176,354,-1,
  177,352,178,-1,178,352,179,-1,179,352,180,-1,182,352,183,-1,183,352,184,-1,184,352,185,-1,185,352,186,-1,186,352,187,-1,
  187,352,188,-1,188,352,189,-1,189,352,190,-1,192,352,193,-1,193,352,194,-1,194,352,195,-1,195,352,196,-1,196,352,197,-1,
  197,352,198,-1,198,352,199,-1,206,205,204,-1,206,204,216,-1,216,204,203,-1,216,203,201,-1,211,209,216,-1,216,209,208,-1,
  216,208,206,-1,206,208,207,-1,274,28,275,-1,275,28,276,-1,276,28,277,-1,277,28,27,-1,278,277,22,-1,22,277,23,-1,
  23,277,24,-1,24,277,25,-1,25,277,26,-1,26,277,27,-1,15,278,16,-1,16,278,17,-1,17,278,18,-1,18,278,19,-1,
  19,278,20,-1,20,278,21,-1,21,278,22,-1,174,176,175,-1,216,154,153,-1,216,144,143,-1,154,156,155,-1,176,64,63,-1,
  74,76,75,-1]
  normalPerVertex TRUE
  normal DEF NORM_13 Normal { vector [
  0 0 -1,0 0 -1,
  0 0 -1,0 0 -1,
  0 0 -1,0 0 -1,
  0 0 -1,0 0 -1,
  0 0 -1,0 0 -1,
  0 0 -1,0 0 -1,
  0 0 -1,0 0 -1,
  0 0 -1,0 0 -1,
  0 0 -1,0 0 -1,
  0 0 -1,0 0 -1,
  0 0 -1,0 0 -1,
  0 0 -1,0 0 -1,
  0 0 -1,0 0 -1,
  0 0 -1,0 0 -1,
  0 0 -1,0 0 -1,
  0 0 -1,0 0 -1,
  0 0 -1,0 0 -1,
  0 0 -1,0 0 -1,
  0 0 -1,0 0 -1,
  0 0 -1,0 0 -1,
  0 0 -1,0 0 -1,
  0 0 -1,0 0 -1,
  0 0 -1,0 0 -1,
  0 0 -1,0 0 -1,
  0 0 -1,0 0 -1,
  0 0 -1,0 0 -1,
  0 0 -1,0 0 -1,
  0 0 -1,0 0 -1,
  0 0 -1,0 0 -1,
  0 0 -1,0 0 -1,
  0 0 -1,0 0 -1,
  0 0 -1,0 0 -1,
  0 0 -1,0 0 -1,
  0 0 -1,0 0 -1,
  0 0 -1,0 0 -1,
  0 0 -1,0 0 -1,
  0 0 -1,0 0 -1,
  0 0 -1,0 0 -1,
  0 0 -1,0 0 -1,
  0 0 -1,0 0 -1,
  0 0 -1,0 0 -1,
  0 0 -1,0 0 -1,
  0 0 -1,0 0 -1,
  0 0 -1,0 0 -1,
  0 0 -1,0 0 -1,
  0 0 -1,0 0 -1,
  0 0 -1,0 0 -1,
  0 0 -1,0 0 -1,
  0 0 -1,0 0 -1,
  0 0 -1,0 0 -1,
  0 0 -1,0 0 -1,
  0 0 -1,0 0 -1,
  0 0 -1,0 0 -1,
  0 0 -1,0 0 -1,
  0 0 -1,0 0 -1,
  0 0 -1,0 0 -1,
  0 0 -1,0 0 -1,
  0 0 -1,0 0 -1,
  0 0 -1,0 0 -1,
  0 0 -1,0 0 -1,
  0 0 -1,0 0 -1,
  0 0 -1,0 0 -1,
  0 0 -1,0 0 -1,
  0 0 -1,0 0 -1,
  0 0 -1,0 0 -1,
  0 0 -1,0 0 -1,
  0 0 -1,0 0 -1,
  0 0 -1,0 0 -1,
  0 0 -1,0 0 -1,
  0 0 -1,0 0 -1,
  0 0 -1,0 0 -1,
  0 0 -1,0 0 -1,
  0 0 -1,0 0 -1,
  0 0 -1,0 0 -1,
  0 0 -1,0 0 -1,
  0 0 -1,0 0 -1,
  0 0 -1,0 0 -1,
  0 0 -1,0 0 -1,
  0 0 -1,0 0 -1,
  0 0 -1,0 0 -1,
  0 0 -1,0 0 -1,
  0 0 -1,0 0 -1,
  0 0 -1,0 0 -1,
  0 0 -1,0 0 -1,
  0 0 -1,0 0 -1,
  0 0 -1,0 0 -1,
  0 0 -1,0 0 -1,
  0 0 -1,0 0 -1,
  0 0 -1,0 0 -1,
  0 0 -1,0 0 -1,
  0 0 -1,0 0 -1,
  0 0 -1,0 0 -1,
  0 0 -1,0 0 -1,
  0 0 -1,0 0 -1,
  0 0 -1,0 0 -1,
  0 0 -1,0 0 -1,
  0 0 -1,0 0 -1,
  0 0 -1,0 0 -1,
  0 0 -1,0 0 -1,
  0 0 -1,0 0 -1,
  0 0 -1,0 0 -1,
  0 0 -1,0 0 -1,
  0 0 -1,0 0 -1,
  0 0 -1,0 0 -1,
  0 0 -1,0 0 -1,
  0 0 -1,0 0 -1,
  0 0 -1,0 0 -1,
  0 0 -1,0 0 -1,
  0 0 -1,0 0 -1,
  0 0 -1,0 0 -1,
  0 0 -1,0 0 -1,
  0 0 -1,0 0 -1,
  0 0 -1,0 0 -1,
  0 0 -1,0 0 -1,
  0 0 -1,0 0 -1,
  0 0 -1,0 0 -1,
  0 0 -1,0 0 -1,
  0 0 -1,0 0 -1,
  0 0 -1,0 0 -1,
  0 0 -1,0 0 -1,
  0 0 -1,0 0 -1,
  0 0 -1,0 0 -1,
  0 0 -1,0 0 -1,
  0 0 -1,0 0 -1,
  0 0 -1,0 0 -1,
  0 0 -1,0 0 -1,
  0 0 -1,0 0 -1,
  0 0 -1,0 0 -1,
  0 0 -1,0 0 -1,
  0 0 -1,0 0 -1,
  0 0 -1,0 0 -1,
  0 0 -1,0 0 -1,
  0 0 -1,0 0 -1,
  0 0 -1,0 0 -1,
  0 0 -1,0 0 -1,
  0 0 -1,0 0 -1,
  0 0 -1,0 0 -1,
  0 0 -1,0 0 -1,
  0 0 -1,0 0 -1,
  0 0 -1,0 0 -1,
  0 0 -1,0 0 -1,
  0 0 -1,0 0 -1,
  0 0 -1,0 0 -1,
  0 0 -1,0 0 -1,
  0 0 -1,0 0 -1,
  0 0 -1,0 0 -1,
  0 0 -1,0 0 -1,
  0 0 -1,0 0 -1,
  0 0 -1,0 0 -1,
  0 0 -1,0 0 -1,
  0 0 -1,0 0 -1,
  0 0 -1,0 0 -1,
  0 0 -1,0 0 -1,
  0 0 -1,0 0 -1,
  0 0 -1,0 0 -1,
  0 0 -1,0 0 -1,
  0 0 -1,0 0 -1,
  0 0 -1,0 0 -1,
  0 0 -1,0 0 -1,
  0 0 -1,0 0 -1,
  0 0 -1,0 0 -1,
  0 0 -1,0 0 -1,
  0 0 -1,0 0 -1,
  0 0 -1,0 0 -1,
  0 0 -1,0 0 -1,
  0 0 -1,0 0 -1,
  0 0 -1,0 0 -1,
  0 0 -1,0 0 -1,
  0 0 -1,0 0 -1,
  0 0 -1,0 0 -1,
  0 0 -1,0 0 -1,
  0 0 -1,0 0 -1,
  0 0 -1,0 0 -1,
  0 0 -1,0 0 -1,
  0 0 -1,0 0 -1,
  0 0 -1,0 0 -1,
  0 0 -1,0 0 -1,
  0 0 -1,0 0 -1,
  0 0 -1,0 0 -1,
  0 0 -1,0 0 -1,
  0 0 -1,0 0 -1,
  0 0 -1,0 0 -1,
  0 0 -1,0 0 -1,
  0 0 -1,0 0 -1,
  0 0 -1,0 0 -1,
  0 0 -1,0 0 -1,
  0 0 -1,0 0 -1,
  0 0 -1,0 0 -1,
  0 0 -1,0 0 -1,
  0 0 -1,0 0 -1,
  0 0 -1,0 0 -1,
  0 0 -1,0 0 -1,
  0 0 -1,0 0 -1,
  0 0 -1,0 0 -1,
  0 0 -1,0 0 -1,
  0 0 -1] }
}
}
] }
DEF TXFM_26 Transform {
  center 0 0 0
  rotation 0 0 1 0
  scale 1 1 1
  scaleOrientation 0 0 1 0
  translation 0 0 0
 children [
DEF SHAPE_14 Shape {
 appearance DEF APP_12 Appearance {
  material Material {
   ambientIntensity 0.72857141
   diffuseColor 0.96078432 0.96078432 0.96078432
   emissiveColor 0 0 0
   shininess 0.02
   specularColor 0.96470588 0.96470588 0.96470588
   transparency 0
} }
 geometry DEF FACE_14 IndexedFaceSet {
  coord DEF COORD_14 Coordinate { point [
  -11.859055 -4.2677346 0.34448819,-11.859055 -4.1472496 0.34448819,
  -11.842029 -4.1131969 0.34448819,-11.826578 -4.0977469 0.34448819,
  -11.792526 -4.0807205 0.34448819,-11.717035 -4.0807205 0.34448819,
  -11.678524 -4.0999756 0.34448819,-11.672902 -4.1021272 0.34448819,
  -11.660951 -4.1029768 0.34448819,-11.649583 -4.0991874 0.34448819,
  -11.640531 -4.091337 0.34448819,-11.635173 -4.0806201 0.34448819,
  -11.634324 -4.0686685 0.34448819,-11.638113 -4.0573012 0.34448819,
  -11.645963 -4.0482496 0.34448819,-11.651058 -4.0450425 0.34448819,
  -11.696052 -4.0225453 0.34448819,-11.701675 -4.0203937 0.34448819,
  -11.702776 -4.0203154 0.34448819,-11.703795 -4.0198933 0.34448819,
  -11.709786 -4.0193031 0.34448819,-11.799775 -4.0193031 0.34448819,
  -11.805766 -4.0198933 0.34448819,-11.806785 -4.0203154 0.34448819,
  -11.807886 -4.0203937 0.34448819,-11.813508 -4.0225453 0.34448819,
  -11.858502 -4.0450425 0.34448819,-11.861081 -4.0466654 0.34448819,
  -11.86183 -4.046976 0.34448819,-11.862674 -4.0476685 0.34448819,
  -11.863597 -4.0482496 0.34448819,-11.864128 -4.0488614 0.34448819,
  -11.866483 -4.0507949 0.34448819,-11.88898 -4.0732921 0.34448819,
  -11.890913 -4.0756465 0.34448819,-11.891526 -4.0761783 0.34448819,
  -11.892108 -4.0771028 0.34448819,-11.892799 -4.0779457 0.34448819,
  -11.893109 -4.0786937 0.34448819,-11.894733 -4.0812728 0.34448819,
  -11.91723 -4.1262673 0.34448819,-11.919381 -4.1318898 0.34448819,
  -11.91946 -4.1329906 0.34448819,-11.919882 -4.1340098 0.34448819,
  -11.920472 -4.1400008 0.34448819,-11.920472 -4.2749839 0.34448819,
  -11.919882 -4.2809748 0.34448819,-11.91946 -4.2819937 0.34448819,
  -11.919381 -4.2830949 0.34448819,-11.91723 -4.2887173 0.34448819,
  -11.894733 -4.3337118 0.34448819,-11.893109 -4.3362906 0.34448819,
  -11.892799 -4.337039 0.34448819,-11.892108 -4.3378815 0.34448819,
  -11.891526 -4.3388063 0.34448819,-11.890913 -4.3393378 0.34448819,
  -11.88898 -4.3416925 0.34448819,-11.866483 -4.3641898 0.34448819,
  -11.864128 -4.3661228 0.34448819,-11.863597 -4.366735 0.34448819,
  -11.862674 -4.3673157 0.34448819,-11.86183 -4.3680087 0.34448819,
  -11.86108 -4.3683189 0.34448819,-11.858502 -4.3699421 0.34448819,
  -11.813508 -4.392439 0.34448819,-11.807886 -4.3945906 0.34448819,
  -11.806785 -4.3946685 0.34448819,-11.805766 -4.3950909 0.34448819,
  -11.799775 -4.3956811 0.34448819,-11.709786 -4.3956811 0.34448819,
  -11.703795 -4.3950909 0.34448819,-11.702776 -4.3946685 0.34448819,
  -11.701675 -4.3945906 0.34448819,-11.696053 -4.3924394 0.34448819,
  -11.651058 -4.3699425 0.34448819,-11.645964 -4.3667354 0.34448819,
  -11.638113 -4.3576839 0.34448819,-11.634324 -4.3463165 0.34448819,
  -11.635173 -4.334365 0.34448819,-11.640532 -4.323648 0.34448819,
  -11.649583 -4.3157972 0.34448819,-11.660951 -4.3120083 0.34448819,
  -11.672902 -4.3128575 0.34448819,-11.678524 -4.3150091 0.34448819,
  -11.717035 -4.3342638 0.34448819,-11.792525 -4.3342638 0.34448819,
  -11.826578 -4.3172378 0.34448819,-11.842029 -4.3017874 0.34448819,
  -11.266027 -4.0466657 0.34448819,-11.268606 -4.0450425 0.34448819,
  -11.3136 -4.0225453 0.34448819,-11.319223 -4.0203937 0.34448819,
  -11.320324 -4.0203154 0.34448819,-11.321343 -4.0198933 0.34448819,
  -11.327334 -4.0193031 0.34448819,-11.394826 -4.0193031 0.34448819,
  -11.400817 -4.0198933 0.34448819,-11.401836 -4.0203154 0.34448819,
  -11.402937 -4.0203937 0.34448819,-11.408559 -4.0225453 0.34448819,
  -11.453553 -4.0450425 0.34448819,-11.456131 -4.0466654 0.34448819,
  -11.456881 -4.046976 0.34448819,-11.457725 -4.0476685 0.34448819,
  -11.458648 -4.0482496 0.34448819,-11.459179 -4.0488614 0.34448819,
  -11.461534 -4.0507949 0.34448819,-11.484031 -4.0732921 0.34448819,
  -11.485963 -4.0756465 0.34448819,-11.486576 -4.0761783 0.34448819,
  -11.487159 -4.0771028 0.34448819,-11.48785 -4.0779457 0.34448819,
  -11.48816 -4.0786937 0.34448819,-11.489783 -4.0812728 0.34448819,
  -11.512281 -4.1262673 0.34448819,-11.514432 -4.1318898 0.34448819,
  -11.514511 -4.1329906 0.34448819,-11.514933 -4.1340098 0.34448819,
  -11.515523 -4.1400008 0.34448819,-11.515523 -4.1472496 0.34448819,
  -11.515523 -4.2749839 0.34448819,-11.514933 -4.2809748 0.34448819,
  -11.514511 -4.2819937 0.34448819,-11.514432 -4.2830949 0.34448819,
  -11.512281 -4.2887173 0.34448819,-11.489783 -4.3337118 0.34448819,
  -11.48816 -4.3362906 0.34448819,-11.48785 -4.337039 0.34448819,
  -11.487159 -4.3378815 0.34448819,-11.486576 -4.3388063 0.34448819,
  -11.485963 -4.3393378 0.34448819,-11.484031 -4.3416925 0.34448819,
  -11.461534 -4.3641898 0.34448819,-11.459179 -4.3661228 0.34448819,
  -11.458648 -4.366735 0.34448819,-11.457725 -4.3673157 0.34448819,
  -11.456881 -4.3680087 0.34448819,-11.456131 -4.3683189 0.34448819,
  -11.453553 -4.3699421 0.34448819,-11.408559 -4.392439 0.34448819,
  -11.402937 -4.3945906 0.34448819,-11.401836 -4.3946685 0.34448819,
  -11.400817 -4.3950909 0.34448819,-11.394826 -4.3956811 0.34448819,
  -11.327334 -4.3956811 0.34448819,-11.321343 -4.3950909 0.34448819,
  -11.320324 -4.3946685 0.34448819,-11.319223 -4.3945906 0.34448819,
  -11.313601 -4.3924394 0.34448819,-11.268606 -4.3699425 0.34448819,
  -11.266026 -4.3683181 0.34448819,-11.265279 -4.3680087 0.34448819,
  -11.264437 -4.3673177 0.34448819,-11.263512 -4.3667354 0.34448819,
  -11.26298 -4.366122 0.34448819,-11.260625 -4.3641898 0.34448819,
  -11.238128 -4.3416929 0.34448819,-11.236195 -4.3393366 0.34448819,
  -11.235582 -4.3388059 0.34448819,-11.235001 -4.3378823 0.34448819,
  -11.234309 -4.3370394 0.34448819,-11.233999 -4.3362906 0.34448819,
  -11.232375 -4.3337114 0.34448819,-11.209879 -4.2887169 0.34448819,
  -11.207727 -4.2830945 0.34448819,-11.207649 -4.2819941 0.34448819,
  -11.207227 -4.2809748 0.34448819,-11.206637 -4.2749839 0.34448819,
  -11.206637 -4.1400008 0.34448819,-11.207227 -4.1340098 0.34448819,
  -11.207649 -4.1329902 0.34448819,-11.207727 -4.1318902 0.34448819,
  -11.209879 -4.1262677 0.34448819,-11.232375 -4.0812732 0.34448819,
  -11.233999 -4.0786937 0.34448819,-11.234309 -4.0779453 0.34448819,
  -11.235001 -4.077102 0.34448819,-11.235582 -4.0761787 0.34448819,
  -11.236195 -4.0756476 0.34448819,-11.238128 -4.0732917 0.34448819,
  -11.260625 -4.0507949 0.34448819,-11.26298 -4.0488626 0.34448819,
  -11.263511 -4.0482496 0.34448819,-11.264436 -4.0476673 0.34448819,
  -11.265279 -4.046976 0.34448819,-11.268054 -4.14725 0.34448819,
  -11.268054 -4.2677343 0.34448819,-11.285081 -4.3017878 0.34448819,
  -11.30053 -4.3172374 0.34448819,-11.334583 -4.3342638 0.34448819,
  -11.387576 -4.3342638 0.34448819,-11.421629 -4.3172378 0.34448819,
  -11.43708 -4.3017874 0.34448819,-11.454106 -4.2677346 0.34448819,
  -11.454106 -4.1472496 0.34448819,-11.43708 -4.1131969 0.34448819,
  -11.421629 -4.0977469 0.34448819,-11.387576 -4.0807205 0.34448819,
  -11.334583 -4.0807205 0.34448819,-11.30053 -4.0977465 0.34448819,
  -11.285081 -4.1131965 0.34448819,-9.9862665 -4.0450425 0.34448819,
  -10.031261 -4.0225453 0.34448819,-10.036883 -4.0203937 0.34448819,
  -10.037985 -4.0203154 0.34448819,-10.039004 -4.0198933 0.34448819,
  -10.044994 -4.0193031 0.34448819,-10.134983 -4.0193031 0.34448819,
  -10.140974 -4.0198933 0.34448819,-10.141993 -4.0203154 0.34448819,
  -10.143094 -4.0203937 0.34448819,-10.148716 -4.0225453 0.34448819,
  -10.193711 -4.0450425 0.34448819,-10.194713 -4.0456728 0.34448819,
  -10.195185 -4.0458307 0.34448819,-10.195774 -4.0463409 0.34448819,
  -10.198806 -4.0482496 0.34448819,-10.201329 -4.0511587 0.34448819,
  -10.204237 -4.0536811 0.34448819,-10.206144 -4.056711 0.34448819,
  -10.206656 -4.0573008 0.34448819,-10.206814 -4.057774 0.34448819,
  -10.207444 -4.0587756 0.34448819,-10.229941 -4.1037701 0.34448819,
  -10.232093 -4.1093925 0.34448819,-10.232171 -4.1104933 0.34448819,
  -10.232593 -4.1115126 0.34448819,-10.233183 -4.1175035 0.34448819,
  -10.233183 -4.1247524 0.34448819,-10.233183 -4.2974811 0.34448819,
  -10.232593 -4.303472 0.34448819,-10.232171 -4.3044909 0.34448819,
  -10.232093 -4.3055921 0.34448819,-10.229941 -4.3112146 0.34448819,
  -10.207444 -4.3562091 0.34448819,-10.206814 -4.3572102 0.34448819,
  -10.206656 -4.3576839 0.34448819,-10.206144 -4.3582732 0.34448819,
  -10.204237 -4.3613035 0.34448819,-10.201329 -4.363826 0.34448819,
  -10.198805 -4.3667354 0.34448819,-10.195774 -4.3686437 0.34448819,
  -10.195185 -4.3691539 0.34448819,-10.194713 -4.369311 0.34448819,
  -10.193711 -4.3699425 0.34448819,-10.148716 -4.392439 0.34448819,
  -10.143094 -4.3945906 0.34448819,-10.141994 -4.3946685 0.34448819,
  -10.140974 -4.3950909 0.34448819,-10.134983 -4.3956811 0.34448819,
  -10.044994 -4.3956811 0.34448819,-10.039004 -4.3950909 0.34448819,
  -10.037985 -4.3946685 0.34448819,-10.036884 -4.3945906 0.34448819,
  -10.031261 -4.3924394 0.34448819,-9.9862669 -4.3699425 0.34448819,
  -9.9811724 -4.3667354 0.34448819,-9.9733217 -4.3576839 0.34448819,
  -9.9695327 -4.3463165 0.34448819,-9.9703819 -4.334365 0.34448819,
  -9.9757406 -4.323648 0.34448819,-9.9847917 -4.3157972 0.34448819,
  -9.9961594 -4.3120083 0.34448819,-10.008111 -4.3128575 0.34448819,
  -10.013733 -4.3150091 0.34448819,-10.052244 -4.3342638 0.34448819,
  -10.127733 -4.3342638 0.34448819,-10.157089 -4.3195862 0.34448819,
  -10.171766 -4.2902319 0.34448819,-10.171766 -4.2326669 0.34448819,
  -9.9714803 -4.1926102 0.34448819,-9.9657217 -4.1908567 0.34448819,
  -9.9632228 -4.1891831 0.34448819,-9.9604421 -4.1880315 0.34448819,
  -9.9582917 -4.1858807 0.34448819,-9.9557661 -4.1841898 0.34448819,
  -9.9540976 -4.1816866 0.34448819,-9.9519693 -4.1795587 0.34448819,
  -9.9508059 -4.1767496 0.34448819,-9.9491193 -4.1742201 0.34448819,
  -9.9485358 -4.1712681 0.34448819,-9.9473843 -4.168489 0.34448819,
  -9.9467941 -4.162498 0.34448819,-9.9467941 -4.1175035 0.34448819,
  -9.9473843 -4.1115126 0.34448819,-9.9478067 -4.1104933 0.34448819,
  -9.9478846 -4.1093929 0.34448819,-9.9500362 -4.1037705 0.34448819,
  -9.9725335 -4.0587756 0.34448819,-9.9731642 -4.0577736 0.34448819,
  -9.9733217 -4.0573012 0.34448819,-9.9738323 -4.0567122 0.34448819,
  -9.9757406 -4.0536811 0.34448819,-9.97865 -4.0511579 0.34448819,
  -9.981172 -4.0482496 0.34448819,-9.9842024 -4.0463421 0.34448819,
  -9.9847917 -4.0458307 0.34448819,-9.9852654 -4.0456728 0.34448819,
  -10.008211 -4.1247528 0.34448819,-10.008211 -4.1373228 0.34448819,
  -10.171766 -4.1700335 0.34448819,-10.171766 -4.1247524 0.34448819,
  -10.157089 -4.0953976 0.34448819,-10.127734 -4.0807205 0.34448819,
  -10.052244 -4.0807205 0.34448819,-10.022889 -4.0953976 0.34448819,
  -9.7668169 -4.2677346 0.34448819,-9.7668169 -4.1472496 0.34448819,
  -9.7497909 -4.1131969 0.34448819,-9.7343406 -4.0977469 0.34448819,
  -9.7002878 -4.0807205 0.34448819,-9.6247972 -4.0807205 0.34448819,
  -9.5862866 -4.0999756 0.34448819,-9.5806642 -4.1021272 0.34448819,
  -9.568713 -4.1029768 0.34448819,-9.5573453 -4.0991874 0.34448819,
  -9.5482937 -4.091337 0.34448819,-9.5429354 -4.0806201 0.34448819,
  -9.5420858 -4.0686685 0.34448819,-9.5458752 -4.0573012 0.34448819,
  -9.5537256 -4.0482496 0.34448819,-9.5588201 -4.0450425 0.34448819,
  -9.6038146 -4.0225453 0.34448819,-9.609437 -4.0203937 0.34448819,
  -9.6105382 -4.0203154 0.34448819,-9.6115571 -4.0198933 0.34448819,
  -9.617548 -4.0193031 0.34448819,-9.707537 -4.0193031 0.34448819,
  -9.713528 -4.0198933 0.34448819,-9.7145472 -4.0203154 0.34448819,
  -9.715648 -4.0203937 0.34448819,-9.7212705 -4.0225453 0.34448819,
  -9.7662646 -4.0450425 0.34448819,-9.7688429 -4.0466654 0.34448819,
  -9.7695921 -4.046976 0.34448819,-9.7704362 -4.0476685 0.34448819,
  -9.7713591 -4.0482496 0.34448819,-9.7718902 -4.0488614 0.34448819,
  -9.7742457 -4.0507949 0.34448819,-9.7967425 -4.0732921 0.34448819,
  -9.7986748 -4.0756465 0.34448819,-9.7992878 -4.0761783 0.34448819,
  -9.7998701 -4.0771028 0.34448819,-9.8005614 -4.0779457 0.34448819,
  -9.8008717 -4.0786937 0.34448819,-9.8024949 -4.0812728 0.34448819,
  -9.8249921 -4.1262673 0.34448819,-9.8271437 -4.1318898 0.34448819,
  -9.827222 -4.1329906 0.34448819,-9.8276441 -4.1340098 0.34448819,
  -9.8282343 -4.1400008 0.34448819,-9.8282343 -4.2749839 0.34448819,
  -9.8276441 -4.2809748 0.34448819,-9.827222 -4.2819937 0.34448819,
  -9.8271437 -4.2830949 0.34448819,-9.8249921 -4.2887173 0.34448819,
  -9.8024949 -4.3337118 0.34448819,-9.8008717 -4.3362906 0.34448819,
  -9.8005614 -4.337039 0.34448819,-9.7998701 -4.3378815 0.34448819,
  -9.7992878 -4.3388063 0.34448819,-9.7986748 -4.3393378 0.34448819,
  -9.7967425 -4.3416925 0.34448819,-9.7742457 -4.3641898 0.34448819,
  -9.7718902 -4.3661228 0.34448819,-9.7713591 -4.366735 0.34448819,
  -9.7704366 -4.3673157 0.34448819,-9.7695921 -4.3680087 0.34448819,
  -9.7688425 -4.3683189 0.34448819,-9.7662642 -4.3699421 0.34448819,
  -9.7212705 -4.392439 0.34448819,-9.715648 -4.3945906 0.34448819,
  -9.7145472 -4.3946685 0.34448819,-9.713528 -4.3950909 0.34448819,
  -9.707537 -4.3956811 0.34448819,-9.617548 -4.3956811 0.34448819,
  -9.6115571 -4.3950909 0.34448819,-9.6105382 -4.3946685 0.34448819,
  -9.6094374 -4.3945906 0.34448819,-9.603815 -4.3924394 0.34448819,
  -9.5588205 -4.3699425 0.34448819,-9.553726 -4.3667354 0.34448819,
  -9.5458752 -4.3576839 0.34448819,-9.5420862 -4.3463165 0.34448819,
  -9.5429354 -4.334365 0.34448819,-9.5482941 -4.323648 0.34448819,
  -9.5573453 -4.3157972 0.34448819,-9.568713 -4.3120083 0.34448819,
  -9.5806642 -4.3128575 0.34448819,-9.5862866 -4.3150091 0.34448819,
  -9.6247972 -4.3342638 0.34448819,-9.7002874 -4.3342638 0.34448819,
  -9.7343402 -4.3172378 0.34448819,-9.7497909 -4.3017874 0.34448819,
  -9.4007878 -4.0193031 0.34448819,-9.4375709 -4.0193031 0.34448819,
  -9.4435618 -4.0198933 0.34448819,-9.4546315 -4.0244783 0.34448819,
  -9.4631043 -4.0329512 0.34448819,-9.4676894 -4.0440209 0.34448819,
  -9.4676894 -4.0560028 0.34448819,-9.4631043 -4.0670724 0.34448819,
  -9.4546315 -4.0755453 0.34448819,-9.4435618 -4.0801303 0.34448819,
  -9.4375709 -4.0807205 0.34448819,-9.4007878 -4.0807205 0.34448819,
  -9.4007878 -4.2974811 0.34448819,-9.4001976 -4.303472 0.34448819,
  -9.3997756 -4.3044909 0.34448819,-9.3996972 -4.3055921 0.34448819,
  -9.3975457 -4.3112146 0.34448819,-9.3750484 -4.3562091 0.34448819,
  -9.3744181 -4.3572102 0.34448819,-9.3742602 -4.3576839 0.34448819,
  -9.3737488 -4.3582732 0.34448819,-9.3718413 -4.3613035 0.34448819,
  -9.3689331 -4.3638256 0.34448819,-9.3664098 -4.366735 0.34448819,
  -9.3633791 -4.3686425 0.34448819,-9.3627898 -4.3691539 0.34448819,
  -9.3623165 -4.3693114 0.34448819,-9.361315 -4.3699421 0.34448819,
  -9.3163213 -4.392439 0.34448819,-9.3106988 -4.3945906 0.34448819,
  -9.309598 -4.3946685 0.34448819,-9.3085787 -4.3950909 0.34448819,
  -9.3025878 -4.3956811 0.34448819,-9.2575933 -4.3956811 0.34448819,
  -9.2516024 -4.3950909 0.34448819,-9.2405327 -4.3905059 0.34448819,
  -9.2320598 -4.3820331 0.34448819,-9.2274748 -4.3709634 0.34448819,
  -9.2274748 -4.3589815 0.34448819,-9.2320598 -4.3479118 0.34448819,
  -9.2405327 -4.339439 0.34448819,-9.2516024 -4.3348539 0.34448819,
  -9.2575933 -4.3342638 0.34448819,-9.2953382 -4.3342638 0.34448819,
  -9.3246933 -4.3195866 0.34448819,-9.3393705 -4.2902319 0.34448819,
  -9.3393705 -4.0807205 0.34448819,-9.2575933 -4.0807205 0.34448819,
  -9.2516024 -4.0801303 0.34448819,-9.2405327 -4.0755453 0.34448819,
  -9.2320598 -4.0670724 0.34448819,-9.2274748 -4.0560028 0.34448819,
  -9.2274748 -4.0440209 0.34448819,-9.2320598 -4.0329512 0.34448819,
  -9.2405327 -4.0244783 0.34448819,-9.2516024 -4.0198933 0.34448819,
  -9.2575933 -4.0193031 0.34448819,-9.3393705 -4.0193031 0.34448819,
  -9.3393705 -3.8925315 0.34448819,-9.3399606 -3.8865406 0.34448819,
  -9.3445457 -3.8754709 0.34448819,-9.3530185 -3.866998 0.34448819,
  -9.3640882 -3.862413 0.34448819,-9.3760701 -3.862413 0.34448819,
  -9.3871398 -3.866998 0.34448819,-9.3956126 -3.8754709 0.34448819,
  -9.4001976 -3.8865406 0.34448819,-9.4007878 -3.8925315 0.34448819,
  -8.9038232 -4.0466657 0.34448819,-8.906402 -4.0450425 0.34448819,
  -8.9513965 -4.0225453 0.34448819,-8.9570189 -4.0203937 0.34448819,
  -8.9581201 -4.0203154 0.34448819,-8.959139 -4.0198933 0.34448819,
  -8.9651299 -4.0193031 0.34448819,-9.0326217 -4.0193031 0.34448819,
  -9.0386126 -4.0198933 0.34448819,-9.0396319 -4.0203154 0.34448819,
  -9.0407327 -4.0203937 0.34448819,-9.0463551 -4.0225453 0.34448819,
  -9.0913492 -4.0450425 0.34448819,-9.0939276 -4.0466654 0.34448819,
  -9.0946768 -4.046976 0.34448819,-9.0955209 -4.0476685 0.34448819,
  -9.0964437 -4.0482496 0.34448819,-9.0969748 -4.0488614 0.34448819,
  -9.0993303 -4.0507949 0.34448819,-9.1218272 -4.0732921 0.34448819,
  -9.1237594 -4.0756465 0.34448819,-9.1243724 -4.0761783 0.34448819,
  -9.1249547 -4.0771028 0.34448819,-9.1256461 -4.0779457 0.34448819,
  -9.1259563 -4.0786937 0.34448819,-9.1275795 -4.0812728 0.34448819,
  -9.1500768 -4.1262673 0.34448819,-9.1522283 -4.1318898 0.34448819,
  -9.1523067 -4.1329906 0.34448819,-9.1527287 -4.1340098 0.34448819,
  -9.1533189 -4.1400008 0.34448819,-9.1533189 -4.1472496 0.34448819,
  -9.1533189 -4.2749839 0.34448819,-9.1527287 -4.2809748 0.34448819,
  -9.1523067 -4.2819937 0.34448819,-9.1522283 -4.2830949 0.34448819,
  -9.1500768 -4.2887173 0.34448819,-9.1275795 -4.3337118 0.34448819,
  -9.1259563 -4.3362906 0.34448819,-9.1256461 -4.337039 0.34448819,
  -9.1249547 -4.3378815 0.34448819,-9.1243724 -4.3388063 0.34448819,
  -9.1237594 -4.3393378 0.34448819,-9.1218272 -4.3416925 0.34448819,
  -9.0993303 -4.3641898 0.34448819,-9.0969748 -4.3661228 0.34448819,
  -9.0964437 -4.366735 0.34448819,-9.0955213 -4.3673157 0.34448819,
  -9.0946768 -4.3680087 0.34448819,-9.0939272 -4.3683189 0.34448819,
  -9.0913488 -4.3699421 0.34448819,-9.0463551 -4.392439 0.34448819,
  -9.0407327 -4.3945906 0.34448819,-9.0396319 -4.3946685 0.34448819,
  -9.0386126 -4.3950909 0.34448819,-9.0326217 -4.3956811 0.34448819,
  -8.9651299 -4.3956811 0.34448819,-8.959139 -4.3950909 0.34448819,
  -8.9581201 -4.3946685 0.34448819,-8.9570193 -4.3945906 0.34448819,
  -8.9513969 -4.3924394 0.34448819,-8.9064024 -4.3699425 0.34448819,
  -8.9038224 -4.3683181 0.34448819,-8.9030748 -4.3680087 0.34448819,
  -8.9022331 -4.3673177 0.34448819,-8.9013079 -4.3667354 0.34448819,
  -8.900776 -4.366122 0.34448819,-8.8984213 -4.3641898 0.34448819,
  -8.875924 -4.3416929 0.34448819,-8.8739909 -4.3393366 0.34448819,
  -8.8733783 -4.3388059 0.34448819,-8.8727972 -4.3378823 0.34448819,
  -8.8721051 -4.3370394 0.34448819,-8.8717953 -4.3362906 0.34448819,
  -8.8701713 -4.3337114 0.34448819,-8.8476748 -4.2887169 0.34448819,
  -8.8455232 -4.2830945 0.34448819,-8.8454453 -4.2819941 0.34448819,
  -8.8450228 -4.2809748 0.34448819,-8.8444327 -4.2749839 0.34448819,
  -8.8444327 -4.1400008 0.34448819,-8.8450228 -4.1340098 0.34448819,
  -8.8454453 -4.1329902 0.34448819,-8.8455232 -4.1318902 0.34448819,
  -8.8476748 -4.1262677 0.34448819,-8.8701713 -4.0812732 0.34448819,
  -8.8717953 -4.0786937 0.34448819,-8.8721051 -4.0779453 0.34448819,
  -8.8727972 -4.077102 0.34448819,-8.8733783 -4.0761787 0.34448819,
  -8.8739909 -4.0756476 0.34448819,-8.875924 -4.0732917 0.34448819,
  -8.8984213 -4.0507949 0.34448819,-8.900776 -4.0488626 0.34448819,
  -8.9013075 -4.0482496 0.34448819,-8.9022323 -4.0476673 0.34448819,
  -8.9030748 -4.046976 0.34448819,-8.90585 -4.14725 0.34448819,
  -8.90585 -4.2677343 0.34448819,-8.9228768 -4.3017878 0.34448819,
  -8.938326 -4.3172374 0.34448819,-8.9723791 -4.3342638 0.34448819,
  -9.025372 -4.3342638 0.34448819,-9.0594248 -4.3172378 0.34448819,
  -9.0748756 -4.3017874 0.34448819,-9.0919016 -4.2677346 0.34448819,
  -9.0919016 -4.1472496 0.34448819,-9.0748756 -4.1131969 0.34448819,
  -9.0594252 -4.0977469 0.34448819,-9.0253724 -4.0807205 0.34448819,
  -8.9723791 -4.0807205 0.34448819,-8.9383264 -4.0977465 0.34448819,
  -8.9228768 -4.1131965 0.34448819,-10.862514 -4.3709634 0.34448819,
  -10.857929 -4.3820331 0.34448819,-10.849456 -4.3905059 0.34448819,
  -10.838387 -4.3950909 0.34448819,-10.826405 -4.3950909 0.34448819,
  -10.815335 -4.3905059 0.34448819,-10.806862 -4.3820331 0.34448819,
  -10.802277 -4.3709634 0.34448819,-10.801687 -4.3649724 0.34448819,
  -10.801687 -4.1175035 0.34448819,-10.802277 -4.1115126 0.34448819,
  -10.8027 -4.1104933 0.34448819,-10.802778 -4.1093929 0.34448819,
  -10.804929 -4.1037705 0.34448819,-10.827426 -4.0587756 0.34448819,
  -10.828057 -4.0577736 0.34448819,-10.828215 -4.0573012 0.34448819,
  -10.828725 -4.0567122 0.34448819,-10.830633 -4.0536811 0.34448819,
  -10.833543 -4.0511579 0.34448819,-10.836065 -4.0482496 0.34448819,
  -10.839095 -4.0463421 0.34448819,-10.839685 -4.0458307 0.34448819,
  -10.840158 -4.0456728 0.34448819,-10.841159 -4.0450425 0.34448819,
  -10.886154 -4.0225453 0.34448819,-10.891776 -4.0203937 0.34448819,
  -10.892878 -4.0203154 0.34448819,-10.893896 -4.0198933 0.34448819,
  -10.899887 -4.0193031 0.34448819,-10.967379 -4.0193031 0.34448819,
  -10.97337 -4.0198933 0.34448819,-10.974389 -4.0203154 0.34448819,
  -10.97549 -4.0203937 0.34448819,-10.981113 -4.0225453 0.34448819,
  -11.008065 -4.0360217 0.34448819,-11.009337 -4.0329512 0.34448819,
  -11.01781 -4.0244783 0.34448819,-11.02888 -4.0198933 0.34448819,
  -11.040861 -4.0198933 0.34448819,-11.051931 -4.0244783 0.34448819,
  -11.060404 -4.0329512 0.34448819,-11.064989 -4.0440209 0.34448819,
  -11.065579 -4.0500118 0.34448819,-11.065579 -4.3649724 0.34448819,
  -11.064989 -4.3709634 0.34448819,-11.060404 -4.3820331 0.34448819,
  -11.051931 -4.3905059 0.34448819,-11.040861 -4.3950909 0.34448819,
  -11.02888 -4.3950909 0.34448819,-11.01781 -4.3905059 0.34448819,
  -11.009337 -4.3820331 0.34448819,-11.004752 -4.3709634 0.34448819,
  -11.004162 -4.3649724 0.34448819,-11.004162 -4.107726 0.34448819,
  -10.994183 -4.0977469 0.34448819,-10.96013 -4.0807205 0.34448819,
  -10.907137 -4.0807205 0.34448819,-10.877782 -4.0953976 0.34448819,
  -10.863104 -4.1247528 0.34448819,-10.863104 -4.3649724 0.34448819,
  -10.435068 -4.3709634 0.34448819,-10.430483 -4.3820331 0.34448819,
  -10.42201 -4.3905059 0.34448819,-10.41094 -4.3950909 0.34448819,
  -10.398958 -4.3950909 0.34448819,-10.387889 -4.3905059 0.34448819,
  -10.379416 -4.3820331 0.34448819,-10.374831 -4.3709634 0.34448819,
  -10.374241 -4.3649724 0.34448819,-10.374241 -4.1175035 0.34448819,
  -10.374831 -4.1115126 0.34448819,-10.375253 -4.1104933 0.34448819,
  -10.375331 -4.1093929 0.34448819,-10.377483 -4.1037705 0.34448819,
  -10.39998 -4.0587756 0.34448819,-10.400611 -4.0577736 0.34448819,
  -10.400768 -4.0573012 0.34448819,-10.401279 -4.0567122 0.34448819,
  -10.403187 -4.0536811 0.34448819,-10.406096 -4.0511579 0.34448819,
  -10.408619 -4.0482496 0.34448819,-10.411649 -4.0463421 0.34448819,
  -10.412238 -4.0458307 0.34448819,-10.412712 -4.0456728 0.34448819,
  -10.413713 -4.0450425 0.34448819,-10.458707 -4.0225453 0.34448819,
  -10.46433 -4.0203937 0.34448819,-10.465431 -4.0203154 0.34448819,
  -10.46645 -4.0198933 0.34448819,-10.472441 -4.0193031 0.34448819,
  -10.539933 -4.0193031 0.34448819,-10.545924 -4.0198933 0.34448819,
  -10.546943 -4.0203154 0.34448819,-10.548044 -4.0203937 0.34448819,
  -10.553666 -4.0225453 0.34448819,-10.580619 -4.0360217 0.34448819,
  -10.581891 -4.0329512 0.34448819,-10.590363 -4.0244783 0.34448819,
  -10.601433 -4.0198933 0.34448819,-10.613415 -4.0198933 0.34448819,
  -10.624485 -4.0244783 0.34448819,-10.632957 -4.0329512 0.34448819,
  -10.637543 -4.0440209 0.34448819,-10.638133 -4.0500118 0.34448819,
  -10.638133 -4.3649724 0.34448819,-10.637543 -4.3709634 0.34448819,
  -10.632957 -4.3820331 0.34448819,-10.624485 -4.3905059 0.34448819,
  -10.613415 -4.3950909 0.34448819,-10.601433 -4.3950909 0.34448819,
  -10.590363 -4.3905059 0.34448819,-10.581891 -4.3820331 0.34448819,
  -10.577306 -4.3709634 0.34448819,-10.576715 -4.3649724 0.34448819,
  -10.576715 -4.107726 0.34448819,-10.566736 -4.0977469 0.34448819,
  -10.532683 -4.0807205 0.34448819,-10.47969 -4.0807205 0.34448819,
  -10.450335 -4.0953976 0.34448819,-10.435658 -4.1247528 0.34448819,
  -10.435658 -4.3649724 0.34448819,-8.1582681 -3.4004685 0.34448819,
  -8.1582681 -3.3924693 0.34448819,-8.1435909 -3.3631146 0.34448819,
  -8.1142358 -3.3484374 0.34448819,-8.0612429 -3.3484374 0.34448819,
  -8.0227323 -3.3676925 0.34448819,-8.0171098 -3.3698441 0.34448819,
  -8.0051587 -3.3706937 0.34448819,-7.9937909 -3.3669043 0.34448819,
  -7.9847394 -3.3590539 0.34448819,-7.9793811 -3.348337 0.34448819,
  -7.9785315 -3.3363854 0.34448819,-7.9823209 -3.3250181 0.34448819,
  -7.9901713 -3.3159665 0.34448819,-7.9952657 -3.3127594 0.34448819,
  -8.0402602 -3.2902622 0.34448819,-8.0458827 -3.2881106 0.34448819,
  -8.0469839 -3.2880323 0.34448819,-8.0480028 -3.2876102 0.34448819,
  -8.0539937 -3.2870201 0.34448819,-8.121485 -3.2870201 0.34448819,
  -8.127476 -3.2876102 0.34448819,-8.1284953 -3.2880323 0.34448819,
  -8.1295957 -3.2881106 0.34448819,-8.1352181 -3.2902622 0.34448819,
  -8.180213 -3.3127594 0.34448819,-8.181215 -3.3133898 0.34448819,
  -8.1816874 -3.3135476 0.34448819,-8.1822764 -3.3140579 0.34448819,
  -8.1853075 -3.3159665 0.34448819,-8.1878307 -3.3188756 0.34448819,
  -8.190739 -3.321398 0.34448819,-8.1926465 -3.324428 0.34448819,
  -8.1931579 -3.3250177 0.34448819,-8.1933157 -3.3254909 0.34448819,
  -8.1939461 -3.3264925 0.34448819,-8.2164433 -3.371487 0.34448819,
  -8.2185949 -3.3771094 0.34448819,-8.2186732 -3.3782102 0.34448819,
  -8.2190953 -3.3792295 0.34448819,-8.2196854 -3.3852205 0.34448819,
  -8.2196854 -3.4077177 0.34448819,-8.2190953 -3.4137087 0.34448819,
  -8.2186732 -3.4147276 0.34448819,-8.2185949 -3.4158287 0.34448819,
  -8.2164433 -3.4214512 0.34448819,-8.1939461 -3.4664457 0.34448819,
  -8.1933157 -3.4674469 0.34448819,-8.1931579 -3.4679205 0.34448819,
  -8.1926465 -3.4685098 0.34448819,-8.190739 -3.4715402 0.34448819,
  -8.1878307 -3.4740626 0.34448819,-8.1853071 -3.476972 0.34448819,
  -8.1822756 -3.4788803 0.34448819,-8.1816874 -3.4793906 0.34448819,
  -8.1812154 -3.4795476 0.34448819,-8.1802126 -3.4801791 0.34448819,
  -8.1352181 -3.5026756 0.34448819,-8.1295957 -3.5048272 0.34448819,
  -8.1284957 -3.5049051 0.34448819,-8.127476 -3.5053276 0.34448819,
  -8.121485 -3.5059177 0.34448819,-8.0612429 -3.5059177 0.34448819,
  -8.0318882 -3.5205949 0.34448819,-8.0172106 -3.54995 0.34448819,
  -8.0172106 -3.5579488 0.34448819,-8.0318882 -3.5873035 0.34448819,
  -8.0612429 -3.6019807 0.34448819,-8.1367327 -3.6019807 0.34448819,
  -8.1752437 -3.5827256 0.34448819,-8.1808661 -3.5805744 0.34448819,
  -8.1928177 -3.5797248 0.34448819,-8.204185 -3.5835142 0.34448819,
  -8.2132366 -3.591365 0.34448819,-8.2185949 -3.6020819 0.34448819,
  -8.2194445 -3.6140335 0.34448819,-8.2156551 -3.6254008 0.34448819,
  -8.2078043 -3.6344524 0.34448819,-8.2027098 -3.6376594 0.34448819,
  -8.1577154 -3.6601559 0.34448819,-8.1520929 -3.6623075 0.34448819,
  -8.1509929 -3.6623854 0.34448819,-8.1499732 -3.6628079 0.34448819,
  -8.1439823 -3.663398 0.34448819,-8.0539937 -3.663398 0.34448819,
  -8.0480028 -3.6628079 0.34448819,-8.0469839 -3.6623854 0.34448819,
  -8.0458831 -3.6623075 0.34448819,-8.0402606 -3.6601563 0.34448819,
  -7.9952661 -3.6376594 0.34448819,-7.9942642 -3.6370283 0.34448819,
  -7.9937909 -3.6368709 0.34448819,-7.993202 -3.6363598 0.34448819,
  -7.9901717 -3.6344524 0.34448819,-7.9876488 -3.6315433 0.34448819,
  -7.9847398 -3.6290205 0.34448819,-7.9828327 -3.6259902 0.34448819,
  -7.9823209 -3.6254008 0.34448819,-7.9821634 -3.6249272 0.34448819,
  -7.9815327 -3.623926 0.34448819,-7.9590354 -3.5789311 0.34448819,
  -7.9568839 -3.5733087 0.34448819,-7.9568059 -3.5722079 0.34448819,
  -7.9563835 -3.571189 0.34448819,-7.9557933 -3.565198 0.34448819,
  -7.9557933 -3.5427008 0.34448819,-7.9563835 -3.5367098 0.34448819,
  -7.9568059 -3.5356906 0.34448819,-7.9568839 -3.5345902 0.34448819,
  -7.9590354 -3.5289677 0.34448819,-7.9815327 -3.4839728 0.34448819,
  -7.9821634 -3.4829709 0.34448819,-7.9823209 -3.4824984 0.34448819,
  -7.9828315 -3.4819094 0.34448819,-7.9847398 -3.4788783 0.34448819,
  -7.9876492 -3.4763551 0.34448819,-7.9901713 -3.4734469 0.34448819,
  -7.9932016 -3.4715394 0.34448819,-7.9937909 -3.471028 0.34448819,
  -7.9942646 -3.4708701 0.34448819,-7.9952657 -3.4702398 0.34448819,
  -8.0402602 -3.4477425 0.34448819,-8.0458827 -3.4455909 0.34448819,
  -8.0469839 -3.4455126 0.34448819,-8.0480028 -3.4450906 0.34448819,
  -8.0539937 -3.4445004 0.34448819,-8.1142354 -3.4445004 0.34448819,
  -8.1435913 -3.4298228 0.34448819,-8.507565 -4.0440209 0.34448819,
  -8.51215 -4.0329512 0.34448819,-8.5206228 -4.0244783 0.34448819,
  -8.5316925 -4.0198933 0.34448819,-8.5376835 -4.0193031 0.34448819,
  -8.582678 -4.0193031 0.34448819,-8.5886689 -4.0198933 0.34448819,
  -8.5896882 -4.0203154 0.34448819,-8.590789 -4.0203937 0.34448819,
  -8.5964114 -4.0225453 0.34448819,-8.6414055 -4.0450425 0.34448819,
  -8.6423866 -4.0456598 0.34448819,-8.642548 -4.0440209 0.34448819,
  -8.6471331 -4.0329512 0.34448819,-8.6556059 -4.0244783 0.34448819,
  -8.6666756 -4.0198933 0.34448819,-8.6786575 -4.0198933 0.34448819,
  -8.6897272 -4.0244783 0.34448819,-8.6982 -4.0329512 0.34448819,
  -8.702785 -4.0440209 0.34448819,-8.7033752 -4.0500118 0.34448819,
  -8.7033752 -4.3649724 0.34448819,-8.702785 -4.3709634 0.34448819,
  -8.6982 -4.3820331 0.34448819,-8.6897272 -4.3905059 0.34448819,
  -8.6786575 -4.3950909 0.34448819,-8.6666756 -4.3950909 0.34448819,
  -8.6556059 -4.3905059 0.34448819,-8.6471331 -4.3820331 0.34448819,
  -8.642548 -4.3709634 0.34448819,-8.6419579 -4.3649724 0.34448819,
  -8.6419579 -4.1472496 0.34448819,-8.6249319 -4.1131969 0.34448819,
  -8.6094815 -4.0977469 0.34448819,-8.5754287 -4.0807205 0.34448819,
  -8.5376835 -4.0807205 0.34448819,-8.5316925 -4.0801303 0.34448819,
  -8.5206228 -4.0755453 0.34448819,-8.51215 -4.0670724 0.34448819,
  -8.507565 -4.0560028 0.34448819,-11.189314 -3.2870201 0.34448819,
  -11.226097 -3.2870201 0.34448819,-11.232088 -3.2876102 0.34448819,
  -11.243157 -3.2921953 0.34448819,-11.25163 -3.3006681 0.34448819,
  -11.256215 -3.3117378 0.34448819,-11.256215 -3.3237197 0.34448819,
  -11.25163 -3.3347894 0.34448819,-11.243157 -3.3432622 0.34448819,
  -11.232088 -3.3478472 0.34448819,-11.226097 -3.3484374 0.34448819,
  -11.189314 -3.3484374 0.34448819,-11.189314 -3.565198 0.34448819,
  -11.188724 -3.571189 0.34448819,-11.188302 -3.5722079 0.34448819,
  -11.188223 -3.5733091 0.34448819,-11.186072 -3.5789315 0.34448819,
  -11.163574 -3.623926 0.34448819,-11.162944 -3.6249272 0.34448819,
  -11.162786 -3.6254008 0.34448819,-11.162275 -3.6259902 0.34448819,
  -11.160367 -3.6290205 0.34448819,-11.157459 -3.6315425 0.34448819,
  -11.154936 -3.634452 0.34448819,-11.151905 -3.6363594 0.34448819,
  -11.151316 -3.6368709 0.34448819,-11.150843 -3.6370283 0.34448819,
  -11.149841 -3.6376591 0.34448819,-11.104847 -3.6601559 0.34448819,
  -11.099225 -3.6623075 0.34448819,-11.098124 -3.6623854 0.34448819,
  -11.097105 -3.6628079 0.34448819,-11.091114 -3.663398 0.34448819,
  -11.046119 -3.663398 0.34448819,-11.040128 -3.6628079 0.34448819,
  -11.029059 -3.6582228 0.34448819,-11.020586 -3.64975 0.34448819,
  -11.016001 -3.6386803 0.34448819,-11.016001 -3.6266984 0.34448819,
  -11.020586 -3.6156287 0.34448819,-11.029059 -3.6071559 0.34448819,
  -11.040128 -3.6025709 0.34448819,-11.046119 -3.6019807 0.34448819,
  -11.083864 -3.6019807 0.34448819,-11.113219 -3.5873035 0.34448819,
  -11.127896 -3.5579488 0.34448819,-11.127896 -3.3484374 0.34448819,
  -11.046119 -3.3484374 0.34448819,-11.040128 -3.3478472 0.34448819,
  -11.029059 -3.3432622 0.34448819,-11.020586 -3.3347894 0.34448819,
  -11.016001 -3.3237197 0.34448819,-11.016001 -3.3117378 0.34448819,
  -11.020586 -3.3006681 0.34448819,-11.029059 -3.2921953 0.34448819,
  -11.040128 -3.2876102 0.34448819,-11.046119 -3.2870201 0.34448819,
  -11.127896 -3.2870201 0.34448819,-11.127896 -3.1602484 0.34448819,
  -11.128487 -3.1542575 0.34448819,-11.133072 -3.1431878 0.34448819,
  -11.141544 -3.134715 0.34448819,-11.152614 -3.1301299 0.34448819,
  -11.164596 -3.1301299 0.34448819,-11.175666 -3.134715 0.34448819,
  -11.184139 -3.1431878 0.34448819,-11.188724 -3.1542575 0.34448819,
  -11.189314 -3.1602484 0.34448819,-9.9038917 -2.2992614 0.34448819,
  -9.9556354 -2.2733898 0.34448819,-9.9645878 -2.2699638 0.34448819,
  -9.9663406 -2.269839 0.34448819,-9.9679634 -2.2691669 0.34448819,
  -9.9775028 -2.2682276 0.34448819,-10.106861 -2.2682276 0.34448819,
  -10.116401 -2.2691669 0.34448819,-10.118024 -2.269839 0.34448819,
  -10.119776 -2.2699638 0.34448819,-10.128729 -2.2733898 0.34448819,
  -10.180472 -2.2992614 0.34448819,-10.184578 -2.3018453 0.34448819,
  -10.185771 -2.3023398 0.34448819,-10.187114 -2.3034417 0.34448819,
  -10.188585 -2.3043677 0.34448819,-10.189431 -2.3053433 0.34448819,
  -10.193181 -2.3084209 0.34448819,-10.219052 -2.3342925 0.34448819,
  -10.225133 -2.341702 0.34448819,-10.232435 -2.3593287 0.34448819,
  -10.232435 -2.3784075 0.34448819,-10.225133 -2.3960343 0.34448819,
  -10.211643 -2.4095248 0.34448819,-10.194016 -2.416826 0.34448819,
  -10.174937 -2.416826 0.34448819,-10.157311 -2.4095248 0.34448819,
  -10.149901 -2.4034437 0.34448819,-10.129641 -2.3831827 0.34448819,
  -10.095319 -2.366022 0.34448819,-9.9890457 -2.366022 0.34448819,
  -9.954724 -2.3831827 0.34448819,-9.940074 -2.3978327 0.34448819,
  -9.922913 -2.4321543 0.34448819,-9.922913 -2.4644209 0.34448819,
  -9.9426256 -2.5235571 0.34448819,-10.244924 -2.8258563 0.34448819,
  -10.251006 -2.8332657 0.34448819,-10.258307 -2.8508925 0.34448819,
  -10.258307 -2.8699713 0.34448819,-10.251006 -2.887598 0.34448819,
  -10.237515 -2.9010886 0.34448819,-10.219888 -2.9083898 0.34448819,
  -10.210349 -2.9093291 0.34448819,-9.8740157 -2.9093291 0.34448819,
  -9.8644764 -2.9083898 0.34448819,-9.84685 -2.9010886 0.34448819,
  -9.8333591 -2.8875976 0.34448819,-9.8260579 -2.8699713 0.34448819,
  -9.8260579 -2.8508925 0.34448819,-9.8333591 -2.8332661 0.34448819,
  -9.84685 -2.8197752 0.34448819,-9.8644764 -2.812474 0.34448819,
  -9.8740157 -2.8115346 0.34448819,-10.0923 -2.8115346 0.34448819,
  -9.8653118 -2.5845461 0.34448819,-9.8592307 -2.5771366 0.34448819,
  -9.8585587 -2.575513 0.34448819,-9.8574071 -2.5741858 0.34448819,
  -9.8534992 -2.5654331 0.34448819,-9.8276276 -2.4878181 0.34448819,
  -9.8265524 -2.4830878 0.34448819,-9.8260579 -2.4818949 0.34448819,
  -9.8258878 -2.4801654 0.34448819,-9.8255024 -2.4784713 0.34448819,
  -9.8255941 -2.4771831 0.34448819,-9.8251185 -2.4723555 0.34448819,
  -9.8251185 -2.4206118 0.34448819,-9.8260579 -2.4110724 0.34448819,
  -9.8267303 -2.4094492 0.34448819,-9.8268547 -2.4076969 0.34448819,
  -9.8302807 -2.3987445 0.34448819,-9.8561524 -2.3470008 0.34448819,
  -9.8587366 -2.3428953 0.34448819,-9.8592307 -2.3417024 0.34448819,
  -9.8603331 -2.3403591 0.34448819,-9.8612587 -2.3388886 0.34448819,
  -9.8622346 -2.3380421 0.34448819,-9.8653118 -2.3342925 0.34448819,
  -9.8911835 -2.3084209 0.34448819,-9.8949339 -2.3053429 0.34448819,
  -9.8957795 -2.3043677 0.34448819,-9.8972492 -2.3034425 0.34448819,
  -9.8985929 -2.3023398 0.34448819,-9.8997874 -2.3018449 0.34448819,
  -10.368901 -2.7100287 0.34448819,-10.368426 -2.7052012 0.34448819,
  -10.368426 -2.3171248 0.34448819,-10.369365 -2.3075854 0.34448819,
  -10.376666 -2.2899591 0.34448819,-10.390157 -2.2764681 0.34448819,
  -10.407783 -2.2691669 0.34448819,-10.426862 -2.2691669 0.34448819,
  -10.444489 -2.2764681 0.34448819,-10.45798 -2.2899591 0.34448819,
  -10.465281 -2.3075854 0.34448819,-10.46622 -2.3171248 0.34448819,
  -10.46622 -2.6972665 0.34448819,-10.485933 -2.7564028 0.34448819,
  -10.521352 -2.791822 0.34448819,-10.580489 -2.8115346 0.34448819,
  -10.624297 -2.8115346 0.34448819,-10.633837 -2.812474 0.34448819,
  -10.651463 -2.8197752 0.34448819,-10.664954 -2.8332661 0.34448819,
  -10.672255 -2.8508925 0.34448819,-10.672255 -2.8699713 0.34448819,
  -10.664954 -2.8875976 0.34448819,-10.651463 -2.9010886 0.34448819,
  -10.633837 -2.9083898 0.34448819,-10.624297 -2.9093291 0.34448819,
  -10.572554 -2.9093291 0.34448819,-10.567726 -2.9088535 0.34448819,
  -10.566438 -2.9089453 0.34448819,-10.564744 -2.9085598 0.34448819,
  -10.563014 -2.9083898 0.34448819,-10.561821 -2.9078953 0.34448819,
  -10.557091 -2.9068201 0.34448819,-10.479476 -2.8809484 0.34448819,
  -10.470723 -2.8770406 0.34448819,-10.469396 -2.875889 0.34448819,
  -10.467772 -2.8752169 0.34448819,-10.460363 -2.8691358 0.34448819,
  -10.408619 -2.8173921 0.34448819,-10.402538 -2.8099823 0.34448819,
  -10.401867 -2.8083598 0.34448819,-10.400715 -2.8070323 0.34448819,
  -10.396807 -2.7982795 0.34448819,-10.370935 -2.7206642 0.34448819,
  -10.369859 -2.7159339 0.34448819,-10.369365 -2.7147406 0.34448819,
  -10.369195 -2.713011 0.34448819,-10.368809 -2.7113173 0.34448819,
  -11.532846 -3.4004685 0.34448819,-11.532846 -3.3924693 0.34448819,
  -11.518169 -3.3631146 0.34448819,-11.488814 -3.3484374 0.34448819,
  -11.435821 -3.3484374 0.34448819,-11.39731 -3.3676925 0.34448819,
  -11.391688 -3.3698441 0.34448819,-11.379737 -3.3706937 0.34448819,
  -11.368369 -3.3669043 0.34448819,-11.359317 -3.3590539 0.34448819,
  -11.353959 -3.348337 0.34448819,-11.353109 -3.3363854 0.34448819,
  -11.356899 -3.3250181 0.34448819,-11.364749 -3.3159665 0.34448819,
  -11.369844 -3.3127594 0.34448819,-11.414838 -3.2902622 0.34448819,
  -11.420461 -3.2881106 0.34448819,-11.421562 -3.2880323 0.34448819,
  -11.422581 -3.2876102 0.34448819,-11.428572 -3.2870201 0.34448819,
  -11.496063 -3.2870201 0.34448819,-11.502054 -3.2876102 0.34448819,
  -11.503073 -3.2880323 0.34448819,-11.504174 -3.2881106 0.34448819,
  -11.509796 -3.2902622 0.34448819,-11.554791 -3.3127594 0.34448819,
  -11.555793 -3.3133898 0.34448819,-11.556265 -3.3135476 0.34448819,
  -11.556854 -3.3140579 0.34448819,-11.559885 -3.3159665 0.34448819,
  -11.562409 -3.3188756 0.34448819,-11.565317 -3.321398 0.34448819,
  -11.567224 -3.324428 0.34448819,-11.567736 -3.3250177 0.34448819,
  -11.567894 -3.3254909 0.34448819,-11.568524 -3.3264925 0.34448819,
  -11.591021 -3.371487 0.34448819,-11.593173 -3.3771094 0.34448819,
  -11.593251 -3.3782102 0.34448819,-11.593673 -3.3792295 0.34448819,
  -11.594263 -3.3852205 0.34448819,-11.594263 -3.4077177 0.34448819,
  -11.593673 -3.4137087 0.34448819,-11.593251 -3.4147276 0.34448819,
  -11.593173 -3.4158287 0.34448819,-11.591021 -3.4214512 0.34448819,
  -11.568524 -3.4664457 0.34448819,-11.567894 -3.4674469 0.34448819,
  -11.567736 -3.4679205 0.34448819,-11.567224 -3.4685098 0.34448819,
  -11.565317 -3.4715402 0.34448819,-11.562409 -3.4740626 0.34448819,
  -11.559885 -3.476972 0.34448819,-11.556854 -3.4788803 0.34448819,
  -11.556265 -3.4793906 0.34448819,-11.555793 -3.4795476 0.34448819,
  -11.554791 -3.4801791 0.34448819,-11.509796 -3.5026756 0.34448819,
  -11.504174 -3.5048272 0.34448819,-11.503074 -3.5049051 0.34448819,
  -11.502054 -3.5053276 0.34448819,-11.496063 -3.5059177 0.34448819,
  -11.435821 -3.5059177 0.34448819,-11.406466 -3.5205949 0.34448819,
  -11.391789 -3.54995 0.34448819,-11.391789 -3.5579488 0.34448819,
  -11.406466 -3.5873035 0.34448819,-11.435821 -3.6019807 0.34448819,
  -11.511311 -3.6019807 0.34448819,-11.549822 -3.5827256 0.34448819,
  -11.555444 -3.5805744 0.34448819,-11.567396 -3.5797248 0.34448819,
  -11.578763 -3.5835142 0.34448819,-11.587815 -3.591365 0.34448819,
  -11.593173 -3.6020819 0.34448819,-11.594022 -3.6140335 0.34448819,
  -11.590233 -3.6254008 0.34448819,-11.582382 -3.6344524 0.34448819,
  -11.577288 -3.6376594 0.34448819,-11.532293 -3.6601559 0.34448819,
  -11.526671 -3.6623075 0.34448819,-11.525571 -3.6623854 0.34448819,
  -11.524551 -3.6628079 0.34448819,-11.51856 -3.663398 0.34448819,
  -11.428572 -3.663398 0.34448819,-11.422581 -3.6628079 0.34448819,
  -11.421562 -3.6623854 0.34448819,-11.420461 -3.6623075 0.34448819,
  -11.414839 -3.6601563 0.34448819,-11.369844 -3.6376594 0.34448819,
  -11.368842 -3.6370283 0.34448819,-11.368369 -3.6368709 0.34448819,
  -11.36778 -3.6363598 0.34448819,-11.36475 -3.6344524 0.34448819,
  -11.362227 -3.6315433 0.34448819,-11.359318 -3.6290205 0.34448819,
  -11.357411 -3.6259902 0.34448819,-11.356899 -3.6254008 0.34448819,
  -11.356741 -3.6249272 0.34448819,-11.356111 -3.623926 0.34448819,
  -11.333613 -3.5789311 0.34448819,-11.331462 -3.5733087 0.34448819,
  -11.331384 -3.5722079 0.34448819,-11.330961 -3.571189 0.34448819,
  -11.330371 -3.565198 0.34448819,-11.330371 -3.5427008 0.34448819,
  -11.330961 -3.5367098 0.34448819,-11.331384 -3.5356906 0.34448819,
  -11.331462 -3.5345902 0.34448819,-11.333613 -3.5289677 0.34448819,
  -11.356111 -3.4839728 0.34448819,-11.356741 -3.4829709 0.34448819,
  -11.356899 -3.4824984 0.34448819,-11.357409 -3.4819094 0.34448819,
  -11.359318 -3.4788783 0.34448819,-11.362227 -3.4763551 0.34448819,
  -11.364749 -3.4734469 0.34448819,-11.36778 -3.4715394 0.34448819,
  -11.368369 -3.471028 0.34448819,-11.368843 -3.4708701 0.34448819,
  -11.369844 -3.4702398 0.34448819,-11.414838 -3.4477425 0.34448819,
  -11.420461 -3.4455909 0.34448819,-11.421562 -3.4455126 0.34448819,
  -11.422581 -3.4450906 0.34448819,-11.428572 -3.4445004 0.34448819,
  -11.488813 -3.4445004 0.34448819,-11.518169 -3.4298228 0.34448819,
  -11.772214 -3.3143827 0.34448819,-11.774793 -3.3127594 0.34448819,
  -11.819787 -3.2902622 0.34448819,-11.82541 -3.2881106 0.34448819,
  -11.826511 -3.2880323 0.34448819,-11.82753 -3.2876102 0.34448819,
  -11.833521 -3.2870201 0.34448819,-11.901013 -3.2870201 0.34448819,
  -11.907004 -3.2876102 0.34448819,-11.908023 -3.2880323 0.34448819,
  -11.909124 -3.2881106 0.34448819,-11.914746 -3.2902622 0.34448819,
  -11.95974 -3.3127594 0.34448819,-11.962319 -3.3143823 0.34448819,
  -11.963068 -3.3146929 0.34448819,-11.963912 -3.3153854 0.34448819,
  -11.964835 -3.3159665 0.34448819,-11.965366 -3.3165783 0.34448819,
  -11.967721 -3.3185118 0.34448819,-11.990218 -3.3410091 0.34448819,
  -11.99215 -3.3433634 0.34448819,-11.992763 -3.3438953 0.34448819,
  -11.993346 -3.3448197 0.34448819,-11.994037 -3.3456626 0.34448819,
  -11.994347 -3.3464106 0.34448819,-11.99597 -3.3489898 0.34448819,
  -12.018468 -3.3939843 0.34448819,-12.020619 -3.3996067 0.34448819,
  -12.020698 -3.4007075 0.34448819,-12.02112 -3.4017268 0.34448819,
  -12.02171 -3.4077177 0.34448819,-12.02171 -3.4149665 0.34448819,
  -12.02171 -3.5427008 0.34448819,-12.02112 -3.5486917 0.34448819,
  -12.020698 -3.5497106 0.34448819,-12.020619 -3.5508118 0.34448819,
  -12.018468 -3.5564343 0.34448819,-11.99597 -3.6014287 0.34448819,
  -11.994347 -3.6040075 0.34448819,-11.994037 -3.6047559 0.34448819,
  -11.993346 -3.6055984 0.34448819,-11.992763 -3.6065232 0.34448819,
  -11.99215 -3.6070547 0.34448819,-11.990218 -3.6094094 0.34448819,
  -11.967721 -3.6319067 0.34448819,-11.965366 -3.6338398 0.34448819,
  -11.964835 -3.634452 0.34448819,-11.963912 -3.6350327 0.34448819,
  -11.963068 -3.6357256 0.34448819,-11.962318 -3.6360358 0.34448819,
  -11.95974 -3.6376591 0.34448819,-11.914746 -3.6601559 0.34448819,
  -11.909124 -3.6623075 0.34448819,-11.908023 -3.6623854 0.34448819,
  -11.907004 -3.6628079 0.34448819,-11.901013 -3.663398 0.34448819,
  -11.833521 -3.663398 0.34448819,-11.82753 -3.6628079 0.34448819,
  -11.826511 -3.6623854 0.34448819,-11.82541 -3.6623075 0.34448819,
  -11.819788 -3.6601563 0.34448819,-11.774793 -3.6376594 0.34448819,
  -11.772213 -3.636035 0.34448819,-11.771466 -3.6357256 0.34448819,
  -11.770624 -3.6350346 0.34448819,-11.769699 -3.6344524 0.34448819,
  -11.769167 -3.633839 0.34448819,-11.766812 -3.6319067 0.34448819,
  -11.744315 -3.6094098 0.34448819,-11.742382 -3.6070535 0.34448819,
  -11.741769 -3.6065228 0.34448819,-11.741188 -3.6055992 0.34448819,
  -11.740496 -3.6047563 0.34448819,-11.740186 -3.6040075 0.34448819,
  -11.738562 -3.6014283 0.34448819,-11.716066 -3.5564339 0.34448819,
  -11.713914 -3.5508114 0.34448819,-11.713836 -3.549711 0.34448819,
  -11.713414 -3.5486917 0.34448819,-11.712824 -3.5427008 0.34448819,
  -11.712824 -3.4077177 0.34448819,-11.713414 -3.4017268 0.34448819,
  -11.713836 -3.4007071 0.34448819,-11.713914 -3.3996071 0.34448819,
  -11.716066 -3.3939846 0.34448819,-11.738562 -3.3489902 0.34448819,
  -11.740186 -3.3464106 0.34448819,-11.740496 -3.3456622 0.34448819,
  -11.741188 -3.3448189 0.34448819,-11.741769 -3.3438957 0.34448819,
  -11.742382 -3.3433646 0.34448819,-11.744315 -3.3410087 0.34448819,
  -11.766812 -3.3185118 0.34448819,-11.769167 -3.3165795 0.34448819,
  -11.769698 -3.3159665 0.34448819,-11.770623 -3.3153843 0.34448819,
  -11.771466 -3.3146929 0.34448819,-11.774241 -3.4149669 0.34448819,
  -11.774241 -3.5354512 0.34448819,-11.791268 -3.5695047 0.34448819,
  -11.806717 -3.5849543 0.34448819,-11.84077 -3.6019807 0.34448819,
  -11.893763 -3.6019807 0.34448819,-11.927816 -3.5849547 0.34448819,
  -11.943267 -3.5695043 0.34448819,-11.960293 -3.5354516 0.34448819,
  -11.960293 -3.4149665 0.34448819,-11.943267 -3.3809138 0.34448819,
  -11.927816 -3.3654638 0.34448819,-11.893763 -3.3484374 0.34448819,
  -11.84077 -3.3484374 0.34448819,-11.806717 -3.3654634 0.34448819,
  -11.791268 -3.3809134 0.34448819,-9.9294713 -3.4112358 0.34448819,
  -9.9510063 -3.4220035 0.34448819,-10.056243 -3.4220035 0.34448819,
  -10.062234 -3.4225937 0.34448819,-10.063254 -3.4230157 0.34448819,
  -10.064354 -3.4230941 0.34448819,-10.069976 -3.4252457 0.34448819,
  -10.11497 -3.4477421 0.34448819,-10.115973 -3.4483732 0.34448819,
  -10.116445 -3.4485307 0.34448819,-10.117033 -3.4490406 0.34448819,
  -10.120065 -3.4509492 0.34448819,-10.122589 -3.4538583 0.34448819,
  -10.125497 -3.4563811 0.34448819,-10.127404 -3.459411 0.34448819,
  -10.127916 -3.4600008 0.34448819,-10.128074 -3.460474 0.34448819,
  -10.128704 -3.4614756 0.34448819,-10.151201 -3.5064701 0.34448819,
  -10.153353 -3.5120925 0.34448819,-10.153431 -3.5131933 0.34448819,
  -10.153853 -3.5142126 0.34448819,-10.154443 -3.5202035 0.34448819,
  -10.154443 -3.5274524 0.34448819,-10.154443 -3.565198 0.34448819,
  -10.153853 -3.571189 0.34448819,-10.153431 -3.5722079 0.34448819,
  -10.153353 -3.5733091 0.34448819,-10.151201 -3.5789315 0.34448819,
  -10.128704 -3.623926 0.34448819,-10.128074 -3.6249272 0.34448819,
  -10.127916 -3.6254008 0.34448819,-10.127404 -3.6259902 0.34448819,
  -10.125497 -3.6290205 0.34448819,-10.122589 -3.6315429 0.34448819,
  -10.120065 -3.6344524 0.34448819,-10.117033 -3.6363606 0.34448819,
  -10.116445 -3.6368709 0.34448819,-10.115973 -3.637028 0.34448819,
  -10.11497 -3.6376594 0.34448819,-10.069976 -3.6601559 0.34448819,
  -10.064354 -3.6623075 0.34448819,-10.063254 -3.6623854 0.34448819,
  -10.062234 -3.6628079 0.34448819,-10.056243 -3.663398 0.34448819,
  -9.9437571 -3.663398 0.34448819,-9.9377661 -3.6628079 0.34448819,
  -9.9367472 -3.6623854 0.34448819,-9.9356465 -3.6623075 0.34448819,
  -9.930024 -3.6601563 0.34448819,-9.9192681 -3.654778 0.34448819,
  -9.9158232 -3.6582228 0.34448819,-9.9047535 -3.6628079 0.34448819,
  -9.8927717 -3.6628079 0.34448819,-9.881702 -3.6582228 0.34448819,
  -9.8732291 -3.64975 0.34448819,-9.8686441 -3.6386803 0.34448819,
  -9.8680539 -3.6326894 0.34448819,-9.8680539 -3.3852205 0.34448819,
  -9.8686441 -3.3792295 0.34448819,-9.8690665 -3.3782102 0.34448819,
  -9.8691445 -3.3771098 0.34448819,-9.8712961 -3.3714874 0.34448819,
  -9.8937933 -3.3264925 0.34448819,-9.894424 -3.3254906 0.34448819,
  -9.8945815 -3.3250181 0.34448819,-9.8950921 -3.3244291 0.34448819,
  -9.8970004 -3.321398 0.34448819,-9.8999098 -3.3188748 0.34448819,
  -9.9024319 -3.3159665 0.34448819,-9.9054622 -3.3140591 0.34448819,
  -9.9060516 -3.3135476 0.34448819,-9.9065252 -3.3133898 0.34448819,
  -9.9075264 -3.3127594 0.34448819,-9.9525209 -3.2902622 0.34448819,
  -9.9581433 -3.2881106 0.34448819,-9.9592445 -3.2880323 0.34448819,
  -9.9602634 -3.2876102 0.34448819,-9.9662543 -3.2870201 0.34448819,
  -10.056243 -3.2870201 0.34448819,-10.062234 -3.2876102 0.34448819,
  -10.063253 -3.2880323 0.34448819,-10.064354 -3.2881106 0.34448819,
  -10.069976 -3.2902622 0.34448819,-10.114971 -3.3127594 0.34448819,
  -10.120065 -3.3159665 0.34448819,-10.127916 -3.3250177 0.34448819,
  -10.131705 -3.3363854 0.34448819,-10.130856 -3.348337 0.34448819,
  -10.125497 -3.3590539 0.34448819,-10.116446 -3.3669043 0.34448819,
  -10.105078 -3.3706937 0.34448819,-10.093126 -3.3698441 0.34448819,
  -10.087504 -3.3676925 0.34448819,-10.048994 -3.3484374 0.34448819,
  -9.9735035 -3.3484374 0.34448819,-9.9441488 -3.3631146 0.34448819,
  -9.9294713 -3.3924697 0.34448819,-9.9294713 -3.4799024 0.34448819,
  -9.9294713 -3.5912134 0.34448819,-9.9510063 -3.6019807 0.34448819,
  -10.048993 -3.6019807 0.34448819,-10.078349 -3.5873031 0.34448819,
  -10.093026 -3.5579488 0.34448819,-10.093026 -3.5274524 0.34448819,
  -10.078349 -3.498098 0.34448819,-10.048993 -3.4834209 0.34448819,
  -9.9437571 -3.4834209 0.34448819,-9.9377661 -3.4828307 0.34448819,
  -9.9367472 -3.4824083 0.34448819,-9.9356461 -3.4823303 0.34448819,
  -9.9300236 -3.4801787 0.34448819,-8.7601701 -3.3127594 0.34448819,
  -8.8051646 -3.2902622 0.34448819,-8.810787 -3.2881106 0.34448819,
  -8.8118882 -3.2880323 0.34448819,-8.8129071 -3.2876102 0.34448819,
  -8.818898 -3.2870201 0.34448819,-8.9088866 -3.2870201 0.34448819,
  -8.9148776 -3.2876102 0.34448819,-8.9158969 -3.2880323 0.34448819,
  -8.9169972 -3.2881106 0.34448819,-8.9226197 -3.2902622 0.34448819,
  -8.9676146 -3.3127594 0.34448819,-8.9686165 -3.3133898 0.34448819,
  -8.969089 -3.3135476 0.34448819,-8.969678 -3.3140579 0.34448819,
  -8.9727091 -3.3159665 0.34448819,-8.9752323 -3.3188756 0.34448819,
  -8.9781406 -3.321398 0.34448819,-8.980048 -3.324428 0.34448819,
  -8.9805594 -3.3250177 0.34448819,-8.9807173 -3.3254909 0.34448819,
  -8.9813476 -3.3264925 0.34448819,-9.0038449 -3.371487 0.34448819,
  -9.0059965 -3.3771094 0.34448819,-9.0060748 -3.3782102 0.34448819,
  -9.0064969 -3.3792295 0.34448819,-9.007087 -3.3852205 0.34448819,
  -9.007087 -3.3924693 0.34448819,-9.007087 -3.565198 0.34448819,
  -9.0064969 -3.571189 0.34448819,-9.0060748 -3.5722079 0.34448819,
  -9.0059965 -3.5733091 0.34448819,-9.0038449 -3.5789315 0.34448819,
  -8.9813476 -3.623926 0.34448819,-8.9807173 -3.6249272 0.34448819,
  -8.9805594 -3.6254008 0.34448819,-8.980048 -3.6259902 0.34448819,
  -8.9781406 -3.6290205 0.34448819,-8.9752323 -3.6315429 0.34448819,
  -8.9727087 -3.6344524 0.34448819,-8.9696772 -3.6363606 0.34448819,
  -8.969089 -3.6368709 0.34448819,-8.9686169 -3.637028 0.34448819,
  -8.9676142 -3.6376594 0.34448819,-8.9226197 -3.6601559 0.34448819,
  -8.9169972 -3.6623075 0.34448819,-8.9158972 -3.6623854 0.34448819,
  -8.9148776 -3.6628079 0.34448819,-8.9088866 -3.663398 0.34448819,
  -8.818898 -3.663398 0.34448819,-8.8129071 -3.6628079 0.34448819,
  -8.8118882 -3.6623854 0.34448819,-8.8107874 -3.6623075 0.34448819,
  -8.805165 -3.6601563 0.34448819,-8.7601705 -3.6376594 0.34448819,
  -8.755076 -3.6344524 0.34448819,-8.7472252 -3.6254008 0.34448819,
  -8.7434362 -3.6140335 0.34448819,-8.7442854 -3.6020819 0.34448819,
  -8.7496441 -3.591365 0.34448819,-8.7586953 -3.5835142 0.34448819,
  -8.770063 -3.5797252 0.34448819,-8.7820142 -3.5805744 0.34448819,
  -8.7876366 -3.582726 0.34448819,-8.8261472 -3.6019807 0.34448819,
  -8.901637 -3.6019807 0.34448819,-8.9309929 -3.5873031 0.34448819,
  -8.9456697 -3.5579488 0.34448819,-8.9456697 -3.5003839 0.34448819,
  -8.7453839 -3.4603272 0.34448819,-8.7396252 -3.4585736 0.34448819,
  -8.7371264 -3.4569 0.34448819,-8.7343457 -3.4557484 0.34448819,
  -8.7321953 -3.4535976 0.34448819,-8.7296697 -3.4519067 0.34448819,
  -8.7280012 -3.4494035 0.34448819,-8.7258728 -3.4472756 0.34448819,
  -8.7247094 -3.4444665 0.34448819,-8.7230228 -3.441937 0.34448819,
  -8.7224394 -3.438985 0.34448819,-8.7212878 -3.4362059 0.34448819,
  -8.7206976 -3.430215 0.34448819,-8.7206976 -3.3852205 0.34448819,
  -8.7212878 -3.3792295 0.34448819,-8.7217102 -3.3782102 0.34448819,
  -8.7217882 -3.3771098 0.34448819,-8.7239398 -3.3714874 0.34448819,
  -8.746437 -3.3264925 0.34448819,-8.7470677 -3.3254906 0.34448819,
  -8.7472252 -3.3250181 0.34448819,-8.7477358 -3.3244291 0.34448819,
  -8.7496441 -3.321398 0.34448819,-8.7525535 -3.3188748 0.34448819,
  -8.7550756 -3.3159665 0.34448819,-8.7581059 -3.3140591 0.34448819,
  -8.7586953 -3.3135476 0.34448819,-8.7591689 -3.3133898 0.34448819,
  -8.782115 -3.3924697 0.34448819,-8.782115 -3.4050398 0.34448819,
  -8.9456697 -3.4377504 0.34448819,-8.9456697 -3.3924693 0.34448819,
  -8.9309925 -3.3631146 0.34448819,-8.9016374 -3.3484374 0.34448819,
  -8.8261472 -3.3484374 0.34448819,-8.7967925 -3.3631146 0.34448819,
  -8.5407205 -3.4004685 0.34448819,-8.5407205 -3.3924693 0.34448819,
  -8.5260433 -3.3631146 0.34448819,-8.4966882 -3.3484374 0.34448819,
  -8.4436953 -3.3484374 0.34448819,-8.4051846 -3.3676925 0.34448819,
  -8.3995622 -3.3698441 0.34448819,-8.387611 -3.3706937 0.34448819,
  -8.3762433 -3.3669043 0.34448819,-8.3671917 -3.3590539 0.34448819,
  -8.3618335 -3.348337 0.34448819,-8.3609839 -3.3363854 0.34448819,
  -8.3647732 -3.3250181 0.34448819,-8.3726236 -3.3159665 0.34448819,
  -8.3777181 -3.3127594 0.34448819,-8.4227126 -3.2902622 0.34448819,
  -8.428335 -3.2881106 0.34448819,-8.4294362 -3.2880323 0.34448819,
  -8.4304551 -3.2876102 0.34448819,-8.4364461 -3.2870201 0.34448819,
  -8.5039374 -3.2870201 0.34448819,-8.5099283 -3.2876102 0.34448819,
  -8.5109476 -3.2880323 0.34448819,-8.512048 -3.2881106 0.34448819,
  -8.5176705 -3.2902622 0.34448819,-8.5626654 -3.3127594 0.34448819,
  -8.5636673 -3.3133898 0.34448819,-8.5641398 -3.3135476 0.34448819,
  -8.5647287 -3.3140579 0.34448819,-8.5677598 -3.3159665 0.34448819,
  -8.5702831 -3.3188756 0.34448819,-8.5731913 -3.321398 0.34448819,
  -8.5750988 -3.324428 0.34448819,-8.5756102 -3.3250177 0.34448819,
  -8.5757681 -3.3254909 0.34448819,-8.5763984 -3.3264925 0.34448819,
  -8.5988957 -3.371487 0.34448819,-8.6010472 -3.3771094 0.34448819,
  -8.6011256 -3.3782102 0.34448819,-8.6015476 -3.3792295 0.34448819,
  -8.6021378 -3.3852205 0.34448819,-8.6021378 -3.4077177 0.34448819,
  -8.6015476 -3.4137087 0.34448819,-8.6011256 -3.4147276 0.34448819,
  -8.6010472 -3.4158287 0.34448819,-8.5988957 -3.4214512 0.34448819,
  -8.5763984 -3.4664457 0.34448819,-8.5757681 -3.4674469 0.34448819,
  -8.5756102 -3.4679205 0.34448819,-8.5750988 -3.4685098 0.34448819,
  -8.5731913 -3.4715402 0.34448819,-8.5702831 -3.4740626 0.34448819,
  -8.5677594 -3.476972 0.34448819,-8.564728 -3.4788803 0.34448819,
  -8.5641398 -3.4793906 0.34448819,-8.5636677 -3.4795476 0.34448819,
  -8.562665 -3.4801791 0.34448819,-8.5176705 -3.5026756 0.34448819,
  -8.512048 -3.5048272 0.34448819,-8.510948 -3.5049051 0.34448819,
  -8.5099283 -3.5053276 0.34448819,-8.5039374 -3.5059177 0.34448819,
  -8.4436953 -3.5059177 0.34448819,-8.4143406 -3.5205949 0.34448819,
  -8.399663 -3.54995 0.34448819,-8.399663 -3.5579488 0.34448819,
  -8.4143406 -3.5873035 0.34448819,-8.4436953 -3.6019807 0.34448819,
  -8.519185 -3.6019807 0.34448819,-8.5576961 -3.5827256 0.34448819,
  -8.5633185 -3.5805744 0.34448819,-8.5752701 -3.5797248 0.34448819,
  -8.5866374 -3.5835142 0.34448819,-8.595689 -3.591365 0.34448819,
  -8.6010472 -3.6020819 0.34448819,-8.6018969 -3.6140335 0.34448819,
  -8.5981075 -3.6254008 0.34448819,-8.5902567 -3.6344524 0.34448819,
  -8.5851622 -3.6376594 0.34448819,-8.5401677 -3.6601559 0.34448819,
  -8.5345453 -3.6623075 0.34448819,-8.5334453 -3.6623854 0.34448819,
  -8.5324256 -3.6628079 0.34448819,-8.5264346 -3.663398 0.34448819,
  -8.4364461 -3.663398 0.34448819,-8.4304551 -3.6628079 0.34448819,
  -8.4294362 -3.6623854 0.34448819,-8.4283354 -3.6623075 0.34448819,
  -8.422713 -3.6601563 0.34448819,-8.3777185 -3.6376594 0.34448819,
  -8.3767165 -3.6370283 0.34448819,-8.3762433 -3.6368709 0.34448819,
  -8.3756543 -3.6363598 0.34448819,-8.372624 -3.6344524 0.34448819,
  -8.3701012 -3.6315433 0.34448819,-8.3671921 -3.6290205 0.34448819,
  -8.365285 -3.6259902 0.34448819,-8.3647732 -3.6254008 0.34448819,
  -8.3646157 -3.6249272 0.34448819,-8.363985 -3.623926 0.34448819,
  -8.3414878 -3.5789311 0.34448819,-8.3393362 -3.5733087 0.34448819,
  -8.3392583 -3.5722079 0.34448819,-8.3388358 -3.571189 0.34448819,
  -8.3382457 -3.565198 0.34448819,-8.3382457 -3.5427008 0.34448819,
  -8.3388358 -3.5367098 0.34448819,-8.3392583 -3.5356906 0.34448819,
  -8.3393362 -3.5345902 0.34448819,-8.3414878 -3.5289677 0.34448819,
  -8.363985 -3.4839728 0.34448819,-8.3646157 -3.4829709 0.34448819,
  -8.3647732 -3.4824984 0.34448819,-8.3652839 -3.4819094 0.34448819,
  -8.3671921 -3.4788783 0.34448819,-8.3701016 -3.4763551 0.34448819,
  -8.3726236 -3.4734469 0.34448819,-8.3756539 -3.4715394 0.34448819,
  -8.3762433 -3.471028 0.34448819,-8.3767169 -3.4708701 0.34448819,
  -8.3777181 -3.4702398 0.34448819,-8.4227126 -3.4477425 0.34448819,
  -8.428335 -3.4455909 0.34448819,-8.4294362 -3.4455126 0.34448819,
  -8.4304551 -3.4450906 0.34448819,-8.4364461 -3.4445004 0.34448819,
  -8.4966878 -3.4445004 0.34448819,-8.5260437 -3.4298228 0.34448819,
  -12.432733 -3.3545118 0.34448819,-12.432733 -3.1602484 0.34448819,
  -12.433324 -3.1542575 0.34448819,-12.437909 -3.1431878 0.34448819,
  -12.446381 -3.134715 0.34448819,-12.457451 -3.1301299 0.34448819,
  -12.469433 -3.1301299 0.34448819,-12.480503 -3.134715 0.34448819,
  -12.488976 -3.1431878 0.34448819,-12.493561 -3.1542575 0.34448819,
  -12.494151 -3.1602484 0.34448819,-12.494151 -3.6326894 0.34448819,
  -12.493561 -3.6386803 0.34448819,-12.488976 -3.64975 0.34448819,
  -12.480503 -3.6582228 0.34448819,-12.469433 -3.6628079 0.34448819,
  -12.457451 -3.6628079 0.34448819,-12.446381 -3.6582228 0.34448819,
  -12.437909 -3.64975 0.34448819,-12.433324 -3.6386803 0.34448819,
  -12.432733 -3.6326894 0.34448819,-12.432733 -3.4159291 0.34448819,
  -12.224185 -3.4159291 0.34448819,-12.224185 -3.6326894 0.34448819,
  -12.223594 -3.6386803 0.34448819,-12.219009 -3.64975 0.34448819,
  -12.210537 -3.6582228 0.34448819,-12.199467 -3.6628079 0.34448819,
  -12.187485 -3.6628079 0.34448819,-12.176415 -3.6582228 0.34448819,
  -12.167943 -3.64975 0.34448819,-12.163357 -3.6386803 0.34448819,
  -12.162767 -3.6326894 0.34448819,-12.162767 -3.1602484 0.34448819,
  -12.163357 -3.1542575 0.34448819,-12.167943 -3.1431878 0.34448819,
  -12.176415 -3.134715 0.34448819,-12.187485 -3.1301299 0.34448819,
  -12.199467 -3.1301299 0.34448819,-12.210537 -3.134715 0.34448819,
  -12.219009 -3.1431878 0.34448819,-12.223594 -3.1542575 0.34448819,
  -12.224185 -3.1602484 0.34448819,-12.224185 -3.3545118 0.34448819,
  -10.497975 -3.3017866 0.34448819,-10.497975 -3.1602484 0.34448819,
  -10.498565 -3.1542575 0.34448819,-10.50315 -3.1431878 0.34448819,
  -10.511623 -3.134715 0.34448819,-10.522693 -3.1301299 0.34448819,
  -10.534675 -3.1301299 0.34448819,-10.545744 -3.134715 0.34448819,
  -10.554217 -3.1431878 0.34448819,-10.558802 -3.1542575 0.34448819,
  -10.559393 -3.1602484 0.34448819,-10.559393 -3.6326894 0.34448819,
  -10.558802 -3.6386803 0.34448819,-10.554217 -3.64975 0.34448819,
  -10.545744 -3.6582228 0.34448819,-10.534675 -3.6628079 0.34448819,
  -10.522693 -3.6628079 0.34448819,-10.511623 -3.6582228 0.34448819,
  -10.50315 -3.64975 0.34448819,-10.498565 -3.6386803 0.34448819,
  -10.497975 -3.6326894 0.34448819,-10.497975 -3.3754429 0.34448819,
  -10.487996 -3.3654638 0.34448819,-10.453943 -3.3484374 0.34448819,
  -10.40095 -3.3484374 0.34448819,-10.371595 -3.3631146 0.34448819,
  -10.356918 -3.3924697 0.34448819,-10.356918 -3.6326894 0.34448819,
  -10.356328 -3.6386803 0.34448819,-10.351743 -3.64975 0.34448819,
  -10.34327 -3.6582228 0.34448819,-10.3322 -3.6628079 0.34448819,
  -10.320218 -3.6628079 0.34448819,-10.309148 -3.6582228 0.34448819,
  -10.300676 -3.64975 0.34448819,-10.296091 -3.6386803 0.34448819,
  -10.2955 -3.6326894 0.34448819,-10.2955 -3.3852205 0.34448819,
  -10.296091 -3.3792295 0.34448819,-10.296513 -3.3782102 0.34448819,
  -10.296591 -3.3771098 0.34448819,-10.298743 -3.3714874 0.34448819,
  -10.32124 -3.3264925 0.34448819,-10.32187 -3.3254906 0.34448819,
  -10.322028 -3.3250181 0.34448819,-10.322539 -3.3244291 0.34448819,
  -10.324447 -3.321398 0.34448819,-10.327356 -3.3188748 0.34448819,
  -10.329878 -3.3159665 0.34448819,-10.332909 -3.3140591 0.34448819,
  -10.333498 -3.3135476 0.34448819,-10.333972 -3.3133898 0.34448819,
  -10.334973 -3.3127594 0.34448819,-10.379967 -3.2902622 0.34448819,
  -10.38559 -3.2881106 0.34448819,-10.386691 -3.2880323 0.34448819,
  -10.38771 -3.2876102 0.34448819,-10.393701 -3.2870201 0.34448819,
  -10.461193 -3.2870201 0.34448819,-10.467183 -3.2876102 0.34448819,
  -10.468203 -3.2880323 0.34448819,-10.469304 -3.2881106 0.34448819,
  -10.474926 -3.2902622 0.34448819,-9.5086894 -3.3117378 0.34448819,
  -9.5132744 -3.3006681 0.34448819,-9.5217472 -3.2921953 0.34448819,
  -9.5328169 -3.2876102 0.34448819,-9.5388079 -3.2870201 0.34448819,
  -9.5838024 -3.2870201 0.34448819,-9.5897933 -3.2876102 0.34448819,
  -9.5908126 -3.2880323 0.34448819,-9.5919134 -3.2881106 0.34448819,
  -9.5975358 -3.2902622 0.34448819,-9.6425299 -3.3127594 0.34448819,
  -9.643511 -3.3133768 0.34448819,-9.6436724 -3.3117378 0.34448819,
  -9.6482575 -3.3006681 0.34448819,-9.6567303 -3.2921953 0.34448819,
  -9.6678 -3.2876102 0.34448819,-9.6797819 -3.2876102 0.34448819,
  -9.6908516 -3.2921953 0.34448819,-9.6993244 -3.3006681 0.34448819,
  -9.7039094 -3.3117378 0.34448819,-9.7044996 -3.3177287 0.34448819,
  -9.7044996 -3.6326894 0.34448819,-9.7039094 -3.6386803 0.34448819,
  -9.6993244 -3.64975 0.34448819,-9.6908516 -3.6582228 0.34448819,
  -9.6797819 -3.6628079 0.34448819,-9.6678 -3.6628079 0.34448819,
  -9.6567303 -3.6582228 0.34448819,-9.6482575 -3.64975 0.34448819,
  -9.6436724 -3.6386803 0.34448819,-9.6430823 -3.6326894 0.34448819,
  -9.6430823 -3.4149665 0.34448819,-9.6260563 -3.3809138 0.34448819,
  -9.6106059 -3.3654638 0.34448819,-9.5765531 -3.3484374 0.34448819,
  -9.5388079 -3.3484374 0.34448819,-9.5328169 -3.3478472 0.34448819,
  -9.5217472 -3.3432622 0.34448819,-9.5132744 -3.3347894 0.34448819,
  -9.5086894 -3.3237197 0.34448819,-9.2089713 -3.6386803 0.34448819,
  -9.2043862 -3.64975 0.34448819,-9.1959134 -3.6582228 0.34448819,
  -9.1848437 -3.6628079 0.34448819,-9.1728618 -3.6628079 0.34448819,
  -9.1617921 -3.6582228 0.34448819,-9.1533193 -3.64975 0.34448819,
  -9.1487343 -3.6386803 0.34448819,-9.1481441 -3.6326894 0.34448819,
  -9.1481441 -3.3852205 0.34448819,-9.1487343 -3.3792295 0.34448819,
  -9.1491567 -3.3782102 0.34448819,-9.1492346 -3.3771098 0.34448819,
  -9.1513862 -3.3714874 0.34448819,-9.1738835 -3.3264925 0.34448819,
  -9.1745142 -3.3254906 0.34448819,-9.1746717 -3.3250181 0.34448819,
  -9.1751823 -3.3244291 0.34448819,-9.1770906 -3.321398 0.34448819,
  -9.18 -3.3188748 0.34448819,-9.182522 -3.3159665 0.34448819,
  -9.1855524 -3.3140591 0.34448819,-9.1861417 -3.3135476 0.34448819,
  -9.1866154 -3.3133898 0.34448819,-9.1876165 -3.3127594 0.34448819,
  -9.232611 -3.2902622 0.34448819,-9.2382335 -3.2881106 0.34448819,
  -9.2393346 -3.2880323 0.34448819,-9.2403535 -3.2876102 0.34448819,
  -9.2463445 -3.2870201 0.34448819,-9.3138362 -3.2870201 0.34448819,
  -9.3198272 -3.2876102 0.34448819,-9.3208465 -3.2880323 0.34448819,
  -9.3219472 -3.2881106 0.34448819,-9.3275697 -3.2902622 0.34448819,
  -9.3545224 -3.3037386 0.34448819,-9.3557941 -3.3006681 0.34448819,
  -9.3642669 -3.2921953 0.34448819,-9.3753366 -3.2876102 0.34448819,
  -9.3873185 -3.2876102 0.34448819,-9.3983882 -3.2921953 0.34448819,
  -9.406861 -3.3006681 0.34448819,-9.4114461 -3.3117378 0.34448819,
  -9.4120362 -3.3177287 0.34448819,-9.4120362 -3.6326894 0.34448819,
  -9.4114461 -3.6386803 0.34448819,-9.406861 -3.64975 0.34448819,
  -9.3983882 -3.6582228 0.34448819,-9.3873185 -3.6628079 0.34448819,
  -9.3753366 -3.6628079 0.34448819,-9.3642669 -3.6582228 0.34448819,
  -9.3557941 -3.64975 0.34448819,-9.3512091 -3.6386803 0.34448819,
  -9.3506189 -3.6326894 0.34448819,-9.3506189 -3.3754429 0.34448819,
  -9.3406398 -3.3654638 0.34448819,-9.306587 -3.3484374 0.34448819,
  -9.2535937 -3.3484374 0.34448819,-9.224239 -3.3631146 0.34448819,
  -9.2095614 -3.3924697 0.34448819,-9.2095614 -3.6326894 0.34448819,
  -5.4527559 -5.2007874 0.34448819,-5.4437161 -5.1989894 0.34448819,
  -5.4309319 -5.1862051 0.34448819,-5.4291339 -5.1771654 0.34448819,
  -5.4291339 -1.9094488 0.34448819,-5.4309319 -1.9004091 0.34448819,
  -5.4437161 -1.8876248 0.34448819,-5.4527559 -1.8858268 0.34448819,
  -15.019685 -1.8858268 0.34448819,-15.028725 -1.8876248 0.34448819,
  -15.041509 -1.9004091 0.34448819,-15.043307 -1.9094488 0.34448819,
  -15.043307 -5.1535433 0.34448819,-15.043307 -5.1771654 0.34448819,
  -15.041509 -5.1862051 0.34448819,-15.028725 -5.1989894 0.34448819,
  -15.019685 -5.2007874 0.34448819,-5.476378 -1.9330709 0.34448819,
  -5.476378 -5.1535433 0.34448819,-14.996063 -5.1535433 0.34448819,
  -14.996063 -1.9330709 0.34448819,0.52219134 -3.3211421 0.34448819,
  0.51690039 -3.3083693 0.34448819,0.50712441 -3.2985933 0.34448819,
  0.49435157 -3.2933024 0.34448819,0.48052638 -3.2933024 0.34448819,
  0.46775354 -3.2985933 0.34448819,0.45797756 -3.3083693 0.34448819,
  0.45268661 -3.3211421 0.34448819,0.45200591 -3.3280547 0.34448819,
  0.45200591 -3.6467646 0.34448819,0.45268661 -3.6536772 0.34448819,
  0.45317362 -3.6548535 0.34448819,0.45326417 -3.6561236 0.34448819,
  0.45574685 -3.6626106 0.34448819,0.47449409 -3.7001059 0.34448819,
  0.47636654 -3.7030807 0.34448819,0.4767248 -3.7039453 0.34448819,
  0.47752362 -3.7049185 0.34448819,0.47819449 -3.7059843 0.34448819,
  0.47890118 -3.7065972 0.34448819,0.4811315 -3.7093146 0.34448819,
  0.49987913 -3.7280626 0.34448819,0.50259685 -3.7302933 0.34448819,
  0.50320984 -3.731 0.34448819,0.50427362 -3.7316697 0.34448819,
  0.50524803 -3.7324693 0.34448819,0.50611378 -3.732828 0.34448819,
  0.50908819 -3.7347 0.34448819,0.54658307 -3.7534476 0.34448819,
  0.55307047 -3.7559303 0.34448819,0.55434016 -3.7560205 0.34448819,
  0.55551693 -3.7565079 0.34448819,0.56242953 -3.7571886 0.34448819,
  0.63742008 -3.7571886 0.34448819,0.64433268 -3.7565079 0.34448819,
  0.64550906 -3.7560205 0.34448819,0.64677913 -3.7559303 0.34448819,
  0.65326614 -3.7534476 0.34448819,0.69076142 -3.7347004 0.34448819,
  0.69373701 -3.7328268 0.34448819,0.69460118 -3.7324693 0.34448819,
  0.69557362 -3.7316709 0.34448819,0.69663976 -3.731 0.34448819,
  0.69725276 -3.7302925 0.34448819,0.69997047 -3.7280626 0.34448819,
  0.71871811 -3.7093146 0.34448819,0.72094803 -3.7065972 0.34448819,
  0.72165512 -3.7059843 0.34448819,0.7223252 -3.7049189 0.34448819,
  0.7231248 -3.7039453 0.34448819,0.72348307 -3.7030795 0.34448819,
  0.72535512 -3.7001059 0.34448819,0.74410276 -3.662611 0.34448819,
  0.74658543 -3.6561236 0.34448819,0.74667559 -3.6548535 0.34448819,
  0.74716299 -3.6536772 0.34448819,0.7478437 -3.6467646 0.34448819,
  0.7478437 -3.3280547 0.34448819,0.74716299 -3.3211421 0.34448819,
  0.74187205 -3.3083693 0.34448819,0.73209606 -3.2985933 0.34448819,
  0.71932323 -3.2933024 0.34448819,0.70549803 -3.2933024 0.34448819,
  0.6927252 -3.2985933 0.34448819,0.68294921 -3.3083693 0.34448819,
  0.67765827 -3.3211421 0.34448819,0.67697756 -3.3280547 0.34448819,
  0.67697756 -3.6383996 0.34448819,0.66454213 -3.6632705 0.34448819,
  0.65392598 -3.673887 0.34448819,0.62905591 -3.6863224 0.34448819,
  0.57079449 -3.6863224 0.34448819,0.54592362 -3.673887 0.34448819,
  0.53530748 -3.6632709 0.34448819,0.52287205 -3.6384 0.34448819,
  0.52287205 -3.3280547 0.34448819,0.9641437 -3.3084 0.34448819,
  0.92859449 -3.3617228 0.34448819,0.89764488 -3.3926724 0.34448819,
  0.8652937 -3.4088484 0.34448819,0.85941535 -3.4125484 0.34448819,
  0.85035709 -3.4229929 0.34448819,0.84598504 -3.4361091 0.34448819,
  0.84696496 -3.4498996 0.34448819,0.85314764 -3.462265 0.34448819,
  0.86359213 -3.4713232 0.34448819,0.87670827 -3.4756953 0.34448819,
  0.89049882 -3.4747154 0.34448819,0.89698583 -3.4722327 0.34448819,
  0.9344811 -3.4534854 0.34448819,0.93745669 -3.4516118 0.34448819,
  0.93832087 -3.4512543 0.34448819,0.9392937 -3.4504555 0.34448819,
  0.94035945 -3.449785 0.34448819,0.94097205 -3.4490783 0.34448819,
  0.94369016 -3.446848 0.34448819,0.95819252 -3.4323457 0.34448819,
  0.95819252 -3.6863224 0.34448819,0.88113976 -3.6863224 0.34448819,
  0.87422717 -3.6870031 0.34448819,0.86145433 -3.6922941 0.34448819,
  0.85167835 -3.7020701 0.34448819,0.8463874 -3.7148429 0.34448819,
  0.8463874 -3.7286681 0.34448819,0.85167835 -3.7414409 0.34448819,
  0.86145433 -3.7512169 0.34448819,0.87422717 -3.7565079 0.34448819,
  0.88113976 -3.7571886 0.34448819,1.1061114 -3.7571886 0.34448819,
  1.113024 -3.7565079 0.34448819,1.1257969 -3.7512169 0.34448819,
  1.1355728 -3.7414409 0.34448819,1.1408638 -3.7286681 0.34448819,
  1.1408638 -3.7148429 0.34448819,1.1355728 -3.7020701 0.34448819,
  1.1257969 -3.6922941 0.34448819,1.113024 -3.6870031 0.34448819,
  1.1061114 -3.6863224 0.34448819,1.0290587 -3.6863224 0.34448819,
  1.0290587 -3.3280547 0.34448819,1.0290559 -3.3280299 0.34448819,
  1.0290587 -3.3280177 0.34448819,1.0290512 -3.3279815 0.34448819,
  1.028378 -3.3211421 0.34448819,1.027035 -3.3179004 0.34448819,
  1.0263472 -3.3144606 0.34448819,1.024415 -3.3115752 0.34448819,
  1.023087 -3.3083693 0.34448819,1.0206075 -3.3058898 0.34448819,
  1.0186543 -3.3029732 0.34448819,1.0157638 -3.3010461 0.34448819,
  1.013311 -3.2985933 0.34448819,1.010072 -3.2972516 0.34448819,
  1.0071512 -3.2953043 0.34448819,1.0037441 -3.2946303 0.34448819,
  1.0005382 -3.2933024 0.34448819,0.99702992 -3.2933024 0.34448819,
  0.99358858 -3.2926217 0.34448819,0.99018504 -3.2933024 0.34448819,
  0.98671299 -3.2933024 0.34448819,0.98347126 -3.2946449 0.34448819,
  0.98003189 -3.2953331 0.34448819,0.97714724 -3.2972646 0.34448819,
  0.97394016 -3.2985933 0.34448819,0.97145945 -3.3010736 0.34448819,
  0.96854449 -3.303026 0.34448819,0.96418976 -3.3083433 0.34448819,
  0.96416417 -3.3083693 0.34448819,0.96415906 -3.3083807 0.34448819,
  2.4212598 -4.8070866 0.34448819,2.4302996 -4.8052886 0.34448819,
  2.4430839 -4.7925043 0.34448819,2.4448819 -4.7834646 0.34448819,
  2.4448819 -2.3031496 0.34448819,2.4430839 -2.2941098 0.34448819,
  2.4302996 -2.2813256 0.34448819,2.4212598 -2.2795276 0.34448819,
  -0.84645669 -2.2795276 0.34448819,-0.85549646 -2.2813256 0.34448819,
  -0.86828071 -2.2941098 0.34448819,-0.87007874 -2.3031496 0.34448819,
  -0.87007874 -4.7598425 0.34448819,-0.87007874 -4.7834646 0.34448819,
  -0.86828071 -4.7925043 0.34448819,-0.85549646 -4.8052886 0.34448819,
  -0.84645669 -4.8070866 0.34448819,2.3976378 -2.3267717 0.34448819,
  2.3976378 -4.7598425 0.34448819,-0.82283465 -4.7598425 0.34448819,
  -0.82283465 -2.3267717 0.34448819,8.902235 -3.7347004 0.34448819,
  8.9052106 -3.7328268 0.34448819,8.9060748 -3.7324693 0.34448819,
  8.9070472 -3.7316709 0.34448819,8.9081134 -3.731 0.34448819,
  8.9087264 -3.7302925 0.34448819,8.9114441 -3.7280626 0.34448819,
  8.9301917 -3.7093146 0.34448819,8.9324217 -3.7065972 0.34448819,
  8.9331287 -3.7059843 0.34448819,8.9337988 -3.7049189 0.34448819,
  8.9345984 -3.7039453 0.34448819,8.9349567 -3.7030795 0.34448819,
  8.9368287 -3.7001059 0.34448819,8.9555764 -3.662611 0.34448819,
  8.9580591 -3.6561236 0.34448819,8.9581492 -3.6548535 0.34448819,
  8.9586366 -3.6536772 0.34448819,8.9593173 -3.6467646 0.34448819,
  8.9593173 -3.5530264 0.34448819,8.9586366 -3.5461138 0.34448819,
  8.9581492 -3.544937 0.34448819,8.9580591 -3.5436673 0.34448819,
  8.9555764 -3.5371799 0.34448819,8.9368287 -3.499685 0.34448819,
  8.9349559 -3.4967098 0.34448819,8.934598 -3.4958453 0.34448819,
  8.9337992 -3.494872 0.34448819,8.9331287 -3.4938067 0.34448819,
  8.9324213 -3.4931933 0.34448819,8.9301913 -3.490476 0.34448819,
  8.9114441 -3.4717283 0.34448819,8.908726 -3.4694976 0.34448819,
  8.9081134 -3.4687913 0.34448819,8.9070476 -3.4681205 0.34448819,
  8.9060748 -3.467322 0.34448819,8.9052106 -3.4669642 0.34448819,
  8.902235 -3.4650909 0.34448819,8.8666343 -3.4472909 0.34448819,
  8.9505504 -3.3513874 0.34448819,8.952687 -3.3483984 0.34448819,
  8.9533457 -3.3477402 0.34448819,8.9536039 -3.3471157 0.34448819,
  8.9545902 -3.345737 0.34448819,8.9564343 -3.3402831 0.34448819,
  8.9586366 -3.3349673 0.34448819,8.9586366 -3.333772 0.34448819,
  8.9590193 -3.3326406 0.34448819,8.9586366 -3.3269004 0.34448819,
  8.9586366 -3.3211421 0.34448819,8.9581787 -3.3200374 0.34448819,
  8.9580996 -3.3188457 0.34448819,8.9555472 -3.3136846 0.34448819,
  8.9533457 -3.3083693 0.34448819,8.9525016 -3.3075252 0.34448819,
  8.9519713 -3.3064528 0.34448819,8.9476346 -3.3026583 0.34448819,
  8.9435697 -3.2985933 0.34448819,8.9424665 -3.2981362 0.34448819,
  8.9415665 -3.2973488 0.34448819,8.9361126 -3.2955043 0.34448819,
  8.9307969 -3.2933024 0.34448819,8.9291102 -3.2931362 0.34448819,
  8.9284701 -3.2929197 0.34448819,8.9275402 -3.2929815 0.34448819,
  8.9238843 -3.2926217 0.34448819,8.680165 -3.2926217 0.34448819,
  8.6732524 -3.2933024 0.34448819,8.6604795 -3.2985933 0.34448819,
  8.6507035 -3.3083693 0.34448819,8.6454126 -3.3211421 0.34448819,
  8.6454126 -3.3349673 0.34448819,8.6507035 -3.3477402 0.34448819,
  8.6604795 -3.3575161 0.34448819,8.6732524 -3.3628071 0.34448819,
  8.680165 -3.3634878 0.34448819,8.845798 -3.3634878 0.34448819,
  8.7659846 -3.4547031 0.34448819,8.7638476 -3.4576917 0.34448819,
  8.7631894 -3.4583504 0.34448819,8.7629307 -3.4589744 0.34448819,
  8.7619449 -3.4603535 0.34448819,8.7601004 -3.4658071 0.34448819,
  8.7578984 -3.4711232 0.34448819,8.7578984 -3.4723181 0.34448819,
  8.7575157 -3.47345 0.34448819,8.7578984 -3.4791898 0.34448819,
  8.7578984 -3.4849484 0.34448819,8.7583559 -3.4860528 0.34448819,
  8.7584354 -3.4872449 0.34448819,8.7609874 -3.4924055 0.34448819,
  8.7631894 -3.4977213 0.34448819,8.7640331 -3.498565 0.34448819,
  8.7645638 -3.4996378 0.34448819,8.7689 -3.5034319 0.34448819,
  8.7729654 -3.5074972 0.34448819,8.7740681 -3.5079539 0.34448819,
  8.7749685 -3.5087417 0.34448819,8.780422 -3.5105858 0.34448819,
  8.7857382 -3.5127882 0.34448819,8.7874244 -3.5129539 0.34448819,
  8.788065 -3.5131709 0.34448819,8.7889945 -3.5131087 0.34448819,
  8.7926508 -3.5134689 0.34448819,8.8405295 -3.5134689 0.34448819,
  8.8653992 -3.5259039 0.34448819,8.8760157 -3.5365205 0.34448819,
  8.8884512 -3.5613909 0.34448819,8.8884512 -3.6383996 0.34448819,
  8.8760157 -3.6632705 0.34448819,8.8653996 -3.673887 0.34448819,
  8.8405295 -3.6863224 0.34448819,8.7447728 -3.6863224 0.34448819,
  8.719902 -3.673887 0.34448819,8.7052201 -3.6592051 0.34448819,
  8.6998508 -3.6547984 0.34448819,8.687078 -3.6495079 0.34448819,
  8.6732528 -3.6495079 0.34448819,8.6604795 -3.654798 0.34448819,
  8.6507035 -3.664574 0.34448819,8.645413 -3.6773469 0.34448819,
  8.645413 -3.691172 0.34448819,8.6507031 -3.7039453 0.34448819,
  8.6551098 -3.7093146 0.34448819,8.6738575 -3.7280626 0.34448819,
  8.6765752 -3.7302933 0.34448819,8.6771882 -3.731 0.34448819,
  8.678252 -3.7316697 0.34448819,8.6792264 -3.7324693 0.34448819,
  8.6800921 -3.732828 0.34448819,8.6830665 -3.7347 0.34448819,
  8.7205614 -3.7534476 0.34448819,8.7270488 -3.7559303 0.34448819,
  8.7283185 -3.7560205 0.34448819,8.7294953 -3.7565079 0.34448819,
  8.7364079 -3.7571886 0.34448819,8.8488937 -3.7571886 0.34448819,
  8.8558063 -3.7565079 0.34448819,8.8569827 -3.7560205 0.34448819,
  8.8582528 -3.7559303 0.34448819,8.8647398 -3.7534476 0.34448819,
  8.5652717 -3.6127685 0.34448819,8.5656165 -3.6092693 0.34448819,
  8.5656165 -3.3280547 0.34448819,8.5649358 -3.3211421 0.34448819,
  8.5596449 -3.3083693 0.34448819,8.5498689 -3.2985933 0.34448819,
  8.5370961 -3.2933024 0.34448819,8.5232709 -3.2933024 0.34448819,
  8.510498 -3.2985933 0.34448819,8.500722 -3.3083693 0.34448819,
  8.4954311 -3.3211421 0.34448819,8.4947504 -3.3280547 0.34448819,
  8.4947504 -3.6035189 0.34448819,8.4804665 -3.6463713 0.34448819,
  8.4547996 -3.6720382 0.34448819,8.4119484 -3.6863224 0.34448819,
  8.3802024 -3.6863224 0.34448819,8.3732898 -3.6870031 0.34448819,
  8.3605169 -3.6922941 0.34448819,8.3507409 -3.7020701 0.34448819,
  8.34545 -3.7148429 0.34448819,8.34545 -3.7286681 0.34448819,
  8.3507409 -3.7414409 0.34448819,8.3605169 -3.7512169 0.34448819,
  8.3732898 -3.7565079 0.34448819,8.3802024 -3.7571886 0.34448819,
  8.4176976 -3.7571886 0.34448819,8.4211949 -3.7568441 0.34448819,
  8.4221295 -3.7569106 0.34448819,8.4233579 -3.7566311 0.34448819,
  8.4246102 -3.7565079 0.34448819,8.4254748 -3.7561496 0.34448819,
  8.4289024 -3.7553701 0.34448819,8.4851453 -3.7366228 0.34448819,
  8.4914878 -3.7337909 0.34448819,8.4924496 -3.7329563 0.34448819,
  8.4936264 -3.7324693 0.34448819,8.4989957 -3.7280626 0.34448819,
  8.5364909 -3.6905669 0.34448819,8.5408976 -3.6851976 0.34448819,
  8.5413846 -3.6840213 0.34448819,8.5422189 -3.6830598 0.34448819,
  8.5450504 -3.6767169 0.34448819,8.563798 -3.6204744 0.34448819,
  8.5645772 -3.6170472 0.34448819,8.5649358 -3.6161819 0.34448819,
  8.5650591 -3.6149272 0.34448819,8.5653382 -3.6137012 0.34448819,
  10.688976 -4.6102362 0.34448819,10.698016 -4.6084382 0.34448819,
  10.7108 -4.5956539 0.34448819,10.712598 -4.5866142 0.34448819,
  10.712598 -2.5 0.34448819,10.7108 -2.4909602 0.34448819,
  10.698016 -2.478176 0.34448819,10.688976 -2.476378 0.34448819,
  6.6338583 -2.476378 0.34448819,6.6248185 -2.478176 0.34448819,
  6.6120343 -2.4909602 0.34448819,6.6102362 -2.5 0.34448819,
  6.6102362 -4.5629921 0.34448819,6.6102362 -4.5866142 0.34448819,
  6.6120343 -4.5956539 0.34448819,6.6248185 -4.6084382 0.34448819,
  6.6338583 -4.6102362 0.34448819,10.665354 -2.523622 0.34448819,
  10.665354 -4.5629921 0.34448819,6.6574803 -4.5629921 0.34448819,
  6.6574803 -2.523622 0.34448819,15.651886 -3.2190677 0.34448819,
  15.652231 -3.2155685 0.34448819,15.652231 -2.9343539 0.34448819,
  15.65155 -2.9274413 0.34448819,15.646259 -2.9146685 0.34448819,
  15.636483 -2.9048925 0.34448819,15.62371 -2.8996016 0.34448819,
  15.609885 -2.8996016 0.34448819,15.597112 -2.9048925 0.34448819,
  15.587336 -2.9146685 0.34448819,15.582045 -2.9274413 0.34448819,
  15.581365 -2.9343539 0.34448819,15.581365 -3.2098181 0.34448819,
  15.567081 -3.2526705 0.34448819,15.541414 -3.2783374 0.34448819,
  15.498563 -3.2926217 0.34448819,15.466817 -3.2926217 0.34448819,
  15.459904 -3.2933024 0.34448819,15.447131 -3.2985933 0.34448819,
  15.437355 -3.3083693 0.34448819,15.432064 -3.3211421 0.34448819,
  15.432064 -3.3349673 0.34448819,15.437355 -3.3477402 0.34448819,
  15.447131 -3.3575161 0.34448819,15.459904 -3.3628071 0.34448819,
  15.466817 -3.3634878 0.34448819,15.504312 -3.3634878 0.34448819,
  15.507809 -3.3631433 0.34448819,15.508744 -3.3632098 0.34448819,
  15.509972 -3.3629303 0.34448819,15.511224 -3.3628071 0.34448819,
  15.512089 -3.3624488 0.34448819,15.515517 -3.3616693 0.34448819,
  15.571759 -3.342922 0.34448819,15.578102 -3.3400902 0.34448819,
  15.579064 -3.3392555 0.34448819,15.580241 -3.3387685 0.34448819,
  15.58561 -3.3343618 0.34448819,15.623105 -3.2968661 0.34448819,
  15.627512 -3.2914969 0.34448819,15.627999 -3.2903205 0.34448819,
  15.628833 -3.2893591 0.34448819,15.631665 -3.2830161 0.34448819,
  15.650412 -3.2267736 0.34448819,15.651191 -3.2233465 0.34448819,
  15.65155 -3.2224811 0.34448819,15.651673 -3.2212264 0.34448819,
  15.651952 -3.2200004 0.34448819,15.750774 -3.1906181 0.34448819,
  15.750372 -3.192389 0.34448819,15.750774 -3.1980547 0.34448819,
  15.750774 -3.2037335 0.34448819,15.751261 -3.2049098 0.34448819,
  15.751352 -3.2061795 0.34448819,15.753891 -3.2112583 0.34448819,
  15.756065 -3.2165063 0.34448819,15.756965 -3.2174063 0.34448819,
  15.757535 -3.2185453 0.34448819,15.761826 -3.2222673 0.34448819,
  15.765841 -3.2262823 0.34448819,15.767017 -3.2267689 0.34448819,
  15.767979 -3.2276039 0.34448819,15.77337 -3.2294008 0.34448819,
  15.778614 -3.2315732 0.34448819,15.78042 -3.2317508 0.34448819,
  15.781095 -3.231976 0.34448819,15.782029 -3.2319094 0.34448819,
  15.785527 -3.2322539 0.34448819,15.93757 -3.2322539 0.34448819,
  15.93757 -3.3280547 0.34448819,15.938251 -3.3349673 0.34448819,
  15.943542 -3.3477402 0.34448819,15.953318 -3.3575161 0.34448819,
  15.966091 -3.3628071 0.34448819,15.979916 -3.3628071 0.34448819,
  15.992689 -3.3575161 0.34448819,16.002465 -3.3477402 0.34448819,
  16.007756 -3.3349673 0.34448819,16.008436 -3.3280547 0.34448819,
  16.008436 -3.2322539 0.34448819,16.029246 -3.2322539 0.34448819,
  16.036159 -3.2315732 0.34448819,16.048931 -3.2262823 0.34448819,
  16.058707 -3.2165063 0.34448819,16.063998 -3.2037335 0.34448819,
  16.063998 -3.1899083 0.34448819,16.058707 -3.1771354 0.34448819,
  16.048931 -3.1673594 0.34448819,16.036159 -3.1620685 0.34448819,
  16.029246 -3.1613878 0.34448819,16.008436 -3.1613878 0.34448819,
  16.008436 -3.0655874 0.34448819,16.007756 -3.0586748 0.34448819,
  16.002465 -3.045902 0.34448819,15.992689 -3.036126 0.34448819,
  15.979916 -3.030835 0.34448819,15.966091 -3.030835 0.34448819,
  15.953318 -3.036126 0.34448819,15.943542 -3.045902 0.34448819,
  15.938251 -3.0586748 0.34448819,15.93757 -3.0655874 0.34448819,
  15.93757 -3.1613878 0.34448819,15.834687 -3.1613878 0.34448819,
  15.91288 -2.9268114 0.34448819,15.91442 -2.9200382 0.34448819,
  15.913439 -2.9062476 0.34448819,15.907257 -2.8938819 0.34448819,
  15.896813 -2.8848236 0.34448819,15.883697 -2.8804516 0.34448819,
  15.869906 -2.8814319 0.34448819,15.857541 -2.8876146 0.34448819,
  15.848482 -2.8980591 0.34448819,15.84565 -2.9044016 0.34448819,
  15.751912 -3.1856161 0.34448819,15.751132 -3.1890433 0.34448819,
  15.750774 -3.1899083 0.34448819,16.988189 -4.4133858 0.34448819,
  16.997229 -4.4115878 0.34448819,17.010013 -4.3988035 0.34448819,
  17.011811 -4.3897638 0.34448819,17.011811 -1.9094488 0.34448819,
  17.010013 -1.9004091 0.34448819,16.997229 -1.8876248 0.34448819,
  16.988189 -1.8858268 0.34448819,14.507874 -1.8858268 0.34448819,
  14.498834 -1.8876248 0.34448819,14.48605 -1.9004091 0.34448819,
  14.484252 -1.9094488 0.34448819,14.484252 -4.3661417 0.34448819,
  14.484252 -4.3897638 0.34448819,14.48605 -4.3988035 0.34448819,
  14.498834 -4.4115878 0.34448819,14.507874 -4.4133858 0.34448819,
  16.964567 -1.9330709 0.34448819,16.964567 -4.3661417 0.34448819,
  14.531496 -4.3661417 0.34448819,14.531496 -1.9330709 0.34448819,
  -17.82612 -2.9214094 0.34448819,-17.829095 -2.9232819 0.34448819,
  -17.829959 -2.9236402 0.34448819,-17.830933 -2.9244386 0.34448819,
  -17.831998 -2.9251094 0.34448819,-17.832611 -2.9258165 0.34448819,
  -17.835329 -2.9280469 0.34448819,-17.854076 -2.9467941 0.34448819,
  -17.856307 -2.9495118 0.34448819,-17.857013 -2.9501248 0.34448819,
  -17.857684 -2.9511902 0.34448819,-17.858483 -2.9521634 0.34448819,
  -17.858841 -2.9530272 0.34448819,-17.860714 -2.9560031 0.34448819,
  -17.879461 -2.9934984 0.34448819,-17.881944 -2.9999854 0.34448819,
  -17.882034 -3.0012551 0.34448819,-17.882521 -3.0024319 0.34448819,
  -17.883202 -3.0093445 0.34448819,-17.883202 -3.0468398 0.34448819,
  -17.882521 -3.0537524 0.34448819,-17.882034 -3.0549287 0.34448819,
  -17.881944 -3.0561988 0.34448819,-17.879461 -3.0626858 0.34448819,
  -17.860714 -3.1001811 0.34448819,-17.858841 -3.1031567 0.34448819,
  -17.858483 -3.1040209 0.34448819,-17.857684 -3.1049937 0.34448819,
  -17.857013 -3.1060594 0.34448819,-17.856307 -3.106672 0.34448819,
  -17.854076 -3.1093902 0.34448819,-17.835329 -3.1281374 0.34448819,
  -17.832611 -3.1303673 0.34448819,-17.831998 -3.1310748 0.34448819,
  -17.830933 -3.1317453 0.34448819,-17.829959 -3.1325441 0.34448819,
  -17.829095 -3.132902 0.34448819,-17.82612 -3.1347748 0.34448819,
  -17.788625 -3.1535224 0.34448819,-17.78812 -3.1537157 0.34448819,
  -17.787913 -3.1538685 0.34448819,-17.785011 -3.1549055 0.34448819,
  -17.782137 -3.1560051 0.34448819,-17.781882 -3.1560232 0.34448819,
  -17.781372 -3.1562055 0.34448819,-17.710154 -3.1740098 0.34448819,
  -17.681282 -3.1884461 0.34448819,-17.670666 -3.1990626 0.34448819,
  -17.65823 -3.2239331 0.34448819,-17.65823 -3.2446988 0.34448819,
  -17.670666 -3.2695697 0.34448819,-17.681282 -3.2801862 0.34448819,
  -17.706152 -3.2926217 0.34448819,-17.785776 -3.2926217 0.34448819,
  -17.836564 -3.2756925 0.34448819,-17.843337 -3.274152 0.34448819,
  -17.857128 -3.2751323 0.34448819,-17.869493 -3.2813154 0.34448819,
  -17.878552 -3.2917594 0.34448819,-17.882924 -3.3048752 0.34448819,
  -17.881944 -3.3186657 0.34448819,-17.875761 -3.3310315 0.34448819,
  -17.865317 -3.3400902 0.34448819,-17.858974 -3.3429217 0.34448819,
  -17.802731 -3.3616693 0.34448819,-17.799304 -3.3624484 0.34448819,
  -17.798439 -3.3628071 0.34448819,-17.797184 -3.3629303 0.34448819,
  -17.795958 -3.3632094 0.34448819,-17.795026 -3.3631429 0.34448819,
  -17.791526 -3.3634878 0.34448819,-17.697788 -3.3634878 0.34448819,
  -17.690875 -3.3628071 0.34448819,-17.689699 -3.3623197 0.34448819,
  -17.688429 -3.3622295 0.34448819,-17.681942 -3.3597469 0.34448819,
  -17.644446 -3.3409996 0.34448819,-17.641471 -3.339126 0.34448819,
  -17.640607 -3.3387685 0.34448819,-17.639634 -3.3379701 0.34448819,
  -17.638568 -3.3372992 0.34448819,-17.637955 -3.3365917 0.34448819,
  -17.635237 -3.3343618 0.34448819,-17.61649 -3.3156138 0.34448819,
  -17.61426 -3.3128965 0.34448819,-17.613553 -3.3122835 0.34448819,
  -17.612883 -3.3112181 0.34448819,-17.612083 -3.3102445 0.34448819,
  -17.611725 -3.3093787 0.34448819,-17.609853 -3.3064051 0.34448819,
  -17.591105 -3.2689102 0.34448819,-17.588622 -3.2624228 0.34448819,
  -17.588532 -3.2611528 0.34448819,-17.588045 -3.2599764 0.34448819,
  -17.587364 -3.2530638 0.34448819,-17.587364 -3.2155685 0.34448819,
  -17.588045 -3.2086559 0.34448819,-17.588532 -3.2074791 0.34448819,
  -17.588622 -3.2062094 0.34448819,-17.591105 -3.199722 0.34448819,
  -17.609853 -3.1622272 0.34448819,-17.611726 -3.159252 0.34448819,
  -17.612083 -3.1583874 0.34448819,-17.612882 -3.1574142 0.34448819,
  -17.613553 -3.1563488 0.34448819,-17.61426 -3.1557354 0.34448819,
  -17.61649 -3.1530181 0.34448819,-17.635237 -3.1342705 0.34448819,
  -17.637956 -3.1320398 0.34448819,-17.638568 -3.1313335 0.34448819,
  -17.639634 -3.1306626 0.34448819,-17.640607 -3.1298642 0.34448819,
  -17.641471 -3.1295063 0.34448819,-17.644446 -3.1276331 0.34448819,
  -17.681942 -3.1088858 0.34448819,-17.682447 -3.1086921 0.34448819,
  -17.682653 -3.1085398 0.34448819,-17.685556 -3.1075028 0.34448819,
  -17.688429 -3.1064031 0.34448819,-17.688684 -3.1063846 0.34448819,
  -17.689194 -3.1062028 0.34448819,-17.760411 -3.0883984 0.34448819,
  -17.789284 -3.0739618 0.34448819,-17.799901 -3.0633453 0.34448819,
  -17.812336 -3.0384752 0.34448819,-17.812336 -3.0177087 0.34448819,
  -17.799901 -2.9928386 0.34448819,-17.789284 -2.982222 0.34448819,
  -17.764413 -2.969787 0.34448819,-17.684789 -2.969787 0.34448819,
  -17.634002 -2.9867161 0.34448819,-17.627229 -2.9882563 0.34448819,
  -17.613439 -2.987276 0.34448819,-17.601073 -2.9810933 0.34448819,
  -17.592015 -2.9706492 0.34448819,-17.587643 -2.9575335 0.34448819,
  -17.588623 -2.9437429 0.34448819,-17.594806 -2.9313772 0.34448819,
  -17.60525 -2.9223185 0.34448819,-17.611593 -2.9194866 0.34448819,
  -17.667835 -2.9007394 0.34448819,-17.671263 -2.8999594 0.34448819,
  -17.672128 -2.8996016 0.34448819,-17.67338 -2.899478 0.34448819,
  -17.674608 -2.8991988 0.34448819,-17.675543 -2.899265 0.34448819,
  -17.67904 -2.8989209 0.34448819,-17.772778 -2.8989209 0.34448819,
  -17.779691 -2.8996016 0.34448819,-17.780868 -2.9000886 0.34448819,
  -17.782137 -2.9001791 0.34448819,-17.788625 -2.9026618 0.34448819,
  -17.118697 -2.9356787 0.34448819,-17.120886 -2.922028 0.34448819,
  -17.128131 -2.9102531 0.34448819,-17.139331 -2.9021476 0.34448819,
  -17.152781 -2.8989457 0.34448819,-17.166432 -2.9011343 0.34448819,
  -17.178206 -2.9083799 0.34448819,-17.186312 -2.9195799 0.34448819,
  -17.188575 -2.9261469 0.34448819,-17.249789 -3.1832437 0.34448819,
  -17.288598 -3.0377098 0.34448819,-17.289206 -3.0360906 0.34448819,
  -17.289296 -3.0354098 0.34448819,-17.289764 -3.0346012 0.34448819,
  -17.291037 -3.0312063 0.34448819,-17.29388 -3.0274925 0.34448819,
  -17.296223 -3.0234453 0.34448819,-17.298046 -3.02205 0.34448819,
  -17.29944 -3.020228 0.34448819,-17.303486 -3.0178854 0.34448819,
  -17.307201 -3.0150417 0.34448819,-17.30942 -3.01445 0.34448819,
  -17.311405 -3.0133008 0.34448819,-17.316039 -3.0126846 0.34448819,
  -17.320559 -3.0114795 0.34448819,-17.322835 -3.0117815 0.34448819,
  -17.32511 -3.0114795 0.34448819,-17.32963 -3.0126846 0.34448819,
  -17.334264 -3.0133008 0.34448819,-17.33625 -3.0144504 0.34448819,
  -17.338468 -3.0150421 0.34448819,-17.342182 -3.0178846 0.34448819,
  -17.346229 -3.020228 0.34448819,-17.347624 -3.0220504 0.34448819,
  -17.349446 -3.0234453 0.34448819,-17.351789 -3.0274909 0.34448819,
  -17.354632 -3.0312059 0.34448819,-17.355906 -3.0346024 0.34448819,
  -17.356374 -3.0354102 0.34448819,-17.356464 -3.0360906 0.34448819,
  -17.357071 -3.0377098 0.34448819,-17.39588 -3.1832433 0.34448819,
  -17.457094 -2.9261469 0.34448819,-17.459357 -2.9195799 0.34448819,
  -17.467463 -2.9083799 0.34448819,-17.479237 -2.9011343 0.34448819,
  -17.492888 -2.8989457 0.34448819,-17.506337 -2.9021476 0.34448819,
  -17.517537 -2.9102531 0.34448819,-17.524783 -2.9220276 0.34448819,
  -17.526972 -2.9356787 0.34448819,-17.526033 -2.942561 0.34448819,
  -17.432295 -3.3362618 0.34448819,-17.431477 -3.3386343 0.34448819,
  -17.431364 -3.3394843 0.34448819,-17.43092 -3.340252 0.34448819,
  -17.430031 -3.3428287 0.34448819,-17.427014 -3.3469988 0.34448819,
  -17.424437 -3.3514492 0.34448819,-17.422993 -3.3525543 0.34448819,
  -17.421926 -3.3540287 0.34448819,-17.417544 -3.3567252 0.34448819,
  -17.413459 -3.3598524 0.34448819,-17.411701 -3.3603213 0.34448819,
  -17.410152 -3.3612744 0.34448819,-17.405075 -3.3620882 0.34448819,
  -17.4001 -3.363415 0.34448819,-17.398296 -3.3631748 0.34448819,
  -17.3965 -3.363463 0.34448819,-17.391496 -3.3622713 0.34448819,
  -17.386396 -3.3615937 0.34448819,-17.384822 -3.3606823 0.34448819,
  -17.383051 -3.360261 0.34448819,-17.378881 -3.3572429 0.34448819,
  -17.374431 -3.3546665 0.34448819,-17.373326 -3.353222 0.34448819,
  -17.371851 -3.3521555 0.34448819,-17.369155 -3.3477736 0.34448819,
  -17.366028 -3.3436882 0.34448819,-17.365071 -3.3411374 0.34448819,
  -17.364606 -3.3403811 0.34448819,-17.36447 -3.3395343 0.34448819,
  -17.363589 -3.3371846 0.34448819,-17.322835 -3.1843567 0.34448819,
  -17.282081 -3.3371846 0.34448819,-17.2812 -3.3395343 0.34448819,
  -17.281064 -3.3403811 0.34448819,-17.280599 -3.341137 0.34448819,
  -17.279642 -3.3436886 0.34448819,-17.276514 -3.3477748 0.34448819,
  -17.273818 -3.3521555 0.34448819,-17.272344 -3.353222 0.34448819,
  -17.271239 -3.3546665 0.34448819,-17.266789 -3.3572429 0.34448819,
  -17.262618 -3.360261 0.34448819,-17.260848 -3.3606823 0.34448819,
  -17.259274 -3.3615937 0.34448819,-17.254174 -3.3622713 0.34448819,
  -17.249169 -3.363463 0.34448819,-17.247374 -3.3631748 0.34448819,
  -17.245569 -3.363415 0.34448819,-17.240594 -3.3620878 0.34448819,
  -17.235518 -3.3612744 0.34448819,-17.23397 -3.3603217 0.34448819,
  -17.232211 -3.3598528 0.34448819,-17.228124 -3.356724 0.34448819,
  -17.223743 -3.3540287 0.34448819,-17.222677 -3.3525547 0.34448819,
  -17.221232 -3.3514492 0.34448819,-17.218656 -3.346998 0.34448819,
  -17.215638 -3.3428287 0.34448819,-17.21475 -3.3402531 0.34448819,
  -17.214305 -3.3394846 0.34448819,-17.214192 -3.3386343 0.34448819,
  -17.213374 -3.3362618 0.34448819,-17.119636 -2.942561 0.34448819,
  -16.939868 -2.9146992 0.34448819,-16.975417 -2.968022 0.34448819,
  -17.006367 -2.9989717 0.34448819,-17.038718 -3.0151476 0.34448819,
  -17.044596 -3.0188476 0.34448819,-17.053655 -3.0292921 0.34448819,
  -17.058027 -3.0424083 0.34448819,-17.057047 -3.0561988 0.34448819,
  -17.050864 -3.0685642 0.34448819,-17.04042 -3.0776224 0.34448819,
  -17.027304 -3.0819945 0.34448819,-17.013513 -3.0810146 0.34448819,
  -17.007026 -3.0785319 0.34448819,-16.969531 -3.0597846 0.34448819,
  -16.966555 -3.057911 0.34448819,-16.965691 -3.0575535 0.34448819,
  -16.964718 -3.0567547 0.34448819,-16.963652 -3.0560843 0.34448819,
  -16.96304 -3.0553776 0.34448819,-16.960322 -3.0531472 0.34448819,
  -16.945819 -3.0386449 0.34448819,-16.945819 -3.2926217 0.34448819,
  -17.022872 -3.2926217 0.34448819,-17.029785 -3.2933024 0.34448819,
  -17.042557 -3.2985933 0.34448819,-17.052333 -3.3083693 0.34448819,
  -17.057624 -3.3211421 0.34448819,-17.057624 -3.3349673 0.34448819,
  -17.052333 -3.3477402 0.34448819,-17.042557 -3.3575161 0.34448819,
  -17.029785 -3.3628071 0.34448819,-17.022872 -3.3634878 0.34448819,
  -16.7979 -3.3634878 0.34448819,-16.790988 -3.3628071 0.34448819,
  -16.778215 -3.3575161 0.34448819,-16.768439 -3.3477402 0.34448819,
  -16.763148 -3.3349673 0.34448819,-16.763148 -3.3211421 0.34448819,
  -16.768439 -3.3083693 0.34448819,-16.778215 -3.2985933 0.34448819,
  -16.790988 -3.2933024 0.34448819,-16.7979 -3.2926217 0.34448819,
  -16.874953 -3.2926217 0.34448819,-16.874953 -2.9343539 0.34448819,
  -16.874956 -2.9343291 0.34448819,-16.874953 -2.9343169 0.34448819,
  -16.874961 -2.9342807 0.34448819,-16.875634 -2.9274413 0.34448819,
  -16.876977 -2.9241996 0.34448819,-16.877665 -2.9207598 0.34448819,
  -16.879597 -2.9178744 0.34448819,-16.880925 -2.9146685 0.34448819,
  -16.883404 -2.912189 0.34448819,-16.885357 -2.9092724 0.34448819,
  -16.888248 -2.9073453 0.34448819,-16.890701 -2.9048925 0.34448819,
  -16.89394 -2.9035508 0.34448819,-16.896861 -2.9016035 0.34448819,
  -16.900268 -2.9009295 0.34448819,-16.903474 -2.8996016 0.34448819,
  -16.906982 -2.8996016 0.34448819,-16.910423 -2.8989209 0.34448819,
  -16.913827 -2.8996016 0.34448819,-16.917299 -2.8996016 0.34448819,
  -16.920541 -2.9009441 0.34448819,-16.92398 -2.9016323 0.34448819,
  -16.926865 -2.9035638 0.34448819,-16.930072 -2.9048925 0.34448819,
  -16.932552 -2.9073728 0.34448819,-16.935467 -2.9093252 0.34448819,
  -16.939822 -2.9146425 0.34448819,-16.939848 -2.9146685 0.34448819,
  -16.939853 -2.9146799 0.34448819,-16.082677 -4.019685 0.34448819,
  -16.073637 -4.017887 0.34448819,-16.060853 -4.0051028 0.34448819,
  -16.059055 -3.996063 0.34448819,-16.059055 -2.3031496 0.34448819,
  -16.060853 -2.2941098 0.34448819,-16.073637 -2.2813256 0.34448819,
  -16.082677 -2.2795276 0.34448819,-18.562992 -2.2795276 0.34448819,
  -18.572032 -2.2813256 0.34448819,-18.584816 -2.2941098 0.34448819,
  -18.586614 -2.3031496 0.34448819,-18.586614 -3.9724409 0.34448819,
  -18.586614 -3.996063 0.34448819,-18.584816 -4.0051028 0.34448819,
  -18.572032 -4.017887 0.34448819,-18.562992 -4.019685 0.34448819,
  -16.106299 -2.3267717 0.34448819,-16.106299 -3.9724409 0.34448819,
  -18.53937 -3.9724409 0.34448819,-18.53937 -2.3267717 0.34448819,
  -5.7619661 -0.16000236 0.34448819,-5.7585976 -0.15663425 0.34448819,
  -5.7563677 -0.15391654 0.34448819,-5.7556602 -0.15330354 0.34448819,
  -5.7549898 -0.1522378 0.34448819,-5.7541909 -0.15126496 0.34448819,
  -5.7538331 -0.1504 0.34448819,-5.7519602 -0.1474252 0.34448819,
  -5.7332126 -0.10993031 0.34448819,-5.7307299 -0.10344291 0.34448819,
  -5.7306398 -0.10217283 0.34448819,-5.7301524 -0.10099646 0.34448819,
  -5.7294717 -0.094083858 0.34448819,-5.7294717 -0.056588583 0.34448819,
  -5.7301524 -0.049675984 0.34448819,-5.7306398 -0.048499213 0.34448819,
  -5.7307299 -0.047229528 0.34448819,-5.7332126 -0.040742126 0.34448819,
  -5.7519602 -0.0032472441 0.34448819,-5.7538331 -0.00027204724 0.34448819,
  -5.7541909 0.00059251969 0.34448819,-5.7549898 0.001565748 0.34448819,
  -5.7556602 0.0026311024 0.34448819,-5.7563677 0.0032444882 0.34448819,
  -5.7585976 0.005961811 0.34448819,-5.7773449 0.024709449 0.34448819,
  -5.780063 0.026940157 0.34448819,-5.7806756 0.027646457 0.34448819,
  -5.7817413 0.028317323 0.34448819,-5.7827142 0.029115748 0.34448819,
  -5.7835783 0.029473622 0.34448819,-5.7865539 0.03134685 0.34448819,
  -5.8240492 0.050094094 0.34448819,-5.8305362 0.052576772 0.34448819,
  -5.8318063 0.052667323 0.34448819,-5.8329827 0.053154331 0.34448819,
  -5.8398953 0.053835039 0.34448819,-5.9711287 0.053835039 0.34448819,
  -5.9780413 0.053154331 0.34448819,-5.9908142 0.047863386 0.34448819,
  -6.0005902 0.038087402 0.34448819,-6.0058811 0.025314567 0.34448819,
  -6.0065618 0.018401969 0.34448819,-6.0065618 -0.13364134 0.34448819,
  -6.0065618 -0.33986575 0.34448819,-6.0065618 -0.37529882 0.34448819,
  -6.0058811 -0.38221142 0.34448819,-6.0005902 -0.39498425 0.34448819,
  -5.9908142 -0.40476024 0.34448819,-5.9780413 -0.41005118 0.34448819,
  -5.9711287 -0.41073189 0.34448819,-5.8211476 -0.41073189 0.34448819,
  -5.814235 -0.41005118 0.34448819,-5.8130587 -0.40956378 0.34448819,
  -5.8117886 -0.40947362 0.34448819,-5.8053016 -0.40699094 0.34448819,
  -5.7678063 -0.3882437 0.34448819,-5.7648307 -0.38637008 0.34448819,
  -5.7639665 -0.3860126 0.34448819,-5.7629941 -0.38521417 0.34448819,
  -5.761928 -0.38454331 0.34448819,-5.761315 -0.38383583 0.34448819,
  -5.7585972 -0.38160591 0.34448819,-5.7398496 -0.36285787 0.34448819,
  -5.7376197 -0.36014055 0.34448819,-5.7369126 -0.35952756 0.34448819,
  -5.7362425 -0.3584622 0.34448819,-5.7354429 -0.35748858 0.34448819,
  -5.7350846 -0.35662283 0.34448819,-5.7332126 -0.35364921 0.34448819,
  -5.714465 -0.31615433 0.34448819,-5.7119823 -0.30966693 0.34448819,
  -5.7118921 -0.30839685 0.34448819,-5.7114047 -0.30722047 0.34448819,
  -5.710724 -0.30030787 0.34448819,-5.710724 -0.24406496 0.34448819,
  -5.7114047 -0.23715236 0.34448819,-5.7118921 -0.23597559 0.34448819,
  -5.7119823 -0.23470591 0.34448819,-5.714465 -0.2282185 0.34448819,
  -5.7332126 -0.19072362 0.34448819,-5.7350854 -0.18774843 0.34448819,
  -5.7354433 -0.18688386 0.34448819,-5.7362421 -0.18591063 0.34448819,
  -5.7369126 -0.18484528 0.34448819,-5.7376201 -0.18423189 0.34448819,
  -5.73985 -0.18151457 0.34448819,-5.7585972 -0.16276693 0.34448819,
  -5.7940256 -0.22755906 0.34448819,-5.7815902 -0.25242953 0.34448819,
  -5.7815902 -0.29194291 0.34448819,-5.7940256 -0.31681378 0.34448819,
  -5.8046417 -0.32743031 0.34448819,-5.8295118 -0.33986575 0.34448819,
  -5.9356957 -0.33986575 0.34448819,-5.9356957 -0.20450748 0.34448819,
  -5.8456445 -0.20450748 0.34448819,-5.8027933 -0.21879134 0.34448819,
  -5.8003378 -0.06495315 0.34448819,-5.8003378 -0.085718898 0.34448819,
  -5.8127732 -0.11058937 0.34448819,-5.8233898 -0.12120591 0.34448819,
  -5.8482594 -0.13364134 0.34448819,-5.9356957 -0.13364134 0.34448819,
  -5.9356957 -0.017031102 0.34448819,-5.8482594 -0.017031102 0.34448819,
  -5.8233898 -0.029466142 0.34448819,-5.8127732 -0.040082677 0.34448819,
  -5.5745264 0.031346457 0.34448819,-5.5775016 0.029474016 0.34448819,
  -5.5783661 0.029115748 0.34448819,-5.5793394 0.028317323 0.34448819,
  -5.5804047 0.027646457 0.34448819,-5.5810181 0.02693937 0.34448819,
  -5.5837354 0.024709055 0.34448819,-5.6024831 0.005961811 0.34448819,
  -5.6047138 0.0032440945 0.34448819,-5.6054201 0.0026311024 0.34448819,
  -5.6060909 0.001565748 0.34448819,-5.6068894 0.00059251969 0.34448819,
  -5.6072472 -0.00027125984 0.34448819,-5.6091205 -0.0032472441 0.34448819,
  -5.6278677 -0.04074252 0.34448819,-5.6303504 -0.047229528 0.34448819,
  -5.6304409 -0.048499213 0.34448819,-5.630928 -0.049675984 0.34448819,
  -5.6316087 -0.056588583 0.34448819,-5.6316087 -0.094083858 0.34448819,
  -5.630928 -0.10099646 0.34448819,-5.6304409 -0.10217283 0.34448819,
  -5.6303504 -0.10344291 0.34448819,-5.6278677 -0.10992992 0.34448819,
  -5.6091205 -0.1474252 0.34448819,-5.6072472 -0.15040079 0.34448819,
  -5.6068894 -0.15126496 0.34448819,-5.6060909 -0.1522378 0.34448819,
  -5.6054201 -0.15330354 0.34448819,-5.6047138 -0.15391614 0.34448819,
  -5.6024831 -0.15663425 0.34448819,-5.5837354 -0.1753815 0.34448819,
  -5.5810181 -0.17761142 0.34448819,-5.5804047 -0.1783189 0.34448819,
  -5.5793394 -0.17898937 0.34448819,-5.5783661 -0.17978819 0.34448819,
  -5.5775016 -0.18014606 0.34448819,-5.5745264 -0.1820189 0.34448819,
  -5.5370315 -0.20076654 0.34448819,-5.5365264 -0.20095984 0.34448819,
  -5.5363201 -0.2011126 0.34448819,-5.5334173 -0.20214961 0.34448819,
  -5.5305441 -0.20324921 0.34448819,-5.530289 -0.20326732 0.34448819,
  -5.5297787 -0.20344961 0.34448819,-5.458561 -0.22125394 0.34448819,
  -5.429689 -0.23569016 0.34448819,-5.4190724 -0.24630669 0.34448819,
  -5.406637 -0.27117717 0.34448819,-5.406637 -0.29194291 0.34448819,
  -5.4190724 -0.31681378 0.34448819,-5.4296886 -0.32743031 0.34448819,
  -5.4545587 -0.33986575 0.34448819,-5.5341823 -0.33986575 0.34448819,
  -5.5849709 -0.32293661 0.34448819,-5.5917437 -0.32139606 0.34448819,
  -5.6055343 -0.32237638 0.34448819,-5.6179 -0.32855945 0.34448819,
  -5.6269587 -0.33900354 0.34448819,-5.6313307 -0.35211929 0.34448819,
  -5.6303504 -0.36590984 0.34448819,-5.6241673 -0.37827559 0.34448819,
  -5.6137232 -0.38733425 0.34448819,-5.6073803 -0.39016575 0.34448819,
  -5.5511378 -0.40891339 0.34448819,-5.547711 -0.40969252 0.34448819,
  -5.5468453 -0.41005118 0.34448819,-5.5455909 -0.41017441 0.34448819,
  -5.5443646 -0.41045354 0.34448819,-5.5434323 -0.41038701 0.34448819,
  -5.5399327 -0.41073189 0.34448819,-5.4461945 -0.41073189 0.34448819,
  -5.4392819 -0.41005118 0.34448819,-5.4381055 -0.40956378 0.34448819,
  -5.4368354 -0.40947362 0.34448819,-5.4303484 -0.40699094 0.34448819,
  -5.3928531 -0.3882437 0.34448819,-5.3898776 -0.38637008 0.34448819,
  -5.3890134 -0.3860126 0.34448819,-5.3880409 -0.38521417 0.34448819,
  -5.3869748 -0.38454331 0.34448819,-5.3863618 -0.38383583 0.34448819,
  -5.3836441 -0.38160591 0.34448819,-5.3648965 -0.36285787 0.34448819,
  -5.3626665 -0.36014055 0.34448819,-5.3619594 -0.35952756 0.34448819,
  -5.3612894 -0.3584622 0.34448819,-5.3604898 -0.35748858 0.34448819,
  -5.3601315 -0.35662283 0.34448819,-5.3582594 -0.35364921 0.34448819,
  -5.3395118 -0.31615433 0.34448819,-5.3370291 -0.30966693 0.34448819,
  -5.336939 -0.30839685 0.34448819,-5.3364516 -0.30722047 0.34448819,
  -5.3357709 -0.30030787 0.34448819,-5.3357709 -0.2628126 0.34448819,
  -5.3364516 -0.2559 0.34448819,-5.336939 -0.25472323 0.34448819,
  -5.3370291 -0.25345354 0.34448819,-5.3395118 -0.24696614 0.34448819,
  -5.3582594 -0.20947126 0.34448819,-5.3601323 -0.20649606 0.34448819,
  -5.3604902 -0.2056315 0.34448819,-5.361289 -0.20465827 0.34448819,
  -5.3619594 -0.20359291 0.34448819,-5.3626669 -0.20297953 0.34448819,
  -5.3648969 -0.2002622 0.34448819,-5.3836441 -0.18151457 0.34448819,
  -5.3863622 -0.17928386 0.34448819,-5.3869748 -0.17857756 0.34448819,
  -5.3880406 -0.17790669 0.34448819,-5.3890134 -0.17710827 0.34448819,
  -5.3898776 -0.17675039 0.34448819,-5.3928531 -0.17487717 0.34448819,
  -5.4303484 -0.15612992 0.34448819,-5.4308539 -0.15593622 0.34448819,
  -5.4310598 -0.15578386 0.34448819,-5.4339622 -0.15474685 0.34448819,
  -5.4368354 -0.15364724 0.34448819,-5.4370909 -0.15362874 0.34448819,
  -5.4376008 -0.15344685 0.34448819,-5.5088177 -0.13564252 0.34448819,
  -5.5376909 -0.12120591 0.34448819,-5.5483075 -0.11058937 0.34448819,
  -5.5607425 -0.085719291 0.34448819,-5.5607425 -0.064952756 0.34448819,
  -5.5483075 -0.040082677 0.34448819,-5.5376909 -0.029466142 0.34448819,
  -5.5128201 -0.017031102 0.34448819,-5.4331961 -0.017031102 0.34448819,
  -5.3824091 -0.033960236 0.34448819,-5.3756358 -0.035500394 0.34448819,
  -5.3618453 -0.034520079 0.34448819,-5.3494795 -0.028337402 0.34448819,
  -5.3404213 -0.017893307 0.34448819,-5.3360492 -0.0047775591 0.34448819,
  -5.3370295 0.0090129921 0.34448819,-5.3432122 0.02137874 0.34448819,
  -5.3536567 0.030437402 0.34448819,-5.3599992 0.033269291 0.34448819,
  -5.4162421 0.052016535 0.34448819,-5.4196697 0.052796457 0.34448819,
  -5.4205343 0.053154331 0.34448819,-5.4217866 0.053277953 0.34448819,
  -5.423015 0.053557087 0.34448819,-5.4239496 0.053490945 0.34448819,
  -5.4274469 0.053835039 0.34448819,-5.521185 0.053835039 0.34448819,
  -5.5280976 0.053154331 0.34448819,-5.5292744 0.052667323 0.34448819,
  -5.5305441 0.052576772 0.34448819,-5.5370315 0.050094094 0.34448819,
  -4.8677598 -0.21840472 0.34448819,-4.8730508 -0.20563189 0.34448819,
  -4.8828268 -0.19585591 0.34448819,-4.8955996 -0.19056496 0.34448819,
  -4.9025122 -0.18988425 0.34448819,-5.2024748 -0.18988425 0.34448819,
  -5.2093874 -0.19056496 0.34448819,-5.2221602 -0.19585591 0.34448819,
  -5.2319362 -0.20563189 0.34448819,-5.2372272 -0.21840472 0.34448819,
  -5.2372272 -0.23222992 0.34448819,-5.2319362 -0.24500276 0.34448819,
  -5.2221602 -0.25477874 0.34448819,-5.2093874 -0.26006969 0.34448819,
  -5.2024748 -0.26075039 0.34448819,-4.9025122 -0.26075039 0.34448819,
  -4.8955996 -0.26006969 0.34448819,-4.8828268 -0.25477874 0.34448819,
  -4.8730508 -0.24500276 0.34448819,-4.8677598 -0.23222992 0.34448819,
  -1.4874626 -0.38454331 0.34448819,-1.4868496 -0.38383583 0.34448819,
  -1.4841319 -0.38160591 0.34448819,-1.4653843 -0.36285787 0.34448819,
  -1.4631543 -0.36014055 0.34448819,-1.4624472 -0.35952756 0.34448819,
  -1.4617772 -0.3584622 0.34448819,-1.4609776 -0.35748858 0.34448819,
  -1.4606193 -0.35662283 0.34448819,-1.4587472 -0.35364921 0.34448819,
  -1.4399996 -0.31615433 0.34448819,-1.4398063 -0.31564882 0.34448819,
  -1.4396535 -0.31544291 0.34448819,-1.4386165 -0.31253976 0.34448819,
  -1.4375169 -0.30966693 0.34448819,-1.4374988 -0.30941142 0.34448819,
  -1.4373165 -0.30890157 0.34448819,-1.4185689 -0.23391102 0.34448819,
  -1.4183917 -0.2327122 0.34448819,-1.4181917 -0.23222992 0.34448819,
  -1.4179358 -0.22962795 0.34448819,-1.4175528 -0.22703976 0.34448819,
  -1.4176299 -0.22652244 0.34448819,-1.417511 -0.22531732 0.34448819,
  -1.417511 -0.13157913 0.34448819,-1.4176299 -0.13037362 0.34448819,
  -1.4175528 -0.12985669 0.34448819,-1.4179358 -0.12726811 0.34448819,
  -1.4181917 -0.12466654 0.34448819,-1.4183917 -0.12418386 0.34448819,
  -1.4185689 -0.12298543 0.34448819,-1.4373165 -0.047994882 0.34448819,
  -1.4374988 -0.047484646 0.34448819,-1.4375169 -0.047229528 0.34448819,
  -1.4386165 -0.044356299 0.34448819,-1.4396535 -0.041453543 0.34448819,
  -1.4398063 -0.041247244 0.34448819,-1.4399996 -0.040742126 0.34448819,
  -1.4587472 -0.0032472441 0.34448819,-1.4606201 -0.00027204724 0.34448819,
  -1.460978 0.00059251969 0.34448819,-1.4617768 0.001565748 0.34448819,
  -1.4624472 0.0026311024 0.34448819,-1.4631547 0.0032444882 0.34448819,
  -1.4653846 0.005961811 0.34448819,-1.4841319 0.024709449 0.34448819,
  -1.48685 0.026940157 0.34448819,-1.4874626 0.027646457 0.34448819,
  -1.4885283 0.028317323 0.34448819,-1.4895012 0.029115748 0.34448819,
  -1.4903654 0.029473622 0.34448819,-1.4933409 0.03134685 0.34448819,
  -1.5308362 0.050094094 0.34448819,-1.5373232 0.052576772 0.34448819,
  -1.5385933 0.052667323 0.34448819,-1.5397697 0.053154331 0.34448819,
  -1.5466823 0.053835039 0.34448819,-1.5841776 0.053835039 0.34448819,
  -1.5910902 0.053154331 0.34448819,-1.5922669 0.052667323 0.34448819,
  -1.5935366 0.052576772 0.34448819,-1.600024 0.050094094 0.34448819,
  -1.6375189 0.031346457 0.34448819,-1.6404941 0.029474016 0.34448819,
  -1.6413587 0.029115748 0.34448819,-1.6423319 0.028317323 0.34448819,
  -1.6433972 0.027646457 0.34448819,-1.6440106 0.02693937 0.34448819,
  -1.646728 0.024709055 0.34448819,-1.6654756 0.005961811 0.34448819,
  -1.6677063 0.0032440945 0.34448819,-1.6684126 0.0026311024 0.34448819,
  -1.6690835 0.001565748 0.34448819,-1.6698819 0.00059251969 0.34448819,
  -1.6702398 -0.00027125984 0.34448819,-1.672113 -0.0032472441 0.34448819,
  -1.6908602 -0.04074252 0.34448819,-1.6910539 -0.041247638 0.34448819,
  -1.6912063 -0.041453937 0.34448819,-1.6922433 -0.044355906 0.34448819,
  -1.6933429 -0.047229528 0.34448819,-1.6933614 -0.047484646 0.34448819,
  -1.6935433 -0.047994882 0.34448819,-1.7122909 -0.12298543 0.34448819,
  -1.7124685 -0.12418386 0.34448819,-1.7126681 -0.12466654 0.34448819,
  -1.7129244 -0.12726811 0.34448819,-1.7133071 -0.12985669 0.34448819,
  -1.7132303 -0.13037362 0.34448819,-1.7133488 -0.13157913 0.34448819,
  -1.7133488 -0.13594134 0.34448819,-1.7133488 -0.22531732 0.34448819,
  -1.7132303 -0.22652244 0.34448819,-1.7133071 -0.22703976 0.34448819,
  -1.7129244 -0.22962795 0.34448819,-1.7126681 -0.23222992 0.34448819,
  -1.7124685 -0.2327122 0.34448819,-1.7122909 -0.23391102 0.34448819,
  -1.6935433 -0.30890157 0.34448819,-1.6933614 -0.30941142 0.34448819,
  -1.6933429 -0.30966693 0.34448819,-1.6922433 -0.31254016 0.34448819,
  -1.6912063 -0.31544252 0.34448819,-1.6910539 -0.31564843 0.34448819,
  -1.6908602 -0.31615394 0.34448819,-1.672113 -0.35364921 0.34448819,
  -1.6702406 -0.35662402 0.34448819,-1.6698823 -0.35748858 0.34448819,
  -1.6690835 -0.35846181 0.34448819,-1.6684126 -0.35952756 0.34448819,
  -1.6677059 -0.36014055 0.34448819,-1.6654756 -0.36285787 0.34448819,
  -1.646728 -0.38160591 0.34448819,-1.6440102 -0.38383661 0.34448819,
  -1.6433972 -0.38454331 0.34448819,-1.6423335 -0.38521299 0.34448819,
  -1.6413591 -0.3860126 0.34448819,-1.6404933 -0.38637126 0.34448819,
  -1.6375189 -0.38824331 0.34448819,-1.600024 -0.40699094 0.34448819,
  -1.5935366 -0.40947362 0.34448819,-1.5922669 -0.40956378 0.34448819,
  -1.5910902 -0.41005118 0.34448819,-1.5841776 -0.41073189 0.34448819,
  -1.5466823 -0.41073189 0.34448819,-1.5397697 -0.41005118 0.34448819,
  -1.5385933 -0.40956378 0.34448819,-1.5373232 -0.40947362 0.34448819,
  -1.5308362 -0.40699094 0.34448819,-1.4933409 -0.3882437 0.34448819,
  -1.4903654 -0.38637008 0.34448819,-1.4895012 -0.3860126 0.34448819,
  -1.4885287 -0.38521417 0.34448819,-1.4883772 -0.13594134 0.34448819,
  -1.4883772 -0.22095512 0.34448819,-1.5051236 -0.28794016 0.34448819,
  -1.5195602 -0.31681378 0.34448819,-1.5301764 -0.32743031 0.34448819,
  -1.5550465 -0.33986575 0.34448819,-1.5758126 -0.33986575 0.34448819,
  -1.6006835 -0.32743031 0.34448819,-1.6112996 -0.31681417 0.34448819,
  -1.6257362 -0.28794134 0.34448819,-1.6424827 -0.22095512 0.34448819,
  -1.6424827 -0.13594134 0.34448819,-1.6257362 -0.068954724 0.34448819,
  -1.6113 -0.040082677 0.34448819,-1.6006835 -0.029466142 0.34448819,
  -1.5758126 -0.017031102 0.34448819,-1.5550465 -0.017031102 0.34448819,
  -1.5301768 -0.029466142 0.34448819,-1.5195602 -0.040082677 0.34448819,
  -1.5051236 -0.068955906 0.34448819,-1.2199587 0.038056693 0.34448819,
  -1.2555079 -0.015266142 0.34448819,-1.2864575 -0.046215748 0.34448819,
  -1.3188087 -0.062391732 0.34448819,-1.324687 -0.066091732 0.34448819,
  -1.3337453 -0.07653622 0.34448819,-1.3381173 -0.089652362 0.34448819,
  -1.3371374 -0.10344291 0.34448819,-1.3309547 -0.11580827 0.34448819,
  -1.3205102 -0.12486654 0.34448819,-1.3073941 -0.12923858 0.34448819,
  -1.2936035 -0.12825866 0.34448819,-1.2871165 -0.12577598 0.34448819,
  -1.2496213 -0.10702874 0.34448819,-1.2466457 -0.10515512 0.34448819,
  -1.2457815 -0.10479764 0.34448819,-1.2448087 -0.10399882 0.34448819,
  -1.2437429 -0.10332835 0.34448819,-1.2431303 -0.10262165 0.34448819,
  -1.2404122 -0.10039134 0.34448819,-1.2259098 -0.085888976 0.34448819,
  -1.2259098 -0.33986575 0.34448819,-1.3029626 -0.33986575 0.34448819,
  -1.3098752 -0.34054646 0.34448819,-1.322648 -0.3458374 0.34448819,
  -1.332424 -0.35561339 0.34448819,-1.337715 -0.36838622 0.34448819,
  -1.337715 -0.38221142 0.34448819,-1.332424 -0.39498425 0.34448819,
  -1.322648 -0.40476024 0.34448819,-1.3098752 -0.41005118 0.34448819,
  -1.3029626 -0.41073189 0.34448819,-1.0779909 -0.41073189 0.34448819,
  -1.0710783 -0.41005118 0.34448819,-1.0583055 -0.40476024 0.34448819,
  -1.0485295 -0.39498425 0.34448819,-1.0432386 -0.38221142 0.34448819,
  -1.0432386 -0.36838622 0.34448819,-1.0485295 -0.35561339 0.34448819,
  -1.0583055 -0.3458374 0.34448819,-1.0710783 -0.34054646 0.34448819,
  -1.0779909 -0.33986575 0.34448819,-1.1550437 -0.33986575 0.34448819,
  -1.1550437 0.018401969 0.34448819,-1.1550465 0.018426772 0.34448819,
  -1.1550437 0.018438976 0.34448819,-1.1550512 0.018475197 0.34448819,
  -1.1557244 0.025314567 0.34448819,-1.1570673 0.028556299 0.34448819,
  -1.1577551 0.031996063 0.34448819,-1.1596874 0.034881496 0.34448819,
  -1.1610154 0.038087402 0.34448819,-1.1634949 0.040566929 0.34448819,
  -1.165448 0.043483465 0.34448819,-1.1683386 0.04541063 0.34448819,
  -1.1707913 0.047863386 0.34448819,-1.1740303 0.049205118 0.34448819,
  -1.1769512 0.051152362 0.34448819,-1.1803583 0.051826378 0.34448819,
  -1.1835642 0.053154331 0.34448819,-1.1870724 0.053154331 0.34448819,
  -1.1905138 0.053835039 0.34448819,-1.1939173 0.053154331 0.34448819,
  -1.1973894 0.053154331 0.34448819,-1.2006311 0.051811811 0.34448819,
  -1.2040705 0.051123622 0.34448819,-1.2069551 0.049192126 0.34448819,
  -1.2101622 0.047863386 0.34448819,-1.2126429 0.045383071 0.34448819,
  -1.2155579 0.043430709 0.34448819,-1.2199126 0.038113386 0.34448819,
  -1.2199382 0.038087402 0.34448819,-1.2199433 0.038075984 0.34448819,
  -0.40013661 -0.16000236 0.34448819,-0.39676811 -0.15663425 0.34448819,
  -0.39453819 -0.15391654 0.34448819,-0.39383071 -0.15330354 0.34448819,
  -0.39316024 -0.1522378 0.34448819,-0.39236142 -0.15126496 0.34448819,
  -0.39200354 -0.1504 0.34448819,-0.39013071 -0.1474252 0.34448819,
  -0.37138307 -0.10993031 0.34448819,-0.36890039 -0.10344291 0.34448819,
  -0.36881024 -0.10217283 0.34448819,-0.36832283 -0.10099646 0.34448819,
  -0.36764213 -0.094083858 0.34448819,-0.36764213 -0.056588583 0.34448819,
  -0.36832283 -0.049675984 0.34448819,-0.36881024 -0.048499213 0.34448819,
  -0.36890039 -0.047229528 0.34448819,-0.37138307 -0.040742126 0.34448819,
  -0.39013071 -0.0032472441 0.34448819,-0.39200354 -0.00027204724 0.34448819,
  -0.39236142 0.00059251969 0.34448819,-0.39316024 0.001565748 0.34448819,
  -0.39383071 0.0026311024 0.34448819,-0.39453819 0.0032444882 0.34448819,
  -0.39676811 0.005961811 0.34448819,-0.41551535 0.024709449 0.34448819,
  -0.41823346 0.026940157 0.34448819,-0.41884606 0.027646457 0.34448819,
  -0.41991181 0.028317323 0.34448819,-0.42088465 0.029115748 0.34448819,
  -0.42174882 0.029473622 0.34448819,-0.42472441 0.03134685 0.34448819,
  -0.46221969 0.050094094 0.34448819,-0.46870669 0.052576772 0.34448819,
  -0.46997677 0.052667323 0.34448819,-0.47115315 0.053154331 0.34448819,
  -0.47806575 0.053835039 0.34448819,-0.60929921 0.053835039 0.34448819,
  -0.61621181 0.053154331 0.34448819,-0.62898465 0.047863386 0.34448819,
  -0.63876063 0.038087402 0.34448819,-0.64405157 0.025314567 0.34448819,
  -0.64473228 0.018401969 0.34448819,-0.64473228 -0.13364134 0.34448819,
  -0.64473228 -0.33986575 0.34448819,-0.64473228 -0.37529882 0.34448819,
  -0.64405157 -0.38221142 0.34448819,-0.63876063 -0.39498425 0.34448819,
  -0.62898465 -0.40476024 0.34448819,-0.61621181 -0.41005118 0.34448819,
  -0.60929921 -0.41073189 0.34448819,-0.45931811 -0.41073189 0.34448819,
  -0.45240551 -0.41005118 0.34448819,-0.45122913 -0.40956378 0.34448819,
  -0.44995906 -0.40947362 0.34448819,-0.44347205 -0.40699094 0.34448819,
  -0.40597677 -0.3882437 0.34448819,-0.40300118 -0.38637008 0.34448819,
  -0.40213701 -0.3860126 0.34448819,-0.40116457 -0.38521417 0.34448819,
  -0.40009843 -0.38454331 0.34448819,-0.39948543 -0.38383583 0.34448819,
  -0.39676772 -0.38160591 0.34448819,-0.37802008 -0.36285787 0.34448819,
  -0.37579016 -0.36014055 0.34448819,-0.37508307 -0.35952756 0.34448819,
  -0.37441299 -0.3584622 0.34448819,-0.37361339 -0.35748858 0.34448819,
  -0.37325512 -0.35662283 0.34448819,-0.37138307 -0.35364921 0.34448819,
  -0.35263543 -0.31615433 0.34448819,-0.35015276 -0.30966693 0.34448819,
  -0.3500626 -0.30839685 0.34448819,-0.3495752 -0.30722047 0.34448819,
  -0.34889449 -0.30030787 0.34448819,-0.34889449 -0.24406496 0.34448819,
  -0.3495752 -0.23715236 0.34448819,-0.3500626 -0.23597559 0.34448819,
  -0.35015276 -0.23470591 0.34448819,-0.35263543 -0.2282185 0.34448819,
  -0.37138307 -0.19072362 0.34448819,-0.37325591 -0.18774843 0.34448819,
  -0.37361378 -0.18688386 0.34448819,-0.3744126 -0.18591063 0.34448819,
  -0.37508307 -0.18484528 0.34448819,-0.37579055 -0.18423189 0.34448819,
  -0.37802047 -0.18151457 0.34448819,-0.39676772 -0.16276693 0.34448819,
  -0.43219606 -0.22755906 0.34448819,-0.41976063 -0.25242953 0.34448819,
  -0.41976063 -0.29194291 0.34448819,-0.43219606 -0.31681378 0.34448819,
  -0.4428122 -0.32743031 0.34448819,-0.46768228 -0.33986575 0.34448819,
  -0.57386614 -0.33986575 0.34448819,-0.57386614 -0.20450748 0.34448819,
  -0.48381496 -0.20450748 0.34448819,-0.44096378 -0.21879134 0.34448819,
  -0.43850827 -0.06495315 0.34448819,-0.43850827 -0.085718898 0.34448819,
  -0.4509437 -0.11058937 0.34448819,-0.46156024 -0.12120591 0.34448819,
  -0.48642992 -0.13364134 0.34448819,-0.57386614 -0.13364134 0.34448819,
  -0.57386614 -0.017031102 0.34448819,-0.48642992 -0.017031102 0.34448819,
  -0.46156024 -0.029466142 0.34448819,-0.4509437 -0.040082677 0.34448819,
  2.2186953 -0.20076693 0.34448819,2.2216709 -0.19889331 0.34448819,
  2.222535 -0.19853583 0.34448819,2.2235079 -0.19773701 0.34448819,
  2.2245736 -0.19706654 0.34448819,2.2251862 -0.19635984 0.34448819,
  2.2279043 -0.19412953 0.34448819,2.2466516 -0.17538189 0.34448819,
  2.2488815 -0.17266417 0.34448819,2.249589 -0.17205118 0.34448819,
  2.2502594 -0.17098543 0.34448819,2.2510583 -0.1700126 0.34448819,
  2.2514161 -0.16914764 0.34448819,2.253289 -0.16617283 0.34448819,
  2.2720366 -0.12867795 0.34448819,2.2745193 -0.12219055 0.34448819,
  2.2746094 -0.12092047 0.34448819,2.2750969 -0.11974409 0.34448819,
  2.2757776 -0.1128315 0.34448819,2.2757776 -0.056588583 0.34448819,
  2.2750969 -0.049675984 0.34448819,2.2746094 -0.048499213 0.34448819,
  2.2745193 -0.047229528 0.34448819,2.2720366 -0.040742126 0.34448819,
  2.253289 -0.0032472441 0.34448819,2.2514161 -0.00027204724 0.34448819,
  2.2510583 0.00059251969 0.34448819,2.2502594 0.001565748 0.34448819,
  2.249589 0.0026311024 0.34448819,2.2488815 0.0032444882 0.34448819,
  2.2466516 0.005961811 0.34448819,2.2279043 0.024709449 0.34448819,
  2.2251862 0.026940157 0.34448819,2.2245736 0.027646457 0.34448819,
  2.2235079 0.028317323 0.34448819,2.222535 0.029115748 0.34448819,
  2.2216709 0.029473622 0.34448819,2.2186953 0.03134685 0.34448819,
  2.1812 0.050094094 0.34448819,2.174713 0.052576772 0.34448819,
  2.1734429 0.052667323 0.34448819,2.1722665 0.053154331 0.34448819,
  2.1653539 0.053835039 0.34448819,2.0153728 0.053835039 0.34448819,
  2.0084602 0.053154331 0.34448819,1.9956874 0.047863386 0.34448819,
  1.9859114 0.038087402 0.34448819,1.9806205 0.025314567 0.34448819,
  1.9799398 0.018401969 0.34448819,1.9799398 -0.15238898 0.34448819,
  1.9799398 -0.37529882 0.34448819,1.9806205 -0.38221142 0.34448819,
  1.9859114 -0.39498425 0.34448819,1.9956874 -0.40476024 0.34448819,
  2.0084602 -0.41005118 0.34448819,2.0222854 -0.41005118 0.34448819,
  2.0350583 -0.40476024 0.34448819,2.0448343 -0.39498425 0.34448819,
  2.0501252 -0.38221142 0.34448819,2.0508059 -0.37529882 0.34448819,
  2.0508059 -0.22325512 0.34448819,2.0906626 -0.22325512 0.34448819,
  2.2113165 -0.3956185 0.34448819,2.2158382 -0.40089094 0.34448819,
  2.2274976 -0.40832087 0.34448819,2.2411126 -0.41072362 0.34448819,
  2.2546106 -0.40773307 0.34448819,2.2659366 -0.39980512 0.34448819,
  2.2733665 -0.38814567 0.34448819,2.2757693 -0.37453071 0.34448819,
  2.2727787 -0.36103268 0.34448819,2.2693724 -0.35497953 0.34448819,
  2.1759528 -0.22152205 0.34448819,2.1812 -0.21951417 0.34448819,
  2.2049114 -0.06495315 0.34448819,2.2049114 -0.10446654 0.34448819,
  2.192476 -0.12933701 0.34448819,2.1818594 -0.13995354 0.34448819,
  2.1569898 -0.15238898 0.34448819,2.0508059 -0.15238898 0.34448819,
  2.0508059 -0.017031102 0.34448819,2.1569898 -0.017031102 0.34448819,
  2.1818594 -0.029466142 0.34448819,2.192476 -0.040082677 0.34448819,
  2.4445067 -0.13364134 0.34448819,2.4445067 -0.017031102 0.34448819,
  2.59655 -0.017031102 0.34448819,2.6034626 -0.016350394 0.34448819,
  2.6162354 -0.011059449 0.34448819,2.6260114 -0.0012834646 0.34448819,
  2.6313024 0.01148937 0.34448819,2.6313024 0.025314567 0.34448819,
  2.6260114 0.038087402 0.34448819,2.6162354 0.047863386 0.34448819,
  2.6034626 0.053154331 0.34448819,2.59655 0.053835039 0.34448819,
  2.4090736 0.053835039 0.34448819,2.402161 0.053154331 0.34448819,
  2.3893882 0.047863386 0.34448819,2.3796122 0.038087402 0.34448819,
  2.3743213 0.025314567 0.34448819,2.3736406 0.018401969 0.34448819,
  2.3736406 -0.37529882 0.34448819,2.3743213 -0.38221142 0.34448819,
  2.3796122 -0.39498425 0.34448819,2.3893882 -0.40476024 0.34448819,
  2.402161 -0.41005118 0.34448819,2.4159862 -0.41005118 0.34448819,
  2.4287591 -0.40476024 0.34448819,2.438535 -0.39498425 0.34448819,
  2.443826 -0.38221142 0.34448819,2.4445067 -0.37529882 0.34448819,
  2.4445067 -0.20450748 0.34448819,2.5403071 -0.20450748 0.34448819,
  2.5472197 -0.20382677 0.34448819,2.5599925 -0.19853583 0.34448819,
  2.5697685 -0.18875984 0.34448819,2.5750594 -0.17598701 0.34448819,
  2.5750594 -0.16216181 0.34448819,2.5697685 -0.14938898 0.34448819,
  2.5599925 -0.13961299 0.34448819,2.5472197 -0.13432205 0.34448819,
  2.5403071 -0.13364134 0.34448819,1.6946004 -0.13364134 0.34448819,
  1.6946004 -0.017031102 0.34448819,1.8466437 -0.017031102 0.34448819,
  1.8535563 -0.016350394 0.34448819,1.8663291 -0.011059449 0.34448819,
  1.8761051 -0.0012834646 0.34448819,1.8813961 0.01148937 0.34448819,
  1.8813961 0.025314567 0.34448819,1.8761051 0.038087402 0.34448819,
  1.8663291 0.047863386 0.34448819,1.8535563 0.053154331 0.34448819,
  1.8466437 0.053835039 0.34448819,1.6591673 0.053835039 0.34448819,
  1.6522547 0.053154331 0.34448819,1.6394819 0.047863386 0.34448819,
  1.6297059 0.038087402 0.34448819,1.624415 0.025314567 0.34448819,
  1.6237343 0.018401969 0.34448819,1.6237343 -0.37529882 0.34448819,
  1.624415 -0.38221142 0.34448819,1.6297059 -0.39498425 0.34448819,
  1.6394819 -0.40476024 0.34448819,1.6522547 -0.41005118 0.34448819,
  1.6591673 -0.41073189 0.34448819,1.8466437 -0.41073189 0.34448819,
  1.8535563 -0.41005118 0.34448819,1.8663291 -0.40476024 0.34448819,
  1.8761051 -0.39498425 0.34448819,1.8813961 -0.38221142 0.34448819,
  1.8813961 -0.36838622 0.34448819,1.8761051 -0.35561339 0.34448819,
  1.8663291 -0.3458374 0.34448819,1.8535563 -0.34054646 0.34448819,
  1.8466437 -0.33986575 0.34448819,1.6946004 -0.33986575 0.34448819,
  1.6946004 -0.20450748 0.34448819,1.7904008 -0.20450748 0.34448819,
  1.7973134 -0.20382677 0.34448819,1.8100862 -0.19853583 0.34448819,
  1.8198622 -0.18875984 0.34448819,1.8251531 -0.17598701 0.34448819,
  1.8251531 -0.16216181 0.34448819,1.8198622 -0.14938898 0.34448819,
  1.8100862 -0.13961299 0.34448819,1.7973134 -0.13432205 0.34448819,
  1.7904008 -0.13364134 0.34448819,3.5131232 -0.13364134 0.34448819,
  3.5131232 -0.017031102 0.34448819,3.6651665 -0.017031102 0.34448819,
  3.6720791 -0.016350394 0.34448819,3.684852 -0.011059449 0.34448819,
  3.694628 -0.0012834646 0.34448819,3.6999189 0.01148937 0.34448819,
  3.6999189 0.025314567 0.34448819,3.694628 0.038087402 0.34448819,
  3.684852 0.047863386 0.34448819,3.6720791 0.053154331 0.34448819,
  3.6651665 0.053835039 0.34448819,3.4776902 0.053835039 0.34448819,
  3.4707776 0.053154331 0.34448819,3.4580047 0.047863386 0.34448819,
  3.4482287 0.038087402 0.34448819,3.4429378 0.025314567 0.34448819,
  3.4422571 0.018401969 0.34448819,3.4422571 -0.37529882 0.34448819,
  3.4429378 -0.38221142 0.34448819,3.4482287 -0.39498425 0.34448819,
  3.4580047 -0.40476024 0.34448819,3.4707776 -0.41005118 0.34448819,
  3.4776902 -0.41073189 0.34448819,3.6651665 -0.41073189 0.34448819,
  3.6720791 -0.41005118 0.34448819,3.684852 -0.40476024 0.34448819,
  3.694628 -0.39498425 0.34448819,3.6999189 -0.38221142 0.34448819,
  3.6999189 -0.36838622 0.34448819,3.694628 -0.35561339 0.34448819,
  3.684852 -0.3458374 0.34448819,3.6720791 -0.34054646 0.34448819,
  3.6651665 -0.33986575 0.34448819,3.5131232 -0.33986575 0.34448819,
  3.5131232 -0.20450748 0.34448819,3.6089236 -0.20450748 0.34448819,
  3.6158362 -0.20382677 0.34448819,3.6286091 -0.19853583 0.34448819,
  3.638385 -0.18875984 0.34448819,3.643676 -0.17598701 0.34448819,
  3.643676 -0.16216181 0.34448819,3.638385 -0.14938898 0.34448819,
  3.6286091 -0.13961299 0.34448819,3.6158362 -0.13432205 0.34448819,
  3.6089236 -0.13364134 0.34448819,4.8433677 -0.099886614 0.34448819,
  4.8058724 -0.08113937 0.34448819,4.7993854 -0.078656693 0.34448819,
  4.7981154 -0.078566142 0.34448819,4.796939 -0.078079134 0.34448819,
  4.7900264 -0.077398425 0.34448819,4.7150358 -0.077398425 0.34448819,
  4.7081232 -0.078079134 0.34448819,4.7069465 -0.078566142 0.34448819,
  4.7056768 -0.078656693 0.34448819,4.6991894 -0.08113937 0.34448819,
  4.6616945 -0.099887008 0.34448819,4.6605386 -0.10061417 0.34448819,
  4.6599929 -0.10079646 0.34448819,4.6593134 -0.10138543 0.34448819,
  4.6558161 -0.10358701 0.34448819,4.6529047 -0.10694331 0.34448819,
  4.6495484 -0.10985472 0.34448819,4.6473461 -0.11335315 0.34448819,
  4.6467579 -0.1140315 0.34448819,4.646576 -0.11457598 0.34448819,
  4.645848 -0.11573307 0.34448819,4.6271008 -0.15322835 0.34448819,
  4.6246181 -0.15971535 0.34448819,4.6245276 -0.16098504 0.34448819,
  4.6240406 -0.16216181 0.34448819,4.6233598 -0.16907441 0.34448819,
  4.6233598 -0.17743858 0.34448819,4.6233598 -0.31905551 0.34448819,
  4.6240406 -0.32596811 0.34448819,4.6245276 -0.32714449 0.34448819,
  4.6246181 -0.32841417 0.34448819,4.6271004 -0.33490157 0.34448819,
  4.645848 -0.37239724 0.34448819,4.646576 -0.37355394 0.34448819,
  4.6467579 -0.37409882 0.34448819,4.6473461 -0.37477677 0.34448819,
  4.6495484 -0.37827559 0.34448819,4.6529047 -0.38118661 0.34448819,
  4.6558161 -0.38454331 0.34448819,4.6593134 -0.38674449 0.34448819,
  4.6599929 -0.38733386 0.34448819,4.6605386 -0.38751575 0.34448819,
  4.6616945 -0.38824331 0.34448819,4.6991894 -0.40699094 0.34448819,
  4.7056768 -0.40947362 0.34448819,4.7069465 -0.40956378 0.34448819,
  4.7081232 -0.41005118 0.34448819,4.7150358 -0.41073189 0.34448819,
  4.7900264 -0.41073189 0.34448819,4.796939 -0.41005118 0.34448819,
  4.7981154 -0.40956378 0.34448819,4.7993854 -0.40947362 0.34448819,
  4.8058724 -0.40699094 0.34448819,4.8433677 -0.3882437 0.34448819,
  4.8492461 -0.38454331 0.34448819,4.8583043 -0.37409882 0.34448819,
  4.8626764 -0.36098307 0.34448819,4.8616965 -0.34719252 0.34448819,
  4.8555138 -0.33482677 0.34448819,4.8450689 -0.3257685 0.34448819,
  4.8319531 -0.32139646 0.34448819,4.8181626 -0.32237638 0.34448819,
  4.8116752 -0.32485906 0.34448819,4.7816622 -0.33986575 0.34448819,
  4.7234008 -0.33986575 0.34448819,4.7039508 -0.33014094 0.34448819,
  4.694226 -0.31069055 0.34448819,4.694226 -0.27311299 0.34448819,
  4.8531807 -0.24132205 0.34448819,4.8531819 -0.24132205 0.34448819,
  4.8531827 -0.24132126 0.34448819,4.8532181 -0.24131457 0.34448819,
  4.859863 -0.23929173 0.34448819,4.862748 -0.23735906 0.34448819,
  4.8659547 -0.2360311 0.34448819,4.868435 -0.23355039 0.34448819,
  4.87135 -0.23159843 0.34448819,4.8732748 -0.22871063 0.34448819,
  4.8757307 -0.22625512 0.34448819,4.8770736 -0.2230122 0.34448819,
  4.8790189 -0.22009488 0.34448819,4.8796921 -0.21669134 0.34448819,
  4.8810217 -0.21348228 0.34448819,4.8817024 -0.20656969 0.34448819,
  4.8817024 -0.16907441 0.34448819,4.8810217 -0.16216181 0.34448819,
  4.8805343 -0.16098504 0.34448819,4.8804441 -0.15971535 0.34448819,
  4.8779614 -0.15322795 0.34448819,4.8592138 -0.11573307 0.34448819,
  4.8584862 -0.11457717 0.34448819,4.8583043 -0.1140315 0.34448819,
  4.857715 -0.11335197 0.34448819,4.8555138 -0.10985472 0.34448819,
  4.8521571 -0.10694331 0.34448819,4.8492461 -0.10358701 0.34448819,
  4.8457472 -0.10138465 0.34448819,4.8450693 -0.10079646 0.34448819,
  4.8445244 -0.10061457 0.34448819,4.8108362 -0.17743898 0.34448819,
  4.8108362 -0.17752126 0.34448819,4.694226 -0.20084331 0.34448819,
  4.694226 -0.17743858 0.34448819,4.7039504 -0.15798898 0.34448819,
  4.7234008 -0.14826457 0.34448819,4.7816622 -0.14826457 0.34448819,
  4.8011114 -0.15798898 0.34448819,5.7866291 -0.38454331 0.34448819,
  5.7872421 -0.38383583 0.34448819,5.7899598 -0.38160591 0.34448819,
  5.8087075 -0.36285787 0.34448819,5.8109374 -0.36014055 0.34448819,
  5.8116445 -0.35952756 0.34448819,5.8123146 -0.3584622 0.34448819,
  5.8131142 -0.35748858 0.34448819,5.8134724 -0.35662283 0.34448819,
  5.8153445 -0.35364921 0.34448819,5.8340921 -0.31615433 0.34448819,
  5.8342854 -0.31564882 0.34448819,5.8344382 -0.31544291 0.34448819,
  5.8354752 -0.31253976 0.34448819,5.8365748 -0.30966693 0.34448819,
  5.8365929 -0.30941142 0.34448819,5.8367752 -0.30890157 0.34448819,
  5.8555228 -0.23391102 0.34448819,5.8557 -0.2327122 0.34448819,
  5.8559 -0.23222992 0.34448819,5.8561559 -0.22962795 0.34448819,
  5.856539 -0.22703976 0.34448819,5.8564618 -0.22652244 0.34448819,
  5.8565807 -0.22531732 0.34448819,5.8565807 -0.13157913 0.34448819,
  5.8564618 -0.13037362 0.34448819,5.856539 -0.12985669 0.34448819,
  5.8561559 -0.12726811 0.34448819,5.8559 -0.12466654 0.34448819,
  5.8557 -0.12418386 0.34448819,5.8555228 -0.12298543 0.34448819,
  5.8367752 -0.047994882 0.34448819,5.8365929 -0.047484646 0.34448819,
  5.8365748 -0.047229528 0.34448819,5.8354752 -0.044356299 0.34448819,
  5.8344382 -0.041453543 0.34448819,5.8342854 -0.041247244 0.34448819,
  5.8340921 -0.040742126 0.34448819,5.8153445 -0.0032472441 0.34448819,
  5.8134717 -0.00027204724 0.34448819,5.8131138 0.00059251969 0.34448819,
  5.812315 0.001565748 0.34448819,5.8116445 0.0026311024 0.34448819,
  5.810937 0.0032444882 0.34448819,5.8087071 0.005961811 0.34448819,
  5.7899598 0.024709449 0.34448819,5.7872417 0.026940157 0.34448819,
  5.7866291 0.027646457 0.34448819,5.7855634 0.028317323 0.34448819,
  5.7845906 0.029115748 0.34448819,5.7837264 0.029473622 0.34448819,
  5.7807508 0.03134685 0.34448819,5.7432555 0.050094094 0.34448819,
  5.7367685 0.052576772 0.34448819,5.7354984 0.052667323 0.34448819,
  5.734322 0.053154331 0.34448819,5.7274094 0.053835039 0.34448819,
  5.6899142 0.053835039 0.34448819,5.6830016 0.053154331 0.34448819,
  5.6818248 0.052667323 0.34448819,5.6805551 0.052576772 0.34448819,
  5.6740677 0.050094094 0.34448819,5.6365728 0.031346457 0.34448819,
  5.6335976 0.029474016 0.34448819,5.6327331 0.029115748 0.34448819,
  5.6317598 0.028317323 0.34448819,5.6306945 0.027646457 0.34448819,
  5.6300811 0.02693937 0.34448819,5.6273638 0.024709055 0.34448819,
  5.6086161 0.005961811 0.34448819,5.6063854 0.0032440945 0.34448819,
  5.6056791 0.0026311024 0.34448819,5.6050083 0.001565748 0.34448819,
  5.6042098 0.00059251969 0.34448819,5.603852 -0.00027125984 0.34448819,
  5.6019787 -0.0032472441 0.34448819,5.5832315 -0.04074252 0.34448819,
  5.5830378 -0.041247638 0.34448819,5.5828854 -0.041453937 0.34448819,
  5.5818484 -0.044355906 0.34448819,5.5807488 -0.047229528 0.34448819,
  5.5807303 -0.047484646 0.34448819,5.5805484 -0.047994882 0.34448819,
  5.5618008 -0.12298543 0.34448819,5.5616232 -0.12418386 0.34448819,
  5.5614236 -0.12466654 0.34448819,5.5611673 -0.12726811 0.34448819,
  5.5607846 -0.12985669 0.34448819,5.5608614 -0.13037362 0.34448819,
  5.5607429 -0.13157913 0.34448819,5.5607429 -0.13594134 0.34448819,
  5.5607429 -0.22531732 0.34448819,5.5608614 -0.22652244 0.34448819,
  5.5607846 -0.22703976 0.34448819,5.5611673 -0.22962795 0.34448819,
  5.5614236 -0.23222992 0.34448819,5.5616232 -0.2327122 0.34448819,
  5.5618008 -0.23391102 0.34448819,5.5805484 -0.30890157 0.34448819,
  5.5807303 -0.30941142 0.34448819,5.5807488 -0.30966693 0.34448819,
  5.5818484 -0.31254016 0.34448819,5.5828854 -0.31544252 0.34448819,
  5.5830378 -0.31564843 0.34448819,5.5832315 -0.31615394 0.34448819,
  5.6019787 -0.35364921 0.34448819,5.6038512 -0.35662402 0.34448819,
  5.6042094 -0.35748858 0.34448819,5.6050083 -0.35846181 0.34448819,
  5.6056791 -0.35952756 0.34448819,5.6063858 -0.36014055 0.34448819,
  5.6086161 -0.36285787 0.34448819,5.6273638 -0.38160591 0.34448819,
  5.6300815 -0.38383661 0.34448819,5.6306945 -0.38454331 0.34448819,
  5.6317583 -0.38521299 0.34448819,5.6327327 -0.3860126 0.34448819,
  5.6335984 -0.38637126 0.34448819,5.6365728 -0.38824331 0.34448819,
  5.6740677 -0.40699094 0.34448819,5.6805551 -0.40947362 0.34448819,
  5.6818248 -0.40956378 0.34448819,5.6830016 -0.41005118 0.34448819,
  5.6899142 -0.41073189 0.34448819,5.7274094 -0.41073189 0.34448819,
  5.734322 -0.41005118 0.34448819,5.7354984 -0.40956378 0.34448819,
  5.7367685 -0.40947362 0.34448819,5.7432555 -0.40699094 0.34448819,
  5.7807508 -0.3882437 0.34448819,5.7837264 -0.38637008 0.34448819,
  5.7845906 -0.3860126 0.34448819,5.785563 -0.38521417 0.34448819,
  5.7857146 -0.13594134 0.34448819,5.7857146 -0.22095512 0.34448819,
  5.7689681 -0.28794016 0.34448819,5.7545315 -0.31681378 0.34448819,
  5.7439154 -0.32743031 0.34448819,5.7190453 -0.33986575 0.34448819,
  5.6982791 -0.33986575 0.34448819,5.6734083 -0.32743031 0.34448819,
  5.6627921 -0.31681417 0.34448819,5.6483555 -0.28794134 0.34448819,
  5.6316091 -0.22095512 0.34448819,5.6316091 -0.13594134 0.34448819,
  5.6483555 -0.068954724 0.34448819,5.6627917 -0.040082677 0.34448819,
  5.6734083 -0.029466142 0.34448819,5.6982791 -0.017031102 0.34448819,
  5.7190453 -0.017031102 0.34448819,5.743915 -0.029466142 0.34448819,
  5.7545315 -0.040082677 0.34448819,5.7689681 -0.068955906 0.34448819,
  6.361928 0.03134685 0.34448819,6.3244327 0.050094094 0.34448819,
  6.3179457 0.052576772 0.34448819,6.3166756 0.052667323 0.34448819,
  6.3154992 0.053154331 0.34448819,6.3085866 0.053835039 0.34448819,
  6.2148484 0.053835039 0.34448819,6.2079358 0.053154331 0.34448819,
  6.2067591 0.052667323 0.34448819,6.2054894 0.052576772 0.34448819,
  6.199002 0.050094094 0.34448819,6.1615071 0.031346457 0.34448819,
  6.1585319 0.029474016 0.34448819,6.1576673 0.029115748 0.34448819,
  6.1566941 0.028317323 0.34448819,6.1556287 0.027646457 0.34448819,
  6.1550154 0.02693937 0.34448819,6.152298 0.024709055 0.34448819,
  6.1335504 0.005961811 0.34448819,6.1291441 0.00059251969 0.34448819,
  6.1238535 -0.012180709 0.34448819,6.1238535 -0.026005906 0.34448819,
  6.1291441 -0.038779134 0.34448819,6.1389197 -0.048554724 0.34448819,
  6.1516929 -0.053845276 0.34448819,6.1655181 -0.053845276 0.34448819,
  6.1782913 -0.048554724 0.34448819,6.1836606 -0.044148425 0.34448819,
  6.1983425 -0.029466142 0.34448819,6.2232134 -0.017031102 0.34448819,
  6.3002224 -0.017031102 0.34448819,6.3250921 -0.029466142 0.34448819,
  6.3357087 -0.040082677 0.34448819,6.3481441 -0.06495315 0.34448819,
  6.3481441 -0.088333465 0.34448819,6.3338602 -0.13118543 0.34448819,
  6.1148028 -0.3502437 0.34448819,6.1103965 -0.35561299 0.34448819,
  6.1103965 -0.35561339 0.34448819,6.1051055 -0.36838622 0.34448819,
  6.1051055 -0.38221142 0.34448819,6.1084004 -0.39016575 0.34448819,
  6.1103965 -0.39498465 0.34448819,6.120172 -0.40476024 0.34448819,
  6.1224449 -0.40570157 0.34448819,6.1329453 -0.41005118 0.34448819,
  6.1398579 -0.41073189 0.34448819,6.3835772 -0.41073189 0.34448819,
  6.3904898 -0.41005118 0.34448819,6.4032626 -0.40476024 0.34448819,
  6.4130386 -0.39498425 0.34448819,6.4183295 -0.38221142 0.34448819,
  6.4183295 -0.36838622 0.34448819,6.4130386 -0.35561339 0.34448819,
  6.4032626 -0.3458374 0.34448819,6.3904898 -0.34054646 0.34448819,
  6.3835772 -0.33986575 0.34448819,6.2254012 -0.33986575 0.34448819,
  6.3898846 -0.17538189 0.34448819,6.3942909 -0.1700126 0.34448819,
  6.394778 -0.16883661 0.34448819,6.3956126 -0.16787441 0.34448819,
  6.3984441 -0.1615315 0.34448819,6.4171917 -0.10528898 0.34448819,
  6.4179709 -0.10186181 0.34448819,6.4183295 -0.10099646 0.34448819,
  6.4184528 -0.099741732 0.34448819,6.4187319 -0.098515748 0.34448819,
  6.4186654 -0.097583071 0.34448819,6.4190102 -0.094083858 0.34448819,
  6.4190102 -0.056588583 0.34448819,6.4183295 -0.049675984 0.34448819,
  6.4178421 -0.048499213 0.34448819,6.417752 -0.047229528 0.34448819,
  6.4152693 -0.040742126 0.34448819,6.3965217 -0.0032472441 0.34448819,
  6.3946488 -0.00027204724 0.34448819,6.3942909 0.00059251969 0.34448819,
  6.3934921 0.001565748 0.34448819,6.3928217 0.0026311024 0.34448819,
  6.3921142 0.0032444882 0.34448819,6.3898843 0.005961811 0.34448819,
  6.371137 0.024709449 0.34448819,6.3684189 0.026940157 0.34448819,
  6.3678063 0.027646457 0.34448819,6.3667406 0.028317323 0.34448819,
  6.3657677 0.029115748 0.34448819,6.3649035 0.029473622 0.34448819,
  -3.9672165 0.017077165 0.34448819,-3.9694051 0.030727953 0.34448819,
  -3.9766508 0.042502756 0.34448819,-3.9878508 0.050608268 0.34448819,
  -4.0013 0.053810236 0.34448819,-4.0149512 0.051621654 0.34448819,
  -4.0267256 0.044375984 0.34448819,-4.0348311 0.033175984 0.34448819,
  -4.0370945 0.026609055 0.34448819,-4.0983087 -0.2304878 0.34448819,
  -4.1371173 -0.084953937 0.34448819,-4.1377248 -0.083334646 0.34448819,
  -4.137815 -0.082653937 0.34448819,-4.1382835 -0.081845276 0.34448819,
  -4.1395563 -0.078450394 0.34448819,-4.1423988 -0.074736614 0.34448819,
  -4.1447421 -0.07068937 0.34448819,-4.146565 -0.069294094 0.34448819,
  -4.1479594 -0.067472047 0.34448819,-4.1520055 -0.065129528 0.34448819,
  -4.1557205 -0.062285827 0.34448819,-4.1579398 -0.061694094 0.34448819,
  -4.1599244 -0.060544882 0.34448819,-4.1645587 -0.05992874 0.34448819,
  -4.1690787 -0.058723622 0.34448819,-4.1713539 -0.059025591 0.34448819,
  -4.1736291 -0.058723622 0.34448819,-4.1781488 -0.05992874 0.34448819,
  -4.1827835 -0.060544882 0.34448819,-4.1847697 -0.061694488 0.34448819,
  -4.1869874 -0.06228622 0.34448819,-4.1907016 -0.06512874 0.34448819,
  -4.1947484 -0.067472047 0.34448819,-4.1961437 -0.069294488 0.34448819,
  -4.1979657 -0.07068937 0.34448819,-4.2003083 -0.074735039 0.34448819,
  -4.2031516 -0.07845 0.34448819,-4.2044256 -0.081846457 0.34448819,
  -4.2048929 -0.082654331 0.34448819,-4.2049835 -0.083334646 0.34448819,
  -4.2055906 -0.084953937 0.34448819,-4.2443996 -0.2304874 0.34448819,
  -4.305613 0.026609055 0.34448819,-4.3078764 0.033175984 0.34448819,
  -4.3159819 0.044375984 0.34448819,-4.3277563 0.051621654 0.34448819,
  -4.3414075 0.053810236 0.34448819,-4.3548567 0.050608268 0.34448819,
  -4.3660567 0.042502756 0.34448819,-4.3733024 0.030728346 0.34448819,
  -4.3754909 0.017077165 0.34448819,-4.3745524 0.010194882 0.34448819,
  -4.2808142 -0.38350591 0.34448819,-4.2799965 -0.38587835 0.34448819,
  -4.2798835 -0.38672835 0.34448819,-4.279439 -0.38749606 0.34448819,
  -4.2785508 -0.39007283 0.34448819,-4.2755331 -0.39424291 0.34448819,
  -4.2729563 -0.39869331 0.34448819,-4.2715122 -0.39979843 0.34448819,
  -4.2704453 -0.40127283 0.34448819,-4.2660638 -0.40396929 0.34448819,
  -4.261978 -0.40709646 0.34448819,-4.2602201 -0.40756535 0.34448819,
  -4.2586709 -0.4085185 0.34448819,-4.2535941 -0.40933228 0.34448819,
  -4.2486197 -0.41065906 0.34448819,-4.2468154 -0.4104189 0.34448819,
  -4.2450197 -0.41070709 0.34448819,-4.240015 -0.40951535 0.34448819,
  -4.234915 -0.4088378 0.34448819,-4.2333413 -0.40792638 0.34448819,
  -4.2315705 -0.40750512 0.34448819,-4.2274004 -0.40448701 0.34448819,
  -4.22295 -0.40191063 0.34448819,-4.2218449 -0.40046614 0.34448819,
  -4.2203705 -0.39939961 0.34448819,-4.217674 -0.39501772 0.34448819,
  -4.2145469 -0.39093228 0.34448819,-4.2135906 -0.3883815 0.34448819,
  -4.2131248 -0.3876252 0.34448819,-4.2129894 -0.38677835 0.34448819,
  -4.2121079 -0.38442874 0.34448819,-4.1713543 -0.23160079 0.34448819,
  -4.1306 -0.38442874 0.34448819,-4.1297189 -0.38677835 0.34448819,
  -4.1295831 -0.3876252 0.34448819,-4.1291181 -0.3883811 0.34448819,
  -4.128161 -0.39093268 0.34448819,-4.1250335 -0.3950189 0.34448819,
  -4.1223374 -0.39939961 0.34448819,-4.1208638 -0.40046614 0.34448819,
  -4.1197579 -0.40191063 0.34448819,-4.1153079 -0.40448701 0.34448819,
  -4.1111374 -0.40750512 0.34448819,-4.1093669 -0.40792638 0.34448819,
  -4.1077929 -0.4088378 0.34448819,-4.1026933 -0.40951535 0.34448819,
  -4.0976882 -0.41070709 0.34448819,-4.0958929 -0.4104189 0.34448819,
  -4.0940882 -0.41065906 0.34448819,-4.089113 -0.40933189 0.34448819,
  -4.084037 -0.4085185 0.34448819,-4.0824894 -0.40756575 0.34448819,
  -4.0807299 -0.40709685 0.34448819,-4.0766429 -0.40396811 0.34448819,
  -4.0722626 -0.40127283 0.34448819,-4.0711961 -0.39979882 0.34448819,
  -4.0697516 -0.39869331 0.34448819,-4.0671748 -0.39424213 0.34448819,
  -4.0641571 -0.39007283 0.34448819,-4.0632697 -0.38749724 0.34448819,
  -4.0628244 -0.38672874 0.34448819,-4.0627114 -0.38587835 0.34448819,
  -4.0618937 -0.38350591 0.34448819,-3.9681551 0.010194882 0.34448819,
  1.3806953 -0.38221142 0.34448819,1.3859862 -0.39498425 0.34448819,
  1.3957622 -0.40476024 0.34448819,1.408535 -0.41005118 0.34448819,
  1.4223602 -0.41005118 0.34448819,1.4351331 -0.40476024 0.34448819,
  1.4449091 -0.39498425 0.34448819,1.4502 -0.38221142 0.34448819,
  1.4508807 -0.37529882 0.34448819,1.4508807 -0.017031102 0.34448819,
  1.5279335 -0.017031102 0.34448819,1.5348461 -0.016350394 0.34448819,
  1.5476189 -0.011059449 0.34448819,1.5573949 -0.0012834646 0.34448819,
  1.5626858 0.01148937 0.34448819,1.5626858 0.025314567 0.34448819,
  1.5573949 0.038087402 0.34448819,1.5476189 0.047863386 0.34448819,
  1.5348461 0.053154331 0.34448819,1.5279335 0.053835039 0.34448819,
  1.3029618 0.053835039 0.34448819,1.2960492 0.053154331 0.34448819,
  1.2832764 0.047863386 0.34448819,1.2735004 0.038087402 0.34448819,
  1.2682094 0.025314567 0.34448819,1.2682094 0.01148937 0.34448819,
  1.2735004 -0.0012834646 0.34448819,1.2832764 -0.011059449 0.34448819,
  1.2960492 -0.016350394 0.34448819,1.3029618 -0.017031102 0.34448819,
  1.3800146 -0.017031102 0.34448819,1.3800146 -0.37529882 0.34448819,
  0.91165551 0.021778346 0.34448819,0.91140984 0.020876772 0.34448819,
  0.91149803 0.020180709 0.34448819,0.91132323 0.018401969 0.34448819,
  0.91132323 -0.37529882 0.34448819,0.91200394 -0.38221142 0.34448819,
  0.91729488 -0.39498425 0.34448819,0.92707087 -0.40476024 0.34448819,
  0.9398437 -0.41005118 0.34448819,0.9536689 -0.41005118 0.34448819,
  0.96644173 -0.40476024 0.34448819,0.97621772 -0.39498425 0.34448819,
  0.98150866 -0.38221142 0.34448819,0.98218937 -0.37529882 0.34448819,
  0.98218937 -0.11502362 0.34448819,1.1409634 -0.39287874 0.34448819,
  1.141998 -0.39433622 0.34448819,1.1422665 -0.39498425 0.34448819,
  1.1429268 -0.39564449 0.34448819,1.1449843 -0.39854252 0.34448819,
  1.1487102 -0.40142795 0.34448819,1.1520425 -0.40476024 0.34448819,
  1.1541291 -0.40562441 0.34448819,1.155915 -0.40700748 0.34448819,
  1.1604598 -0.40824685 0.34448819,1.1648154 -0.41005118 0.34448819,
  1.1670748 -0.41005118 0.34448819,1.1692531 -0.41064528 0.34448819,
  1.1739272 -0.41005118 0.34448819,1.1786406 -0.41005118 0.34448819,
  1.1807272 -0.40918661 0.34448819,1.1829681 -0.40890197 0.34448819,
  1.1870614 -0.4065626 0.34448819,1.1914134 -0.40476024 0.34448819,
  1.1930094 -0.40316378 0.34448819,1.1949717 -0.40204291 0.34448819,
  1.1978579 -0.39831535 0.34448819,1.2011894 -0.39498425 0.34448819,
  1.2020535 -0.39289724 0.34448819,1.2034366 -0.39111181 0.34448819,
  1.204676 -0.38656654 0.34448819,1.2064803 -0.38221142 0.34448819,
  1.2068283 -0.3786748 0.34448819,1.2070744 -0.37777362 0.34448819,
  1.2069858 -0.37707717 0.34448819,1.207161 -0.37529882 0.34448819,
  1.207161 0.018401969 0.34448819,1.2064803 0.025314567 0.34448819,
  1.2011894 0.038087402 0.34448819,1.1914134 0.047863386 0.34448819,
  1.1786406 0.053154331 0.34448819,1.1648154 0.053154331 0.34448819,
  1.1520425 0.047863386 0.34448819,1.1422665 0.038087402 0.34448819,
  1.1369756 0.025314567 0.34448819,1.1362949 0.018401969 0.34448819,
  1.1362949 -0.24187323 0.34448819,0.97752087 0.035981496 0.34448819,
  0.97648622 0.03743937 0.34448819,0.97621772 0.038087402 0.34448819,
  0.97555709 0.038748031 0.34448819,0.97350039 0.041645669 0.34448819,
  0.96977283 0.044532283 0.34448819,0.96644173 0.047863386 0.34448819,
  0.96435472 0.048727953 0.34448819,0.96256929 0.05011063 0.34448819,
  0.95802402 0.051350394 0.34448819,0.9536689 0.053154331 0.34448819,
  0.95140945 0.053154331 0.34448819,0.9492311 0.053748425 0.34448819,
  0.94455709 0.053154331 0.34448819,0.9398437 0.053154331 0.34448819,
  0.93775669 0.052290157 0.34448819,0.93551614 0.052005118 0.34448819,
  0.93142244 0.049666142 0.34448819,0.92707087 0.047863386 0.34448819,
  0.92547441 0.046267323 0.34448819,0.9235126 0.045146063 0.34448819,
  0.92062598 0.041418898 0.34448819,0.91729488 0.038087402 0.34448819,
  0.91643031 0.036000787 0.34448819,0.91504764 0.034214961 0.34448819,
  0.91380787 0.029670079 0.34448819,0.91200394 0.025314567 0.34448819,
  0.79471299 0.018401969 0.34448819,0.79403228 0.025314567 0.34448819,
  0.78874134 0.038087402 0.34448819,0.77896535 0.047863386 0.34448819,
  0.76619252 0.053154331 0.34448819,0.75236732 0.053154331 0.34448819,
  0.73959449 0.047863386 0.34448819,0.7298185 0.038087402 0.34448819,
  0.72452756 0.025314567 0.34448819,0.72384685 0.018401969 0.34448819,
  0.72384685 -0.37529882 0.34448819,0.72452756 -0.38221142 0.34448819,
  0.7298185 -0.39498425 0.34448819,0.73959449 -0.40476024 0.34448819,
  0.75236732 -0.41005118 0.34448819,0.76619252 -0.41005118 0.34448819,
  0.77896535 -0.40476024 0.34448819,0.78874134 -0.39498425 0.34448819,
  0.79403228 -0.38221142 0.34448819,0.79471299 -0.37529882 0.34448819,
  0.16209764 -0.38221142 0.34448819,0.16738858 -0.39498425 0.34448819,
  0.17716457 -0.40476024 0.34448819,0.1899374 -0.41005118 0.34448819,
  0.2037626 -0.41005118 0.34448819,0.21653543 -0.40476024 0.34448819,
  0.22631142 -0.39498425 0.34448819,0.23160236 -0.38221142 0.34448819,
  0.23228307 -0.37529882 0.34448819,0.23228307 -0.19814055 0.34448819,
  0.35797717 -0.00062125984 0.34448819,0.36111378 0.005576378 0.34448819,
  0.36350748 0.019192913 0.34448819,0.36050827 0.032688976 0.34448819,
  0.35257323 0.044010236 0.34448819,0.34090945 0.051432283 0.34448819,
  0.32729291 0.053825984 0.34448819,0.31379685 0.050827165 0.34448819,
  0.30247559 0.042891732 0.34448819,0.29819016 0.037425197 0.34448819,
  0.19685 -0.12182283 0.34448819,0.095510236 0.037425197 0.34448819,
  0.091224409 0.042891732 0.34448819,0.079903543 0.050826772 0.34448819,
  0.066407087 0.053825984 0.34448819,0.052790551 0.051432283 0.34448819,
  0.041126772 0.044009843 0.34448819,0.033191732 0.032688976 0.34448819,
  0.03019252 0.01919252 0.34448819,0.03258622 0.0055759843 0.34448819,
  0.035722835 -0.00062125984 0.34448819,0.16141693 -0.19813976 0.34448819,
  0.16141693 -0.37529882 0.34448819,-0.072408661 -0.29824567 0.34448819,
  -0.04298937 -0.38650354 0.34448819,-0.04015748 -0.39284606 0.34448819,
  -0.031098819 -0.40329055 0.34448819,-0.018733071 -0.40947323 0.34448819,
  -0.0049425197 -0.41045354 0.34448819,0.0081732283 -0.4060815 0.34448819,
  0.018617323 -0.39702323 0.34448819,0.0248 -0.38465748 0.34448819,
  0.025780315 -0.37086693 0.34448819,0.024240157 -0.3640937 0.34448819,
  -0.10699291 0.029606693 0.34448819,-0.1098248 0.035949606 0.34448819,
  -0.11148465 0.037863386 0.34448819,-0.11261614 0.040126378 0.34448819,
  -0.11597205 0.043037008 0.34448819,-0.11888346 0.046393701 0.34448819,
  -0.12114764 0.047525984 0.34448819,-0.12306024 0.049184646 0.34448819,
  -0.1272752 0.050589764 0.34448819,-0.13124921 0.052576772 0.34448819,
  -0.1337752 0.052756693 0.34448819,-0.13617598 0.053556693 0.34448819,
  -0.14060512 0.053242126 0.34448819,-0.14503976 0.053557087 0.34448819,
  -0.14744409 0.052755906 0.34448819,-0.14996654 0.052576378 0.34448819,
  -0.15393701 0.050591732 0.34448819,-0.15815551 0.049185039 0.34448819,
  -0.16006929 0.047525591 0.34448819,-0.16233228 0.046393701 0.34448819,
  -0.16524291 0.043038189 0.34448819,-0.16859961 0.040126378 0.34448819,
  -0.16973189 0.037862598 0.34448819,-0.17139094 0.035949213 0.34448819,
  -0.17422283 0.029606693 0.34448819,-0.25988465 -0.22737953 0.34448819,
  -0.3054563 -0.36409409 0.34448819,-0.30699646 -0.37086693 0.34448819,
  -0.30601614 -0.38465748 0.34448819,-0.29983307 -0.39702323 0.34448819,
  -0.28938898 -0.40608189 0.34448819,-0.27627323 -0.41045394 0.34448819,
  -0.26248268 -0.40947362 0.34448819,-0.25011693 -0.40329055 0.34448819,
  -0.24105827 -0.39284646 0.34448819,-0.23822638 -0.38650354 0.34448819,
  -0.20880709 -0.29824567 0.34448819,-0.096030709 -0.22737953 0.34448819,
  -0.18518504 -0.22737953 0.34448819,-0.14060827 -0.093647244 0.34448819,
  3.0776819 -0.012785827 0.34448819,3.0754512 -0.015503543 0.34448819,
  3.0747449 -0.016116535 0.34448819,3.074074 -0.01718189 0.34448819,
  3.0732756 -0.018155118 0.34448819,3.0729177 -0.019018898 0.34448819,
  3.0710445 -0.021994882 0.34448819,3.0522972 -0.059490157 0.34448819,
  3.0521035 -0.059995276 0.34448819,3.0519512 -0.060201575 0.34448819,
  3.0509142 -0.063103543 0.34448819,3.0498146 -0.065977165 0.34448819,
  3.0497961 -0.066232283 0.34448819,3.0496142 -0.06674252 0.34448819,
  3.0308665 -0.14173307 0.34448819,3.030689 -0.1429315 0.34448819,
  3.0304894 -0.14341417 0.34448819,3.0302331 -0.14601575 0.34448819,
  3.0298504 -0.14860433 0.34448819,3.0299272 -0.14912126 0.34448819,
  3.0298087 -0.15032677 0.34448819,3.0298087 -0.20656969 0.34448819,
  3.0299272 -0.2077748 0.34448819,3.0298504 -0.20829213 0.34448819,
  3.0302331 -0.21088031 0.34448819,3.0304894 -0.21348228 0.34448819,
  3.030689 -0.21396457 0.34448819,3.0308665 -0.21516339 0.34448819,
  3.0496142 -0.29015394 0.34448819,3.0497961 -0.29066378 0.34448819,
  3.0498146 -0.29091929 0.34448819,3.0509142 -0.29379252 0.34448819,
  3.0519512 -0.29669488 0.34448819,3.0521035 -0.29690079 0.34448819,
  3.0522972 -0.2974063 0.34448819,3.0710445 -0.33490157 0.34448819,
  3.0729169 -0.33787638 0.34448819,3.0732752 -0.33874094 0.34448819,
  3.074074 -0.33971417 0.34448819,3.0747449 -0.34077992 0.34448819,
  3.0754516 -0.34139291 0.34448819,3.0776819 -0.34411024 0.34448819,
  3.1151772 -0.3816063 0.34448819,3.1205465 -0.3860126 0.34448819,
  3.121722 -0.38649961 0.34448819,3.1226846 -0.38733425 0.34448819,
  3.1290276 -0.39016575 0.34448819,3.1852701 -0.40891339 0.34448819,
  3.1886969 -0.40969252 0.34448819,3.1895626 -0.41005118 0.34448819,
  3.1908169 -0.41017441 0.34448819,3.1920433 -0.41045354 0.34448819,
  3.1929756 -0.41038701 0.34448819,3.1964752 -0.41073189 0.34448819,
  3.2339705 -0.41073189 0.34448819,3.2374677 -0.4103874 0.34448819,
  3.2384024 -0.41045394 0.34448819,3.2396307 -0.41017441 0.34448819,
  3.2408831 -0.41005118 0.34448819,3.2417476 -0.40969291 0.34448819,
  3.2451752 -0.40891339 0.34448819,3.3014181 -0.39016614 0.34448819,
  3.3077606 -0.38733425 0.34448819,3.3087224 -0.38649961 0.34448819,
  3.3098992 -0.3860126 0.34448819,3.3152685 -0.38160591 0.34448819,
  3.3340161 -0.36285787 0.34448819,3.3384228 -0.35748858 0.34448819,
  3.343713 -0.34471535 0.34448819,3.343713 -0.33089016 0.34448819,
  3.3384224 -0.31811732 0.34448819,3.3286465 -0.30834134 0.34448819,
  3.3158732 -0.30305118 0.34448819,3.302048 -0.30305118 0.34448819,
  3.2892748 -0.30834173 0.34448819,3.2839059 -0.31274843 0.34448819,
  3.2710724 -0.3255815 0.34448819,3.2282213 -0.33986575 0.34448819,
  3.2022256 -0.33986575 0.34448819,3.1593728 -0.3255815 0.34448819,
  3.1318575 -0.29806654 0.34448819,3.1174213 -0.2691937 0.34448819,
  3.1006748 -0.20220748 0.34448819,3.1006748 -0.15468898 0.34448819,
  3.1174213 -0.087702362 0.34448819,3.1318571 -0.058830709 0.34448819,
  3.1593732 -0.031314567 0.34448819,3.2022256 -0.017031102 0.34448819,
  3.2282213 -0.017031102 0.34448819,3.2710724 -0.031314961 0.34448819,
  3.2839059 -0.044148031 0.34448819,3.2892752 -0.048554724 0.34448819,
  3.3020484 -0.053845276 0.34448819,3.3158736 -0.053845276 0.34448819,
  3.3286465 -0.048554724 0.34448819,3.3384224 -0.03877874 0.34448819,
  3.343713 -0.026005906 0.34448819,3.343713 -0.012180709 0.34448819,
  3.3384224 0.00059251969 0.34448819,3.3340157 0.005961811 0.34448819,
  3.3152685 0.024709449 0.34448819,3.3098992 0.029115748 0.34448819,
  3.3087224 0.02960315 0.34448819,3.3077606 0.030437402 0.34448819,
  3.3014181 0.033269291 0.34448819,3.2451752 0.052016535 0.34448819,
  3.2417476 0.052796457 0.34448819,3.2408831 0.053154331 0.34448819,
  3.2396307 0.053277953 0.34448819,3.2384024 0.053557087 0.34448819,
  3.2374677 0.053490945 0.34448819,3.2339705 0.053835039 0.34448819,
  3.1964752 0.053835039 0.34448819,3.1929756 0.053490551 0.34448819,
  3.1920433 0.053556693 0.34448819,3.1908169 0.053277953 0.34448819,
  3.1895626 0.053154331 0.34448819,3.1886969 0.052796063 0.34448819,
  3.1852701 0.052016535 0.34448819,3.1290276 0.033268898 0.34448819,
  3.1226846 0.030437402 0.34448819,3.121722 0.02960315 0.34448819,
  3.1205465 0.029115748 0.34448819,3.1151772 0.024709449 0.34448819,
  2.8897213 -0.29824567 0.34448819,2.9191406 -0.38650354 0.34448819,
  2.9219724 -0.39284606 0.34448819,2.9310311 -0.40329055 0.34448819,
  2.9433969 -0.40947323 0.34448819,2.9571874 -0.41045354 0.34448819,
  2.9703031 -0.4060815 0.34448819,2.9807472 -0.39702323 0.34448819,
  2.9869299 -0.38465748 0.34448819,2.9879102 -0.37086693 0.34448819,
  2.9863701 -0.3640937 0.34448819,2.855137 0.029606693 0.34448819,
  2.8523051 0.035949606 0.34448819,2.8506453 0.037863386 0.34448819,
  2.8495138 0.040126378 0.34448819,2.8461579 0.043037008 0.34448819,
  2.8432465 0.046393701 0.34448819,2.8409823 0.047525984 0.34448819,
  2.8390697 0.049184646 0.34448819,2.8348547 0.050589764 0.34448819,
  2.8308807 0.052576772 0.34448819,2.8283547 0.052756693 0.34448819,
  2.8259539 0.053556693 0.34448819,2.8215248 0.053242126 0.34448819,
  2.8170902 0.053557087 0.34448819,2.8146858 0.052755906 0.34448819,
  2.8121634 0.052576378 0.34448819,2.8081929 0.050591732 0.34448819,
  2.8039744 0.049185039 0.34448819,2.8020606 0.047525591 0.34448819,
  2.7997976 0.046393701 0.34448819,2.796887 0.043038189 0.34448819,
  2.7935303 0.040126378 0.34448819,2.792398 0.037862598 0.34448819,
  2.790739 0.035949213 0.34448819,2.7879071 0.029606693 0.34448819,
  2.7022453 -0.22737953 0.34448819,2.6566736 -0.36409409 0.34448819,
  2.6551335 -0.37086693 0.34448819,2.6561138 -0.38465748 0.34448819,
  2.6622969 -0.39702323 0.34448819,2.6727409 -0.40608189 0.34448819,
  2.6858567 -0.41045394 0.34448819,2.6996472 -0.40947362 0.34448819,
  2.712013 -0.40329055 0.34448819,2.7210717 -0.39284646 0.34448819,
  2.7239035 -0.38650354 0.34448819,2.7533228 -0.29824567 0.34448819,
  2.8660992 -0.22737953 0.34448819,2.7769449 -0.22737953 0.34448819,
  2.8215217 -0.093647244 0.34448819,-6.1615071 -0.20076693 0.34448819,
  -6.1585315 -0.19889331 0.34448819,-6.1576673 -0.19853583 0.34448819,
  -6.1566945 -0.19773701 0.34448819,-6.1556287 -0.19706654 0.34448819,
  -6.1550161 -0.19635984 0.34448819,-6.152298 -0.19412953 0.34448819,
  -6.1335508 -0.17538189 0.34448819,-6.1313209 -0.17266417 0.34448819,
  -6.1306134 -0.17205118 0.34448819,-6.1299429 -0.17098543 0.34448819,
  -6.1291441 -0.1700126 0.34448819,-6.1287862 -0.16914764 0.34448819,
  -6.1269134 -0.16617283 0.34448819,-6.1081657 -0.12867795 0.34448819,
  -6.1056831 -0.12219055 0.34448819,-6.1055929 -0.12092047 0.34448819,
  -6.1051055 -0.11974409 0.34448819,-6.1044248 -0.1128315 0.34448819,
  -6.1044248 -0.056588583 0.34448819,-6.1051055 -0.049675984 0.34448819,
  -6.1055929 -0.048499213 0.34448819,-6.1056831 -0.047229528 0.34448819,
  -6.1081657 -0.040742126 0.34448819,-6.1269134 -0.0032472441 0.34448819,
  -6.1287862 -0.00027204724 0.34448819,-6.1291441 0.00059251969 0.34448819,
  -6.1299429 0.001565748 0.34448819,-6.1306134 0.0026311024 0.34448819,
  -6.1313209 0.0032444882 0.34448819,-6.1335508 0.005961811 0.34448819,
  -6.152298 0.024709449 0.34448819,-6.1550161 0.026940157 0.34448819,
  -6.1556287 0.027646457 0.34448819,-6.1566945 0.028317323 0.34448819,
  -6.1576673 0.029115748 0.34448819,-6.1585315 0.029473622 0.34448819,
  -6.1615071 0.03134685 0.34448819,-6.1990024 0.050094094 0.34448819,
  -6.2054894 0.052576772 0.34448819,-6.2067594 0.052667323 0.34448819,
  -6.2079358 0.053154331 0.34448819,-6.2148484 0.053835039 0.34448819,
  -6.3648295 0.053835039 0.34448819,-6.3717421 0.053154331 0.34448819,
  -6.384515 0.047863386 0.34448819,-6.3942909 0.038087402 0.34448819,
  -6.3995819 0.025314567 0.34448819,-6.4002626 0.018401969 0.34448819,
  -6.4002626 -0.15238898 0.34448819,-6.4002626 -0.37529882 0.34448819,
  -6.3995819 -0.38221142 0.34448819,-6.3942909 -0.39498425 0.34448819,
  -6.384515 -0.40476024 0.34448819,-6.3717421 -0.41005118 0.34448819,
  -6.3579169 -0.41005118 0.34448819,-6.3451441 -0.40476024 0.34448819,
  -6.3353681 -0.39498425 0.34448819,-6.3300772 -0.38221142 0.34448819,
  -6.3293965 -0.37529882 0.34448819,-6.3293965 -0.22325512 0.34448819,
  -6.2148484 -0.22325512 0.34448819,-6.2079358 -0.22257441 0.34448819,
  -6.2067594 -0.22208701 0.34448819,-6.2054894 -0.22199685 0.34448819,
  -6.1990024 -0.21951417 0.34448819,-6.1752909 -0.06495315 0.34448819,
  -6.1752909 -0.10446654 0.34448819,-6.1877264 -0.12933701 0.34448819,
  -6.1983429 -0.13995354 0.34448819,-6.2232126 -0.15238898 0.34448819,
  -6.3293965 -0.15238898 0.34448819,-6.3293965 -0.017031102 0.34448819,
  -6.2232126 -0.017031102 0.34448819,-6.1983429 -0.029466142 0.34448819,
  -6.1877264 -0.040082677 0.34448819,-4.6796028 -0.13364134 0.34448819,
  -4.6796028 0.018401969 0.34448819,-4.6802835 0.025314567 0.34448819,
  -4.6855744 0.038087402 0.34448819,-4.6953504 0.047863386 0.34448819,
  -4.7081232 0.053154331 0.34448819,-4.7219484 0.053154331 0.34448819,
  -4.7347213 0.047863386 0.34448819,-4.7444972 0.038087402 0.34448819,
  -4.7497882 0.025314567 0.34448819,-4.7504689 0.018401969 0.34448819,
  -4.7504689 -0.37529882 0.34448819,-4.7497882 -0.38221142 0.34448819,
  -4.7444972 -0.39498425 0.34448819,-4.7347213 -0.40476024 0.34448819,
  -4.7219484 -0.41005118 0.34448819,-4.7081232 -0.41005118 0.34448819,
  -4.6953504 -0.40476024 0.34448819,-4.6855744 -0.39498425 0.34448819,
  -4.6802835 -0.38221142 0.34448819,-4.6796028 -0.37529882 0.34448819,
  -4.6796028 -0.20450748 0.34448819,-4.5254972 -0.20450748 0.34448819,
  -4.5254972 -0.37529882 0.34448819,-4.5248165 -0.38221142 0.34448819,
  -4.5195256 -0.39498425 0.34448819,-4.5097496 -0.40476024 0.34448819,
  -4.4969768 -0.41005118 0.34448819,-4.4831516 -0.41005118 0.34448819,
  -4.4703787 -0.40476024 0.34448819,-4.4606028 -0.39498425 0.34448819,
  -4.4553118 -0.38221142 0.34448819,-4.4546311 -0.37529882 0.34448819,
  -4.4546311 0.018401969 0.34448819,-4.4553118 0.025314567 0.34448819,
  -4.4606028 0.038087402 0.34448819,-4.4703787 0.047863386 0.34448819,
  -4.4831516 0.053154331 0.34448819,-4.4969768 0.053154331 0.34448819,
  -4.5097496 0.047863386 0.34448819,-4.5195256 0.038087402 0.34448819,
  -4.5248165 0.025314567 0.34448819,-4.5254972 0.018401969 0.34448819,
  -4.5254972 -0.13364134 0.34448819,-2.6314102 0.024229921 0.34448819,
  -2.6315728 0.02378189 0.34448819,-2.6315362 0.022948031 0.34448819,
  -2.6319839 0.018401969 0.34448819,-2.6319839 -0.37529882 0.34448819,
  -2.6313031 -0.38221142 0.34448819,-2.6260122 -0.39498425 0.34448819,
  -2.6162362 -0.40476024 0.34448819,-2.6034634 -0.41005118 0.34448819,
  -2.5896382 -0.41005118 0.34448819,-2.5768654 -0.40476024 0.34448819,
  -2.5670894 -0.39498425 0.34448819,-2.5617984 -0.38221142 0.34448819,
  -2.5611177 -0.37529882 0.34448819,-2.5611177 -0.14131457 0.34448819,
  -2.497426 -0.27779685 0.34448819,-2.495926 -0.28032953 0.34448819,
  -2.4956146 -0.28118543 0.34448819,-2.495061 -0.28179016 0.34448819,
  -2.4938862 -0.28377323 0.34448819,-2.4899126 -0.2874122 0.34448819,
  -2.4862776 -0.2913815 0.34448819,-2.4848512 -0.29204724 0.34448819,
  -2.4836902 -0.29311024 0.34448819,-2.4786323 -0.29494921 0.34448819,
  -2.4737496 -0.29722795 0.34448819,-2.472176 -0.29729685 0.34448819,
  -2.4706972 -0.29783465 0.34448819,-2.4653173 -0.29759803 0.34448819,
  -2.4599374 -0.29783465 0.34448819,-2.4584594 -0.29729685 0.34448819,
  -2.456885 -0.29722795 0.34448819,-2.4520004 -0.29494803 0.34448819,
  -2.4469445 -0.29310984 0.34448819,-2.4457846 -0.29204764 0.34448819,
  -2.4443571 -0.2913815 0.34448819,-2.4407193 -0.28740866 0.34448819,
  -2.4367484 -0.28377283 0.34448819,-2.4355752 -0.28179173 0.34448819,
  -2.4350197 -0.28118543 0.34448819,-2.4347079 -0.28032756 0.34448819,
  -2.4332087 -0.27779685 0.34448819,-2.3695169 -0.14131457 0.34448819,
  -2.3695169 -0.37529882 0.34448819,-2.3688362 -0.38221142 0.34448819,
  -2.3635453 -0.39498425 0.34448819,-2.3537693 -0.40476024 0.34448819,
  -2.3409965 -0.41005118 0.34448819,-2.3271713 -0.41005118 0.34448819,
  -2.3143984 -0.40476024 0.34448819,-2.3046224 -0.39498425 0.34448819,
  -2.2993315 -0.38221142 0.34448819,-2.2986508 -0.37529882 0.34448819,
  -2.2986508 0.018401969 0.34448819,-2.2990988 0.022948031 0.34448819,
  -2.2990618 0.02378189 0.34448819,-2.2992248 0.024229921 0.34448819,
  -2.2993315 0.025314567 0.34448819,-2.3016854 0.03099685 0.34448819,
  -2.3037862 0.036774803 0.34448819,-2.3043205 0.037358268 0.34448819,
  -2.3046224 0.038087402 0.34448819,-2.3089665 0.042431496 0.34448819,
  -2.3131236 0.046970866 0.34448819,-2.3138406 0.047305512 0.34448819,
  -2.3143984 0.047863386 0.34448819,-2.320074 0.050214567 0.34448819,
  -2.3256516 0.052817323 0.34448819,-2.3264417 0.052852362 0.34448819,
  -2.3271713 0.053154331 0.34448819,-2.333324 0.053154331 0.34448819,
  -2.3394638 0.053424016 0.34448819,-2.3402055 0.053154331 0.34448819,
  -2.3409965 0.053154331 0.34448819,-2.3466787 0.050800787 0.34448819,
  -2.3524567 0.048699606 0.34448819,-2.3530402 0.048165748 0.34448819,
  -2.3537693 0.047863386 0.34448819,-2.358111 0.043522047 0.34448819,
  -2.3626528 0.039362598 0.34448819,-2.3632091 0.038424016 0.34448819,
  -2.3635453 0.038087402 0.34448819,-2.3638646 0.037316929 0.34448819,
  -2.3661925 0.03338622 0.34448819,-2.4653173 -0.17902362 0.34448819,
  -2.5644421 0.03338622 0.34448819,-2.5667701 0.037316142 0.34448819,
  -2.5670894 0.038087402 0.34448819,-2.5674268 0.038424803 0.34448819,
  -2.5679819 0.039362205 0.34448819,-2.5725193 0.043517323 0.34448819,
  -2.5768654 0.047863386 0.34448819,-2.5775957 0.048166142 0.34448819,
  -2.578178 0.048699213 0.34448819,-2.583952 0.050799213 0.34448819,
  -2.5896382 0.053154331 0.34448819,-2.5904291 0.053154331 0.34448819,
  -2.5911709 0.053424016 0.34448819,-2.5973106 0.053154331 0.34448819,
  -2.6034634 0.053154331 0.34448819,-2.6041933 0.052852362 0.34448819,
  -2.6049831 0.052817323 0.34448819,-2.610561 0.050214567 0.34448819,
  -2.6162362 0.047863386 0.34448819,-2.6167945 0.047305512 0.34448819,
  -2.617511 0.046970866 0.34448819,-2.6216661 0.042433858 0.34448819,
  -2.6260122 0.038087402 0.34448819,-2.626315 0.03735748 0.34448819,
  -2.626848 0.036774803 0.34448819,-2.628948 0.031001181 0.34448819,
  -2.6313031 0.025314567 0.34448819,4.5810591 -0.1059189 0.34448819,
  4.5757681 -0.093146063 0.34448819,4.5659921 -0.083370079 0.34448819,
  4.5532193 -0.078079134 0.34448819,4.5463067 -0.077398425 0.34448819,
  4.5088114 -0.077398425 0.34448819,4.5018988 -0.078079134 0.34448819,
  4.500722 -0.078566142 0.34448819,4.4994524 -0.078656693 0.34448819,
  4.492965 -0.08113937 0.34448819,4.4642547 -0.095494094 0.34448819,
  4.4632823 -0.093146063 0.34448819,4.4535063 -0.083370079 0.34448819,
  4.4407335 -0.078079134 0.34448819,4.4269083 -0.078079134 0.34448819,
  4.4141354 -0.083370079 0.34448819,4.4043594 -0.093146063 0.34448819,
  4.3990685 -0.1059189 0.34448819,4.3983878 -0.1128315 0.34448819,
  4.3983878 -0.37529882 0.34448819,4.3990685 -0.38221142 0.34448819,
  4.4043594 -0.39498425 0.34448819,4.4141354 -0.40476024 0.34448819,
  4.4269083 -0.41005118 0.34448819,4.4407335 -0.41005118 0.34448819,
  4.4535063 -0.40476024 0.34448819,4.4632823 -0.39498425 0.34448819,
  4.4685732 -0.38221142 0.34448819,4.4692539 -0.37529882 0.34448819,
  4.4692539 -0.19618622 0.34448819,4.481689 -0.17131614 0.34448819,
  4.4923055 -0.16069961 0.34448819,4.5171764 -0.14826457 0.34448819,
  4.5463067 -0.14826457 0.34448819,4.5532193 -0.14758386 0.34448819,
  4.5659921 -0.14229291 0.34448819,4.5757681 -0.13251693 0.34448819,
  4.5810591 -0.11974409 0.34448819,6.0433764 -0.34963898 0.34448819,
  6.042363 -0.34719252 0.34448819,6.041802 -0.3458374 0.34448819,
  6.0380862 -0.33686575 0.34448819,6.0336795 -0.33149646 0.34448819,
  6.0149319 -0.31274843 0.34448819,6.0095626 -0.30834173 0.34448819,
  6.0095622 -0.30834134 0.34448819,6.0042709 -0.30615 0.34448819,
  6.0023827 -0.30536772 0.34448819,5.9967894 -0.30305079 0.34448819,
  5.9829642 -0.30305079 0.34448819,5.9776728 -0.30524213 0.34448819,
  5.9701906 -0.30834173 0.34448819,5.9648217 -0.31274843 0.34448819,
  5.946074 -0.33149646 0.34448819,5.9416673 -0.33686575 0.34448819,
  5.939672 -0.34168386 0.34448819,5.9373906 -0.34719252 0.34448819,
  5.9363772 -0.34963898 0.34448819,5.9363772 -0.36346417 0.34448819,
  5.940961 -0.37453071 0.34448819,5.9416677 -0.37623701 0.34448819,
  5.946074 -0.3816063 0.34448819,5.9648217 -0.40035354 0.34448819,
  5.9701909 -0.40476024 0.34448819,5.9724638 -0.40570157 0.34448819,
  5.9829642 -0.41005118 0.34448819,5.9967894 -0.41005118 0.34448819,
  6.0072898 -0.40570157 0.34448819,6.0095626 -0.40476024 0.34448819,
  6.0149319 -0.40035394 0.34448819,6.0336791 -0.3816063 0.34448819,
  6.0380858 -0.37623701 0.34448819,6.0387925 -0.37453071 0.34448819,
  6.0433764 -0.36346417 0.34448819,-3.3623031 0.031346457 0.34448819,
  -3.3652783 0.029474016 0.34448819,-3.3661429 0.029115748 0.34448819,
  -3.3671161 0.028317323 0.34448819,-3.3681815 0.027646457 0.34448819,
  -3.3687949 0.02693937 0.34448819,-3.3715122 0.024709055 0.34448819,
  -3.3902598 0.005961811 0.34448819,-3.3924906 0.0032440945 0.34448819,
  -3.3931969 0.0026311024 0.34448819,-3.3938677 0.001565748 0.34448819,
  -3.3946661 0.00059251969 0.34448819,-3.395024 -0.00027125984 0.34448819,
  -3.3968972 -0.0032472441 0.34448819,-3.4156445 -0.04074252 0.34448819,
  -3.4181272 -0.047229528 0.34448819,-3.4182177 -0.048499213 0.34448819,
  -3.4187047 -0.049675984 0.34448819,-3.4193854 -0.056588583 0.34448819,
  -3.4193854 -0.094083858 0.34448819,-3.4187047 -0.10099646 0.34448819,
  -3.4182177 -0.10217283 0.34448819,-3.4181272 -0.10344291 0.34448819,
  -3.4156445 -0.10992992 0.34448819,-3.3968972 -0.1474252 0.34448819,
  -3.395024 -0.15040079 0.34448819,-3.3946661 -0.15126496 0.34448819,
  -3.3938677 -0.1522378 0.34448819,-3.3931969 -0.15330354 0.34448819,
  -3.3924906 -0.15391614 0.34448819,-3.3902598 -0.15663425 0.34448819,
  -3.3715122 -0.1753815 0.34448819,-3.3687949 -0.17761142 0.34448819,
  -3.3681815 -0.1783189 0.34448819,-3.3671161 -0.17898937 0.34448819,
  -3.3661429 -0.17978819 0.34448819,-3.3652783 -0.18014606 0.34448819,
  -3.3623031 -0.1820189 0.34448819,-3.3248083 -0.20076654 0.34448819,
  -3.3243031 -0.20095984 0.34448819,-3.3240969 -0.2011126 0.34448819,
  -3.3211941 -0.20214961 0.34448819,-3.3183209 -0.20324921 0.34448819,
  -3.3180657 -0.20326732 0.34448819,-3.3175555 -0.20344961 0.34448819,
  -3.2463378 -0.22125394 0.34448819,-3.2174657 -0.23569016 0.34448819,
  -3.2068492 -0.24630669 0.34448819,-3.1944138 -0.27117717 0.34448819,
  -3.1944138 -0.29194291 0.34448819,-3.2068492 -0.31681378 0.34448819,
  -3.2174654 -0.32743031 0.34448819,-3.2423354 -0.33986575 0.34448819,
  -3.3219591 -0.33986575 0.34448819,-3.3727476 -0.32293661 0.34448819,
  -3.3795205 -0.32139606 0.34448819,-3.393311 -0.32237638 0.34448819,
  -3.4056768 -0.32855945 0.34448819,-3.4147354 -0.33900354 0.34448819,
  -3.4191075 -0.35211929 0.34448819,-3.4181272 -0.36590984 0.34448819,
  -3.4119441 -0.37827559 0.34448819,-3.4015 -0.38733425 0.34448819,
  -3.3951571 -0.39016575 0.34448819,-3.3389146 -0.40891339 0.34448819,
  -3.3354878 -0.40969252 0.34448819,-3.334622 -0.41005118 0.34448819,
  -3.3333677 -0.41017441 0.34448819,-3.3321413 -0.41045354 0.34448819,
  -3.3312091 -0.41038701 0.34448819,-3.3277094 -0.41073189 0.34448819,
  -3.2339713 -0.41073189 0.34448819,-3.2270587 -0.41005118 0.34448819,
  -3.2258823 -0.40956378 0.34448819,-3.2246122 -0.40947362 0.34448819,
  -3.2181252 -0.40699094 0.34448819,-3.1806299 -0.3882437 0.34448819,
  -3.1776543 -0.38637008 0.34448819,-3.1767902 -0.3860126 0.34448819,
  -3.1758177 -0.38521417 0.34448819,-3.1747516 -0.38454331 0.34448819,
  -3.1741386 -0.38383583 0.34448819,-3.1714209 -0.38160591 0.34448819,
  -3.1526732 -0.36285787 0.34448819,-3.1504433 -0.36014055 0.34448819,
  -3.1497362 -0.35952756 0.34448819,-3.1490661 -0.3584622 0.34448819,
  -3.1482665 -0.35748858 0.34448819,-3.1479083 -0.35662283 0.34448819,
  -3.1460362 -0.35364921 0.34448819,-3.1272886 -0.31615433 0.34448819,
  -3.1248059 -0.30966693 0.34448819,-3.1247157 -0.30839685 0.34448819,
  -3.1242283 -0.30722047 0.34448819,-3.1235476 -0.30030787 0.34448819,
  -3.1235476 -0.2628126 0.34448819,-3.1242283 -0.2559 0.34448819,
  -3.1247157 -0.25472323 0.34448819,-3.1248059 -0.25345354 0.34448819,
  -3.1272886 -0.24696614 0.34448819,-3.1460362 -0.20947126 0.34448819,
  -3.1479091 -0.20649606 0.34448819,-3.1482669 -0.2056315 0.34448819,
  -3.1490657 -0.20465827 0.34448819,-3.1497362 -0.20359291 0.34448819,
  -3.1504437 -0.20297953 0.34448819,-3.1526736 -0.2002622 0.34448819,
  -3.1714209 -0.18151457 0.34448819,-3.174139 -0.17928386 0.34448819,
  -3.1747516 -0.17857756 0.34448819,-3.1758173 -0.17790669 0.34448819,
  -3.1767902 -0.17710827 0.34448819,-3.1776543 -0.17675039 0.34448819,
  -3.1806299 -0.17487717 0.34448819,-3.2181252 -0.15612992 0.34448819,
  -3.2186307 -0.15593622 0.34448819,-3.2188366 -0.15578386 0.34448819,
  -3.221739 -0.15474685 0.34448819,-3.2246122 -0.15364724 0.34448819,
  -3.2248677 -0.15362874 0.34448819,-3.2253776 -0.15344685 0.34448819,
  -3.2965945 -0.13564252 0.34448819,-3.3254677 -0.12120591 0.34448819,
  -3.3360843 -0.11058937 0.34448819,-3.3485193 -0.085719291 0.34448819,
  -3.3485193 -0.064952756 0.34448819,-3.3360843 -0.040082677 0.34448819,
  -3.3254677 -0.029466142 0.34448819,-3.3005969 -0.017031102 0.34448819,
  -3.2209728 -0.017031102 0.34448819,-3.1701858 -0.033960236 0.34448819,
  -3.1634126 -0.035500394 0.34448819,-3.149622 -0.034520079 0.34448819,
  -3.1372563 -0.028337402 0.34448819,-3.128198 -0.017893307 0.34448819,
  -3.123826 -0.0047775591 0.34448819,-3.1248063 0.0090129921 0.34448819,
  -3.130989 0.02137874 0.34448819,-3.1414335 0.030437402 0.34448819,
  -3.147776 0.033269291 0.34448819,-3.2040189 0.052016535 0.34448819,
  -3.2074465 0.052796457 0.34448819,-3.208311 0.053154331 0.34448819,
  -3.2095634 0.053277953 0.34448819,-3.2107917 0.053557087 0.34448819,
  -3.2117264 0.053490945 0.34448819,-3.2152236 0.053835039 0.34448819,
  -3.3089618 0.053835039 0.34448819,-3.3158744 0.053154331 0.34448819,
  -3.3170512 0.052667323 0.34448819,-3.3183209 0.052576772 0.34448819,
  -3.3248083 0.050094094 0.34448819,-2.9965591 -0.012785827 0.34448819,
  -2.9987898 -0.015503543 0.34448819,-2.9994961 -0.016116535 0.34448819,
  -3.0001669 -0.01718189 0.34448819,-3.0009654 -0.018155118 0.34448819,
  -3.0013232 -0.019018898 0.34448819,-3.0031965 -0.021994882 0.34448819,
  -3.0219437 -0.059490157 0.34448819,-3.0221374 -0.059995276 0.34448819,
  -3.0222898 -0.060201575 0.34448819,-3.0233268 -0.063103543 0.34448819,
  -3.0244264 -0.065977165 0.34448819,-3.0244449 -0.066232283 0.34448819,
  -3.0246268 -0.06674252 0.34448819,-3.0433744 -0.14173307 0.34448819,
  -3.043552 -0.1429315 0.34448819,-3.0437516 -0.14341417 0.34448819,
  -3.0440079 -0.14601575 0.34448819,-3.0443906 -0.14860433 0.34448819,
  -3.0443138 -0.14912126 0.34448819,-3.0444323 -0.15032677 0.34448819,
  -3.0444323 -0.20656969 0.34448819,-3.0443138 -0.2077748 0.34448819,
  -3.0443906 -0.20829213 0.34448819,-3.0440079 -0.21088031 0.34448819,
  -3.0437516 -0.21348228 0.34448819,-3.043552 -0.21396457 0.34448819,
  -3.0433744 -0.21516339 0.34448819,-3.0246268 -0.29015394 0.34448819,
  -3.0244449 -0.29066378 0.34448819,-3.0244264 -0.29091929 0.34448819,
  -3.0233268 -0.29379252 0.34448819,-3.0222898 -0.29669488 0.34448819,
  -3.0221374 -0.29690079 0.34448819,-3.0219437 -0.2974063 0.34448819,
  -3.0031965 -0.33490157 0.34448819,-3.001324 -0.33787638 0.34448819,
  -3.0009657 -0.33874094 0.34448819,-3.0001669 -0.33971417 0.34448819,
  -2.9994961 -0.34077992 0.34448819,-2.9987894 -0.34139291 0.34448819,
  -2.9965591 -0.34411024 0.34448819,-2.9590638 -0.3816063 0.34448819,
  -2.9536945 -0.3860126 0.34448819,-2.9525189 -0.38649961 0.34448819,
  -2.9515563 -0.38733425 0.34448819,-2.9452134 -0.39016575 0.34448819,
  -2.8889709 -0.40891339 0.34448819,-2.8855441 -0.40969252 0.34448819,
  -2.8846783 -0.41005118 0.34448819,-2.883424 -0.41017441 0.34448819,
  -2.8821976 -0.41045354 0.34448819,-2.8812654 -0.41038701 0.34448819,
  -2.8777657 -0.41073189 0.34448819,-2.8402705 -0.41073189 0.34448819,
  -2.8367732 -0.4103874 0.34448819,-2.8358386 -0.41045394 0.34448819,
  -2.8346102 -0.41017441 0.34448819,-2.8333579 -0.41005118 0.34448819,
  -2.8324933 -0.40969291 0.34448819,-2.8290657 -0.40891339 0.34448819,
  -2.7728228 -0.39016614 0.34448819,-2.7664803 -0.38733425 0.34448819,
  -2.7655185 -0.38649961 0.34448819,-2.7643417 -0.3860126 0.34448819,
  -2.7589724 -0.38160591 0.34448819,-2.7402248 -0.36285787 0.34448819,
  -2.7358181 -0.35748858 0.34448819,-2.730528 -0.34471535 0.34448819,
  -2.730528 -0.33089016 0.34448819,-2.7358185 -0.31811732 0.34448819,
  -2.7455945 -0.30834134 0.34448819,-2.7583677 -0.30305118 0.34448819,
  -2.7721929 -0.30305118 0.34448819,-2.7849661 -0.30834173 0.34448819,
  -2.790335 -0.31274843 0.34448819,-2.8031685 -0.3255815 0.34448819,
  -2.8460197 -0.33986575 0.34448819,-2.8720154 -0.33986575 0.34448819,
  -2.9148681 -0.3255815 0.34448819,-2.9423835 -0.29806654 0.34448819,
  -2.9568197 -0.2691937 0.34448819,-2.9735661 -0.20220748 0.34448819,
  -2.9735661 -0.15468898 0.34448819,-2.9568197 -0.087702362 0.34448819,
  -2.9423839 -0.058830709 0.34448819,-2.9148677 -0.031314567 0.34448819,
  -2.8720154 -0.017031102 0.34448819,-2.8460197 -0.017031102 0.34448819,
  -2.8031685 -0.031314961 0.34448819,-2.790335 -0.044148031 0.34448819,
  -2.7849657 -0.048554724 0.34448819,-2.7721925 -0.053845276 0.34448819,
  -2.7583673 -0.053845276 0.34448819,-2.7455945 -0.048554724 0.34448819,
  -2.7358185 -0.03877874 0.34448819,-2.730528 -0.026005906 0.34448819,
  -2.730528 -0.012180709 0.34448819,-2.7358185 0.00059251969 0.34448819,
  -2.7402252 0.005961811 0.34448819,-2.7589724 0.024709449 0.34448819,
  -2.7643417 0.029115748 0.34448819,-2.7655185 0.02960315 0.34448819,
  -2.7664803 0.030437402 0.34448819,-2.7728228 0.033269291 0.34448819,
  -2.8290657 0.052016535 0.34448819,-2.8324933 0.052796457 0.34448819,
  -2.8333579 0.053154331 0.34448819,-2.8346102 0.053277953 0.34448819,
  -2.8358386 0.053557087 0.34448819,-2.8367732 0.053490945 0.34448819,
  -2.8402705 0.053835039 0.34448819,-2.8777657 0.053835039 0.34448819,
  -2.8812654 0.053490551 0.34448819,-2.8821976 0.053556693 0.34448819,
  -2.883424 0.053277953 0.34448819,-2.8846783 0.053154331 0.34448819,
  -2.8855441 0.052796063 0.34448819,-2.8889709 0.052016535 0.34448819,
  -2.9452134 0.033268898 0.34448819,-2.9515563 0.030437402 0.34448819,
  -2.9525189 0.02960315 0.34448819,-2.9536945 0.029115748 0.34448819,
  -2.9590638 0.024709449 0.34448819,-3.5179287 -0.21840472 0.34448819,
  -3.5232197 -0.20563189 0.34448819,-3.5329957 -0.19585591 0.34448819,
  -3.5457685 -0.19056496 0.34448819,-3.5526811 -0.18988425 0.34448819,
  -3.8526437 -0.18988425 0.34448819,-3.8595563 -0.19056496 0.34448819,
  -3.8723291 -0.19585591 0.34448819,-3.8821051 -0.20563189 0.34448819,
  -3.8873961 -0.21840472 0.34448819,-3.8873961 -0.23222992 0.34448819,
  -3.8821051 -0.24500276 0.34448819,-3.8723291 -0.25477874 0.34448819,
  -3.8595563 -0.26006969 0.34448819,-3.8526437 -0.26075039 0.34448819,
  -3.5526811 -0.26075039 0.34448819,-3.5457685 -0.26006969 0.34448819,
  -3.5329957 -0.25477874 0.34448819,-3.5232197 -0.24500276 0.34448819,
  -3.5179287 -0.23222992 0.34448819,-1.8118921 -0.21840472 0.34448819,
  -1.8171831 -0.20563189 0.34448819,-1.8269591 -0.19585591 0.34448819,
  -1.8397319 -0.19056496 0.34448819,-1.8466445 -0.18988425 0.34448819,
  -2.1466071 -0.18988425 0.34448819,-2.1535197 -0.19056496 0.34448819,
  -2.1662925 -0.19585591 0.34448819,-2.1760685 -0.20563189 0.34448819,
  -2.1813594 -0.21840472 0.34448819,-2.1813594 -0.23222992 0.34448819,
  -2.1760685 -0.24500276 0.34448819,-2.1662925 -0.25477874 0.34448819,
  -2.1535197 -0.26006969 0.34448819,-2.1466071 -0.26075039 0.34448819,
  -1.8466445 -0.26075039 0.34448819,-1.8397319 -0.26006969 0.34448819,
  -1.8269591 -0.25477874 0.34448819,-1.8171831 -0.24500276 0.34448819,
  -1.8118921 -0.23222992 0.34448819,7.6265465 3.7270035 0.34448819,
  7.480315 3.7270035 0.34448819,7.4742886 3.7258047 0.34448819,
  7.4657657 3.7172819 0.34448819,7.4657657 3.7052291 0.34448819,
  7.4742886 3.6967063 0.34448819,7.480315 3.6955075 0.34448819,
  7.5918413 3.6955075 0.34448819,7.5359547 3.631637 0.34448819,
  7.5337201 3.6277567 0.34448819,7.5332571 3.6272933 0.34448819,
  7.5332571 3.6269524 0.34448819,7.5328886 3.6263122 0.34448819,
  7.5332571 3.6207835 0.34448819,7.5332571 3.6152406 0.34448819,
  7.5336528 3.6148449 0.34448819,7.5336902 3.6142858 0.34448819,
  7.5378618 3.6106358 0.34448819,7.5417799 3.6067177 0.34448819,
  7.5425043 3.6065736 0.34448819,7.542761 3.6063492 0.34448819,
  7.5434134 3.6063929 0.34448819,7.5478063 3.6055189 0.34448819,
  7.5778346 3.6055189 0.34448819,7.5947213 3.5970756 0.34448819,
  7.6023555 3.5894409 0.34448819,7.6107984 3.5725551 0.34448819,
  7.6107984 3.5237472 0.34448819,7.6023555 3.5068614 0.34448819,
  7.5947201 3.4992256 0.34448819,7.577835 3.4907831 0.34448819,
  7.5177783 3.4907831 0.34448819,7.5008925 3.499226 0.34448819,
  7.4914508 3.5086677 0.34448819,7.4863417 3.5120815 0.34448819,
  7.4742886 3.5120815 0.34448819,7.4657657 3.5035591 0.34448819,
  7.4657657 3.4915059 0.34448819,7.4691791 3.4863969 0.34448819,
  7.4804276 3.475148 0.34448819,7.4825272 3.4737453 0.34448819,
  7.4845209 3.472198 0.34448819,7.5070181 3.4609496 0.34448819,
  7.5077787 3.4607413 0.34448819,7.5080343 3.4604858 0.34448819,
  7.510511 3.4599933 0.34448819,7.5129445 3.4593268 0.34448819,
  7.5132866 3.4594409 0.34448819,7.5140606 3.459287 0.34448819,
  7.5815524 3.459287 0.34448819,7.582326 3.4594413 0.34448819,
  7.5826689 3.4593268 0.34448819,7.5851024 3.4599933 0.34448819,
  7.5875787 3.4604858 0.34448819,7.5878339 3.4607413 0.34448819,
  7.5885949 3.4609496 0.34448819,7.6110925 3.472198 0.34448819,
  7.6130858 3.4737453 0.34448819,7.6151854 3.475148 0.34448819,
  7.6264339 3.4863969 0.34448819,7.627837 3.4884976 0.34448819,
  7.6293835 3.4904898 0.34448819,7.6406319 3.512987 0.34448819,
  7.6408402 3.513748 0.34448819,7.6410957 3.5140031 0.34448819,
  7.6415882 3.5164803 0.34448819,7.6422547 3.5189134 0.34448819,
  7.6421406 3.5192559 0.34448819,7.6422945 3.5200295 0.34448819,
  7.6422945 3.5762724 0.34448819,7.6421406 3.5770465 0.34448819,
  7.6422547 3.5773886 0.34448819,7.6415882 3.579822 0.34448819,
  7.6410957 3.5822988 0.34448819,7.6408402 3.5825543 0.34448819,
  7.6406319 3.583315 0.34448819,7.6293835 3.6058122 0.34448819,
  7.6278362 3.6078059 0.34448819,7.6264335 3.6099055 0.34448819,
  7.615185 3.6211535 0.34448819,7.6130882 3.6225547 0.34448819,
  7.6110925 3.6241035 0.34448819,7.5885953 3.6353524 0.34448819,
  7.5878339 3.635561 0.34448819,7.5875787 3.6358161 0.34448819,
  7.5851031 3.6363087 0.34448819,7.5826689 3.6369752 0.34448819,
  7.5823969 3.636885 0.34448819,7.638398 3.7008854 0.34448819,
  7.6406323 3.7047661 0.34448819,7.6410957 3.7052291 0.34448819,
  7.6410957 3.7055705 0.34448819,7.6414642 3.7062102 0.34448819,
  7.6410957 3.7117394 0.34448819,7.6410957 3.7172819 0.34448819,
  7.6406996 3.717678 0.34448819,7.6406626 3.7182366 0.34448819,
  7.6364906 3.721887 0.34448819,7.6325728 3.7258047 0.34448819,
  7.631848 3.7259492 0.34448819,7.6315917 3.7261732 0.34448819,
  7.630939 3.7261299 0.34448819,6.5685307 3.5695232 0.34448819,
  6.6178642 3.7175236 0.34448819,6.6186327 3.7236201 0.34448819,
  6.6132425 3.7344008 0.34448819,6.6018083 3.7382122 0.34448819,
  6.5910276 3.7328217 0.34448819,6.5879846 3.7274839 0.34448819,
  6.5317417 3.5587551 0.34448819,6.5309732 3.5526591 0.34448819,
  6.5321323 3.5503409 0.34448819,6.5321323 3.5477488 0.34448819,
  6.534724 3.5451571 0.34448819,6.5363634 3.5418783 0.34448819,
  6.5388224 3.5410587 0.34448819,6.5406551 3.539226 0.34448819,
  6.5466815 3.5380272 0.34448819,6.6434197 3.5380272 0.34448819,
  6.6434197 3.475035 0.34448819,6.6446185 3.4690087 0.34448819,
  6.6531413 3.4604858 0.34448819,6.6651941 3.4604858 0.34448819,
  6.6737169 3.4690087 0.34448819,6.6749157 3.475035 0.34448819,
  6.6749157 3.5380272 0.34448819,6.6929134 3.5380272 0.34448819,
  6.6989398 3.539226 0.34448819,6.7074626 3.5477488 0.34448819,
  6.7074626 3.5598016 0.34448819,6.6989398 3.5683244 0.34448819,
  6.6929134 3.5695232 0.34448819,6.6749157 3.5695232 0.34448819,
  6.6749157 3.6325154 0.34448819,6.6737169 3.6385417 0.34448819,
  6.6651941 3.6470646 0.34448819,6.6531413 3.6470646 0.34448819,
  6.6446185 3.6385417 0.34448819,6.6434197 3.6325154 0.34448819,
  6.6434197 3.5695232 0.34448819,5.6236488 3.5695232 0.34448819,
  5.6729823 3.7175236 0.34448819,5.6737508 3.7236201 0.34448819,
  5.6683606 3.7344008 0.34448819,5.6569264 3.7382122 0.34448819,
  5.6461457 3.7328217 0.34448819,5.6431028 3.7274839 0.34448819,
  5.5868598 3.5587551 0.34448819,5.5860913 3.5526591 0.34448819,
  5.5872504 3.5503409 0.34448819,5.5872504 3.5477488 0.34448819,
  5.5898421 3.5451571 0.34448819,5.5914815 3.5418783 0.34448819,
  5.5939406 3.5410587 0.34448819,5.5957732 3.539226 0.34448819,
  5.6017996 3.5380272 0.34448819,5.6985378 3.5380272 0.34448819,
  5.6985378 3.475035 0.34448819,5.6997366 3.4690087 0.34448819,
  5.7082594 3.4604858 0.34448819,5.7203122 3.4604858 0.34448819,
  5.728835 3.4690087 0.34448819,5.7300339 3.475035 0.34448819,
  5.7300339 3.5380272 0.34448819,5.7480315 3.5380272 0.34448819,
  5.7540579 3.539226 0.34448819,5.7625807 3.5477488 0.34448819,
  5.7625807 3.5598016 0.34448819,5.7540579 3.5683244 0.34448819,
  5.7480315 3.5695232 0.34448819,5.7300339 3.5695232 0.34448819,
  5.7300339 3.6325154 0.34448819,5.728835 3.6385417 0.34448819,
  5.7203122 3.6470646 0.34448819,5.7082594 3.6470646 0.34448819,
  5.6997366 3.6385417 0.34448819,5.6985378 3.6325154 0.34448819,
  5.6985378 3.5695232 0.34448819,4.7919008 3.7270035 0.34448819,
  4.6456693 3.7270035 0.34448819,4.6396429 3.7258047 0.34448819,
  4.6311201 3.7172819 0.34448819,4.6311201 3.7052291 0.34448819,
  4.6396429 3.6967063 0.34448819,4.6456693 3.6955075 0.34448819,
  4.7571957 3.6955075 0.34448819,4.7013091 3.631637 0.34448819,
  4.6990744 3.6277567 0.34448819,4.6986114 3.6272933 0.34448819,
  4.6986114 3.6269524 0.34448819,4.6982429 3.6263122 0.34448819,
  4.6986114 3.6207835 0.34448819,4.6986114 3.6152406 0.34448819,
  4.6990071 3.6148449 0.34448819,4.6990445 3.6142858 0.34448819,
  4.7032161 3.6106358 0.34448819,4.7071343 3.6067177 0.34448819,
  4.7078587 3.6065736 0.34448819,4.7081154 3.6063492 0.34448819,
  4.7087677 3.6063929 0.34448819,4.7131606 3.6055189 0.34448819,
  4.743189 3.6055189 0.34448819,4.7600756 3.5970756 0.34448819,
  4.7677098 3.5894409 0.34448819,4.7761528 3.5725551 0.34448819,
  4.7761528 3.5237472 0.34448819,4.7677098 3.5068614 0.34448819,
  4.7600744 3.4992256 0.34448819,4.7431894 3.4907831 0.34448819,
  4.6831327 3.4907831 0.34448819,4.6662469 3.499226 0.34448819,
  4.6568051 3.5086677 0.34448819,4.6516961 3.5120815 0.34448819,
  4.6396429 3.5120815 0.34448819,4.6311201 3.5035591 0.34448819,
  4.6311201 3.4915059 0.34448819,4.6345335 3.4863969 0.34448819,
  4.6457819 3.475148 0.34448819,4.6478815 3.4737453 0.34448819,
  4.6498752 3.472198 0.34448819,4.6723724 3.4609496 0.34448819,
  4.6731331 3.4607413 0.34448819,4.6733886 3.4604858 0.34448819,
  4.6758654 3.4599933 0.34448819,4.6782988 3.4593268 0.34448819,
  4.6786409 3.4594409 0.34448819,4.679415 3.459287 0.34448819,
  4.7469067 3.459287 0.34448819,4.7476803 3.4594413 0.34448819,
  4.7480232 3.4593268 0.34448819,4.7504567 3.4599933 0.34448819,
  4.7529331 3.4604858 0.34448819,4.7531882 3.4607413 0.34448819,
  4.7539492 3.4609496 0.34448819,4.7764469 3.472198 0.34448819,
  4.7784402 3.4737453 0.34448819,4.7805398 3.475148 0.34448819,
  4.7917882 3.4863969 0.34448819,4.7931913 3.4884976 0.34448819,
  4.7947378 3.4904898 0.34448819,4.8059862 3.512987 0.34448819,
  4.8061945 3.513748 0.34448819,4.80645 3.5140031 0.34448819,
  4.8069425 3.5164803 0.34448819,4.8076091 3.5189134 0.34448819,
  4.8074949 3.5192559 0.34448819,4.8076488 3.5200295 0.34448819,
  4.8076488 3.5762724 0.34448819,4.8074949 3.5770465 0.34448819,
  4.8076091 3.5773886 0.34448819,4.8069425 3.579822 0.34448819,
  4.80645 3.5822988 0.34448819,4.8061945 3.5825543 0.34448819,
  4.8059862 3.583315 0.34448819,4.7947378 3.6058122 0.34448819,
  4.7931906 3.6078059 0.34448819,4.7917878 3.6099055 0.34448819,
  4.7805394 3.6211535 0.34448819,4.7784425 3.6225547 0.34448819,
  4.7764469 3.6241035 0.34448819,4.7539496 3.6353524 0.34448819,
  4.7531882 3.635561 0.34448819,4.7529331 3.6358161 0.34448819,
  4.7504575 3.6363087 0.34448819,4.7480232 3.6369752 0.34448819,
  4.7477512 3.636885 0.34448819,4.8037524 3.7008854 0.34448819,
  4.8059866 3.7047661 0.34448819,4.80645 3.7052291 0.34448819,
  4.80645 3.7055705 0.34448819,4.8068185 3.7062102 0.34448819,
  4.80645 3.7117394 0.34448819,4.80645 3.7172819 0.34448819,
  4.8060539 3.717678 0.34448819,4.8060169 3.7182366 0.34448819,
  4.8018449 3.721887 0.34448819,4.7979272 3.7258047 0.34448819,
  4.7972024 3.7259492 0.34448819,4.7969461 3.7261732 0.34448819,
  4.7962933 3.7261299 0.34448819,3.8470185 3.7270035 0.34448819,
  3.700787 3.7270035 0.34448819,3.6947606 3.7258047 0.34448819,
  3.6862378 3.7172819 0.34448819,3.6862378 3.7052291 0.34448819,
  3.6947606 3.6967063 0.34448819,3.700787 3.6955075 0.34448819,
  3.8123134 3.6955075 0.34448819,3.7564268 3.631637 0.34448819,
  3.7541921 3.6277567 0.34448819,3.7537291 3.6272933 0.34448819,
  3.7537291 3.6269524 0.34448819,3.7533606 3.6263122 0.34448819,
  3.7537291 3.6207835 0.34448819,3.7537291 3.6152406 0.34448819,
  3.7541248 3.6148449 0.34448819,3.7541622 3.6142858 0.34448819,
  3.7583339 3.6106358 0.34448819,3.762252 3.6067177 0.34448819,
  3.7629764 3.6065736 0.34448819,3.7632331 3.6063492 0.34448819,
  3.7638854 3.6063929 0.34448819,3.7682783 3.6055189 0.34448819,
  3.7983067 3.6055189 0.34448819,3.8151933 3.5970756 0.34448819,
  3.8228276 3.5894409 0.34448819,3.8312705 3.5725551 0.34448819,
  3.8312705 3.5237472 0.34448819,3.8228276 3.5068614 0.34448819,
  3.8151921 3.4992256 0.34448819,3.7983071 3.4907831 0.34448819,
  3.7382504 3.4907831 0.34448819,3.7213646 3.499226 0.34448819,
  3.7119228 3.5086677 0.34448819,3.7068138 3.5120815 0.34448819,
  3.6947606 3.5120815 0.34448819,3.6862378 3.5035591 0.34448819,
  3.6862378 3.4915059 0.34448819,3.6896512 3.4863969 0.34448819,
  3.7008996 3.475148 0.34448819,3.7029992 3.4737453 0.34448819,
  3.7049929 3.472198 0.34448819,3.7274902 3.4609496 0.34448819,
  3.7282508 3.4607413 0.34448819,3.7285063 3.4604858 0.34448819,
  3.7309831 3.4599933 0.34448819,3.7334165 3.4593268 0.34448819,
  3.7337587 3.4594409 0.34448819,3.7345327 3.459287 0.34448819,
  3.8020244 3.459287 0.34448819,3.802798 3.4594413 0.34448819,
  3.8031409 3.4593268 0.34448819,3.8055744 3.4599933 0.34448819,
  3.8080508 3.4604858 0.34448819,3.8083059 3.4607413 0.34448819,
  3.8090669 3.4609496 0.34448819,3.8315646 3.472198 0.34448819,
  3.8335579 3.4737453 0.34448819,3.8356575 3.475148 0.34448819,
  3.8469059 3.4863969 0.34448819,3.8483091 3.4884976 0.34448819,
  3.8498555 3.4904898 0.34448819,3.8611039 3.512987 0.34448819,
  3.8613122 3.513748 0.34448819,3.8615677 3.5140031 0.34448819,
  3.8620602 3.5164803 0.34448819,3.8627268 3.5189134 0.34448819,
  3.8626126 3.5192559 0.34448819,3.8627665 3.5200295 0.34448819,
  3.8627665 3.5762724 0.34448819,3.8626126 3.5770465 0.34448819,
  3.8627268 3.5773886 0.34448819,3.8620602 3.579822 0.34448819,
  3.8615677 3.5822988 0.34448819,3.8613122 3.5825543 0.34448819,
  3.8611039 3.583315 0.34448819,3.8498555 3.6058122 0.34448819,
  3.8483083 3.6078059 0.34448819,3.8469055 3.6099055 0.34448819,
  3.8356571 3.6211535 0.34448819,3.8335602 3.6225547 0.34448819,
  3.8315646 3.6241035 0.34448819,3.8090673 3.6353524 0.34448819,
  3.8083059 3.635561 0.34448819,3.8080508 3.6358161 0.34448819,
  3.8055752 3.6363087 0.34448819,3.8031409 3.6369752 0.34448819,
  3.8028689 3.636885 0.34448819,3.8588701 3.7008854 0.34448819,
  3.8611043 3.7047661 0.34448819,3.8615677 3.7052291 0.34448819,
  3.8615677 3.7055705 0.34448819,3.8619362 3.7062102 0.34448819,
  3.8615677 3.7117394 0.34448819,3.8615677 3.7172819 0.34448819,
  3.8611717 3.717678 0.34448819,3.8611346 3.7182366 0.34448819,
  3.8569626 3.721887 0.34448819,3.8530449 3.7258047 0.34448819,
  3.8523201 3.7259492 0.34448819,3.8520638 3.7261732 0.34448819,
  3.851411 3.7261299 0.34448819,2.9021366 3.7270035 0.34448819,
  2.7559051 3.7270035 0.34448819,2.7498787 3.7258047 0.34448819,
  2.7413559 3.7172819 0.34448819,2.7413559 3.7052291 0.34448819,
  2.7498787 3.6967063 0.34448819,2.7559051 3.6955075 0.34448819,
  2.8674315 3.6955075 0.34448819,2.8115449 3.631637 0.34448819,
  2.8093102 3.6277567 0.34448819,2.8088472 3.6272933 0.34448819,
  2.8088472 3.6269524 0.34448819,2.8084787 3.6263122 0.34448819,
  2.8088472 3.6207835 0.34448819,2.8088472 3.6152406 0.34448819,
  2.8092429 3.6148449 0.34448819,2.8092803 3.6142858 0.34448819,
  2.813452 3.6106358 0.34448819,2.8173701 3.6067177 0.34448819,
  2.8180945 3.6065736 0.34448819,2.8183512 3.6063492 0.34448819,
  2.8190035 3.6063929 0.34448819,2.8233965 3.6055189 0.34448819,
  2.8534248 3.6055189 0.34448819,2.8703114 3.5970756 0.34448819,
  2.8779457 3.5894409 0.34448819,2.8863886 3.5725551 0.34448819,
  2.8863886 3.5237472 0.34448819,2.8779457 3.5068614 0.34448819,
  2.8703102 3.4992256 0.34448819,2.8534252 3.4907831 0.34448819,
  2.7933685 3.4907831 0.34448819,2.7764827 3.499226 0.34448819,
  2.7670409 3.5086677 0.34448819,2.7619319 3.5120815 0.34448819,
  2.7498787 3.5120815 0.34448819,2.7413559 3.5035591 0.34448819,
  2.7413559 3.4915059 0.34448819,2.7447693 3.4863969 0.34448819,
  2.7560177 3.475148 0.34448819,2.7581173 3.4737453 0.34448819,
  2.760111 3.472198 0.34448819,2.7826083 3.4609496 0.34448819,
  2.7833689 3.4607413 0.34448819,2.7836244 3.4604858 0.34448819,
  2.7861012 3.4599933 0.34448819,2.7885346 3.4593268 0.34448819,
  2.7888768 3.4594409 0.34448819,2.7896508 3.459287 0.34448819,
  2.8571425 3.459287 0.34448819,2.8579161 3.4594413 0.34448819,
  2.8582591 3.4593268 0.34448819,2.8606925 3.4599933 0.34448819,
  2.8631689 3.4604858 0.34448819,2.863424 3.4607413 0.34448819,
  2.864185 3.4609496 0.34448819,2.8866827 3.472198 0.34448819,
  2.888676 3.4737453 0.34448819,2.8907756 3.475148 0.34448819,
  2.902024 3.4863969 0.34448819,2.9034272 3.4884976 0.34448819,
  2.9049736 3.4904898 0.34448819,2.916222 3.512987 0.34448819,
  2.9164303 3.513748 0.34448819,2.9166858 3.5140031 0.34448819,
  2.9171783 3.5164803 0.34448819,2.9178449 3.5189134 0.34448819,
  2.9177307 3.5192559 0.34448819,2.9178846 3.5200295 0.34448819,
  2.9178846 3.5762724 0.34448819,2.9177307 3.5770465 0.34448819,
  2.9178449 3.5773886 0.34448819,2.9171783 3.579822 0.34448819,
  2.9166858 3.5822988 0.34448819,2.9164303 3.5825543 0.34448819,
  2.916222 3.583315 0.34448819,2.9049736 3.6058122 0.34448819,
  2.9034264 3.6078059 0.34448819,2.9020236 3.6099055 0.34448819,
  2.8907752 3.6211535 0.34448819,2.8886783 3.6225547 0.34448819,
  2.8866827 3.6241035 0.34448819,2.8641854 3.6353524 0.34448819,
  2.863424 3.635561 0.34448819,2.8631689 3.6358161 0.34448819,
  2.8606933 3.6363087 0.34448819,2.8582591 3.6369752 0.34448819,
  2.857987 3.636885 0.34448819,2.9139882 3.7008854 0.34448819,
  2.9162224 3.7047661 0.34448819,2.9166858 3.7052291 0.34448819,
  2.9166858 3.7055705 0.34448819,2.9170543 3.7062102 0.34448819,
  2.9166858 3.7117394 0.34448819,2.9166858 3.7172819 0.34448819,
  2.9162898 3.717678 0.34448819,2.9162528 3.7182366 0.34448819,
  2.9120807 3.721887 0.34448819,2.908163 3.7258047 0.34448819,
  2.9074382 3.7259492 0.34448819,2.9071819 3.7261732 0.34448819,
  2.9065291 3.7261299 0.34448819,1.9572551 3.7270035 0.34448819,
  1.8110236 3.7270035 0.34448819,1.8049972 3.7258047 0.34448819,
  1.7964744 3.7172819 0.34448819,1.7964744 3.7052291 0.34448819,
  1.8049972 3.6967063 0.34448819,1.8110236 3.6955075 0.34448819,
  1.92255 3.6955075 0.34448819,1.8666634 3.631637 0.34448819,
  1.8644287 3.6277567 0.34448819,1.8639657 3.6272933 0.34448819,
  1.8639657 3.6269524 0.34448819,1.8635972 3.6263122 0.34448819,
  1.8639657 3.6207835 0.34448819,1.8639657 3.6152406 0.34448819,
  1.8643614 3.6148449 0.34448819,1.8643988 3.6142858 0.34448819,
  1.8685705 3.6106358 0.34448819,1.8724886 3.6067177 0.34448819,
  1.873213 3.6065736 0.34448819,1.8734697 3.6063492 0.34448819,
  1.874122 3.6063929 0.34448819,1.878515 3.6055189 0.34448819,
  1.9085433 3.6055189 0.34448819,1.9254299 3.5970756 0.34448819,
  1.9330642 3.5894409 0.34448819,1.9415071 3.5725551 0.34448819,
  1.9415071 3.5237472 0.34448819,1.9330642 3.5068614 0.34448819,
  1.9254287 3.4992256 0.34448819,1.9085437 3.4907831 0.34448819,
  1.848487 3.4907831 0.34448819,1.8316012 3.499226 0.34448819,
  1.8221594 3.5086677 0.34448819,1.8170504 3.5120815 0.34448819,
  1.8049972 3.5120815 0.34448819,1.7964744 3.5035591 0.34448819,
  1.7964744 3.4915059 0.34448819,1.7998878 3.4863969 0.34448819,
  1.8111362 3.475148 0.34448819,1.8132358 3.4737453 0.34448819,
  1.8152295 3.472198 0.34448819,1.8377268 3.4609496 0.34448819,
  1.8384874 3.4607413 0.34448819,1.8387429 3.4604858 0.34448819,
  1.8412197 3.4599933 0.34448819,1.8436531 3.4593268 0.34448819,
  1.8439953 3.4594409 0.34448819,1.8447693 3.459287 0.34448819,
  1.912261 3.459287 0.34448819,1.9130346 3.4594413 0.34448819,
  1.9133776 3.4593268 0.34448819,1.915811 3.4599933 0.34448819,
  1.9182874 3.4604858 0.34448819,1.9185425 3.4607413 0.34448819,
  1.9193035 3.4609496 0.34448819,1.9418012 3.472198 0.34448819,
  1.9437945 3.4737453 0.34448819,1.9458941 3.475148 0.34448819,
  1.9571425 3.4863969 0.34448819,1.9585457 3.4884976 0.34448819,
  1.9600921 3.4904898 0.34448819,1.9713406 3.512987 0.34448819,
  1.9715488 3.513748 0.34448819,1.9718043 3.5140031 0.34448819,
  1.9722969 3.5164803 0.34448819,1.9729634 3.5189134 0.34448819,
  1.9728492 3.5192559 0.34448819,1.9730031 3.5200295 0.34448819,
  1.9730031 3.5762724 0.34448819,1.9728492 3.5770465 0.34448819,
  1.9729634 3.5773886 0.34448819,1.9722969 3.579822 0.34448819,
  1.9718043 3.5822988 0.34448819,1.9715488 3.5825543 0.34448819,
  1.9713406 3.583315 0.34448819,1.9600921 3.6058122 0.34448819,
  1.9585449 3.6078059 0.34448819,1.9571421 3.6099055 0.34448819,
  1.9458937 3.6211535 0.34448819,1.9437969 3.6225547 0.34448819,
  1.9418012 3.6241035 0.34448819,1.9193039 3.6353524 0.34448819,
  1.9185425 3.635561 0.34448819,1.9182874 3.6358161 0.34448819,
  1.9158118 3.6363087 0.34448819,1.9133776 3.6369752 0.34448819,
  1.9131055 3.636885 0.34448819,1.9691067 3.7008854 0.34448819,
  1.9713409 3.7047661 0.34448819,1.9718043 3.7052291 0.34448819,
  1.9718043 3.7055705 0.34448819,1.9721728 3.7062102 0.34448819,
  1.9718043 3.7117394 0.34448819,1.9718043 3.7172819 0.34448819,
  1.9714083 3.717678 0.34448819,1.9713713 3.7182366 0.34448819,
  1.9671992 3.721887 0.34448819,1.9632815 3.7258047 0.34448819,
  1.9625567 3.7259492 0.34448819,1.9623004 3.7261732 0.34448819,
  1.9616476 3.7261299 0.34448819,1.0123728 3.7270035 0.34448819,
  0.86614134 3.7270035 0.34448819,0.86011496 3.7258047 0.34448819,
  0.85159213 3.7172819 0.34448819,0.85159213 3.7052291 0.34448819,
  0.86011496 3.6967063 0.34448819,0.86614134 3.6955075 0.34448819,
  0.97766772 3.6955075 0.34448819,0.9217811 3.631637 0.34448819,
  0.91954646 3.6277567 0.34448819,0.91908346 3.6272933 0.34448819,
  0.91908346 3.6269524 0.34448819,0.91871496 3.6263122 0.34448819,
  0.91908346 3.6207835 0.34448819,0.91908346 3.6152406 0.34448819,
  0.91947913 3.6148449 0.34448819,0.91951654 3.6142858 0.34448819,
  0.92368819 3.6106358 0.34448819,0.9276063 3.6067177 0.34448819,
  0.92833071 3.6065736 0.34448819,0.9285874 3.6063492 0.34448819,
  0.92923976 3.6063929 0.34448819,0.93363268 3.6055189 0.34448819,
  0.96366102 3.6055189 0.34448819,0.98054764 3.5970756 0.34448819,
  0.98818189 3.5894409 0.34448819,0.9966248 3.5725551 0.34448819,
  0.9966248 3.5237472 0.34448819,0.98818189 3.5068614 0.34448819,
  0.98054646 3.4992256 0.34448819,0.96366142 3.4907831 0.34448819,
  0.90360472 3.4907831 0.34448819,0.8867189 3.499226 0.34448819,
  0.87727717 3.5086677 0.34448819,0.87216811 3.5120815 0.34448819,
  0.86011496 3.5120815 0.34448819,0.85159213 3.5035591 0.34448819,
  0.85159213 3.4915059 0.34448819,0.85500551 3.4863969 0.34448819,
  0.86625394 3.475148 0.34448819,0.86835354 3.4737453 0.34448819,
  0.87034724 3.472198 0.34448819,0.89284449 3.4609496 0.34448819,
  0.89360512 3.4607413 0.34448819,0.89386063 3.4604858 0.34448819,
  0.8963374 3.4599933 0.34448819,0.89877087 3.4593268 0.34448819,
  0.89911299 3.4594409 0.34448819,0.89988701 3.459287 0.34448819,
  0.96737874 3.459287 0.34448819,0.96815236 3.4594413 0.34448819,
  0.96849528 3.4593268 0.34448819,0.97092874 3.4599933 0.34448819,
  0.97340512 3.4604858 0.34448819,0.97366024 3.4607413 0.34448819,
  0.97442126 3.4609496 0.34448819,0.9969189 3.472198 0.34448819,
  0.9989122 3.4737453 0.34448819,1.0010118 3.475148 0.34448819,
  1.0122602 3.4863969 0.34448819,1.0136634 3.4884976 0.34448819,
  1.0152098 3.4904898 0.34448819,1.0264583 3.512987 0.34448819,
  1.0266665 3.513748 0.34448819,1.026922 3.5140031 0.34448819,
  1.0274146 3.5164803 0.34448819,1.0280811 3.5189134 0.34448819,
  1.0279669 3.5192559 0.34448819,1.0281209 3.5200295 0.34448819,
  1.0281209 3.5762724 0.34448819,1.0279669 3.5770465 0.34448819,
  1.0280811 3.5773886 0.34448819,1.0274146 3.579822 0.34448819,
  1.026922 3.5822988 0.34448819,1.0266665 3.5825543 0.34448819,
  1.0264583 3.583315 0.34448819,1.0152098 3.6058122 0.34448819,
  1.0136626 3.6078059 0.34448819,1.0122598 3.6099055 0.34448819,
  1.0010114 3.6211535 0.34448819,0.99891457 3.6225547 0.34448819,
  0.9969189 3.6241035 0.34448819,0.97442165 3.6353524 0.34448819,
  0.97366024 3.635561 0.34448819,0.97340512 3.6358161 0.34448819,
  0.97092953 3.6363087 0.34448819,0.96849528 3.6369752 0.34448819,
  0.96822323 3.636885 0.34448819,1.0242244 3.7008854 0.34448819,
  1.0264587 3.7047661 0.34448819,1.026922 3.7052291 0.34448819,
  1.026922 3.7055705 0.34448819,1.0272906 3.7062102 0.34448819,
  1.026922 3.7117394 0.34448819,1.026922 3.7172819 0.34448819,
  1.026526 3.717678 0.34448819,1.026489 3.7182366 0.34448819,
  1.0223169 3.721887 0.34448819,1.0183992 3.7258047 0.34448819,
  1.0176744 3.7259492 0.34448819,1.0174181 3.7261732 0.34448819,
  1.0167654 3.7261299 0.34448819,0.067491339 3.7270035 0.34448819,
  -0.078740157 3.7270035 0.34448819,-0.084766535 3.7258047 0.34448819,
  -0.09328937 3.7172819 0.34448819,-0.09328937 3.7052291 0.34448819,
  -0.084766535 3.6967063 0.34448819,-0.078740157 3.6955075 0.34448819,
  0.03278622 3.6955075 0.34448819,-0.023100394 3.631637 0.34448819,
  -0.025335039 3.6277567 0.34448819,-0.025798031 3.6272933 0.34448819,
  -0.025798031 3.6269524 0.34448819,-0.026166535 3.6263122 0.34448819,
  -0.025798031 3.6207835 0.34448819,-0.025798031 3.6152406 0.34448819,
  -0.025402362 3.6148449 0.34448819,-0.025364961 3.6142858 0.34448819,
  -0.021193307 3.6106358 0.34448819,-0.017275197 3.6067177 0.34448819,
  -0.016550787 3.6065736 0.34448819,-0.016294094 3.6063492 0.34448819,
  -0.015641732 3.6063929 0.34448819,-0.011248819 3.6055189 0.34448819,
  0.018779528 3.6055189 0.34448819,0.035666142 3.5970756 0.34448819,
  0.043300394 3.5894409 0.34448819,0.051743307 3.5725551 0.34448819,
  0.051743307 3.5237472 0.34448819,0.043300394 3.5068614 0.34448819,
  0.035664961 3.4992256 0.34448819,0.018779921 3.4907831 0.34448819,
  -0.041276772 3.4907831 0.34448819,-0.058162598 3.499226 0.34448819,
  -0.067604331 3.5086677 0.34448819,-0.072713386 3.5120815 0.34448819,
  -0.084766535 3.5120815 0.34448819,-0.09328937 3.5035591 0.34448819,
  -0.09328937 3.4915059 0.34448819,-0.089875984 3.4863969 0.34448819,
  -0.078627559 3.475148 0.34448819,-0.076527953 3.4737453 0.34448819,
  -0.074534252 3.472198 0.34448819,-0.052037008 3.4609496 0.34448819,
  -0.051276378 3.4607413 0.34448819,-0.051020866 3.4604858 0.34448819,
  -0.048544094 3.4599933 0.34448819,-0.04611063 3.4593268 0.34448819,
  -0.045768504 3.4594409 0.34448819,-0.044994488 3.459287 0.34448819,
  0.022497244 3.459287 0.34448819,0.023270866 3.4594413 0.34448819,
  0.02361378 3.4593268 0.34448819,0.026047244 3.4599933 0.34448819,
  0.028523622 3.4604858 0.34448819,0.02877874 3.4607413 0.34448819,
  0.029539764 3.4609496 0.34448819,0.052037402 3.472198 0.34448819,
  0.054030709 3.4737453 0.34448819,0.056130315 3.475148 0.34448819,
  0.06737874 3.4863969 0.34448819,0.06878189 3.4884976 0.34448819,
  0.070328346 3.4904898 0.34448819,0.081576772 3.512987 0.34448819,
  0.081785039 3.513748 0.34448819,0.082040551 3.5140031 0.34448819,
  0.082533071 3.5164803 0.34448819,0.083199606 3.5189134 0.34448819,
  0.083085433 3.5192559 0.34448819,0.08323937 3.5200295 0.34448819,
  0.08323937 3.5762724 0.34448819,0.083085433 3.5770465 0.34448819,
  0.083199606 3.5773886 0.34448819,0.082533071 3.579822 0.34448819,
  0.082040551 3.5822988 0.34448819,0.081785039 3.5825543 0.34448819,
  0.081576772 3.583315 0.34448819,0.070328346 3.6058122 0.34448819,
  0.068781102 3.6078059 0.34448819,0.067378346 3.6099055 0.34448819,
  0.056129921 3.6211535 0.34448819,0.054033071 3.6225547 0.34448819,
  0.052037402 3.6241035 0.34448819,0.029540157 3.6353524 0.34448819,
  0.02877874 3.635561 0.34448819,0.028523622 3.6358161 0.34448819,
  0.026048031 3.6363087 0.34448819,0.02361378 3.6369752 0.34448819,
  0.023341732 3.636885 0.34448819,0.079342913 3.7008854 0.34448819,
  0.081577165 3.7047661 0.34448819,0.082040551 3.7052291 0.34448819,
  0.082040551 3.7055705 0.34448819,0.082409055 3.7062102 0.34448819,
  0.082040551 3.7117394 0.34448819,0.082040551 3.7172819 0.34448819,
  0.081644488 3.717678 0.34448819,0.08160748 3.7182366 0.34448819,
  0.077435433 3.721887 0.34448819,0.073517717 3.7258047 0.34448819,
  0.072792913 3.7259492 0.34448819,0.072536614 3.7261732 0.34448819,
  0.071883858 3.7261299 0.34448819,-0.87739016 3.7270035 0.34448819,
  -1.0236217 3.7270035 0.34448819,-1.029648 3.7258047 0.34448819,
  -1.0381709 3.7172819 0.34448819,-1.0381709 3.7052291 0.34448819,
  -1.029648 3.6967063 0.34448819,-1.0236217 3.6955075 0.34448819,
  -0.91209528 3.6955075 0.34448819,-0.96798189 3.631637 0.34448819,
  -0.97021654 3.6277567 0.34448819,-0.97067953 3.6272933 0.34448819,
  -0.97067953 3.6269524 0.34448819,-0.97104803 3.6263122 0.34448819,
  -0.97067953 3.6207835 0.34448819,-0.97067953 3.6152406 0.34448819,
  -0.97028386 3.6148449 0.34448819,-0.97024646 3.6142858 0.34448819,
  -0.9660748 3.6106358 0.34448819,-0.96215669 3.6067177 0.34448819,
  -0.96143228 3.6065736 0.34448819,-0.96117559 3.6063492 0.34448819,
  -0.96052323 3.6063929 0.34448819,-0.95613031 3.6055189 0.34448819,
  -0.92610197 3.6055189 0.34448819,-0.90921535 3.5970756 0.34448819,
  -0.9015811 3.5894409 0.34448819,-0.89313819 3.5725551 0.34448819,
  -0.89313819 3.5237472 0.34448819,-0.9015811 3.5068614 0.34448819,
  -0.90921654 3.4992256 0.34448819,-0.92610157 3.4907831 0.34448819,
  -0.98615827 3.4907831 0.34448819,-1.0030441 3.499226 0.34448819,
  -1.0124858 3.5086677 0.34448819,-1.0175949 3.5120815 0.34448819,
  -1.029648 3.5120815 0.34448819,-1.0381709 3.5035591 0.34448819,
  -1.0381709 3.4915059 0.34448819,-1.0347575 3.4863969 0.34448819,
  -1.0235091 3.475148 0.34448819,-1.0214094 3.4737453 0.34448819,
  -1.0194157 3.472198 0.34448819,-0.9969185 3.4609496 0.34448819,
  -0.99615787 3.4607413 0.34448819,-0.99590236 3.4604858 0.34448819,
  -0.99342559 3.4599933 0.34448819,-0.99099213 3.4593268 0.34448819,
  -0.99065 3.4594409 0.34448819,-0.98987598 3.459287 0.34448819,
  -0.92238425 3.459287 0.34448819,-0.92161063 3.4594413 0.34448819,
  -0.92126772 3.4593268 0.34448819,-0.91883425 3.4599933 0.34448819,
  -0.91635787 3.4604858 0.34448819,-0.91610276 3.4607413 0.34448819,
  -0.91534173 3.4609496 0.34448819,-0.89284409 3.472198 0.34448819,
  -0.89085079 3.4737453 0.34448819,-0.88875118 3.475148 0.34448819,
  -0.87750276 3.4863969 0.34448819,-0.87609961 3.4884976 0.34448819,
  -0.87455315 3.4904898 0.34448819,-0.86330472 3.512987 0.34448819,
  -0.86309646 3.513748 0.34448819,-0.86284094 3.5140031 0.34448819,
  -0.86234843 3.5164803 0.34448819,-0.86168189 3.5189134 0.34448819,
  -0.86179606 3.5192559 0.34448819,-0.86164213 3.5200295 0.34448819,
  -0.86164213 3.5762724 0.34448819,-0.86179606 3.5770465 0.34448819,
  -0.86168189 3.5773886 0.34448819,-0.86234843 3.579822 0.34448819,
  -0.86284094 3.5822988 0.34448819,-0.86309646 3.5825543 0.34448819,
  -0.86330472 3.583315 0.34448819,-0.87455315 3.6058122 0.34448819,
  -0.87610039 3.6078059 0.34448819,-0.87750315 3.6099055 0.34448819,
  -0.88875157 3.6211535 0.34448819,-0.89084843 3.6225547 0.34448819,
  -0.89284409 3.6241035 0.34448819,-0.91534134 3.6353524 0.34448819,
  -0.91610276 3.635561 0.34448819,-0.91635787 3.6358161 0.34448819,
  -0.91883346 3.6363087 0.34448819,-0.92126772 3.6369752 0.34448819,
  -0.92153976 3.636885 0.34448819,-0.86553858 3.7008854 0.34448819,
  -0.86330433 3.7047661 0.34448819,-0.86284094 3.7052291 0.34448819,
  -0.86284094 3.7055705 0.34448819,-0.86247244 3.7062102 0.34448819,
  -0.86284094 3.7117394 0.34448819,-0.86284094 3.7172819 0.34448819,
  -0.86323701 3.717678 0.34448819,-0.86327402 3.7182366 0.34448819,
  -0.86744606 3.721887 0.34448819,-0.87136378 3.7258047 0.34448819,
  -0.87208858 3.7259492 0.34448819,-0.87234488 3.7261732 0.34448819,
  -0.87299764 3.7261299 0.34448819,-1.8222724 3.7270035 0.34448819,
  -1.9685039 3.7270035 0.34448819,-1.9745303 3.7258047 0.34448819,
  -1.9830531 3.7172819 0.34448819,-1.9830531 3.7052291 0.34448819,
  -1.9745303 3.6967063 0.34448819,-1.9685039 3.6955075 0.34448819,
  -1.8569776 3.6955075 0.34448819,-1.9128642 3.631637 0.34448819,
  -1.9150988 3.6277567 0.34448819,-1.9155618 3.6272933 0.34448819,
  -1.9155618 3.6269524 0.34448819,-1.9159303 3.6263122 0.34448819,
  -1.9155618 3.6207835 0.34448819,-1.9155618 3.6152406 0.34448819,
  -1.9151661 3.6148449 0.34448819,-1.9151287 3.6142858 0.34448819,
  -1.9109571 3.6106358 0.34448819,-1.907039 3.6067177 0.34448819,
  -1.9063146 3.6065736 0.34448819,-1.9060579 3.6063492 0.34448819,
  -1.9054055 3.6063929 0.34448819,-1.9010126 3.6055189 0.34448819,
  -1.8709843 3.6055189 0.34448819,-1.8540976 3.5970756 0.34448819,
  -1.8464634 3.5894409 0.34448819,-1.8380205 3.5725551 0.34448819,
  -1.8380205 3.5237472 0.34448819,-1.8464634 3.5068614 0.34448819,
  -1.8540988 3.4992256 0.34448819,-1.8709839 3.4907831 0.34448819,
  -1.9310406 3.4907831 0.34448819,-1.9479264 3.499226 0.34448819,
  -1.9573681 3.5086677 0.34448819,-1.9624772 3.5120815 0.34448819,
  -1.9745303 3.5120815 0.34448819,-1.9830531 3.5035591 0.34448819,
  -1.9830531 3.4915059 0.34448819,-1.9796398 3.4863969 0.34448819,
  -1.9683913 3.475148 0.34448819,-1.9662917 3.4737453 0.34448819,
  -1.964298 3.472198 0.34448819,-1.9418008 3.4609496 0.34448819,
  -1.9410402 3.4607413 0.34448819,-1.9407846 3.4604858 0.34448819,
  -1.9383079 3.4599933 0.34448819,-1.9358744 3.4593268 0.34448819,
  -1.9355323 3.4594409 0.34448819,-1.9347583 3.459287 0.34448819,
  -1.8672665 3.459287 0.34448819,-1.8664929 3.4594413 0.34448819,
  -1.86615 3.4593268 0.34448819,-1.8637165 3.4599933 0.34448819,
  -1.8612402 3.4604858 0.34448819,-1.860985 3.4607413 0.34448819,
  -1.860224 3.4609496 0.34448819,-1.8377264 3.472198 0.34448819,
  -1.8357331 3.4737453 0.34448819,-1.8336335 3.475148 0.34448819,
  -1.822385 3.4863969 0.34448819,-1.8209819 3.4884976 0.34448819,
  -1.8194354 3.4904898 0.34448819,-1.808187 3.512987 0.34448819,
  -1.8079787 3.513748 0.34448819,-1.8077232 3.5140031 0.34448819,
  -1.8072307 3.5164803 0.34448819,-1.8065642 3.5189134 0.34448819,
  -1.8066783 3.5192559 0.34448819,-1.8065244 3.5200295 0.34448819,
  -1.8065244 3.5762724 0.34448819,-1.8066783 3.5770465 0.34448819,
  -1.8065642 3.5773886 0.34448819,-1.8072307 3.579822 0.34448819,
  -1.8077232 3.5822988 0.34448819,-1.8079787 3.5825543 0.34448819,
  -1.808187 3.583315 0.34448819,-1.8194354 3.6058122 0.34448819,
  -1.8209827 3.6078059 0.34448819,-1.8223854 3.6099055 0.34448819,
  -1.8336339 3.6211535 0.34448819,-1.8357307 3.6225547 0.34448819,
  -1.8377264 3.6241035 0.34448819,-1.8602236 3.6353524 0.34448819,
  -1.860985 3.635561 0.34448819,-1.8612402 3.6358161 0.34448819,
  -1.8637157 3.6363087 0.34448819,-1.86615 3.6369752 0.34448819,
  -1.866422 3.636885 0.34448819,-1.8104209 3.7008854 0.34448819,
  -1.8081866 3.7047661 0.34448819,-1.8077232 3.7052291 0.34448819,
  -1.8077232 3.7055705 0.34448819,-1.8073547 3.7062102 0.34448819,
  -1.8077232 3.7117394 0.34448819,-1.8077232 3.7172819 0.34448819,
  -1.8081193 3.717678 0.34448819,-1.8081563 3.7182366 0.34448819,
  -1.8123283 3.721887 0.34448819,-1.8162461 3.7258047 0.34448819,
  -1.8169709 3.7259492 0.34448819,-1.8172272 3.7261732 0.34448819,
  -1.8178799 3.7261299 0.34448819,-2.7671539 3.7270035 0.34448819,
  -2.9133854 3.7270035 0.34448819,-2.9194118 3.7258047 0.34448819,
  -2.9279346 3.7172819 0.34448819,-2.9279346 3.7052291 0.34448819,
  -2.9194118 3.6967063 0.34448819,-2.9133854 3.6955075 0.34448819,
  -2.8018591 3.6955075 0.34448819,-2.8577457 3.631637 0.34448819,
  -2.8599803 3.6277567 0.34448819,-2.8604433 3.6272933 0.34448819,
  -2.8604433 3.6269524 0.34448819,-2.8608118 3.6263122 0.34448819,
  -2.8604433 3.6207835 0.34448819,-2.8604433 3.6152406 0.34448819,
  -2.8600476 3.6148449 0.34448819,-2.8600102 3.6142858 0.34448819,
  -2.8558386 3.6106358 0.34448819,-2.8519205 3.6067177 0.34448819,
  -2.8511961 3.6065736 0.34448819,-2.8509394 3.6063492 0.34448819,
  -2.850287 3.6063929 0.34448819,-2.8458941 3.6055189 0.34448819,
  -2.8158657 3.6055189 0.34448819,-2.7989791 3.5970756 0.34448819,
  -2.7913449 3.5894409 0.34448819,-2.782902 3.5725551 0.34448819,
  -2.782902 3.5237472 0.34448819,-2.7913449 3.5068614 0.34448819,
  -2.7989803 3.4992256 0.34448819,-2.8158654 3.4907831 0.34448819,
  -2.875922 3.4907831 0.34448819,-2.8928079 3.499226 0.34448819,
  -2.9022496 3.5086677 0.34448819,-2.9073587 3.5120815 0.34448819,
  -2.9194118 3.5120815 0.34448819,-2.9279346 3.5035591 0.34448819,
  -2.9279346 3.4915059 0.34448819,-2.9245213 3.4863969 0.34448819,
  -2.9132728 3.475148 0.34448819,-2.9111732 3.4737453 0.34448819,
  -2.9091795 3.472198 0.34448819,-2.8866823 3.4609496 0.34448819,
  -2.8859217 3.4607413 0.34448819,-2.8856661 3.4604858 0.34448819,
  -2.8831894 3.4599933 0.34448819,-2.8807559 3.4593268 0.34448819,
  -2.8804138 3.4594409 0.34448819,-2.8796398 3.459287 0.34448819,
  -2.812148 3.459287 0.34448819,-2.8113744 3.4594413 0.34448819,
  -2.8110315 3.4593268 0.34448819,-2.808598 3.4599933 0.34448819,
  -2.8061217 3.4604858 0.34448819,-2.8058665 3.4607413 0.34448819,
  -2.8051055 3.4609496 0.34448819,-2.7826079 3.472198 0.34448819,
  -2.7806146 3.4737453 0.34448819,-2.778515 3.475148 0.34448819,
  -2.7672665 3.4863969 0.34448819,-2.7658634 3.4884976 0.34448819,
  -2.7643169 3.4904898 0.34448819,-2.7530685 3.512987 0.34448819,
  -2.7528602 3.513748 0.34448819,-2.7526047 3.5140031 0.34448819,
  -2.7521122 3.5164803 0.34448819,-2.7514457 3.5189134 0.34448819,
  -2.7515598 3.5192559 0.34448819,-2.7514059 3.5200295 0.34448819,
  -2.7514059 3.5762724 0.34448819,-2.7515598 3.5770465 0.34448819,
  -2.7514457 3.5773886 0.34448819,-2.7521122 3.579822 0.34448819,
  -2.7526047 3.5822988 0.34448819,-2.7528602 3.5825543 0.34448819,
  -2.7530685 3.583315 0.34448819,-2.7643169 3.6058122 0.34448819,
  -2.7658642 3.6078059 0.34448819,-2.7672669 3.6099055 0.34448819,
  -2.7785154 3.6211535 0.34448819,-2.7806122 3.6225547 0.34448819,
  -2.7826079 3.6241035 0.34448819,-2.8051051 3.6353524 0.34448819,
  -2.8058665 3.635561 0.34448819,-2.8061217 3.6358161 0.34448819,
  -2.8085972 3.6363087 0.34448819,-2.8110315 3.6369752 0.34448819,
  -2.8113035 3.636885 0.34448819,-2.7553024 3.7008854 0.34448819,
  -2.7530681 3.7047661 0.34448819,-2.7526047 3.7052291 0.34448819,
  -2.7526047 3.7055705 0.34448819,-2.7522362 3.7062102 0.34448819,
  -2.7526047 3.7117394 0.34448819,-2.7526047 3.7172819 0.34448819,
  -2.7530008 3.717678 0.34448819,-2.7530378 3.7182366 0.34448819,
  -2.7572098 3.721887 0.34448819,-2.7611276 3.7258047 0.34448819,
  -2.7618524 3.7259492 0.34448819,-2.7621087 3.7261732 0.34448819,
  -2.7627614 3.7261299 0.34448819,-3.7120362 3.7270035 0.34448819,
  -3.8582677 3.7270035 0.34448819,-3.8642941 3.7258047 0.34448819,
  -3.8728169 3.7172819 0.34448819,-3.8728169 3.7052291 0.34448819,
  -3.8642941 3.6967063 0.34448819,-3.8582677 3.6955075 0.34448819,
  -3.7467413 3.6955075 0.34448819,-3.802628 3.631637 0.34448819,
  -3.8048626 3.6277567 0.34448819,-3.8053256 3.6272933 0.34448819,
  -3.8053256 3.6269524 0.34448819,-3.8056941 3.6263122 0.34448819,
  -3.8053256 3.6207835 0.34448819,-3.8053256 3.6152406 0.34448819,
  -3.8049299 3.6148449 0.34448819,-3.8048925 3.6142858 0.34448819,
  -3.8007209 3.6106358 0.34448819,-3.7968028 3.6067177 0.34448819,
  -3.7960783 3.6065736 0.34448819,-3.7958217 3.6063492 0.34448819,
  -3.7951693 3.6063929 0.34448819,-3.7907764 3.6055189 0.34448819,
  -3.760748 3.6055189 0.34448819,-3.7438614 3.5970756 0.34448819,
  -3.7362272 3.5894409 0.34448819,-3.7277843 3.5725551 0.34448819,
  -3.7277843 3.5237472 0.34448819,-3.7362272 3.5068614 0.34448819,
  -3.7438626 3.4992256 0.34448819,-3.7607476 3.4907831 0.34448819,
  -3.8208043 3.4907831 0.34448819,-3.8376902 3.499226 0.34448819,
  -3.8471319 3.5086677 0.34448819,-3.8522409 3.5120815 0.34448819,
  -3.8642941 3.5120815 0.34448819,-3.8728169 3.5035591 0.34448819,
  -3.8728169 3.4915059 0.34448819,-3.8694035 3.4863969 0.34448819,
  -3.8581551 3.475148 0.34448819,-3.8560555 3.4737453 0.34448819,
  -3.8540618 3.472198 0.34448819,-3.8315646 3.4609496 0.34448819,
  -3.8308039 3.4607413 0.34448819,-3.8305484 3.4604858 0.34448819,
  -3.8280717 3.4599933 0.34448819,-3.8256382 3.4593268 0.34448819,
  -3.8252961 3.4594409 0.34448819,-3.824522 3.459287 0.34448819,
  -3.7570303 3.459287 0.34448819,-3.7562567 3.4594413 0.34448819,
  -3.7559138 3.4593268 0.34448819,-3.7534803 3.4599933 0.34448819,
  -3.7510039 3.4604858 0.34448819,-3.7507488 3.4607413 0.34448819,
  -3.7499878 3.4609496 0.34448819,-3.7274902 3.472198 0.34448819,
  -3.7254969 3.4737453 0.34448819,-3.7233972 3.475148 0.34448819,
  -3.7121488 3.4863969 0.34448819,-3.7107457 3.4884976 0.34448819,
  -3.7091992 3.4904898 0.34448819,-3.6979508 3.512987 0.34448819,
  -3.6977425 3.513748 0.34448819,-3.697487 3.5140031 0.34448819,
  -3.6969945 3.5164803 0.34448819,-3.696328 3.5189134 0.34448819,
  -3.6964421 3.5192559 0.34448819,-3.6962882 3.5200295 0.34448819,
  -3.6962882 3.5762724 0.34448819,-3.6964421 3.5770465 0.34448819,
  -3.696328 3.5773886 0.34448819,-3.6969945 3.579822 0.34448819,
  -3.697487 3.5822988 0.34448819,-3.6977425 3.5825543 0.34448819,
  -3.6979508 3.583315 0.34448819,-3.7091992 3.6058122 0.34448819,
  -3.7107465 3.6078059 0.34448819,-3.7121492 3.6099055 0.34448819,
  -3.7233976 3.6211535 0.34448819,-3.7254945 3.6225547 0.34448819,
  -3.7274902 3.6241035 0.34448819,-3.7499874 3.6353524 0.34448819,
  -3.7507488 3.635561 0.34448819,-3.7510039 3.6358161 0.34448819,
  -3.7534795 3.6363087 0.34448819,-3.7559138 3.6369752 0.34448819,
  -3.7561858 3.636885 0.34448819,-3.7001846 3.7008854 0.34448819,
  -3.6979504 3.7047661 0.34448819,-3.697487 3.7052291 0.34448819,
  -3.697487 3.7055705 0.34448819,-3.6971185 3.7062102 0.34448819,
  -3.697487 3.7117394 0.34448819,-3.697487 3.7172819 0.34448819,
  -3.6978831 3.717678 0.34448819,-3.6979201 3.7182366 0.34448819,
  -3.7020921 3.721887 0.34448819,-3.7060098 3.7258047 0.34448819,
  -3.7067346 3.7259492 0.34448819,-3.7069909 3.7261732 0.34448819,
  -3.7076437 3.7261299 0.34448819,-5.6172535 4.462124 0.34448819,
  -5.6397512 4.4733724 0.34448819,-5.6405122 4.4735811 0.34448819,
  -5.6407673 4.4738362 0.34448819,-5.6432437 4.4743291 0.34448819,
  -5.6456772 4.4749953 0.34448819,-5.6460201 4.4748811 0.34448819,
  -5.6467937 4.475035 0.34448819,-5.7030366 4.475035 0.34448819,
  -5.7038106 4.4748815 0.34448819,-5.7041528 4.4749953 0.34448819,
  -5.7065862 4.4743291 0.34448819,-5.709063 4.4738362 0.34448819,
  -5.7093185 4.4735811 0.34448819,-5.7100791 4.4733724 0.34448819,
  -5.7325764 4.462124 0.34448819,-5.7345709 4.4605764 0.34448819,
  -5.7366693 4.459174 0.34448819,-5.7479181 4.4479252 0.34448819,
  -5.7513319 4.4428161 0.34448819,-5.7513319 4.4307634 0.34448819,
  -5.7428091 4.4222406 0.34448819,-5.7307563 4.4222406 0.34448819,
  -5.7256472 4.4256543 0.34448819,-5.7162059 4.4350961 0.34448819,
  -5.6993189 4.443539 0.34448819,-5.650511 4.443539 0.34448819,
  -5.633626 4.4350969 0.34448819,-5.6259906 4.427461 0.34448819,
  -5.6175476 4.4105752 0.34448819,-5.6175476 4.3943504 0.34448819,
  -5.6268126 4.3665563 0.34448819,-5.7591665 4.234202 0.34448819,
  -5.7625803 4.2290929 0.34448819,-5.7625803 4.2170402 0.34448819,
  -5.7540575 4.2085173 0.34448819,-5.7480311 4.2073185 0.34448819,
  -5.6017996 4.2073185 0.34448819,-5.5957732 4.2085173 0.34448819,
  -5.5872504 4.2170402 0.34448819,-5.5872504 4.2290929 0.34448819,
  -5.5957732 4.2376157 0.34448819,-5.6017996 4.2388146 0.34448819,
  -5.7100122 4.2388146 0.34448819,-5.6019126 4.3469142 0.34448819,
  -5.6014748 4.3475701 0.34448819,-5.6011512 4.3477315 0.34448819,
  -5.5999012 4.3499252 0.34448819,-5.5984988 4.3520232 0.34448819,
  -5.5984988 4.3523846 0.34448819,-5.5981083 4.3530697 0.34448819,
  -5.5868598 4.3868154 0.34448819,-5.5865445 4.3893185 0.34448819,
  -5.5860516 4.3917953 0.34448819,-5.5860516 4.4142925 0.34448819,
  -5.5862055 4.4150665 0.34448819,-5.5860913 4.4154087 0.34448819,
  -5.5867579 4.4178421 0.34448819,-5.5872504 4.4203189 0.34448819,
  -5.5875059 4.4205744 0.34448819,-5.5877142 4.421335 0.34448819,
  -5.5989626 4.4438323 0.34448819,-5.6005091 4.4458248 0.34448819,
  -5.6019122 4.4479252 0.34448819,-5.6131606 4.459174 0.34448819,
  -5.6152602 4.4605772 0.34448819,-4.672372 4.462124 0.34448819,
  -4.6948697 4.4733724 0.34448819,-4.6956307 4.4735811 0.34448819,
  -4.6958858 4.4738362 0.34448819,-4.6983622 4.4743291 0.34448819,
  -4.7007957 4.4749953 0.34448819,-4.7011386 4.4748811 0.34448819,
  -4.7019122 4.475035 0.34448819,-4.7581551 4.475035 0.34448819,
  -4.7589291 4.4748815 0.34448819,-4.7592713 4.4749953 0.34448819,
  -4.7617047 4.4743291 0.34448819,-4.7641815 4.4738362 0.34448819,
  -4.764437 4.4735811 0.34448819,-4.7651976 4.4733724 0.34448819,
  -4.7876949 4.462124 0.34448819,-4.7896894 4.4605764 0.34448819,
  -4.7917878 4.459174 0.34448819,-4.8030366 4.4479252 0.34448819,
  -4.8064504 4.4428161 0.34448819,-4.8064504 4.4307634 0.34448819,
  -4.7979276 4.4222406 0.34448819,-4.7858748 4.4222406 0.34448819,
  -4.7807657 4.4256543 0.34448819,-4.7713244 4.4350961 0.34448819,
  -4.7544374 4.443539 0.34448819,-4.7056295 4.443539 0.34448819,
  -4.6887445 4.4350969 0.34448819,-4.6811091 4.427461 0.34448819,
  -4.6726661 4.4105752 0.34448819,-4.6726661 4.3943504 0.34448819,
  -4.6819311 4.3665563 0.34448819,-4.814285 4.234202 0.34448819,
  -4.8176988 4.2290929 0.34448819,-4.8176988 4.2170402 0.34448819,
  -4.809176 4.2085173 0.34448819,-4.8031496 4.2073185 0.34448819,
  -4.6569181 4.2073185 0.34448819,-4.6508917 4.2085173 0.34448819,
  -4.6423689 4.2170402 0.34448819,-4.6423689 4.2290929 0.34448819,
  -4.6508917 4.2376157 0.34448819,-4.6569181 4.2388146 0.34448819,
  -4.7651307 4.2388146 0.34448819,-4.6570311 4.3469142 0.34448819,
  -4.6565933 4.3475701 0.34448819,-4.6562697 4.3477315 0.34448819,
  -4.6550197 4.3499252 0.34448819,-4.6536173 4.3520232 0.34448819,
  -4.6536173 4.3523846 0.34448819,-4.6532268 4.3530697 0.34448819,
  -4.6419783 4.3868154 0.34448819,-4.641663 4.3893185 0.34448819,
  -4.6411701 4.3917953 0.34448819,-4.6411701 4.4142925 0.34448819,
  -4.641324 4.4150665 0.34448819,-4.6412098 4.4154087 0.34448819,
  -4.6418764 4.4178421 0.34448819,-4.6423689 4.4203189 0.34448819,
  -4.6426244 4.4205744 0.34448819,-4.6428327 4.421335 0.34448819,
  -4.6540811 4.4438323 0.34448819,-4.6556276 4.4458248 0.34448819,
  -4.6570307 4.4479252 0.34448819,-4.6682791 4.459174 0.34448819,
  -4.6703787 4.4605772 0.34448819,9.5275591 1.6633858 0.34448819,
  9.5333197 1.6639531 0.34448819,9.5439638 1.6683622 0.34448819,
  9.5521102 1.6765087 0.34448819,9.5565193 1.6871528 0.34448819,
  9.5570866 1.6929134 0.34448819,9.5570866 5 0.34448819,
  9.5565193 5.0057606 0.34448819,9.5521102 5.0164047 0.34448819,
  9.5439638 5.0245512 0.34448819,9.5333197 5.0289602 0.34448819,
  9.5275591 5.0295276 0.34448819,-9.5275591 5.0295276 0.34448819,
  -9.5333197 5.0289602 0.34448819,-9.5439638 5.0245512 0.34448819,
  -9.5521102 5.0164047 0.34448819,-9.5565193 5.0057606 0.34448819,
  -9.5570866 5 0.34448819,-9.5570866 1.7224409 0.34448819,
  -9.5570866 1.6929134 0.34448819,-9.5565193 1.6871528 0.34448819,
  -9.5521102 1.6765087 0.34448819,-9.5439638 1.6683622 0.34448819,
  -9.5333197 1.6639531 0.34448819,-9.5275591 1.6633858 0.34448819,
  9.4980315 4.9704724 0.34448819,9.4980315 1.7224409 0.34448819,
  -9.4980315 1.7224409 0.34448819,-9.4980315 4.9704724 0.34448819,
  2.832789 5.6830744 0.34448819,2.8303488 5.6952756 0.34448819,
  2.8234252 5.7056142 0.34448819,2.8130724 5.7125161 0.34448819,
  2.8008661 5.7149307 0.34448819,2.788665 5.7124906 0.34448819,
  2.778326 5.7055669 0.34448819,2.7743654 5.7007303 0.34448819,
  2.4706535 5.2451626 0.34448819,2.4677122 5.2396465 0.34448819,
  2.4652976 5.2274398 0.34448819,2.4677378 5.2152386 0.34448819,
  2.4746614 5.2049 0.34448819,2.4850142 5.197998 0.34448819,
  2.4972209 5.1955835 0.34448819,2.509422 5.1980236 0.34448819,
  2.5197606 5.2049472 0.34448819,2.5237213 5.2097839 0.34448819,
  2.8274331 5.665352 0.34448819,2.8303744 5.6708681 0.34448819,
  6.156748 5.6830744 0.34448819,6.1543079 5.6952756 0.34448819,
  6.1473843 5.7056142 0.34448819,6.1370315 5.7125161 0.34448819,
  6.1248252 5.7149307 0.34448819,6.112624 5.7124906 0.34448819,
  6.102285 5.7055669 0.34448819,6.0983244 5.7007303 0.34448819,
  5.7946126 5.2451626 0.34448819,5.7916713 5.2396465 0.34448819,
  5.7892567 5.2274398 0.34448819,5.7916969 5.2152386 0.34448819,
  5.7986205 5.2049 0.34448819,5.8089732 5.197998 0.34448819,
  5.8211799 5.1955835 0.34448819,5.8333811 5.1980236 0.34448819,
  5.8437197 5.2049472 0.34448819,5.8476803 5.2097839 0.34448819,
  6.1513921 5.665352 0.34448819,6.1543335 5.6708681 0.34448819,
  10.061918 5.3399067 0.34448819,10.063925 5.3423528 0.34448819,
  10.064562 5.3429043 0.34448819,10.065165 5.343863 0.34448819,
  10.065884 5.344739 0.34448819,10.066206 5.3455173 0.34448819,
  10.067892 5.3481949 0.34448819,10.084765 5.3819406 0.34448819,
  10.084939 5.3823957 0.34448819,10.085076 5.3825807 0.34448819,
  10.086009 5.3851917 0.34448819,10.086999 5.3877787 0.34448819,
  10.087015 5.3880091 0.34448819,10.08718 5.3884677 0.34448819,
  10.104052 5.4559594 0.34448819,10.104212 5.4570386 0.34448819,
  10.104392 5.4574724 0.34448819,10.104622 5.4598114 0.34448819,
  10.104967 5.4621433 0.34448819,10.104897 5.4626094 0.34448819,
  10.105004 5.4636937 0.34448819,10.105004 5.5143122 0.34448819,
  10.104897 5.5153969 0.34448819,10.104967 5.5158626 0.34448819,
  10.104622 5.5181949 0.34448819,10.104392 5.5205335 0.34448819,
  10.104212 5.5209677 0.34448819,10.104052 5.5220465 0.34448819,
  10.08718 5.5895382 0.34448819,10.087015 5.5899972 0.34448819,
  10.086999 5.5902272 0.34448819,10.086009 5.5928146 0.34448819,
  10.085076 5.5954252 0.34448819,10.084939 5.5956106 0.34448819,
  10.084765 5.5960654 0.34448819,10.067892 5.629811 0.34448819,
  10.066207 5.6324886 0.34448819,10.065884 5.6332669 0.34448819,
  10.065165 5.6341437 0.34448819,10.064562 5.6351016 0.34448819,
  10.063926 5.6356531 0.34448819,10.061919 5.6380992 0.34448819,
  10.028172 5.6718449 0.34448819,10.02334 5.6758106 0.34448819,
  10.022281 5.6762492 0.34448819,10.021416 5.677 0.34448819,
  10.015707 5.6795484 0.34448819,9.9650886 5.6964213 0.34448819,
  9.9620043 5.6971228 0.34448819,9.9612256 5.6974453 0.34448819,
  9.9600969 5.6975567 0.34448819,9.9589929 5.6978075 0.34448819,
  9.9581531 5.697748 0.34448819,9.9550043 5.6980579 0.34448819,
  9.8706398 5.6980579 0.34448819,9.8644185 5.6974453 0.34448819,
  9.8529228 5.6926835 0.34448819,9.8441244 5.683885 0.34448819,
  9.8393626 5.6723894 0.34448819,9.83875 5.6661681 0.34448819,
  9.83875 5.3437272 0.34448819,9.83875 5.3118374 0.34448819,
  9.8393626 5.3056161 0.34448819,9.8441244 5.2941205 0.34448819,
  9.8529228 5.285322 0.34448819,9.8644185 5.2805602 0.34448819,
  9.8706398 5.2799476 0.34448819,9.9550043 5.2799476 0.34448819,
  9.9581531 5.2802579 0.34448819,9.9589929 5.280198 0.34448819,
  9.9600969 5.2804492 0.34448819,9.9612256 5.2805602 0.34448819,
  9.9620043 5.2808831 0.34448819,9.9650886 5.2815843 0.34448819,
  10.015707 5.2984571 0.34448819,10.021416 5.3010055 0.34448819,
  10.022281 5.3017567 0.34448819,10.02334 5.3021949 0.34448819,
  10.028172 5.3061606 0.34448819,10.041225 5.5103862 0.34448819,
  10.041225 5.4676201 0.34448819,10.026153 5.4073323 0.34448819,
  10.01316 5.3813465 0.34448819,9.9883957 5.3565827 0.34448819,
  9.9498299 5.3437272 0.34448819,9.9025295 5.3437272 0.34448819,
  9.9025295 5.6342783 0.34448819,9.9498299 5.6342783 0.34448819,
  9.9883965 5.6214228 0.34448819,10.01316 5.5966598 0.34448819,
  10.026153 5.570674 0.34448819,10.564897 5.3056161 0.34448819,
  10.569659 5.2941205 0.34448819,10.578457 5.285322 0.34448819,
  10.589953 5.2805602 0.34448819,10.602396 5.2805602 0.34448819,
  10.613891 5.285322 0.34448819,10.62269 5.2941205 0.34448819,
  10.627452 5.3056161 0.34448819,10.628064 5.3118374 0.34448819,
  10.628064 5.6342783 0.34448819,10.697412 5.6342783 0.34448819,
  10.703633 5.6348909 0.34448819,10.715129 5.6396528 0.34448819,
  10.723927 5.6484512 0.34448819,10.728689 5.6599469 0.34448819,
  10.728689 5.6723894 0.34448819,10.723927 5.683885 0.34448819,
  10.715129 5.6926835 0.34448819,10.703633 5.6974453 0.34448819,
  10.697412 5.6980579 0.34448819,10.494937 5.6980579 0.34448819,
  10.488716 5.6974453 0.34448819,10.47722 5.6926835 0.34448819,
  10.468422 5.683885 0.34448819,10.46366 5.6723894 0.34448819,
  10.46366 5.6599469 0.34448819,10.468422 5.6484512 0.34448819,
  10.47722 5.6396528 0.34448819,10.488716 5.6348909 0.34448819,
  10.494937 5.6342783 0.34448819,10.564285 5.6342783 0.34448819,
  10.564285 5.3118374 0.34448819,10.25686 5.5293291 0.34448819,
  10.25686 5.6342783 0.34448819,10.3937 5.6342783 0.34448819,
  10.399921 5.6348909 0.34448819,10.411417 5.6396528 0.34448819,
  10.420215 5.6484512 0.34448819,10.424977 5.6599469 0.34448819,
  10.424977 5.6723894 0.34448819,10.420215 5.683885 0.34448819,
  10.411417 5.6926835 0.34448819,10.399921 5.6974453 0.34448819,
  10.3937 5.6980579 0.34448819,10.22497 5.6980579 0.34448819,
  10.218749 5.6974453 0.34448819,10.207254 5.6926835 0.34448819,
  10.198455 5.683885 0.34448819,10.193693 5.6723894 0.34448819,
  10.193081 5.6661681 0.34448819,10.193081 5.3118374 0.34448819,
  10.193693 5.3056161 0.34448819,10.198455 5.2941205 0.34448819,
  10.207254 5.285322 0.34448819,10.218749 5.2805602 0.34448819,
  10.22497 5.2799476 0.34448819,10.3937 5.2799476 0.34448819,
  10.399921 5.2805602 0.34448819,10.411417 5.285322 0.34448819,
  10.420215 5.2941205 0.34448819,10.424977 5.3056161 0.34448819,
  10.424977 5.3180587 0.34448819,10.420215 5.3295543 0.34448819,
  10.411417 5.3383528 0.34448819,10.399921 5.3431146 0.34448819,
  10.3937 5.3437272 0.34448819,10.25686 5.3437272 0.34448819,
  10.25686 5.4655496 0.34448819,10.343081 5.4655496 0.34448819,
  10.349302 5.4661622 0.34448819,10.360798 5.470924 0.34448819,
  10.369596 5.4797224 0.34448819,10.374358 5.4912181 0.34448819,
  10.374358 5.5036606 0.34448819,10.369596 5.5151563 0.34448819,
  10.360798 5.5239547 0.34448819,10.349302 5.5287165 0.34448819,
  10.343081 5.5293291 0.34448819,9.2150657 5.4355291 0.34448819,
  9.2147035 5.4339362 0.34448819,9.2150657 5.4288413 0.34448819,
  9.2150657 5.4237264 0.34448819,9.2155043 5.4226669 0.34448819,
  9.2155858 5.4215248 0.34448819,9.2178701 5.4169563 0.34448819,
  9.2198276 5.4122307 0.34448819,9.2206382 5.4114201 0.34448819,
  9.2211504 5.4103957 0.34448819,9.2250114 5.4070469 0.34448819,
  9.228626 5.4034323 0.34448819,9.2296839 5.4029941 0.34448819,
  9.23055 5.4022429 0.34448819,9.2354 5.4006264 0.34448819,
  9.2401217 5.3986705 0.34448819,9.241748 5.3985106 0.34448819,
  9.2423543 5.3983083 0.34448819,9.2431937 5.3983681 0.34448819,
  9.2463429 5.3980579 0.34448819,9.3831823 5.3980579 0.34448819,
  9.3831823 5.3118374 0.34448819,9.3837949 5.3056161 0.34448819,
  9.3885567 5.2941205 0.34448819,9.3973551 5.285322 0.34448819,
  9.4088508 5.2805602 0.34448819,9.4212933 5.2805602 0.34448819,
  9.432789 5.285322 0.34448819,9.4415874 5.2941205 0.34448819,
  9.4463492 5.3056161 0.34448819,9.4469618 5.3118374 0.34448819,
  9.4469618 5.3980579 0.34448819,9.4656906 5.3980579 0.34448819,
  9.4719118 5.3986705 0.34448819,9.4834075 5.4034323 0.34448819,
  9.4922059 5.4122307 0.34448819,9.4969677 5.4237264 0.34448819,
  9.4969677 5.4361689 0.34448819,9.4922059 5.4476646 0.34448819,
  9.4834075 5.456463 0.34448819,9.4719118 5.4612248 0.34448819,
  9.4656906 5.4618374 0.34448819,9.4469618 5.4618374 0.34448819,
  9.4469618 5.5480579 0.34448819,9.4463492 5.5542791 0.34448819,
  9.4415874 5.5657748 0.34448819,9.432789 5.5745732 0.34448819,
  9.4212933 5.579335 0.34448819,9.4088508 5.579335 0.34448819,
  9.3973551 5.5745732 0.34448819,9.3885567 5.5657748 0.34448819,
  9.3837949 5.5542791 0.34448819,9.3831823 5.5480579 0.34448819,
  9.3831823 5.4618374 0.34448819,9.2905874 5.4618374 0.34448819,
  9.3609606 5.6729567 0.34448819,9.3623469 5.6790524 0.34448819,
  9.3614646 5.6914638 0.34448819,9.3559 5.7025929 0.34448819,
  9.3465004 5.7107457 0.34448819,9.3346961 5.7146803 0.34448819,
  9.3222846 5.7137984 0.34448819,9.3111555 5.7082335 0.34448819,
  9.3030028 5.6988339 0.34448819,9.3004543 5.6931256 0.34448819,
  9.2160898 5.4400319 0.34448819,9.2153882 5.436948 0.34448819,
  9.2150657 5.4361689 0.34448819,8.9070291 5.6830744 0.34448819,
  8.904589 5.6952756 0.34448819,8.8976654 5.7056142 0.34448819,
  8.8873126 5.7125161 0.34448819,8.8751063 5.7149307 0.34448819,
  8.8629051 5.7124906 0.34448819,8.8525661 5.7055669 0.34448819,
  8.8486055 5.7007303 0.34448819,8.5448937 5.2451626 0.34448819,
  8.5419524 5.2396465 0.34448819,8.5395378 5.2274398 0.34448819,
  8.541978 5.2152386 0.34448819,8.5489016 5.2049 0.34448819,
  8.5592543 5.197998 0.34448819,8.571461 5.1955835 0.34448819,
  8.5836622 5.1980236 0.34448819,8.5940008 5.2049472 0.34448819,
  8.5979614 5.2097839 0.34448819,8.9016732 5.665352 0.34448819,
  8.9046146 5.6708681 0.34448819,-11.263878 5.6838575 0.34448819,
  -11.295873 5.6358661 0.34448819,-11.323727 5.6080126 0.34448819,
  -11.352844 5.5934535 0.34448819,-11.358134 5.5901236 0.34448819,
  -11.366287 5.5807232 0.34448819,-11.370221 5.5689189 0.34448819,
  -11.369339 5.5565075 0.34448819,-11.363775 5.5453783 0.34448819,
  -11.354374 5.537226 0.34448819,-11.34257 5.5332913 0.34448819,
  -11.330159 5.5341732 0.34448819,-11.32432 5.5364079 0.34448819,
  -11.290574 5.5532811 0.34448819,-11.287897 5.5549665 0.34448819,
  -11.287119 5.5552886 0.34448819,-11.286244 5.5560075 0.34448819,
  -11.285284 5.5566114 0.34448819,-11.284732 5.557248 0.34448819,
  -11.282287 5.5592543 0.34448819,-11.269234 5.5723071 0.34448819,
  -11.269234 5.3437272 0.34448819,-11.338582 5.3437272 0.34448819,
  -11.344803 5.3431146 0.34448819,-11.356299 5.3383528 0.34448819,
  -11.365097 5.3295543 0.34448819,-11.369859 5.3180587 0.34448819,
  -11.369859 5.3056161 0.34448819,-11.365097 5.2941205 0.34448819,
  -11.356299 5.285322 0.34448819,-11.344803 5.2805602 0.34448819,
  -11.338582 5.2799476 0.34448819,-11.136107 5.2799476 0.34448819,
  -11.129886 5.2805602 0.34448819,-11.11839 5.285322 0.34448819,
  -11.109592 5.2941205 0.34448819,-11.10483 5.3056161 0.34448819,
  -11.10483 5.3180587 0.34448819,-11.109592 5.3295543 0.34448819,
  -11.11839 5.3383528 0.34448819,-11.129886 5.3431146 0.34448819,
  -11.136107 5.3437272 0.34448819,-11.205455 5.3437272 0.34448819,
  -11.205455 5.6661681 0.34448819,-11.205457 5.6661906 0.34448819,
  -11.205455 5.6662012 0.34448819,-11.205461 5.6662335 0.34448819,
  -11.206067 5.6723894 0.34448819,-11.207276 5.6753067 0.34448819,
  -11.207895 5.6784028 0.34448819,-11.209634 5.6809996 0.34448819,
  -11.210829 5.683885 0.34448819,-11.213061 5.6861169 0.34448819,
  -11.214819 5.6887413 0.34448819,-11.217419 5.6904752 0.34448819,
  -11.219628 5.6926835 0.34448819,-11.222544 5.6938917 0.34448819,
  -11.225172 5.6956433 0.34448819,-11.228237 5.69625 0.34448819,
  -11.231123 5.6974453 0.34448819,-11.234281 5.6974453 0.34448819,
  -11.237378 5.6980579 0.34448819,-11.240441 5.6974453 0.34448819,
  -11.243566 5.6974453 0.34448819,-11.246483 5.696237 0.34448819,
  -11.249579 5.6956177 0.34448819,-11.252176 5.6938791 0.34448819,
  -11.255061 5.6926835 0.34448819,-11.257293 5.690452 0.34448819,
  -11.259918 5.6886941 0.34448819,-11.263838 5.6839075 0.34448819,
  -11.26386 5.683885 0.34448819,-11.263864 5.6838752 0.34448819,
  -10.412429 5.5293291 0.34448819,-10.412429 5.6661681 0.34448819,
  -10.413042 5.6723894 0.34448819,-10.417804 5.683885 0.34448819,
  -10.426602 5.6926835 0.34448819,-10.438098 5.6974453 0.34448819,
  -10.45054 5.6974453 0.34448819,-10.462036 5.6926835 0.34448819,
  -10.470834 5.683885 0.34448819,-10.475596 5.6723894 0.34448819,
  -10.476209 5.6661681 0.34448819,-10.476209 5.3118374 0.34448819,
  -10.475596 5.3056161 0.34448819,-10.470834 5.2941205 0.34448819,
  -10.462036 5.285322 0.34448819,-10.45054 5.2805602 0.34448819,
  -10.438098 5.2805602 0.34448819,-10.426602 5.285322 0.34448819,
  -10.417804 5.2941205 0.34448819,-10.413042 5.3056161 0.34448819,
  -10.412429 5.3118374 0.34448819,-10.412429 5.4655496 0.34448819,
  -10.273734 5.4655496 0.34448819,-10.273734 5.3118374 0.34448819,
  -10.273121 5.3056161 0.34448819,-10.268359 5.2941205 0.34448819,
  -10.259561 5.285322 0.34448819,-10.248065 5.2805602 0.34448819,
  -10.235623 5.2805602 0.34448819,-10.224127 5.285322 0.34448819,
  -10.215329 5.2941205 0.34448819,-10.210567 5.3056161 0.34448819,
  -10.209954 5.3118374 0.34448819,-10.209954 5.6661681 0.34448819,
  -10.210567 5.6723894 0.34448819,-10.215329 5.683885 0.34448819,
  -10.224127 5.6926835 0.34448819,-10.235623 5.6974453 0.34448819,
  -10.248065 5.6974453 0.34448819,-10.259561 5.6926835 0.34448819,
  -10.268359 5.683885 0.34448819,-10.273121 5.6723894 0.34448819,
  -10.273734 5.6661681 0.34448819,-10.273734 5.5293291 0.34448819,
  -11.458858 5.409926 0.34448819,-11.458548 5.4130748 0.34448819,
  -11.458548 5.6661681 0.34448819,-11.459161 5.6723894 0.34448819,
  -11.463922 5.683885 0.34448819,-11.472721 5.6926835 0.34448819,
  -11.484217 5.6974453 0.34448819,-11.496659 5.6974453 0.34448819,
  -11.508155 5.6926835 0.34448819,-11.516953 5.683885 0.34448819,
  -11.521715 5.6723894 0.34448819,-11.522328 5.6661681 0.34448819,
  -11.522328 5.4182496 0.34448819,-11.535183 5.3796831 0.34448819,
  -11.558283 5.3565835 0.34448819,-11.59685 5.3437272 0.34448819,
  -11.625421 5.3437272 0.34448819,-11.631642 5.3431146 0.34448819,
  -11.643138 5.3383528 0.34448819,-11.651936 5.3295543 0.34448819,
  -11.656698 5.3180587 0.34448819,-11.656698 5.3056161 0.34448819,
  -11.651936 5.2941205 0.34448819,-11.643138 5.285322 0.34448819,
  -11.631642 5.2805602 0.34448819,-11.625421 5.2799476 0.34448819,
  -11.591675 5.2799476 0.34448819,-11.588526 5.2802579 0.34448819,
  -11.587687 5.280198 0.34448819,-11.586583 5.2804492 0.34448819,
  -11.585454 5.2805602 0.34448819,-11.584675 5.2808831 0.34448819,
  -11.581591 5.2815843 0.34448819,-11.530972 5.2984571 0.34448819,
  -11.525263 5.3010055 0.34448819,-11.524398 5.3017567 0.34448819,
  -11.523339 5.3021949 0.34448819,-11.518507 5.306161 0.34448819,
  -11.484761 5.3399071 0.34448819,-11.480795 5.3447394 0.34448819,
  -11.480356 5.3457992 0.34448819,-11.479606 5.3466638 0.34448819,
  -11.477057 5.352372 0.34448819,-11.460185 5.4029906 0.34448819,
  -11.459483 5.4060748 0.34448819,-11.459161 5.4068535 0.34448819,
  -11.45905 5.4079823 0.34448819,-11.458798 5.4090862 0.34448819,
  -9.8848343 5.3035173 0.34448819,-9.8842827 5.3041539 0.34448819,
  -9.8818366 5.306161 0.34448819,-9.8480909 5.3399071 0.34448819,
  -9.8441248 5.3447394 0.34448819,-9.8432173 5.3469311 0.34448819,
  -9.8418063 5.348835 0.34448819,-9.8397028 5.354722 0.34448819,
  -9.8228299 5.4222134 0.34448819,-9.8226705 5.4232925 0.34448819,
  -9.8224906 5.4237264 0.34448819,-9.8222606 5.4260654 0.34448819,
  -9.8219154 5.4283972 0.34448819,-9.821985 5.4288634 0.34448819,
  -9.821878 5.4299476 0.34448819,-9.821878 5.5480579 0.34448819,
  -9.821985 5.5491425 0.34448819,-9.8219154 5.5496083 0.34448819,
  -9.8222606 5.5519406 0.34448819,-9.8224906 5.5542791 0.34448819,
  -9.8226705 5.5547134 0.34448819,-9.8228299 5.5557921 0.34448819,
  -9.8397028 5.6232839 0.34448819,-9.8418059 5.6291709 0.34448819,
  -9.8432181 5.6310768 0.34448819,-9.8441252 5.6332669 0.34448819,
  -9.8480909 5.6380992 0.34448819,-9.8818366 5.6718449 0.34448819,
  -9.8842831 5.6738528 0.34448819,-9.8848343 5.6744882 0.34448819,
  -9.8857925 5.6750917 0.34448819,-9.8866689 5.6758106 0.34448819,
  -9.8874472 5.6761331 0.34448819,-9.8901248 5.6778185 0.34448819,
  -9.9238709 5.6946913 0.34448819,-9.9297094 5.6969256 0.34448819,
  -9.9308528 5.6970071 0.34448819,-9.931911 5.6974453 0.34448819,
  -9.9381323 5.6980579 0.34448819,-10.005624 5.6980579 0.34448819,
  -10.011845 5.6974453 0.34448819,-10.012904 5.6970071 0.34448819,
  -10.014047 5.6969256 0.34448819,-10.019885 5.6946913 0.34448819,
  -10.053631 5.6778185 0.34448819,-10.056307 5.6761339 0.34448819,
  -10.057086 5.675811 0.34448819,-10.057963 5.6750917 0.34448819,
  -10.058921 5.6744882 0.34448819,-10.059473 5.6738524 0.34448819,
  -10.061919 5.6718449 0.34448819,-10.095665 5.6380992 0.34448819,
  -10.099631 5.6332669 0.34448819,-10.100539 5.631076 0.34448819,
  -10.10195 5.6291709 0.34448819,-10.104053 5.6232839 0.34448819,
  -10.120926 5.5557921 0.34448819,-10.121086 5.5547134 0.34448819,
  -10.121265 5.5542791 0.34448819,-10.121496 5.5519406 0.34448819,
  -10.121841 5.5496083 0.34448819,-10.121771 5.5491425 0.34448819,
  -10.121878 5.5480579 0.34448819,-10.121878 5.5441319 0.34448819,
  -10.121878 5.4299476 0.34448819,-10.121771 5.4288634 0.34448819,
  -10.121841 5.4283972 0.34448819,-10.121496 5.4260654 0.34448819,
  -10.121265 5.4237264 0.34448819,-10.121086 5.4232925 0.34448819,
  -10.120926 5.4222134 0.34448819,-10.104053 5.354722 0.34448819,
  -10.10195 5.348835 0.34448819,-10.100539 5.3469303 0.34448819,
  -10.099631 5.344739 0.34448819,-10.095665 5.3399067 0.34448819,
  -10.061919 5.306161 0.34448819,-10.059473 5.3041539 0.34448819,
  -10.058921 5.3035173 0.34448819,-10.057963 5.3029142 0.34448819,
  -10.057087 5.3021949 0.34448819,-10.056309 5.3018728 0.34448819,
  -10.053631 5.300187 0.34448819,-10.019885 5.2833142 0.34448819,
  -10.014047 5.2810799 0.34448819,-10.012904 5.2809988 0.34448819,
  -10.011845 5.2805602 0.34448819,-10.005624 5.2799476 0.34448819,
  -9.9381323 5.2799476 0.34448819,-9.931911 5.2805602 0.34448819,
  -9.9308528 5.2809988 0.34448819,-9.9297094 5.2810799 0.34448819,
  -9.9238709 5.2833142 0.34448819,-9.8901248 5.300187 0.34448819,
  -9.8874472 5.3018728 0.34448819,-9.8866689 5.3021949 0.34448819,
  -9.8857929 5.3029142 0.34448819,-9.8856575 5.5441319 0.34448819,
  -9.8856575 5.433874 0.34448819,-9.8994362 5.3787602 0.34448819,
  -9.9232764 5.3549193 0.34448819,-9.9456606 5.3437272 0.34448819,
  -9.9980953 5.3437272 0.34448819,-10.02048 5.3549193 0.34448819,
  -10.04432 5.3787602 0.34448819,-10.058098 5.433874 0.34448819,
  -10.058098 5.5441319 0.34448819,-10.04432 5.5992465 0.34448819,
  -10.020479 5.6230866 0.34448819,-9.9980953 5.6342783 0.34448819,
  -9.9456606 5.6342783 0.34448819,-9.9232768 5.6230866 0.34448819,
  -9.8994362 5.5992461 0.34448819,-9.6993004 5.6778185 0.34448819,
  -9.7019783 5.6761331 0.34448819,-9.7027563 5.6758106 0.34448819,
  -9.7036331 5.6750917 0.34448819,-9.7045909 5.6744882 0.34448819,
  -9.7051425 5.6738528 0.34448819,-9.7075886 5.6718449 0.34448819,
  -9.7244614 5.654972 0.34448819,-9.7264693 5.652526 0.34448819,
  -9.7271047 5.6519744 0.34448819,-9.7277083 5.6510165 0.34448819,
  -9.7284272 5.6501398 0.34448819,-9.7287496 5.6493618 0.34448819,
  -9.730435 5.6466839 0.34448819,-9.7473079 5.6129382 0.34448819,
  -9.7495421 5.6071 0.34448819,-9.7496236 5.6059567 0.34448819,
  -9.7500618 5.604898 0.34448819,-9.7506744 5.5986768 0.34448819,
  -9.7506744 5.5649307 0.34448819,-9.7500618 5.5587094 0.34448819,
  -9.7496236 5.5576512 0.34448819,-9.7495421 5.5565075 0.34448819,
  -9.7473079 5.5506693 0.34448819,-9.730435 5.5169236 0.34448819,
  -9.7287496 5.5142461 0.34448819,-9.7284272 5.5134677 0.34448819,
  -9.7277083 5.5125913 0.34448819,-9.7271047 5.5116331 0.34448819,
  -9.7264693 5.5110819 0.34448819,-9.7244614 5.5086354 0.34448819,
  -9.7075886 5.4917626 0.34448819,-9.7051425 5.4897551 0.34448819,
  -9.7045909 5.4891193 0.34448819,-9.7036331 5.4885161 0.34448819,
  -9.7027563 5.4877969 0.34448819,-9.7019783 5.4874748 0.34448819,
  -9.6993004 5.485789 0.34448819,-9.6655543 5.4689161 0.34448819,
  -9.6650988 5.4687417 0.34448819,-9.6649142 5.4686051 0.34448819,
  -9.6623087 5.4676744 0.34448819,-9.6597157 5.4666819 0.34448819,
  -9.6594862 5.4666657 0.34448819,-9.6590272 5.4665016 0.34448819,
  -9.5949319 5.450478 0.34448819,-9.5689457 5.437485 0.34448819,
  -9.5593921 5.4279311 0.34448819,-9.5481996 5.4055465 0.34448819,
  -9.5481996 5.3868575 0.34448819,-9.5593921 5.3644732 0.34448819,
  -9.5689457 5.3549193 0.34448819,-9.5913299 5.3437272 0.34448819,
  -9.6629909 5.3437272 0.34448819,-9.7087004 5.3589634 0.34448819,
  -9.7147961 5.3603496 0.34448819,-9.7272075 5.3594673 0.34448819,
  -9.7383366 5.3539028 0.34448819,-9.7464894 5.3445028 0.34448819,
  -9.750424 5.3326988 0.34448819,-9.7495417 5.3202874 0.34448819,
  -9.7439772 5.3091583 0.34448819,-9.7345772 5.3010055 0.34448819,
  -9.7288689 5.2984571 0.34448819,-9.67825 5.2815839 0.34448819,
  -9.6751654 5.2808827 0.34448819,-9.674387 5.2805602 0.34448819,
  -9.6732591 5.2804492 0.34448819,-9.6721543 5.280198 0.34448819,
  -9.671315 5.2802579 0.34448819,-9.6681657 5.2799476 0.34448819,
  -9.5838016 5.2799476 0.34448819,-9.5775803 5.2805602 0.34448819,
  -9.576522 5.2809988 0.34448819,-9.5753787 5.2810799 0.34448819,
  -9.5695402 5.2833142 0.34448819,-9.5357941 5.300187 0.34448819,
  -9.5331165 5.3018728 0.34448819,-9.5323382 5.3021949 0.34448819,
  -9.5314622 5.3029142 0.34448819,-9.5305035 5.3035173 0.34448819,
  -9.529952 5.3041539 0.34448819,-9.5275059 5.306161 0.34448819,
  -9.5106327 5.3230343 0.34448819,-9.5086256 5.3254807 0.34448819,
  -9.5079898 5.3260315 0.34448819,-9.507387 5.3269898 0.34448819,
  -9.5066669 5.3278665 0.34448819,-9.5063445 5.3286457 0.34448819,
  -9.5046594 5.331322 0.34448819,-9.4877866 5.3650677 0.34448819,
  -9.4855524 5.3709059 0.34448819,-9.4854713 5.3720496 0.34448819,
  -9.4850327 5.3731079 0.34448819,-9.4844201 5.3793291 0.34448819,
  -9.4844201 5.4130748 0.34448819,-9.4850327 5.4192961 0.34448819,
  -9.4854713 5.4203547 0.34448819,-9.4855524 5.421498 0.34448819,
  -9.4877866 5.4273362 0.34448819,-9.5046594 5.4610819 0.34448819,
  -9.5063445 5.4637587 0.34448819,-9.5066669 5.4645374 0.34448819,
  -9.507387 5.4654146 0.34448819,-9.5079898 5.4663724 0.34448819,
  -9.5086256 5.4669236 0.34448819,-9.5106327 5.4693697 0.34448819,
  -9.5275059 5.4862429 0.34448819,-9.529952 5.4882504 0.34448819,
  -9.5305035 5.4888866 0.34448819,-9.5314622 5.4894902 0.34448819,
  -9.5323382 5.4902091 0.34448819,-9.5331165 5.4905315 0.34448819,
  -9.5357941 5.4922169 0.34448819,-9.5695402 5.5090898 0.34448819,
  -9.5699961 5.5092646 0.34448819,-9.5701803 5.5094008 0.34448819,
  -9.5727862 5.5103319 0.34448819,-9.5753787 5.511324 0.34448819,
  -9.5756087 5.5113406 0.34448819,-9.5760673 5.5115043 0.34448819,
  -9.640163 5.5275283 0.34448819,-9.6661488 5.5405213 0.34448819,
  -9.6757031 5.5500756 0.34448819,-9.6868949 5.5724591 0.34448819,
  -9.6868949 5.5911484 0.34448819,-9.6757031 5.6135319 0.34448819,
  -9.6661488 5.6230866 0.34448819,-9.6437646 5.6342783 0.34448819,
  -9.5721031 5.6342783 0.34448819,-9.5263941 5.6190417 0.34448819,
  -9.5202984 5.6176559 0.34448819,-9.5078866 5.6185382 0.34448819,
  -9.4967575 5.6241028 0.34448819,-9.4886047 5.6335028 0.34448819,
  -9.4846701 5.6453067 0.34448819,-9.4855524 5.6577181 0.34448819,
  -9.4911169 5.6688472 0.34448819,-9.5005169 5.677 0.34448819,
  -9.5062252 5.6795484 0.34448819,-9.5568445 5.6964213 0.34448819,
  -9.5599287 5.6971228 0.34448819,-9.5607075 5.6974453 0.34448819,
  -9.5618362 5.6975567 0.34448819,-9.5629402 5.6978075 0.34448819,
  -9.5637799 5.697748 0.34448819,-9.5669287 5.6980579 0.34448819,
  -9.6512929 5.6980579 0.34448819,-9.6575142 5.6974453 0.34448819,
  -9.6585728 5.6970071 0.34448819,-9.6597157 5.6969256 0.34448819,
  -9.6655543 5.6946913 0.34448819,-9.3451122 5.3056161 0.34448819,
  -9.3403504 5.2941205 0.34448819,-9.331552 5.285322 0.34448819,
  -9.3200563 5.2805602 0.34448819,-9.3076138 5.2805602 0.34448819,
  -9.2961181 5.285322 0.34448819,-9.2873197 5.2941205 0.34448819,
  -9.2825579 5.3056161 0.34448819,-9.2819453 5.3118374 0.34448819,
  -9.2819453 5.6342783 0.34448819,-9.2125976 5.6342783 0.34448819,
  -9.2063764 5.6348909 0.34448819,-9.1948807 5.6396528 0.34448819,
  -9.1860823 5.6484512 0.34448819,-9.1813205 5.6599469 0.34448819,
  -9.1813205 5.6723894 0.34448819,-9.1860823 5.683885 0.34448819,
  -9.1948807 5.6926835 0.34448819,-9.2063764 5.6974453 0.34448819,
  -9.2125976 5.6980579 0.34448819,-9.4150724 5.6980579 0.34448819,
  -9.4212937 5.6974453 0.34448819,-9.4327894 5.6926835 0.34448819,
  -9.4415878 5.683885 0.34448819,-9.4463496 5.6723894 0.34448819,
  -9.4463496 5.6599469 0.34448819,-9.4415878 5.6484512 0.34448819,
  -9.4327894 5.6396528 0.34448819,-9.4212937 5.6348909 0.34448819,
  -9.4150724 5.6342783 0.34448819,-9.3457248 5.6342783 0.34448819,
  -9.3457248 5.3118374 0.34448819,-8.830198 5.6380992 0.34448819,
  -8.8322055 5.6356535 0.34448819,-8.8328417 5.6351016 0.34448819,
  -8.8334453 5.6341433 0.34448819,-8.8341642 5.6332669 0.34448819,
  -8.8344866 5.632489 0.34448819,-8.836172 5.629811 0.34448819,
  -8.8530449 5.5960654 0.34448819,-8.8532197 5.5956098 0.34448819,
  -8.8533559 5.5954252 0.34448819,-8.8542858 5.5928232 0.34448819,
  -8.8552791 5.5902272 0.34448819,-8.8552957 5.5899972 0.34448819,
  -8.8554594 5.5895382 0.34448819,-8.8723323 5.5220465 0.34448819,
  -8.8724921 5.5209677 0.34448819,-8.8726717 5.5205335 0.34448819,
  -8.872902 5.5181949 0.34448819,-8.8732469 5.5158626 0.34448819,
  -8.8731776 5.5153969 0.34448819,-8.8732843 5.5143122 0.34448819,
  -8.8732843 5.4636937 0.34448819,-8.8731776 5.4626094 0.34448819,
  -8.8732469 5.4621433 0.34448819,-8.872902 5.4598114 0.34448819,
  -8.8726717 5.4574724 0.34448819,-8.8724921 5.4570386 0.34448819,
  -8.8723323 5.4559594 0.34448819,-8.8554594 5.3884677 0.34448819,
  -8.8552957 5.3880091 0.34448819,-8.8552791 5.3877787 0.34448819,
  -8.8542858 5.3851831 0.34448819,-8.8533559 5.3825807 0.34448819,
  -8.8532197 5.3823965 0.34448819,-8.8530449 5.3819406 0.34448819,
  -8.836172 5.3481949 0.34448819,-8.8344866 5.3455173 0.34448819,
  -8.8341642 5.344739 0.34448819,-8.8334453 5.3438626 0.34448819,
  -8.8328417 5.3429043 0.34448819,-8.8322063 5.3423531 0.34448819,
  -8.8301984 5.3399067 0.34448819,-8.7964524 5.306161 0.34448819,
  -8.7916201 5.3021949 0.34448819,-8.790561 5.3017563 0.34448819,
  -8.7896953 5.3010055 0.34448819,-8.783987 5.2984571 0.34448819,
  -8.7333685 5.2815843 0.34448819,-8.7302846 5.2808831 0.34448819,
  -8.7295055 5.2805602 0.34448819,-8.7283772 5.2804492 0.34448819,
  -8.7272728 5.280198 0.34448819,-8.7264335 5.2802579 0.34448819,
  -8.7232843 5.2799476 0.34448819,-8.6895386 5.2799476 0.34448819,
  -8.6863898 5.2802579 0.34448819,-8.68555 5.280198 0.34448819,
  -8.6844461 5.2804492 0.34448819,-8.6833173 5.2805602 0.34448819,
  -8.6825386 5.2808831 0.34448819,-8.6794543 5.2815843 0.34448819,
  -8.628835 5.2984571 0.34448819,-8.6231268 5.3010055 0.34448819,
  -8.622261 5.3017567 0.34448819,-8.6212024 5.3021949 0.34448819,
  -8.6163701 5.306161 0.34448819,-8.5994969 5.3230343 0.34448819,
  -8.5955311 5.3278665 0.34448819,-8.5907697 5.3393626 0.34448819,
  -8.5907697 5.3518055 0.34448819,-8.5955315 5.3633012 0.34448819,
  -8.6043299 5.3720992 0.34448819,-8.6158256 5.3768606 0.34448819,
  -8.6282685 5.3768606 0.34448819,-8.6397642 5.3720988 0.34448819,
  -8.6445965 5.3681327 0.34448819,-8.6561461 5.3565835 0.34448819,
  -8.694713 5.3437272 0.34448819,-8.7181094 5.3437272 0.34448819,
  -8.7566764 5.3565827 0.34448819,-8.7814402 5.3813469 0.34448819,
  -8.7944331 5.4073323 0.34448819,-8.8095047 5.4676201 0.34448819,
  -8.8095047 5.5103862 0.34448819,-8.7944331 5.570674 0.34448819,
  -8.7814402 5.5966598 0.34448819,-8.7566764 5.6214232 0.34448819,
  -8.7181094 5.6342783 0.34448819,-8.694713 5.6342783 0.34448819,
  -8.6561465 5.6214228 0.34448819,-8.6445965 5.6098728 0.34448819,
  -8.6397642 5.6059071 0.34448819,-8.6282681 5.6011457 0.34448819,
  -8.6158256 5.6011457 0.34448819,-8.6043295 5.6059071 0.34448819,
  -8.5955315 5.6147051 0.34448819,-8.5907701 5.6262012 0.34448819,
  -8.5907701 5.6386437 0.34448819,-8.5955315 5.6501398 0.34448819,
  -8.5994972 5.654972 0.34448819,-8.6163701 5.6718449 0.34448819,
  -8.6212024 5.6758106 0.34448819,-8.622261 5.6762492 0.34448819,
  -8.6231268 5.677 0.34448819,-8.628835 5.6795484 0.34448819,
  -8.6794543 5.6964213 0.34448819,-8.6825386 5.6971228 0.34448819,
  -8.6833173 5.6974453 0.34448819,-8.6844461 5.6975567 0.34448819,
  -8.68555 5.6978075 0.34448819,-8.6863898 5.697748 0.34448819,
  -8.6895386 5.6980579 0.34448819,-8.7232843 5.6980579 0.34448819,
  -8.7264335 5.697748 0.34448819,-8.7272728 5.6978075 0.34448819,
  -8.7283772 5.6975567 0.34448819,-8.7295055 5.6974453 0.34448819,
  -8.7302846 5.6971228 0.34448819,-8.7333685 5.6964213 0.34448819,
  -8.783987 5.6795484 0.34448819,-8.7896953 5.677 0.34448819,
  -8.7905602 5.67625 0.34448819,-8.7916197 5.675811 0.34448819,
  -8.796452 5.6718449 0.34448819,-8.2819098 5.3035173 0.34448819,
  -8.2813583 5.3041539 0.34448819,-8.2789122 5.306161 0.34448819,
  -8.2451665 5.3399071 0.34448819,-8.2412004 5.3447394 0.34448819,
  -8.2402929 5.3469311 0.34448819,-8.2388819 5.348835 0.34448819,
  -8.2367783 5.354722 0.34448819,-8.2199055 5.4222134 0.34448819,
  -8.2197461 5.4232925 0.34448819,-8.2195661 5.4237264 0.34448819,
  -8.2193362 5.4260654 0.34448819,-8.2189909 5.4283972 0.34448819,
  -8.2190606 5.4288634 0.34448819,-8.2189535 5.4299476 0.34448819,
  -8.2189535 5.5480579 0.34448819,-8.2190606 5.5491425 0.34448819,
  -8.2189909 5.5496083 0.34448819,-8.2193362 5.5519406 0.34448819,
  -8.2195661 5.5542791 0.34448819,-8.2197461 5.5547134 0.34448819,
  -8.2199055 5.5557921 0.34448819,-8.2367783 5.6232839 0.34448819,
  -8.2388815 5.6291709 0.34448819,-8.2402937 5.6310768 0.34448819,
  -8.2412008 5.6332669 0.34448819,-8.2451665 5.6380992 0.34448819,
  -8.2789122 5.6718449 0.34448819,-8.2813587 5.6738528 0.34448819,
  -8.2819098 5.6744882 0.34448819,-8.2828681 5.6750917 0.34448819,
  -8.2837445 5.6758106 0.34448819,-8.2845228 5.6761331 0.34448819,
  -8.2872004 5.6778185 0.34448819,-8.3209465 5.6946913 0.34448819,
  -8.326785 5.6969256 0.34448819,-8.3279283 5.6970071 0.34448819,
  -8.3289866 5.6974453 0.34448819,-8.3352079 5.6980579 0.34448819,
  -8.4026992 5.6980579 0.34448819,-8.4089205 5.6974453 0.34448819,
  -8.4099791 5.6970071 0.34448819,-8.4111224 5.6969256 0.34448819,
  -8.4169606 5.6946913 0.34448819,-8.4507063 5.6778185 0.34448819,
  -8.4533831 5.6761339 0.34448819,-8.4541618 5.675811 0.34448819,
  -8.455039 5.6750917 0.34448819,-8.4559969 5.6744882 0.34448819,
  -8.4565488 5.6738524 0.34448819,-8.4589941 5.6718449 0.34448819,
  -8.4927402 5.6380992 0.34448819,-8.4967063 5.6332669 0.34448819,
  -8.4976142 5.631076 0.34448819,-8.4990252 5.6291709 0.34448819,
  -8.5011287 5.6232839 0.34448819,-8.5180016 5.5557921 0.34448819,
  -8.5181614 5.5547134 0.34448819,-8.5183409 5.5542791 0.34448819,
  -8.5185713 5.5519406 0.34448819,-8.5189161 5.5496083 0.34448819,
  -8.5188469 5.5491425 0.34448819,-8.5189535 5.5480579 0.34448819,
  -8.5189535 5.5441319 0.34448819,-8.5189535 5.4299476 0.34448819,
  -8.5188469 5.4288634 0.34448819,-8.5189161 5.4283972 0.34448819,
  -8.5185713 5.4260654 0.34448819,-8.5183409 5.4237264 0.34448819,
  -8.5181614 5.4232925 0.34448819,-8.5180016 5.4222134 0.34448819,
  -8.5011287 5.354722 0.34448819,-8.4990252 5.348835 0.34448819,
  -8.4976142 5.3469303 0.34448819,-8.4967063 5.344739 0.34448819,
  -8.4927406 5.3399067 0.34448819,-8.4589945 5.306161 0.34448819,
  -8.4565488 5.3041539 0.34448819,-8.4559969 5.3035173 0.34448819,
  -8.4550386 5.3029142 0.34448819,-8.4541622 5.3021949 0.34448819,
  -8.4533843 5.3018728 0.34448819,-8.4507063 5.300187 0.34448819,
  -8.4169606 5.2833142 0.34448819,-8.4111224 5.2810799 0.34448819,
  -8.4099791 5.2809988 0.34448819,-8.4089205 5.2805602 0.34448819,
  -8.4026992 5.2799476 0.34448819,-8.3352079 5.2799476 0.34448819,
  -8.3289866 5.2805602 0.34448819,-8.3279283 5.2809988 0.34448819,
  -8.326785 5.2810799 0.34448819,-8.3209465 5.2833142 0.34448819,
  -8.2872004 5.300187 0.34448819,-8.2845228 5.3018728 0.34448819,
  -8.2837445 5.3021949 0.34448819,-8.2828685 5.3029142 0.34448819,
  -8.2827331 5.5441319 0.34448819,-8.2827331 5.433874 0.34448819,
  -8.2965118 5.3787602 0.34448819,-8.320352 5.3549193 0.34448819,
  -8.3427362 5.3437272 0.34448819,-8.3951709 5.3437272 0.34448819,
  -8.4175551 5.3549193 0.34448819,-8.4413957 5.3787602 0.34448819,
  -8.455174 5.433874 0.34448819,-8.455174 5.5441319 0.34448819,
  -8.4413957 5.5992465 0.34448819,-8.4175547 5.6230866 0.34448819,
  -8.3951709 5.6342783 0.34448819,-8.3427362 5.6342783 0.34448819,
  -8.3203524 5.6230866 0.34448819,-8.2965118 5.5992461 0.34448819,
  -7.3246906 5.5293291 0.34448819,-7.3246906 5.6342783 0.34448819,
  -7.1878512 5.6342783 0.34448819,-7.1816299 5.6348909 0.34448819,
  -7.1701343 5.6396528 0.34448819,-7.1613358 5.6484512 0.34448819,
  -7.156574 5.6599469 0.34448819,-7.156574 5.6723894 0.34448819,
  -7.1613358 5.683885 0.34448819,-7.1701343 5.6926835 0.34448819,
  -7.1816299 5.6974453 0.34448819,-7.1878512 5.6980579 0.34448819,
  -7.3565803 5.6980579 0.34448819,-7.3628016 5.6974453 0.34448819,
  -7.3742972 5.6926835 0.34448819,-7.3830957 5.683885 0.34448819,
  -7.3878575 5.6723894 0.34448819,-7.3884701 5.6661681 0.34448819,
  -7.3884701 5.3118374 0.34448819,-7.3878575 5.3056161 0.34448819,
  -7.3830957 5.2941205 0.34448819,-7.3742972 5.285322 0.34448819,
  -7.3628016 5.2805602 0.34448819,-7.3565803 5.2799476 0.34448819,
  -7.1878512 5.2799476 0.34448819,-7.1816299 5.2805602 0.34448819,
  -7.1701343 5.285322 0.34448819,-7.1613358 5.2941205 0.34448819,
  -7.156574 5.3056161 0.34448819,-7.156574 5.3180587 0.34448819,
  -7.1613358 5.3295543 0.34448819,-7.1701343 5.3383528 0.34448819,
  -7.1816299 5.3431146 0.34448819,-7.1878512 5.3437272 0.34448819,
  -7.3246906 5.3437272 0.34448819,-7.3246906 5.4655496 0.34448819,
  -7.2384701 5.4655496 0.34448819,-7.2322488 5.4661622 0.34448819,
  -7.2207531 5.470924 0.34448819,-7.2119547 5.4797224 0.34448819,
  -7.2071929 5.4912181 0.34448819,-7.2071929 5.5036606 0.34448819,
  -7.2119547 5.5151563 0.34448819,-7.2207531 5.5239547 0.34448819,
  -7.2322488 5.5287165 0.34448819,-7.2384701 5.5293291 0.34448819,
  -7.0416717 5.6380992 0.34448819,-7.0436791 5.6356535 0.34448819,
  -7.0443154 5.6351016 0.34448819,-7.0449189 5.6341433 0.34448819,
  -7.0456378 5.6332669 0.34448819,-7.0459602 5.632489 0.34448819,
  -7.0476457 5.629811 0.34448819,-7.0645185 5.5960654 0.34448819,
  -7.0646933 5.5956098 0.34448819,-7.0648295 5.5954252 0.34448819,
  -7.0657594 5.5928232 0.34448819,-7.0667528 5.5902272 0.34448819,
  -7.0667693 5.5899972 0.34448819,-7.0669331 5.5895382 0.34448819,
  -7.0838059 5.5220465 0.34448819,-7.0839657 5.5209677 0.34448819,
  -7.0841453 5.5205335 0.34448819,-7.0843756 5.5181949 0.34448819,
  -7.0847205 5.5158626 0.34448819,-7.0846512 5.5153969 0.34448819,
  -7.0847579 5.5143122 0.34448819,-7.0847579 5.4636937 0.34448819,
  -7.0846512 5.4626094 0.34448819,-7.0847205 5.4621433 0.34448819,
  -7.0843756 5.4598114 0.34448819,-7.0841453 5.4574724 0.34448819,
  -7.0839657 5.4570386 0.34448819,-7.0838059 5.4559594 0.34448819,
  -7.0669331 5.3884677 0.34448819,-7.0667693 5.3880091 0.34448819,
  -7.0667528 5.3877787 0.34448819,-7.0657594 5.3851831 0.34448819,
  -7.0648295 5.3825807 0.34448819,-7.0646933 5.3823965 0.34448819,
  -7.0645185 5.3819406 0.34448819,-7.0476457 5.3481949 0.34448819,
  -7.0459602 5.3455173 0.34448819,-7.0456378 5.344739 0.34448819,
  -7.0449189 5.3438626 0.34448819,-7.0443154 5.3429043 0.34448819,
  -7.0436799 5.3423531 0.34448819,-7.041672 5.3399067 0.34448819,
  -7.007926 5.306161 0.34448819,-7.0030937 5.3021949 0.34448819,
  -7.0020346 5.3017563 0.34448819,-7.0011689 5.3010055 0.34448819,
  -6.9954606 5.2984571 0.34448819,-6.9448421 5.2815843 0.34448819,
  -6.9417583 5.2808831 0.34448819,-6.9409791 5.2805602 0.34448819,
  -6.9398508 5.2804492 0.34448819,-6.9387465 5.280198 0.34448819,
  -6.9379071 5.2802579 0.34448819,-6.9347579 5.2799476 0.34448819,
  -6.9010122 5.2799476 0.34448819,-6.8978634 5.2802579 0.34448819,
  -6.8970236 5.280198 0.34448819,-6.8959197 5.2804492 0.34448819,
  -6.8947909 5.2805602 0.34448819,-6.8940122 5.2808831 0.34448819,
  -6.890928 5.2815843 0.34448819,-6.8403087 5.2984571 0.34448819,
  -6.8346004 5.3010055 0.34448819,-6.8337346 5.3017567 0.34448819,
  -6.832676 5.3021949 0.34448819,-6.8278437 5.306161 0.34448819,
  -6.8109705 5.3230343 0.34448819,-6.8070047 5.3278665 0.34448819,
  -6.8022433 5.3393626 0.34448819,-6.8022433 5.3518055 0.34448819,
  -6.8070051 5.3633012 0.34448819,-6.8158035 5.3720992 0.34448819,
  -6.8272992 5.3768606 0.34448819,-6.8397421 5.3768606 0.34448819,
  -6.8512378 5.3720988 0.34448819,-6.8560701 5.3681327 0.34448819,
  -6.8676197 5.3565835 0.34448819,-6.9061866 5.3437272 0.34448819,
  -6.9295831 5.3437272 0.34448819,-6.96815 5.3565827 0.34448819,
  -6.9929138 5.3813469 0.34448819,-7.0059067 5.4073323 0.34448819,
  -7.0209783 5.4676201 0.34448819,-7.0209783 5.5103862 0.34448819,
  -7.0059067 5.570674 0.34448819,-6.9929138 5.5966598 0.34448819,
  -6.96815 5.6214232 0.34448819,-6.9295831 5.6342783 0.34448819,
  -6.9061866 5.6342783 0.34448819,-6.8676201 5.6214228 0.34448819,
  -6.8560701 5.6098728 0.34448819,-6.8512378 5.6059071 0.34448819,
  -6.8397417 5.6011457 0.34448819,-6.8272992 5.6011457 0.34448819,
  -6.8158031 5.6059071 0.34448819,-6.8070051 5.6147051 0.34448819,
  -6.8022437 5.6262012 0.34448819,-6.8022437 5.6386437 0.34448819,
  -6.8070051 5.6501398 0.34448819,-6.8109709 5.654972 0.34448819,
  -6.8278437 5.6718449 0.34448819,-6.832676 5.6758106 0.34448819,
  -6.8337346 5.6762492 0.34448819,-6.8346004 5.677 0.34448819,
  -6.8403087 5.6795484 0.34448819,-6.890928 5.6964213 0.34448819,
  -6.8940122 5.6971228 0.34448819,-6.8947909 5.6974453 0.34448819,
  -6.8959197 5.6975567 0.34448819,-6.8970236 5.6978075 0.34448819,
  -6.8978634 5.697748 0.34448819,-6.9010122 5.6980579 0.34448819,
  -6.9347579 5.6980579 0.34448819,-6.9379071 5.697748 0.34448819,
  -6.9387465 5.6978075 0.34448819,-6.9398508 5.6975567 0.34448819,
  -6.9409791 5.6974453 0.34448819,-6.9417583 5.6971228 0.34448819,
  -6.9448421 5.6964213 0.34448819,-6.9954606 5.6795484 0.34448819,
  -7.0011689 5.677 0.34448819,-7.0020339 5.67625 0.34448819,
  -7.0030933 5.675811 0.34448819,-7.0079256 5.6718449 0.34448819,
  -6.6623228 5.3056161 0.34448819,-6.657561 5.2941205 0.34448819,
  -6.6487626 5.285322 0.34448819,-6.6372669 5.2805602 0.34448819,
  -6.6248244 5.2805602 0.34448819,-6.6133287 5.285322 0.34448819,
  -6.6045303 5.2941205 0.34448819,-6.5997685 5.3056161 0.34448819,
  -6.5991559 5.3118374 0.34448819,-6.5991559 5.6342783 0.34448819,
  -6.5298083 5.6342783 0.34448819,-6.523587 5.6348909 0.34448819,
  -6.5120913 5.6396528 0.34448819,-6.5032929 5.6484512 0.34448819,
  -6.4985311 5.6599469 0.34448819,-6.4985311 5.6723894 0.34448819,
  -6.5032929 5.683885 0.34448819,-6.5120913 5.6926835 0.34448819,
  -6.523587 5.6974453 0.34448819,-6.5298083 5.6980579 0.34448819,
  -6.7322831 5.6980579 0.34448819,-6.7385043 5.6974453 0.34448819,
  -6.75 5.6926835 0.34448819,-6.7587984 5.683885 0.34448819,
  -6.7635602 5.6723894 0.34448819,-6.7635602 5.6599469 0.34448819,
  -6.7587984 5.6484512 0.34448819,-6.75 5.6396528 0.34448819,
  -6.7385043 5.6348909 0.34448819,-6.7322831 5.6342783 0.34448819,
  -6.6629354 5.6342783 0.34448819,-6.6629354 5.3118374 0.34448819,
  -6.2234173 5.3035173 0.34448819,-6.2228657 5.3041539 0.34448819,
  -6.2204197 5.306161 0.34448819,-6.186674 5.3399071 0.34448819,
  -6.1827079 5.3447394 0.34448819,-6.1818004 5.3469311 0.34448819,
  -6.1803894 5.348835 0.34448819,-6.1782858 5.354722 0.34448819,
  -6.161413 5.4222134 0.34448819,-6.1612535 5.4232925 0.34448819,
  -6.1610736 5.4237264 0.34448819,-6.1608437 5.4260654 0.34448819,
  -6.1604984 5.4283972 0.34448819,-6.1605681 5.4288634 0.34448819,
  -6.160461 5.4299476 0.34448819,-6.160461 5.5480579 0.34448819,
  -6.1605681 5.5491425 0.34448819,-6.1604984 5.5496083 0.34448819,
  -6.1608437 5.5519406 0.34448819,-6.1610736 5.5542791 0.34448819,
  -6.1612535 5.5547134 0.34448819,-6.161413 5.5557921 0.34448819,
  -6.1782858 5.6232839 0.34448819,-6.180389 5.6291709 0.34448819,
  -6.1818012 5.6310768 0.34448819,-6.1827083 5.6332669 0.34448819,
  -6.186674 5.6380992 0.34448819,-6.2204197 5.6718449 0.34448819,
  -6.2228661 5.6738528 0.34448819,-6.2234173 5.6744882 0.34448819,
  -6.2243756 5.6750917 0.34448819,-6.225252 5.6758106 0.34448819,
  -6.2260303 5.6761331 0.34448819,-6.2287079 5.6778185 0.34448819,
  -6.2624539 5.6946913 0.34448819,-6.2682925 5.6969256 0.34448819,
  -6.2694358 5.6970071 0.34448819,-6.2704941 5.6974453 0.34448819,
  -6.2767154 5.6980579 0.34448819,-6.3442067 5.6980579 0.34448819,
  -6.350428 5.6974453 0.34448819,-6.3514866 5.6970071 0.34448819,
  -6.3526299 5.6969256 0.34448819,-6.3584681 5.6946913 0.34448819,
  -6.3922138 5.6778185 0.34448819,-6.3948906 5.6761339 0.34448819,
  -6.3956693 5.675811 0.34448819,-6.3965465 5.6750917 0.34448819,
  -6.3975043 5.6744882 0.34448819,-6.3980563 5.6738524 0.34448819,
  -6.4005016 5.6718449 0.34448819,-6.4342476 5.6380992 0.34448819,
  -6.4382138 5.6332669 0.34448819,-6.4391217 5.631076 0.34448819,
  -6.4405327 5.6291709 0.34448819,-6.4426362 5.6232839 0.34448819,
  -6.4595091 5.5557921 0.34448819,-6.4596689 5.5547134 0.34448819,
  -6.4598484 5.5542791 0.34448819,-6.4600787 5.5519406 0.34448819,
  -6.4604236 5.5496083 0.34448819,-6.4603543 5.5491425 0.34448819,
  -6.460461 5.5480579 0.34448819,-6.460461 5.5441319 0.34448819,
  -6.460461 5.4299476 0.34448819,-6.4603543 5.4288634 0.34448819,
  -6.4604236 5.4283972 0.34448819,-6.4600787 5.4260654 0.34448819,
  -6.4598484 5.4237264 0.34448819,-6.4596689 5.4232925 0.34448819,
  -6.4595091 5.4222134 0.34448819,-6.4426362 5.354722 0.34448819,
  -6.4405327 5.348835 0.34448819,-6.4391217 5.3469303 0.34448819,
  -6.4382138 5.344739 0.34448819,-6.434248 5.3399067 0.34448819,
  -6.400502 5.306161 0.34448819,-6.3980563 5.3041539 0.34448819,
  -6.3975043 5.3035173 0.34448819,-6.3965461 5.3029142 0.34448819,
  -6.3956697 5.3021949 0.34448819,-6.3948917 5.3018728 0.34448819,
  -6.3922138 5.300187 0.34448819,-6.3584681 5.2833142 0.34448819,
  -6.3526299 5.2810799 0.34448819,-6.3514866 5.2809988 0.34448819,
  -6.350428 5.2805602 0.34448819,-6.3442067 5.2799476 0.34448819,
  -6.2767154 5.2799476 0.34448819,-6.2704941 5.2805602 0.34448819,
  -6.2694358 5.2809988 0.34448819,-6.2682925 5.2810799 0.34448819,
  -6.2624539 5.2833142 0.34448819,-6.2287079 5.300187 0.34448819,
  -6.2260303 5.3018728 0.34448819,-6.225252 5.3021949 0.34448819,
  -6.224376 5.3029142 0.34448819,-6.2242406 5.5441319 0.34448819,
  -6.2242406 5.433874 0.34448819,-6.2380193 5.3787602 0.34448819,
  -6.2618594 5.3549193 0.34448819,-6.2842437 5.3437272 0.34448819,
  -6.3366783 5.3437272 0.34448819,-6.3590626 5.3549193 0.34448819,
  -6.3829031 5.3787602 0.34448819,-6.3966815 5.433874 0.34448819,
  -6.3966815 5.5441319 0.34448819,-6.3829031 5.5992465 0.34448819,
  -6.3590622 5.6230866 0.34448819,-6.3366783 5.6342783 0.34448819,
  -6.2842437 5.6342783 0.34448819,-6.2618598 5.6230866 0.34448819,
  -6.2380193 5.5992461 0.34448819,-2.9932902 5.2984571 0.34448819,
  -2.9875819 5.3010055 0.34448819,-2.9867161 5.3017567 0.34448819,
  -2.9856575 5.3021949 0.34448819,-2.9808252 5.306161 0.34448819,
  -2.963952 5.3230343 0.34448819,-2.9599862 5.3278665 0.34448819,
  -2.9566197 5.3359957 0.34448819,-2.9552248 5.3393622 0.34448819,
  -2.9546122 5.3455835 0.34448819,-2.9546122 5.4636937 0.34448819,
  -2.9552248 5.469915 0.34448819,-2.9599866 5.4814106 0.34448819,
  -2.968785 5.4902091 0.34448819,-2.9802807 5.4949709 0.34448819,
  -2.986502 5.4955835 0.34448819,-3.0539937 5.4955835 0.34448819,
  -3.060215 5.4949709 0.34448819,-3.0717106 5.4902091 0.34448819,
  -3.0805091 5.4814106 0.34448819,-3.0852709 5.469915 0.34448819,
  -3.0852709 5.4574724 0.34448819,-3.0805091 5.4459768 0.34448819,
  -3.0717106 5.4371783 0.34448819,-3.060215 5.4324165 0.34448819,
  -3.0539937 5.4318039 0.34448819,-3.0183917 5.4318039 0.34448819,
  -3.0183917 5.3587925 0.34448819,-3.0206012 5.3565835 0.34448819,
  -3.0591681 5.3437272 0.34448819,-3.0825646 5.3437272 0.34448819,
  -3.1211315 5.3565827 0.34448819,-3.1458953 5.3813469 0.34448819,
  -3.1588882 5.4073323 0.34448819,-3.1739598 5.4676201 0.34448819,
  -3.1739598 5.5103862 0.34448819,-3.1588882 5.570674 0.34448819,
  -3.1458953 5.5966598 0.34448819,-3.1211315 5.6214232 0.34448819,
  -3.0825646 5.6342783 0.34448819,-3.0446488 5.6342783 0.34448819,
  -3.0176362 5.620772 0.34448819,-3.011798 5.6185378 0.34448819,
  -2.9993862 5.6176559 0.34448819,-2.9875819 5.6215909 0.34448819,
  -2.9781819 5.6297433 0.34448819,-2.9726173 5.640872 0.34448819,
  -2.9717354 5.6532839 0.34448819,-2.9756705 5.6650882 0.34448819,
  -2.9838228 5.6744882 0.34448819,-2.9891134 5.6778185 0.34448819,
  -3.0228591 5.6946913 0.34448819,-3.0286972 5.6969256 0.34448819,
  -3.0298409 5.6970071 0.34448819,-3.0308992 5.6974453 0.34448819,
  -3.0371205 5.6980579 0.34448819,-3.0877394 5.6980579 0.34448819,
  -3.0908886 5.697748 0.34448819,-3.091728 5.6978075 0.34448819,
  -3.0928323 5.6975567 0.34448819,-3.0939606 5.6974453 0.34448819,
  -3.0947398 5.6971228 0.34448819,-3.0978236 5.6964213 0.34448819,
  -3.1484421 5.6795484 0.34448819,-3.1541504 5.677 0.34448819,
  -3.1550154 5.67625 0.34448819,-3.1560748 5.675811 0.34448819,
  -3.1609071 5.6718449 0.34448819,-3.1946531 5.6380992 0.34448819,
  -3.1966606 5.6356535 0.34448819,-3.1972969 5.6351016 0.34448819,
  -3.1979004 5.6341433 0.34448819,-3.1986193 5.6332669 0.34448819,
  -3.1989417 5.632489 0.34448819,-3.2006272 5.629811 0.34448819,
  -3.2175 5.5960654 0.34448819,-3.2176748 5.5956098 0.34448819,
  -3.217811 5.5954252 0.34448819,-3.2187409 5.5928232 0.34448819,
  -3.2197343 5.5902272 0.34448819,-3.2197508 5.5899972 0.34448819,
  -3.2199146 5.5895382 0.34448819,-3.2367874 5.5220465 0.34448819,
  -3.2369472 5.5209677 0.34448819,-3.2371268 5.5205335 0.34448819,
  -3.2373571 5.5181949 0.34448819,-3.237702 5.5158626 0.34448819,
  -3.2376327 5.5153969 0.34448819,-3.2377394 5.5143122 0.34448819,
  -3.2377394 5.4636937 0.34448819,-3.2376327 5.4626094 0.34448819,
  -3.237702 5.4621433 0.34448819,-3.2373571 5.4598114 0.34448819,
  -3.2371268 5.4574724 0.34448819,-3.2369472 5.4570386 0.34448819,
  -3.2367874 5.4559594 0.34448819,-3.2199146 5.3884677 0.34448819,
  -3.2197508 5.3880091 0.34448819,-3.2197343 5.3877787 0.34448819,
  -3.2187409 5.3851831 0.34448819,-3.217811 5.3825807 0.34448819,
  -3.2176748 5.3823965 0.34448819,-3.2175 5.3819406 0.34448819,
  -3.2006272 5.3481949 0.34448819,-3.1989417 5.3455173 0.34448819,
  -3.1986193 5.344739 0.34448819,-3.1979004 5.3438626 0.34448819,
  -3.1972969 5.3429043 0.34448819,-3.1966614 5.3423531 0.34448819,
  -3.1946535 5.3399067 0.34448819,-3.1609075 5.306161 0.34448819,
  -3.1560752 5.3021949 0.34448819,-3.1550161 5.3017563 0.34448819,
  -3.1541504 5.3010055 0.34448819,-3.1484421 5.2984571 0.34448819,
  -3.0978236 5.2815843 0.34448819,-3.0947398 5.2808831 0.34448819,
  -3.0939606 5.2805602 0.34448819,-3.0928323 5.2804492 0.34448819,
  -3.091728 5.280198 0.34448819,-3.0908886 5.2802579 0.34448819,
  -3.0877394 5.2799476 0.34448819,-3.0539937 5.2799476 0.34448819,
  -3.0508449 5.2802579 0.34448819,-3.0500051 5.280198 0.34448819,
  -3.0489012 5.2804492 0.34448819,-3.0477724 5.2805602 0.34448819,
  -3.0469937 5.2808831 0.34448819,-3.0439094 5.2815843 0.34448819,
  -2.3763988 5.3035173 0.34448819,-2.3758472 5.3041539 0.34448819,
  -2.3734012 5.306161 0.34448819,-2.3396555 5.3399071 0.34448819,
  -2.3356894 5.3447394 0.34448819,-2.3347819 5.3469311 0.34448819,
  -2.3333709 5.348835 0.34448819,-2.3312673 5.354722 0.34448819,
  -2.3143945 5.4222134 0.34448819,-2.314235 5.4232925 0.34448819,
  -2.3140551 5.4237264 0.34448819,-2.3138252 5.4260654 0.34448819,
  -2.3134799 5.4283972 0.34448819,-2.3135496 5.4288634 0.34448819,
  -2.3134425 5.4299476 0.34448819,-2.3134425 5.5480579 0.34448819,
  -2.3135496 5.5491425 0.34448819,-2.3134799 5.5496083 0.34448819,
  -2.3138252 5.5519406 0.34448819,-2.3140551 5.5542791 0.34448819,
  -2.314235 5.5547134 0.34448819,-2.3143945 5.5557921 0.34448819,
  -2.3312673 5.6232839 0.34448819,-2.3333705 5.6291709 0.34448819,
  -2.3347827 5.6310768 0.34448819,-2.3356898 5.6332669 0.34448819,
  -2.3396555 5.6380992 0.34448819,-2.3734012 5.6718449 0.34448819,
  -2.3758476 5.6738528 0.34448819,-2.3763988 5.6744882 0.34448819,
  -2.3773571 5.6750917 0.34448819,-2.3782335 5.6758106 0.34448819,
  -2.3790118 5.6761331 0.34448819,-2.3816894 5.6778185 0.34448819,
  -2.4154354 5.6946913 0.34448819,-2.421274 5.6969256 0.34448819,
  -2.4224173 5.6970071 0.34448819,-2.4234756 5.6974453 0.34448819,
  -2.4296969 5.6980579 0.34448819,-2.4971882 5.6980579 0.34448819,
  -2.5034094 5.6974453 0.34448819,-2.5044681 5.6970071 0.34448819,
  -2.5056114 5.6969256 0.34448819,-2.5114496 5.6946913 0.34448819,
  -2.5451953 5.6778185 0.34448819,-2.547872 5.6761339 0.34448819,
  -2.5486508 5.675811 0.34448819,-2.549528 5.6750917 0.34448819,
  -2.5504858 5.6744882 0.34448819,-2.5510378 5.6738524 0.34448819,
  -2.5534831 5.6718449 0.34448819,-2.5872291 5.6380992 0.34448819,
  -2.5911953 5.6332669 0.34448819,-2.5921031 5.631076 0.34448819,
  -2.5935142 5.6291709 0.34448819,-2.5956177 5.6232839 0.34448819,
  -2.6124906 5.5557921 0.34448819,-2.6126504 5.5547134 0.34448819,
  -2.6128299 5.5542791 0.34448819,-2.6130602 5.5519406 0.34448819,
  -2.6134051 5.5496083 0.34448819,-2.6133358 5.5491425 0.34448819,
  -2.6134425 5.5480579 0.34448819,-2.6134425 5.5441319 0.34448819,
  -2.6134425 5.4299476 0.34448819,-2.6133358 5.4288634 0.34448819,
  -2.6134051 5.4283972 0.34448819,-2.6130602 5.4260654 0.34448819,
  -2.6128299 5.4237264 0.34448819,-2.6126504 5.4232925 0.34448819,
  -2.6124906 5.4222134 0.34448819,-2.5956177 5.354722 0.34448819,
  -2.5935142 5.348835 0.34448819,-2.5921031 5.3469303 0.34448819,
  -2.5911953 5.344739 0.34448819,-2.5872295 5.3399067 0.34448819,
  -2.5534835 5.306161 0.34448819,-2.5510378 5.3041539 0.34448819,
  -2.5504858 5.3035173 0.34448819,-2.5495276 5.3029142 0.34448819,
  -2.5486512 5.3021949 0.34448819,-2.5478732 5.3018728 0.34448819,
  -2.5451953 5.300187 0.34448819,-2.5114496 5.2833142 0.34448819,
  -2.5056114 5.2810799 0.34448819,-2.5044681 5.2809988 0.34448819,
  -2.5034094 5.2805602 0.34448819,-2.4971882 5.2799476 0.34448819,
  -2.4296969 5.2799476 0.34448819,-2.4234756 5.2805602 0.34448819,
  -2.4224173 5.2809988 0.34448819,-2.421274 5.2810799 0.34448819,
  -2.4154354 5.2833142 0.34448819,-2.3816894 5.300187 0.34448819,
  -2.3790118 5.3018728 0.34448819,-2.3782335 5.3021949 0.34448819,
  -2.3773575 5.3029142 0.34448819,-2.377222 5.5441319 0.34448819,
  -2.377222 5.433874 0.34448819,-2.3910008 5.3787602 0.34448819,
  -2.4148409 5.3549193 0.34448819,-2.4372252 5.3437272 0.34448819,
  -2.4896598 5.3437272 0.34448819,-2.5120441 5.3549193 0.34448819,
  -2.5358846 5.3787602 0.34448819,-2.549663 5.433874 0.34448819,
  -2.549663 5.5441319 0.34448819,-2.5358846 5.5992465 0.34448819,
  -2.5120437 5.6230866 0.34448819,-2.4896598 5.6342783 0.34448819,
  -2.4372252 5.6342783 0.34448819,-2.4148413 5.6230866 0.34448819,
  -2.3910008 5.5992461 0.34448819,-1.6478673 5.3399067 0.34448819,
  -1.6458602 5.3423528 0.34448819,-1.6452236 5.3429043 0.34448819,
  -1.6446205 5.343863 0.34448819,-1.6439012 5.344739 0.34448819,
  -1.6435791 5.3455173 0.34448819,-1.6418933 5.3481949 0.34448819,
  -1.6250205 5.3819406 0.34448819,-1.6248465 5.3823957 0.34448819,
  -1.6247091 5.3825807 0.34448819,-1.6237764 5.3851917 0.34448819,
  -1.6227862 5.3877787 0.34448819,-1.6227701 5.3880091 0.34448819,
  -1.6226059 5.3884677 0.34448819,-1.6057331 5.4559594 0.34448819,
  -1.6055736 5.4570386 0.34448819,-1.6053937 5.4574724 0.34448819,
  -1.6051638 5.4598114 0.34448819,-1.6048185 5.4621433 0.34448819,
  -1.6048882 5.4626094 0.34448819,-1.6047811 5.4636937 0.34448819,
  -1.6047811 5.5143122 0.34448819,-1.6048882 5.5153969 0.34448819,
  -1.6048185 5.5158626 0.34448819,-1.6051638 5.5181949 0.34448819,
  -1.6053937 5.5205335 0.34448819,-1.6055736 5.5209677 0.34448819,
  -1.6057331 5.5220465 0.34448819,-1.6226059 5.5895382 0.34448819,
  -1.6227701 5.5899972 0.34448819,-1.6227862 5.5902272 0.34448819,
  -1.6237764 5.5928146 0.34448819,-1.6247091 5.5954252 0.34448819,
  -1.6248465 5.5956106 0.34448819,-1.6250205 5.5960654 0.34448819,
  -1.6418933 5.629811 0.34448819,-1.6435787 5.6324886 0.34448819,
  -1.6439012 5.6332669 0.34448819,-1.6446205 5.6341437 0.34448819,
  -1.6452236 5.6351016 0.34448819,-1.6458594 5.6356531 0.34448819,
  -1.6478669 5.6380992 0.34448819,-1.6816134 5.6718449 0.34448819,
  -1.6864457 5.6758106 0.34448819,-1.6875039 5.6762492 0.34448819,
  -1.6883697 5.677 0.34448819,-1.694078 5.6795484 0.34448819,
  -1.7446969 5.6964213 0.34448819,-1.7477811 5.6971228 0.34448819,
  -1.7485598 5.6974453 0.34448819,-1.7496886 5.6975567 0.34448819,
  -1.7507925 5.6978075 0.34448819,-1.7516323 5.697748 0.34448819,
  -1.7547811 5.6980579 0.34448819,-1.8391457 5.6980579 0.34448819,
  -1.8453669 5.6974453 0.34448819,-1.8568626 5.6926835 0.34448819,
  -1.865661 5.683885 0.34448819,-1.8704228 5.6723894 0.34448819,
  -1.8710354 5.6661681 0.34448819,-1.8710354 5.3437272 0.34448819,
  -1.8710354 5.3118374 0.34448819,-1.8704228 5.3056161 0.34448819,
  -1.865661 5.2941205 0.34448819,-1.8568626 5.285322 0.34448819,
  -1.8453669 5.2805602 0.34448819,-1.8391457 5.2799476 0.34448819,
  -1.7547811 5.2799476 0.34448819,-1.7516323 5.2802579 0.34448819,
  -1.7507925 5.280198 0.34448819,-1.7496886 5.2804492 0.34448819,
  -1.7485598 5.2805602 0.34448819,-1.7477811 5.2808831 0.34448819,
  -1.7446969 5.2815843 0.34448819,-1.694078 5.2984571 0.34448819,
  -1.6883697 5.3010055 0.34448819,-1.6875039 5.3017567 0.34448819,
  -1.6864453 5.3021949 0.34448819,-1.681613 5.3061606 0.34448819,
  -1.6685606 5.5103862 0.34448819,-1.6685606 5.4676201 0.34448819,
  -1.6836327 5.4073323 0.34448819,-1.6966256 5.3813465 0.34448819,
  -1.7213898 5.3565827 0.34448819,-1.7599555 5.3437272 0.34448819,
  -1.8072559 5.3437272 0.34448819,-1.8072559 5.6342783 0.34448819,
  -1.7599555 5.6342783 0.34448819,-1.721389 5.6214228 0.34448819,
  -1.6966256 5.5966598 0.34448819,-1.6836327 5.570674 0.34448819,
  -1.4529252 5.5293291 0.34448819,-1.4529252 5.6342783 0.34448819,
  -1.3160858 5.6342783 0.34448819,-1.3098646 5.6348909 0.34448819,
  -1.2983689 5.6396528 0.34448819,-1.2895705 5.6484512 0.34448819,
  -1.2848087 5.6599469 0.34448819,-1.2848087 5.6723894 0.34448819,
  -1.2895705 5.683885 0.34448819,-1.2983689 5.6926835 0.34448819,
  -1.3098646 5.6974453 0.34448819,-1.3160858 5.6980579 0.34448819,
  -1.484815 5.6980579 0.34448819,-1.4910362 5.6974453 0.34448819,
  -1.5025319 5.6926835 0.34448819,-1.5113303 5.683885 0.34448819,
  -1.5160921 5.6723894 0.34448819,-1.5167047 5.6661681 0.34448819,
  -1.5167047 5.3118374 0.34448819,-1.5160921 5.3056161 0.34448819,
  -1.5113303 5.2941205 0.34448819,-1.5025319 5.285322 0.34448819,
  -1.4910362 5.2805602 0.34448819,-1.484815 5.2799476 0.34448819,
  -1.3160858 5.2799476 0.34448819,-1.3098646 5.2805602 0.34448819,
  -1.2983689 5.285322 0.34448819,-1.2895705 5.2941205 0.34448819,
  -1.2848087 5.3056161 0.34448819,-1.2848087 5.3180587 0.34448819,
  -1.2895705 5.3295543 0.34448819,-1.2983689 5.3383528 0.34448819,
  -1.3098646 5.3431146 0.34448819,-1.3160858 5.3437272 0.34448819,
  -1.4529252 5.3437272 0.34448819,-1.4529252 5.4655496 0.34448819,
  -1.3667047 5.4655496 0.34448819,-1.3604835 5.4661622 0.34448819,
  -1.3489878 5.470924 0.34448819,-1.3401894 5.4797224 0.34448819,
  -1.3354276 5.4912181 0.34448819,-1.3354276 5.5036606 0.34448819,
  -1.3401894 5.5151563 0.34448819,-1.3489878 5.5239547 0.34448819,
  -1.3604835 5.5287165 0.34448819,-1.3667047 5.5293291 0.34448819,
  -0.48210236 5.6838575 0.34448819,-0.51409685 5.6358661 0.34448819,
  -0.54195079 5.6080126 0.34448819,-0.57106772 5.5934535 0.34448819,
  -0.57635827 5.5901236 0.34448819,-0.58451063 5.5807232 0.34448819,
  -0.58844528 5.5689189 0.34448819,-0.58756339 5.5565075 0.34448819,
  -0.58199882 5.5453783 0.34448819,-0.57259843 5.537226 0.34448819,
  -0.56079409 5.5332913 0.34448819,-0.54838268 5.5341732 0.34448819,
  -0.54254409 5.5364079 0.34448819,-0.50879843 5.5532811 0.34448819,
  -0.50612126 5.5549665 0.34448819,-0.50534331 5.5552886 0.34448819,
  -0.50446772 5.5560075 0.34448819,-0.50350787 5.5566114 0.34448819,
  -0.50295591 5.557248 0.34448819,-0.50051102 5.5592543 0.34448819,
  -0.48745827 5.5723071 0.34448819,-0.48745827 5.3437272 0.34448819,
  -0.55680591 5.3437272 0.34448819,-0.56302717 5.3431146 0.34448819,
  -0.57452283 5.3383528 0.34448819,-0.58332126 5.3295543 0.34448819,
  -0.58808307 5.3180587 0.34448819,-0.58808307 5.3056161 0.34448819,
  -0.58332126 5.2941205 0.34448819,-0.57452283 5.285322 0.34448819,
  -0.56302717 5.2805602 0.34448819,-0.55680591 5.2799476 0.34448819,
  -0.3543311 5.2799476 0.34448819,-0.34810984 5.2805602 0.34448819,
  -0.33661417 5.285322 0.34448819,-0.32781575 5.2941205 0.34448819,
  -0.32305394 5.3056161 0.34448819,-0.32305394 5.3180587 0.34448819,
  -0.32781575 5.3295543 0.34448819,-0.33661417 5.3383528 0.34448819,
  -0.34810984 5.3431146 0.34448819,-0.3543311 5.3437272 0.34448819,
  -0.42367874 5.3437272 0.34448819,-0.42367874 5.6661681 0.34448819,
  -0.4236811 5.6661906 0.34448819,-0.42367874 5.6662012 0.34448819,
  -0.42368543 5.6662335 0.34448819,-0.42429134 5.6723894 0.34448819,
  -0.4255 5.6753067 0.34448819,-0.4261189 5.6784028 0.34448819,
  -0.42785787 5.6809996 0.34448819,-0.42905315 5.683885 0.34448819,
  -0.43128504 5.6861169 0.34448819,-0.43304252 5.6887413 0.34448819,
  -0.43564331 5.6904752 0.34448819,-0.43785157 5.6926835 0.34448819,
  -0.44076811 5.6938917 0.34448819,-0.44339567 5.6956433 0.34448819,
  -0.44646102 5.69625 0.34448819,-0.44934724 5.6974453 0.34448819,
  -0.45250512 5.6974453 0.34448819,-0.45560197 5.6980579 0.34448819,
  -0.45866496 5.6974453 0.34448819,-0.46178976 5.6974453 0.34448819,
  -0.46470709 5.696237 0.34448819,-0.46780315 5.6956177 0.34448819,
  -0.4704 5.6938791 0.34448819,-0.47328543 5.6926835 0.34448819,
  -0.47551732 5.690452 0.34448819,-0.47814173 5.6886941 0.34448819,
  -0.48206181 5.6839075 0.34448819,-0.48208386 5.683885 0.34448819,
  -0.48208819 5.6838752 0.34448819,0.061814567 5.6380992 0.34448819,
  0.059807087 5.6356535 0.34448819,0.059170866 5.6351016 0.34448819,
  0.058567323 5.6341433 0.34448819,0.057848425 5.6332669 0.34448819,
  0.057525984 5.632489 0.34448819,0.055840551 5.629811 0.34448819,
  0.038967717 5.5960654 0.34448819,0.038792913 5.5956098 0.34448819,
  0.038656693 5.5954252 0.34448819,0.037726772 5.5928232 0.34448819,
  0.036733465 5.5902272 0.34448819,0.036716929 5.5899972 0.34448819,
  0.03655315 5.5895382 0.34448819,0.019680315 5.5220465 0.34448819,
  0.019520472 5.5209677 0.34448819,0.019340945 5.5205335 0.34448819,
  0.01911063 5.5181949 0.34448819,0.018765748 5.5158626 0.34448819,
  0.018835039 5.5153969 0.34448819,0.018728346 5.5143122 0.34448819,
  0.018728346 5.4636937 0.34448819,0.018835039 5.4626094 0.34448819,
  0.018765748 5.4621433 0.34448819,0.01911063 5.4598114 0.34448819,
  0.019340945 5.4574724 0.34448819,0.019520472 5.4570386 0.34448819,
  0.019680315 5.4559594 0.34448819,0.03655315 5.3884677 0.34448819,
  0.036716929 5.3880091 0.34448819,0.036733465 5.3877787 0.34448819,
  0.037726772 5.3851831 0.34448819,0.038656693 5.3825807 0.34448819,
  0.038792913 5.3823965 0.34448819,0.038967717 5.3819406 0.34448819,
  0.055840551 5.3481949 0.34448819,0.057525984 5.3455173 0.34448819,
  0.057848425 5.344739 0.34448819,0.058567323 5.3438626 0.34448819,
  0.059170866 5.3429043 0.34448819,0.059806299 5.3423531 0.34448819,
  0.061814173 5.3399067 0.34448819,0.095560236 5.306161 0.34448819,
  0.10039252 5.3021949 0.34448819,0.10145157 5.3017563 0.34448819,
  0.10231732 5.3010055 0.34448819,0.10802559 5.2984571 0.34448819,
  0.15864409 5.2815843 0.34448819,0.16172795 5.2808831 0.34448819,
  0.16250709 5.2805602 0.34448819,0.16363543 5.2804492 0.34448819,
  0.16473976 5.280198 0.34448819,0.16557913 5.2802579 0.34448819,
  0.16872835 5.2799476 0.34448819,0.20247402 5.2799476 0.34448819,
  0.20562283 5.2802579 0.34448819,0.2064626 5.280198 0.34448819,
  0.20756654 5.2804492 0.34448819,0.20869528 5.2805602 0.34448819,
  0.20947402 5.2808831 0.34448819,0.21255827 5.2815843 0.34448819,
  0.26317756 5.2984571 0.34448819,0.26888583 5.3010055 0.34448819,
  0.26975157 5.3017567 0.34448819,0.27081024 5.3021949 0.34448819,
  0.27564252 5.306161 0.34448819,0.29251575 5.3230343 0.34448819,
  0.2964815 5.3278665 0.34448819,0.30124291 5.3393626 0.34448819,
  0.30124291 5.3518055 0.34448819,0.2964811 5.3633012 0.34448819,
  0.28768268 5.3720992 0.34448819,0.27618701 5.3768606 0.34448819,
  0.26374409 5.3768606 0.34448819,0.25224843 5.3720988 0.34448819,
  0.24741614 5.3681327 0.34448819,0.23586654 5.3565835 0.34448819,
  0.19729961 5.3437272 0.34448819,0.17390315 5.3437272 0.34448819,
  0.13533622 5.3565827 0.34448819,0.11057244 5.3813469 0.34448819,
  0.097579528 5.4073323 0.34448819,0.082507874 5.4676201 0.34448819,
  0.082507874 5.5103862 0.34448819,0.097579528 5.570674 0.34448819,
  0.11057244 5.5966598 0.34448819,0.13533622 5.6214232 0.34448819,
  0.17390315 5.6342783 0.34448819,0.19729961 5.6342783 0.34448819,
  0.23586614 5.6214228 0.34448819,0.24741614 5.6098728 0.34448819,
  0.25224843 5.6059071 0.34448819,0.26374449 5.6011457 0.34448819,
  0.27618701 5.6011457 0.34448819,0.28768307 5.6059071 0.34448819,
  0.2964811 5.6147051 0.34448819,0.30124252 5.6262012 0.34448819,
  0.30124252 5.6386437 0.34448819,0.2964811 5.6501398 0.34448819,
  0.29251535 5.654972 0.34448819,0.27564252 5.6718449 0.34448819,
  0.27081024 5.6758106 0.34448819,0.26975157 5.6762492 0.34448819,
  0.26888583 5.677 0.34448819,0.26317756 5.6795484 0.34448819,
  0.21255827 5.6964213 0.34448819,0.20947402 5.6971228 0.34448819,
  0.20869528 5.6974453 0.34448819,0.20756654 5.6975567 0.34448819,
  0.2064626 5.6978075 0.34448819,0.20562283 5.697748 0.34448819,
  0.20247402 5.6980579 0.34448819,0.16872835 5.6980579 0.34448819,
  0.16557913 5.697748 0.34448819,0.16473976 5.6978075 0.34448819,
  0.16363543 5.6975567 0.34448819,0.16250709 5.6974453 0.34448819,
  0.16172795 5.6971228 0.34448819,0.15864409 5.6964213 0.34448819,
  0.10802559 5.6795484 0.34448819,0.10231732 5.677 0.34448819,
  0.10145236 5.67625 0.34448819,0.10039291 5.675811 0.34448819,
  0.09556063 5.6718449 0.34448819,1.9429933 5.6778185 0.34448819,
  1.9403154 5.6761331 0.34448819,1.9395374 5.6758106 0.34448819,
  1.9386606 5.6750917 0.34448819,1.9377028 5.6744882 0.34448819,
  1.9371512 5.6738528 0.34448819,1.9347051 5.6718449 0.34448819,
  1.9178323 5.654972 0.34448819,1.9158244 5.652526 0.34448819,
  1.915189 5.6519744 0.34448819,1.9145854 5.6510165 0.34448819,
  1.9138665 5.6501398 0.34448819,1.9135441 5.6493618 0.34448819,
  1.9118587 5.6466839 0.34448819,1.8949858 5.6129382 0.34448819,
  1.8927516 5.6071 0.34448819,1.8926701 5.6059567 0.34448819,
  1.8922319 5.604898 0.34448819,1.8916193 5.5986768 0.34448819,
  1.8916193 5.5649307 0.34448819,1.8922319 5.5587094 0.34448819,
  1.8926701 5.5576512 0.34448819,1.8927516 5.5565075 0.34448819,
  1.8949858 5.5506693 0.34448819,1.9118587 5.5169236 0.34448819,
  1.9135441 5.5142461 0.34448819,1.9138665 5.5134677 0.34448819,
  1.9145854 5.5125913 0.34448819,1.915189 5.5116331 0.34448819,
  1.9158244 5.5110819 0.34448819,1.9178323 5.5086354 0.34448819,
  1.9347051 5.4917626 0.34448819,1.9371512 5.4897551 0.34448819,
  1.9377028 5.4891193 0.34448819,1.9386606 5.4885161 0.34448819,
  1.9395374 5.4877969 0.34448819,1.9403154 5.4874748 0.34448819,
  1.9429933 5.485789 0.34448819,1.9767394 5.4689161 0.34448819,
  1.9771949 5.4687417 0.34448819,1.9773795 5.4686051 0.34448819,
  1.979985 5.4676744 0.34448819,1.982578 5.4666819 0.34448819,
  1.9828075 5.4666657 0.34448819,1.9832665 5.4665016 0.34448819,
  2.0473618 5.450478 0.34448819,2.073348 5.437485 0.34448819,
  2.0829016 5.4279311 0.34448819,2.0940941 5.4055465 0.34448819,
  2.0940941 5.3868575 0.34448819,2.0829016 5.3644732 0.34448819,
  2.073348 5.3549193 0.34448819,2.0509638 5.3437272 0.34448819,
  1.9793028 5.3437272 0.34448819,1.9335933 5.3589634 0.34448819,
  1.9274976 5.3603496 0.34448819,1.9150862 5.3594673 0.34448819,
  1.9039571 5.3539028 0.34448819,1.8958043 5.3445028 0.34448819,
  1.8918697 5.3326988 0.34448819,1.892752 5.3202874 0.34448819,
  1.8983165 5.3091583 0.34448819,1.9077165 5.3010055 0.34448819,
  1.9134248 5.2984571 0.34448819,1.9640437 5.2815839 0.34448819,
  1.9671283 5.2808827 0.34448819,1.9679067 5.2805602 0.34448819,
  1.9690346 5.2804492 0.34448819,1.9701394 5.280198 0.34448819,
  1.9709787 5.2802579 0.34448819,1.974128 5.2799476 0.34448819,
  2.0584921 5.2799476 0.34448819,2.0647134 5.2805602 0.34448819,
  2.0657717 5.2809988 0.34448819,2.066915 5.2810799 0.34448819,
  2.0727535 5.2833142 0.34448819,2.1064996 5.300187 0.34448819,
  2.1091772 5.3018728 0.34448819,2.1099555 5.3021949 0.34448819,
  2.1108315 5.3029142 0.34448819,2.1117902 5.3035173 0.34448819,
  2.1123417 5.3041539 0.34448819,2.1147878 5.306161 0.34448819,
  2.131661 5.3230343 0.34448819,2.1336681 5.3254807 0.34448819,
  2.1343039 5.3260315 0.34448819,2.1349067 5.3269898 0.34448819,
  2.1356268 5.3278665 0.34448819,2.1359492 5.3286457 0.34448819,
  2.1376343 5.331322 0.34448819,2.1545071 5.3650677 0.34448819,
  2.1567413 5.3709059 0.34448819,2.1568224 5.3720496 0.34448819,
  2.157261 5.3731079 0.34448819,2.1578736 5.3793291 0.34448819,
  2.1578736 5.4130748 0.34448819,2.157261 5.4192961 0.34448819,
  2.1568224 5.4203547 0.34448819,2.1567413 5.421498 0.34448819,
  2.1545071 5.4273362 0.34448819,2.1376343 5.4610819 0.34448819,
  2.1359492 5.4637587 0.34448819,2.1356268 5.4645374 0.34448819,
  2.1349067 5.4654146 0.34448819,2.1343039 5.4663724 0.34448819,
  2.1336681 5.4669236 0.34448819,2.131661 5.4693697 0.34448819,
  2.1147878 5.4862429 0.34448819,2.1123417 5.4882504 0.34448819,
  2.1117902 5.4888866 0.34448819,2.1108315 5.4894902 0.34448819,
  2.1099555 5.4902091 0.34448819,2.1091772 5.4905315 0.34448819,
  2.1064996 5.4922169 0.34448819,2.0727535 5.5090898 0.34448819,
  2.0722976 5.5092646 0.34448819,2.0721134 5.5094008 0.34448819,
  2.0695075 5.5103319 0.34448819,2.066915 5.511324 0.34448819,
  2.066685 5.5113406 0.34448819,2.0662264 5.5115043 0.34448819,
  2.0021307 5.5275283 0.34448819,1.9761449 5.5405213 0.34448819,
  1.9665906 5.5500756 0.34448819,1.9553988 5.5724591 0.34448819,
  1.9553988 5.5911484 0.34448819,1.9665906 5.6135319 0.34448819,
  1.9761449 5.6230866 0.34448819,1.9985291 5.6342783 0.34448819,
  2.0701906 5.6342783 0.34448819,2.1158996 5.6190417 0.34448819,
  2.1219953 5.6176559 0.34448819,2.1344071 5.6185382 0.34448819,
  2.1455362 5.6241028 0.34448819,2.153689 5.6335028 0.34448819,
  2.1576236 5.6453067 0.34448819,2.1567413 5.6577181 0.34448819,
  2.1511768 5.6688472 0.34448819,2.1417768 5.677 0.34448819,
  2.1360685 5.6795484 0.34448819,2.0854492 5.6964213 0.34448819,
  2.082365 5.6971228 0.34448819,2.0815862 5.6974453 0.34448819,
  2.0804575 5.6975567 0.34448819,2.0793535 5.6978075 0.34448819,
  2.0785138 5.697748 0.34448819,2.075365 5.6980579 0.34448819,
  1.9910008 5.6980579 0.34448819,1.9847795 5.6974453 0.34448819,
  1.9837209 5.6970071 0.34448819,1.982578 5.6969256 0.34448819,
  1.9767394 5.6946913 0.34448819,3.3550933 5.6778185 0.34448819,
  3.3213472 5.6946913 0.34448819,3.3155087 5.6969256 0.34448819,
  3.3143654 5.6970071 0.34448819,3.3133071 5.6974453 0.34448819,
  3.3070858 5.6980579 0.34448819,3.2227217 5.6980579 0.34448819,
  3.2165004 5.6974453 0.34448819,3.2154417 5.6970071 0.34448819,
  3.2142988 5.6969256 0.34448819,3.2084602 5.6946913 0.34448819,
  3.1747142 5.6778185 0.34448819,3.1720362 5.6761331 0.34448819,
  3.1712583 5.6758106 0.34448819,3.1703815 5.6750917 0.34448819,
  3.1694236 5.6744882 0.34448819,3.168872 5.6738528 0.34448819,
  3.166426 5.6718449 0.34448819,3.1495531 5.654972 0.34448819,
  3.1455874 5.6501398 0.34448819,3.140826 5.6386437 0.34448819,
  3.140826 5.6262012 0.34448819,3.1455874 5.6147051 0.34448819,
  3.1543854 5.6059071 0.34448819,3.1658815 5.6011457 0.34448819,
  3.178324 5.6011457 0.34448819,3.1898201 5.6059071 0.34448819,
  3.1946524 5.6098728 0.34448819,3.2078657 5.6230866 0.34448819,
  3.23025 5.6342783 0.34448819,3.2995575 5.6342783 0.34448819,
  3.3219413 5.6230866 0.34448819,3.3314961 5.6135319 0.34448819,
  3.3426878 5.5911484 0.34448819,3.3426878 5.5701055 0.34448819,
  3.3298319 5.5315386 0.34448819,3.1326803 5.334387 0.34448819,
  3.1287146 5.3295547 0.34448819,3.1273197 5.3261878 0.34448819,
  3.1239528 5.3180587 0.34448819,3.1239528 5.3056161 0.34448819,
  3.1269181 5.2984571 0.34448819,3.1287146 5.2941201 0.34448819,
  3.1375126 5.285322 0.34448819,3.1403835 5.2841331 0.34448819,
  3.1490087 5.2805602 0.34448819,3.1552299 5.2799476 0.34448819,
  3.3745776 5.2799476 0.34448819,3.3807988 5.2805602 0.34448819,
  3.3922945 5.285322 0.34448819,3.4010929 5.2941205 0.34448819,
  3.4058547 5.3056161 0.34448819,3.4058547 5.3180587 0.34448819,
  3.4010929 5.3295543 0.34448819,3.3922945 5.3383528 0.34448819,
  3.3807988 5.3431146 0.34448819,3.3745776 5.3437272 0.34448819,
  3.2322189 5.3437272 0.34448819,3.3802539 5.4917626 0.34448819,
  3.3842201 5.4965949 0.34448819,3.3846587 5.4976543 0.34448819,
  3.3854094 5.4985197 0.34448819,3.3879579 5.504228 0.34448819,
  3.4048307 5.5548465 0.34448819,3.4055319 5.5579307 0.34448819,
  3.4058547 5.5587094 0.34448819,3.4059657 5.5598382 0.34448819,
  3.4062169 5.5609421 0.34448819,3.4061571 5.5617819 0.34448819,
  3.4064673 5.5649307 0.34448819,3.4064673 5.5986768 0.34448819,
  3.4058547 5.604898 0.34448819,3.4054161 5.6059567 0.34448819,
  3.405335 5.6071 0.34448819,3.4031008 5.6129382 0.34448819,
  3.386228 5.6466839 0.34448819,3.3845421 5.6493618 0.34448819,
  3.3842201 5.6501398 0.34448819,3.3835008 5.6510165 0.34448819,
  3.3828976 5.6519744 0.34448819,3.3822618 5.652526 0.34448819,
  3.3802543 5.654972 0.34448819,3.3633815 5.6718449 0.34448819,
  3.360935 5.6738528 0.34448819,3.3603839 5.6744882 0.34448819,
  3.3594256 5.6750917 0.34448819,3.3585492 5.6758106 0.34448819,
  3.3577709 5.6761331 0.34448819,4.3390114 5.3035173 0.34448819,
  4.339563 5.3041539 0.34448819,4.3420091 5.306161 0.34448819,
  4.3757547 5.3399071 0.34448819,4.3797209 5.3447394 0.34448819,
  4.3806283 5.3469311 0.34448819,4.3820394 5.348835 0.34448819,
  4.3841429 5.354722 0.34448819,4.4010157 5.4222134 0.34448819,
  4.4011752 5.4232925 0.34448819,4.4013551 5.4237264 0.34448819,
  4.401585 5.4260654 0.34448819,4.4019303 5.4283972 0.34448819,
  4.4018606 5.4288634 0.34448819,4.4019677 5.4299476 0.34448819,
  4.4019677 5.5480579 0.34448819,4.4018606 5.5491425 0.34448819,
  4.4019303 5.5496083 0.34448819,4.401585 5.5519406 0.34448819,
  4.4013551 5.5542791 0.34448819,4.4011752 5.5547134 0.34448819,
  4.4010157 5.5557921 0.34448819,4.3841429 5.6232839 0.34448819,
  4.3820398 5.6291709 0.34448819,4.3806276 5.6310768 0.34448819,
  4.3797205 5.6332669 0.34448819,4.3757547 5.6380992 0.34448819,
  4.3420091 5.6718449 0.34448819,4.3395626 5.6738528 0.34448819,
  4.3390114 5.6744882 0.34448819,4.3380531 5.6750917 0.34448819,
  4.3371768 5.6758106 0.34448819,4.3363984 5.6761331 0.34448819,
  4.3337209 5.6778185 0.34448819,4.2999748 5.6946913 0.34448819,
  4.2941362 5.6969256 0.34448819,4.2929929 5.6970071 0.34448819,
  4.2919346 5.6974453 0.34448819,4.2857134 5.6980579 0.34448819,
  4.218222 5.6980579 0.34448819,4.2120008 5.6974453 0.34448819,
  4.2109421 5.6970071 0.34448819,4.2097988 5.6969256 0.34448819,
  4.2039606 5.6946913 0.34448819,4.170215 5.6778185 0.34448819,
  4.1675382 5.6761339 0.34448819,4.1667594 5.675811 0.34448819,
  4.1658823 5.6750917 0.34448819,4.1649244 5.6744882 0.34448819,
  4.1643724 5.6738524 0.34448819,4.1619272 5.6718449 0.34448819,
  4.1281811 5.6380992 0.34448819,4.124215 5.6332669 0.34448819,
  4.1233071 5.631076 0.34448819,4.1218961 5.6291709 0.34448819,
  4.1197925 5.6232839 0.34448819,4.1029197 5.5557921 0.34448819,
  4.1027598 5.5547134 0.34448819,4.1025803 5.5542791 0.34448819,
  4.10235 5.5519406 0.34448819,4.1020051 5.5496083 0.34448819,
  4.1020744 5.5491425 0.34448819,4.1019677 5.5480579 0.34448819,
  4.1019677 5.5441319 0.34448819,4.1019677 5.4299476 0.34448819,
  4.1020744 5.4288634 0.34448819,4.1020051 5.4283972 0.34448819,
  4.10235 5.4260654 0.34448819,4.1025803 5.4237264 0.34448819,
  4.1027598 5.4232925 0.34448819,4.1029197 5.4222134 0.34448819,
  4.1197925 5.354722 0.34448819,4.1218961 5.348835 0.34448819,
  4.1233071 5.3469303 0.34448819,4.124215 5.344739 0.34448819,
  4.1281807 5.3399067 0.34448819,4.1619268 5.306161 0.34448819,
  4.1643724 5.3041539 0.34448819,4.1649244 5.3035173 0.34448819,
  4.1658827 5.3029142 0.34448819,4.1667591 5.3021949 0.34448819,
  4.167537 5.3018728 0.34448819,4.170215 5.300187 0.34448819,
  4.2039606 5.2833142 0.34448819,4.2097988 5.2810799 0.34448819,
  4.2109421 5.2809988 0.34448819,4.2120008 5.2805602 0.34448819,
  4.218222 5.2799476 0.34448819,4.2857134 5.2799476 0.34448819,
  4.2919346 5.2805602 0.34448819,4.2929929 5.2809988 0.34448819,
  4.2941362 5.2810799 0.34448819,4.2999748 5.2833142 0.34448819,
  4.3337209 5.300187 0.34448819,4.3363984 5.3018728 0.34448819,
  4.3371768 5.3021949 0.34448819,4.3380528 5.3029142 0.34448819,
  4.3381882 5.5441319 0.34448819,4.3381882 5.433874 0.34448819,
  4.3244094 5.3787602 0.34448819,4.3005693 5.3549193 0.34448819,
  4.278185 5.3437272 0.34448819,4.2257504 5.3437272 0.34448819,
  4.2033661 5.3549193 0.34448819,4.1795256 5.3787602 0.34448819,
  4.1657472 5.433874 0.34448819,4.1657472 5.5441319 0.34448819,
  4.1795256 5.5992465 0.34448819,4.2033665 5.6230866 0.34448819,
  4.2257504 5.6342783 0.34448819,4.278185 5.6342783 0.34448819,
  4.3005689 5.6230866 0.34448819,4.3244094 5.5992461 0.34448819,
  4.8237681 5.664976 0.34448819,4.8217984 5.6772618 0.34448819,
  4.8152772 5.6878591 0.34448819,4.8051969 5.6951539 0.34448819,
  4.7930929 5.6980358 0.34448819,4.7808067 5.6960661 0.34448819,
  4.7702098 5.6895449 0.34448819,4.762915 5.679465 0.34448819,
  4.760878 5.6735547 0.34448819,4.7057854 5.4421665 0.34448819,
  4.6708571 5.5731476 0.34448819,4.6703102 5.5746055 0.34448819,
  4.6702291 5.5752173 0.34448819,4.6698083 5.5759441 0.34448819,
  4.6686622 5.5790008 0.34448819,4.6661028 5.5823449 0.34448819,
  4.6639949 5.5859854 0.34448819,4.6623551 5.5872406 0.34448819,
  4.6610992 5.5888815 0.34448819,4.6574563 5.5909906 0.34448819,
  4.6541142 5.5935488 0.34448819,4.6521173 5.5940815 0.34448819,
  4.6503307 5.5951157 0.34448819,4.6461594 5.5956701 0.34448819,
  4.6420917 5.5967547 0.34448819,4.6400441 5.5964827 0.34448819,
  4.6379965 5.5967547 0.34448819,4.6339283 5.5956701 0.34448819,
  4.6297575 5.5951157 0.34448819,4.6279705 5.5940815 0.34448819,
  4.625974 5.5935488 0.34448819,4.6226295 5.590989 0.34448819,
  4.618989 5.5888811 0.34448819,4.6177339 5.5872421 0.34448819,
  4.6160933 5.5859858 0.34448819,4.6139843 5.5823433 0.34448819,
  4.611426 5.5790008 0.34448819,4.6102795 5.5759445 0.34448819,
  4.6098591 5.5752173 0.34448819,4.6097776 5.5746051 0.34448819,
  4.6092311 5.5731472 0.34448819,4.5743028 5.4421669 0.34448819,
  4.5192106 5.6735543 0.34448819,4.517174 5.6794646 0.34448819,
  4.5098787 5.6895449 0.34448819,4.4992819 5.6960661 0.34448819,
  4.4869957 5.6980358 0.34448819,4.4748917 5.6951539 0.34448819,
  4.4648114 5.6878587 0.34448819,4.4582902 5.6772618 0.34448819,
  4.4563205 5.6649756 0.34448819,4.4571657 5.6587819 0.34448819,
  4.5415303 5.3044508 0.34448819,4.5422657 5.3023165 0.34448819,
  4.5423677 5.3015508 0.34448819,4.5427681 5.3008591 0.34448819,
  4.5435673 5.2985406 0.34448819,4.5462823 5.294789 0.34448819,
  4.548602 5.2907823 0.34448819,4.549902 5.289787 0.34448819,
  4.5508622 5.2884606 0.34448819,4.5548051 5.2860343 0.34448819,
  4.5584827 5.2832193 0.34448819,4.5600646 5.2827976 0.34448819,
  4.5614591 5.2819394 0.34448819,4.5660311 5.2812067 0.34448819,
  4.5705051 5.2800134 0.34448819,4.5721276 5.2802291 0.34448819,
  4.5737453 5.2799697 0.34448819,4.5782524 5.2810429 0.34448819,
  4.5828394 5.2816524 0.34448819,4.5842551 5.2824724 0.34448819,
  4.5858492 5.2828516 0.34448819,4.5896024 5.2855681 0.34448819,
  4.5936079 5.2878866 0.34448819,4.5946024 5.2891862 0.34448819,
  4.5959295 5.2901465 0.34448819,4.5983567 5.2940913 0.34448819,
  4.6011709 5.2977673 0.34448819,4.6020311 5.3000626 0.34448819,
  4.6024508 5.3007437 0.34448819,4.6025728 5.3015071 0.34448819,
  4.6033657 5.3036205 0.34448819,4.6400441 5.4411654 0.34448819,
  4.6767228 5.3036205 0.34448819,4.6775154 5.3015071 0.34448819,
  4.6776378 5.3007437 0.34448819,4.6780571 5.3000626 0.34448819,
  4.6789177 5.2977673 0.34448819,4.6817323 5.2940902 0.34448819,
  4.6841591 5.2901469 0.34448819,4.685485 5.289187 0.34448819,
  4.6864807 5.2878866 0.34448819,4.6904866 5.2855673 0.34448819,
  4.6942394 5.2828516 0.34448819,4.6958331 5.2824724 0.34448819,
  4.6972492 5.2816524 0.34448819,4.7018358 5.2810429 0.34448819,
  4.7063433 5.2799697 0.34448819,4.7079606 5.2802291 0.34448819,
  4.7095835 5.2800134 0.34448819,4.7140571 5.2812067 0.34448819,
  4.7186295 5.2819394 0.34448819,4.7200236 5.2827976 0.34448819,
  4.7216059 5.2832193 0.34448819,4.7252831 5.2860343 0.34448819,
  4.7292264 5.2884606 0.34448819,4.7301862 5.289787 0.34448819,
  4.7314866 5.2907823 0.34448819,4.7338059 5.2947886 0.34448819,
  4.7365217 5.2985409 0.34448819,4.7373205 5.3008594 0.34448819,
  4.7377209 5.3015508 0.34448819,4.7378224 5.3023165 0.34448819,
  4.7385583 5.3044512 0.34448819,4.8229228 5.6587819 0.34448819,
  4.9587728 5.5293291 0.34448819,4.9587728 5.6342783 0.34448819,
  5.0956122 5.6342783 0.34448819,5.1018335 5.6348909 0.34448819,
  5.1133291 5.6396528 0.34448819,5.1221276 5.6484512 0.34448819,
  5.1268894 5.6599469 0.34448819,5.1268894 5.6723894 0.34448819,
  5.1221276 5.683885 0.34448819,5.1133291 5.6926835 0.34448819,
  5.1018335 5.6974453 0.34448819,5.0956122 5.6980579 0.34448819,
  4.9268831 5.6980579 0.34448819,4.9206618 5.6974453 0.34448819,
  4.9091661 5.6926835 0.34448819,4.9003677 5.683885 0.34448819,
  4.8956059 5.6723894 0.34448819,4.8949933 5.6661681 0.34448819,
  4.8949933 5.3118374 0.34448819,4.8956059 5.3056161 0.34448819,
  4.9003677 5.2941205 0.34448819,4.9091661 5.285322 0.34448819,
  4.9206618 5.2805602 0.34448819,4.9268831 5.2799476 0.34448819,
  5.0956122 5.2799476 0.34448819,5.1018335 5.2805602 0.34448819,
  5.1133291 5.285322 0.34448819,5.1221276 5.2941205 0.34448819,
  5.1268894 5.3056161 0.34448819,5.1268894 5.3180587 0.34448819,
  5.1221276 5.3295543 0.34448819,5.1133291 5.3383528 0.34448819,
  5.1018335 5.3431146 0.34448819,5.0956122 5.3437272 0.34448819,
  4.9587728 5.3437272 0.34448819,4.9587728 5.4655496 0.34448819,
  5.0449933 5.4655496 0.34448819,5.0512146 5.4661622 0.34448819,
  5.0627102 5.470924 0.34448819,5.0715087 5.4797224 0.34448819,
  5.0762705 5.4912181 0.34448819,5.0762705 5.5036606 0.34448819,
  5.0715087 5.5151563 0.34448819,5.0627102 5.5239547 0.34448819,
  5.0512146 5.5287165 0.34448819,5.0449933 5.5293291 0.34448819,
  5.2000323 -0.11801024 0.34448819,5.1993453 -0.10420197 0.34448819,
  5.1934272 -0.09170748 0.34448819,5.183178 -0.08242874 0.34448819,
  5.1701583 -0.07777874 0.34448819,5.15635 -0.078465748 0.34448819,
  5.1438555 -0.084384252 0.34448819,5.1345768 -0.094633071 0.34448819,
  5.1316106 -0.10091417 0.34448819,5.0712413 -0.26994843 0.34448819,
  5.010872 -0.10091417 0.34448819,5.0079059 -0.094633071 0.34448819,
  4.9986272 -0.084383858 0.34448819,4.9861327 -0.078465354 0.34448819,
  4.9723244 -0.07777874 0.34448819,4.9593047 -0.08242874 0.34448819,
  4.9490555 -0.09170748 0.34448819,4.943137 -0.10420197 0.34448819,
  4.9424504 -0.11801024 0.34448819,4.9441343 -0.12474882 0.34448819,
  5.0378724 -0.38721614 0.34448819,5.0408386 -0.39349724 0.34448819,
  5.0420323 -0.39481575 0.34448819,5.0427937 -0.39642283 0.34448819,
  5.0466386 -0.39990354 0.34448819,5.0501173 -0.40374606 0.34448819,
  5.0517228 -0.4045063 0.34448819,5.0530429 -0.40570157 0.34448819,
  5.0579311 -0.40744724 0.34448819,5.0626118 -0.40966457 0.34448819,
  5.0643858 -0.40975276 0.34448819,5.0660626 -0.41035157 0.34448819,
  5.0712425 -0.4100937 0.34448819,5.0764201 -0.41035157 0.34448819,
  5.0780953 -0.40975315 0.34448819,5.0798709 -0.40966496 0.34448819,
  5.0845543 -0.40744606 0.34448819,5.0894398 -0.40570157 0.34448819,
  5.0907587 -0.40450748 0.34448819,5.0923654 -0.40374646 0.34448819,
  5.0958449 -0.39990236 0.34448819,5.099689 -0.39642283 0.34448819,
  5.1004496 -0.39481614 0.34448819,5.1016441 -0.39349724 0.34448819,
  5.1046102 -0.38721614 0.34448819,5.1983484 -0.12474882 0.34448819,
  6.6790524 5.300187 0.34448819,6.6817299 5.3018728 0.34448819,
  6.6825083 5.3021949 0.34448819,6.6833843 5.3029142 0.34448819,
  6.6843429 5.3035173 0.34448819,6.6848945 5.3041539 0.34448819,
  6.6873406 5.306161 0.34448819,6.7042138 5.3230343 0.34448819,
  6.7062209 5.3254807 0.34448819,6.7068567 5.3260315 0.34448819,
  6.7074594 5.3269898 0.34448819,6.7081795 5.3278665 0.34448819,
  6.708502 5.3286457 0.34448819,6.710187 5.331322 0.34448819,
  6.7270598 5.3650677 0.34448819,6.7292941 5.3709059 0.34448819,
  6.7293752 5.3720496 0.34448819,6.7298138 5.3731079 0.34448819,
  6.7304264 5.3793291 0.34448819,6.7304264 5.4636937 0.34448819,
  6.7298138 5.469915 0.34448819,6.7293752 5.4709736 0.34448819,
  6.7292941 5.4721169 0.34448819,6.7270598 5.4779551 0.34448819,
  6.710187 5.5117008 0.34448819,6.7085012 5.5143787 0.34448819,
  6.7081791 5.5151567 0.34448819,6.7074598 5.5160335 0.34448819,
  6.7068567 5.5169913 0.34448819,6.7062209 5.5175429 0.34448819,
  6.7042134 5.519989 0.34448819,6.6873406 5.5368618 0.34448819,
  6.6848941 5.5388697 0.34448819,6.6843429 5.5395051 0.34448819,
  6.6833846 5.5401087 0.34448819,6.6825083 5.5408276 0.34448819,
  6.6817299 5.54115 0.34448819,6.6790524 5.5428354 0.34448819,
  6.6470118 5.5588555 0.34448819,6.7225362 5.6451685 0.34448819,
  6.7244594 5.6478591 0.34448819,6.725052 5.6484512 0.34448819,
  6.7252843 5.6490126 0.34448819,6.726172 5.6502539 0.34448819,
  6.7278323 5.6551638 0.34448819,6.7298138 5.6599469 0.34448819,
  6.7298138 5.6610224 0.34448819,6.7301583 5.6620409 0.34448819,
  6.7298138 5.6672094 0.34448819,6.7298138 5.6723894 0.34448819,
  6.729402 5.6733831 0.34448819,6.7293307 5.6744563 0.34448819,
  6.7270327 5.6791028 0.34448819,6.725052 5.683885 0.34448819,
  6.7242921 5.6846449 0.34448819,6.723815 5.6856098 0.34448819,
  6.7199122 5.6890248 0.34448819,6.7162535 5.6926835 0.34448819,
  6.7152606 5.6930949 0.34448819,6.7144508 5.6938035 0.34448819,
  6.7095409 5.6954642 0.34448819,6.7047579 5.6974453 0.34448819,
  6.7032406 5.6975949 0.34448819,6.7026638 5.6977898 0.34448819,
  6.701826 5.6977343 0.34448819,6.6985366 5.6980579 0.34448819,
  6.479189 5.6980579 0.34448819,6.4729677 5.6974453 0.34448819,
  6.461472 5.6926835 0.34448819,6.4526736 5.683885 0.34448819,
  6.4479118 5.6723894 0.34448819,6.4479118 5.6599469 0.34448819,
  6.4526736 5.6484512 0.34448819,6.461472 5.6396528 0.34448819,
  6.4729677 5.6348909 0.34448819,6.479189 5.6342783 0.34448819,
  6.6282591 5.6342783 0.34448819,6.5564268 5.5521846 0.34448819,
  6.5545035 5.5494949 0.34448819,6.553911 5.548902 0.34448819,
  6.553678 5.5483398 0.34448819,6.5527913 5.5470992 0.34448819,
  6.5511315 5.5421925 0.34448819,6.5491492 5.5374063 0.34448819,
  6.5491492 5.5363311 0.34448819,6.5488047 5.5353122 0.34448819,
  6.5491492 5.5301469 0.34448819,6.5491492 5.5249638 0.34448819,
  6.549561 5.5239693 0.34448819,6.5496327 5.5228969 0.34448819,
  6.551928 5.5182555 0.34448819,6.553911 5.5134681 0.34448819,
  6.5546713 5.5127079 0.34448819,6.5551484 5.5117433 0.34448819,
  6.5590476 5.5083315 0.34448819,6.5627094 5.5046697 0.34448819,
  6.5637028 5.5042583 0.34448819,6.5645122 5.50355 0.34448819,
  6.5694189 5.5018906 0.34448819,6.5742051 5.4999079 0.34448819,
  6.575722 5.4997587 0.34448819,6.5762992 5.4995634 0.34448819,
  6.5771362 5.4996193 0.34448819,6.5804264 5.4992953 0.34448819,
  6.6235165 5.4992953 0.34448819,6.6459004 5.4881035 0.34448819,
  6.6554551 5.4785488 0.34448819,6.6666469 5.4561654 0.34448819,
  6.6666469 5.3868575 0.34448819,6.6554543 5.3644732 0.34448819,
  6.6459008 5.3549193 0.34448819,6.6235165 5.3437272 0.34448819,
  6.5373358 5.3437272 0.34448819,6.5149524 5.3549189 0.34448819,
  6.5017386 5.3681327 0.34448819,6.4969063 5.3720988 0.34448819,
  6.4854106 5.3768602 0.34448819,6.4729681 5.3768606 0.34448819,
  6.461472 5.3720992 0.34448819,6.4526736 5.3633008 0.34448819,
  6.4479122 5.3518051 0.34448819,6.4479118 5.3393626 0.34448819,
  6.4526732 5.3278665 0.34448819,6.4566394 5.3230343 0.34448819,
  6.4735122 5.306161 0.34448819,6.4759579 5.3041539 0.34448819,
  6.4765098 5.3035173 0.34448819,6.4774681 5.3029142 0.34448819,
  6.4783445 5.3021949 0.34448819,6.4791228 5.3018724 0.34448819,
  6.4818004 5.300187 0.34448819,6.5155461 5.2833142 0.34448819,
  6.5213843 5.2810799 0.34448819,6.5225276 5.2809988 0.34448819,
  6.5235862 5.2805602 0.34448819,6.5298075 5.2799476 0.34448819,
  6.6310449 5.2799476 0.34448819,6.6372661 5.2805602 0.34448819,
  6.6383244 5.2809988 0.34448819,6.6394677 5.2810799 0.34448819,
  6.6453063 5.2833142 0.34448819,7.311637 5.3399067 0.34448819,
  7.3136441 5.3423528 0.34448819,7.3142807 5.3429043 0.34448819,
  7.3148839 5.343863 0.34448819,7.3156031 5.344739 0.34448819,
  7.3159252 5.3455173 0.34448819,7.317611 5.3481949 0.34448819,
  7.3344839 5.3819406 0.34448819,7.3346579 5.3823957 0.34448819,
  7.3347953 5.3825807 0.34448819,7.335728 5.3851917 0.34448819,
  7.3367181 5.3877787 0.34448819,7.3367343 5.3880091 0.34448819,
  7.3368984 5.3884677 0.34448819,7.3537713 5.4559594 0.34448819,
  7.3539307 5.4570386 0.34448819,7.3541106 5.4574724 0.34448819,
  7.3543406 5.4598114 0.34448819,7.3546858 5.4621433 0.34448819,
  7.3546161 5.4626094 0.34448819,7.3547232 5.4636937 0.34448819,
  7.3547232 5.5143122 0.34448819,7.3546161 5.5153969 0.34448819,
  7.3546858 5.5158626 0.34448819,7.3543406 5.5181949 0.34448819,
  7.3541106 5.5205335 0.34448819,7.3539307 5.5209677 0.34448819,
  7.3537713 5.5220465 0.34448819,7.3368984 5.5895382 0.34448819,
  7.3367343 5.5899972 0.34448819,7.3367181 5.5902272 0.34448819,
  7.335728 5.5928146 0.34448819,7.3347953 5.5954252 0.34448819,
  7.3346579 5.5956106 0.34448819,7.3344839 5.5960654 0.34448819,
  7.317611 5.629811 0.34448819,7.3159256 5.6324886 0.34448819,
  7.3156031 5.6332669 0.34448819,7.3148839 5.6341437 0.34448819,
  7.3142807 5.6351016 0.34448819,7.3136449 5.6356531 0.34448819,
  7.3116374 5.6380992 0.34448819,7.2778909 5.6718449 0.34448819,
  7.2730587 5.6758106 0.34448819,7.2720004 5.6762492 0.34448819,
  7.2711346 5.677 0.34448819,7.2654264 5.6795484 0.34448819,
  7.2148075 5.6964213 0.34448819,7.2117232 5.6971228 0.34448819,
  7.2109445 5.6974453 0.34448819,7.2098157 5.6975567 0.34448819,
  7.2087118 5.6978075 0.34448819,7.207872 5.697748 0.34448819,
  7.2047232 5.6980579 0.34448819,7.1203587 5.6980579 0.34448819,
  7.1141374 5.6974453 0.34448819,7.1026417 5.6926835 0.34448819,
  7.0938433 5.683885 0.34448819,7.0890815 5.6723894 0.34448819,
  7.0884689 5.6661681 0.34448819,7.0884689 5.3437272 0.34448819,
  7.0884689 5.3118374 0.34448819,7.0890815 5.3056161 0.34448819,
  7.0938433 5.2941205 0.34448819,7.1026417 5.285322 0.34448819,
  7.1141374 5.2805602 0.34448819,7.1203587 5.2799476 0.34448819,
  7.2047232 5.2799476 0.34448819,7.207872 5.2802579 0.34448819,
  7.2087118 5.280198 0.34448819,7.2098157 5.2804492 0.34448819,
  7.2109445 5.2805602 0.34448819,7.2117232 5.2808831 0.34448819,
  7.2148075 5.2815843 0.34448819,7.2654264 5.2984571 0.34448819,
  7.2711346 5.3010055 0.34448819,7.2720004 5.3017567 0.34448819,
  7.2730591 5.3021949 0.34448819,7.2778913 5.3061606 0.34448819,
  7.2909437 5.5103862 0.34448819,7.2909437 5.4676201 0.34448819,
  7.2758717 5.4073323 0.34448819,7.2628787 5.3813465 0.34448819,
  7.2381146 5.3565827 0.34448819,7.1995488 5.3437272 0.34448819,
  7.1522484 5.3437272 0.34448819,7.1522484 5.6342783 0.34448819,
  7.1995488 5.6342783 0.34448819,7.2381154 5.6214228 0.34448819,
  7.2628787 5.5966598 0.34448819,7.2758717 5.570674 0.34448819,
  10.847411 5.5293291 0.34448819,10.847411 5.6342783 0.34448819,
  10.984251 5.6342783 0.34448819,10.990472 5.6348909 0.34448819,
  11.001968 5.6396528 0.34448819,11.010766 5.6484512 0.34448819,
  11.015528 5.6599469 0.34448819,11.015528 5.6723894 0.34448819,
  11.010766 5.683885 0.34448819,11.001968 5.6926835 0.34448819,
  10.990472 5.6974453 0.34448819,10.984251 5.6980579 0.34448819,
  10.815522 5.6980579 0.34448819,10.8093 5.6974453 0.34448819,
  10.797805 5.6926835 0.34448819,10.789006 5.683885 0.34448819,
  10.784244 5.6723894 0.34448819,10.783632 5.6661681 0.34448819,
  10.783632 5.3118374 0.34448819,10.784244 5.3056161 0.34448819,
  10.789006 5.2941205 0.34448819,10.797805 5.285322 0.34448819,
  10.8093 5.2805602 0.34448819,10.815522 5.2799476 0.34448819,
  10.984251 5.2799476 0.34448819,10.990472 5.2805602 0.34448819,
  11.001968 5.285322 0.34448819,11.010766 5.2941205 0.34448819,
  11.015528 5.3056161 0.34448819,11.015528 5.3180587 0.34448819,
  11.010766 5.3295543 0.34448819,11.001968 5.3383528 0.34448819,
  10.990472 5.3431146 0.34448819,10.984251 5.3437272 0.34448819,
  10.847411 5.3437272 0.34448819,10.847411 5.4655496 0.34448819,
  10.933632 5.4655496 0.34448819,10.939853 5.4661622 0.34448819,
  10.951349 5.470924 0.34448819,10.960147 5.4797224 0.34448819,
  10.964909 5.4912181 0.34448819,10.964909 5.5036606 0.34448819,
  10.960147 5.5151563 0.34448819,10.951349 5.5239547 0.34448819,
  10.939853 5.5287165 0.34448819,10.933632 5.5293291 0.34448819,
  11.13043 5.6380992 0.34448819,11.128423 5.6356535 0.34448819,
  11.127787 5.6351016 0.34448819,11.127183 5.6341433 0.34448819,
  11.126464 5.6332669 0.34448819,11.126142 5.632489 0.34448819,
  11.124456 5.629811 0.34448819,11.107583 5.5960654 0.34448819,
  11.107409 5.5956098 0.34448819,11.107272 5.5954252 0.34448819,
  11.106343 5.5928232 0.34448819,11.105349 5.5902272 0.34448819,
  11.105333 5.5899972 0.34448819,11.105169 5.5895382 0.34448819,
  11.088296 5.5220465 0.34448819,11.088136 5.5209677 0.34448819,
  11.087957 5.5205335 0.34448819,11.087726 5.5181949 0.34448819,
  11.087381 5.5158626 0.34448819,11.087451 5.5153969 0.34448819,
  11.087344 5.5143122 0.34448819,11.087344 5.4636937 0.34448819,
  11.087451 5.4626094 0.34448819,11.087381 5.4621433 0.34448819,
  11.087726 5.4598114 0.34448819,11.087957 5.4574724 0.34448819,
  11.088136 5.4570386 0.34448819,11.088296 5.4559594 0.34448819,
  11.105169 5.3884677 0.34448819,11.105333 5.3880091 0.34448819,
  11.105349 5.3877787 0.34448819,11.106343 5.3851831 0.34448819,
  11.107272 5.3825807 0.34448819,11.107409 5.3823965 0.34448819,
  11.107583 5.3819406 0.34448819,11.124456 5.3481949 0.34448819,
  11.126142 5.3455173 0.34448819,11.126464 5.344739 0.34448819,
  11.127183 5.3438626 0.34448819,11.127787 5.3429043 0.34448819,
  11.128422 5.3423531 0.34448819,11.13043 5.3399067 0.34448819,
  11.164176 5.306161 0.34448819,11.169008 5.3021949 0.34448819,
  11.170067 5.3017563 0.34448819,11.170933 5.3010055 0.34448819,
  11.176641 5.2984571 0.34448819,11.22726 5.2815843 0.34448819,
  11.230344 5.2808831 0.34448819,11.231123 5.2805602 0.34448819,
  11.232251 5.2804492 0.34448819,11.233356 5.280198 0.34448819,
  11.234195 5.2802579 0.34448819,11.237344 5.2799476 0.34448819,
  11.27109 5.2799476 0.34448819,11.274239 5.2802579 0.34448819,
  11.275078 5.280198 0.34448819,11.276182 5.2804492 0.34448819,
  11.277311 5.2805602 0.34448819,11.27809 5.2808831 0.34448819,
  11.281174 5.2815843 0.34448819,11.331793 5.2984571 0.34448819,
  11.337502 5.3010055 0.34448819,11.338367 5.3017567 0.34448819,
  11.339426 5.3021949 0.34448819,11.344258 5.306161 0.34448819,
  11.361131 5.3230343 0.34448819,11.365097 5.3278665 0.34448819,
  11.369859 5.3393626 0.34448819,11.369859 5.3518055 0.34448819,
  11.365097 5.3633012 0.34448819,11.356298 5.3720992 0.34448819,
  11.344803 5.3768606 0.34448819,11.33236 5.3768606 0.34448819,
  11.320864 5.3720988 0.34448819,11.316032 5.3681327 0.34448819,
  11.304482 5.3565835 0.34448819,11.265915 5.3437272 0.34448819,
  11.242519 5.3437272 0.34448819,11.203952 5.3565827 0.34448819,
  11.179188 5.3813469 0.34448819,11.166195 5.4073323 0.34448819,
  11.151124 5.4676201 0.34448819,11.151124 5.5103862 0.34448819,
  11.166195 5.570674 0.34448819,11.179188 5.5966598 0.34448819,
  11.203952 5.6214232 0.34448819,11.242519 5.6342783 0.34448819,
  11.265915 5.6342783 0.34448819,11.304482 5.6214228 0.34448819,
  11.316032 5.6098728 0.34448819,11.320864 5.6059071 0.34448819,
  11.33236 5.6011457 0.34448819,11.344803 5.6011457 0.34448819,
  11.356299 5.6059071 0.34448819,11.365097 5.6147051 0.34448819,
  11.369858 5.6262012 0.34448819,11.369858 5.6386437 0.34448819,
  11.365097 5.6501398 0.34448819,11.361131 5.654972 0.34448819,
  11.344258 5.6718449 0.34448819,11.339426 5.6758106 0.34448819,
  11.338367 5.6762492 0.34448819,11.337502 5.677 0.34448819,
  11.331793 5.6795484 0.34448819,11.281174 5.6964213 0.34448819,
  11.27809 5.6971228 0.34448819,11.277311 5.6974453 0.34448819,
  11.276182 5.6975567 0.34448819,11.275078 5.6978075 0.34448819,
  11.274239 5.697748 0.34448819,11.27109 5.6980579 0.34448819,
  11.237344 5.6980579 0.34448819,11.234195 5.697748 0.34448819,
  11.233356 5.6978075 0.34448819,11.232251 5.6975567 0.34448819,
  11.231123 5.6974453 0.34448819,11.230344 5.6971228 0.34448819,
  11.22726 5.6964213 0.34448819,11.176641 5.6795484 0.34448819,
  11.170933 5.677 0.34448819,11.170068 5.67625 0.34448819,
  11.169009 5.675811 0.34448819,11.164176 5.6718449 0.34448819,
  11.509779 5.3056161 0.34448819,11.514541 5.2941205 0.34448819,
  11.523339 5.285322 0.34448819,11.534835 5.2805602 0.34448819,
  11.547278 5.2805602 0.34448819,11.558773 5.285322 0.34448819,
  11.567572 5.2941205 0.34448819,11.572333 5.3056161 0.34448819,
  11.572946 5.3118374 0.34448819,11.572946 5.6342783 0.34448819,
  11.642294 5.6342783 0.34448819,11.648515 5.6348909 0.34448819,
  11.660011 5.6396528 0.34448819,11.668809 5.6484512 0.34448819,
  11.673571 5.6599469 0.34448819,11.673571 5.6723894 0.34448819,
  11.668809 5.683885 0.34448819,11.660011 5.6926835 0.34448819,
  11.648515 5.6974453 0.34448819,11.642294 5.6980579 0.34448819,
  11.439819 5.6980579 0.34448819,11.433598 5.6974453 0.34448819,
  11.422102 5.6926835 0.34448819,11.413304 5.683885 0.34448819,
  11.408542 5.6723894 0.34448819,11.408542 5.6599469 0.34448819,
  11.413304 5.6484512 0.34448819,11.422102 5.6396528 0.34448819,
  11.433598 5.6348909 0.34448819,11.439819 5.6342783 0.34448819,
  11.509167 5.6342783 0.34448819,11.509167 5.3118374 0.34448819,
  -5.8575043 5.4689161 0.34448819,-5.8548268 5.470602 0.34448819,
  -5.8540484 5.470924 0.34448819,-5.853172 5.4716433 0.34448819,
  -5.8522138 5.4722465 0.34448819,-5.8516626 5.4728823 0.34448819,
  -5.8492161 5.4748898 0.34448819,-5.8323433 5.4917626 0.34448819,
  -5.8303358 5.4942091 0.34448819,-5.8297 5.4947602 0.34448819,
  -5.8290969 5.4957185 0.34448819,-5.8283776 5.4965949 0.34448819,
  -5.8280555 5.4973732 0.34448819,-5.8263697 5.5000508 0.34448819,
  -5.8094969 5.5337965 0.34448819,-5.8072626 5.5396346 0.34448819,
  -5.8071815 5.5407783 0.34448819,-5.8067429 5.5418366 0.34448819,
  -5.8061303 5.5480579 0.34448819,-5.8061303 5.5986768 0.34448819,
  -5.8067429 5.604898 0.34448819,-5.8071815 5.6059567 0.34448819,
  -5.8072626 5.6071 0.34448819,-5.8094969 5.6129382 0.34448819,
  -5.8263697 5.6466839 0.34448819,-5.8280555 5.6493618 0.34448819,
  -5.8283776 5.6501398 0.34448819,-5.8290969 5.6510165 0.34448819,
  -5.8297 5.6519744 0.34448819,-5.8303358 5.652526 0.34448819,
  -5.8323433 5.654972 0.34448819,-5.8492161 5.6718449 0.34448819,
  -5.8516626 5.6738528 0.34448819,-5.8522138 5.6744882 0.34448819,
  -5.853172 5.6750917 0.34448819,-5.8540484 5.6758106 0.34448819,
  -5.8548268 5.6761331 0.34448819,-5.8575043 5.6778185 0.34448819,
  -5.8912504 5.6946913 0.34448819,-5.897089 5.6969256 0.34448819,
  -5.8982323 5.6970071 0.34448819,-5.8992906 5.6974453 0.34448819,
  -5.9055118 5.6980579 0.34448819,-6.0404949 5.6980579 0.34448819,
  -6.0467161 5.6974453 0.34448819,-6.0582118 5.6926835 0.34448819,
  -6.0670102 5.683885 0.34448819,-6.071772 5.6723894 0.34448819,
  -6.0723846 5.6661681 0.34448819,-6.0723846 5.5124563 0.34448819,
  -6.0723846 5.3118374 0.34448819,-6.071772 5.3056161 0.34448819,
  -6.0670102 5.2941205 0.34448819,-6.0582118 5.285322 0.34448819,
  -6.0467161 5.2805602 0.34448819,-6.0342736 5.2805602 0.34448819,
  -6.022778 5.285322 0.34448819,-6.0139795 5.2941205 0.34448819,
  -6.0092177 5.3056161 0.34448819,-6.0086051 5.3118374 0.34448819,
  -6.0086051 5.4486768 0.34448819,-5.9727339 5.4486768 0.34448819,
  -5.8641453 5.2935496 0.34448819,-5.8600756 5.2888043 0.34448819,
  -5.8495823 5.2821173 0.34448819,-5.8373287 5.2799551 0.34448819,
  -5.8251803 5.2826465 0.34448819,-5.814987 5.2897815 0.34448819,
  -5.8083 5.3002752 0.34448819,-5.8061378 5.3125283 0.34448819,
  -5.8088291 5.3246768 0.34448819,-5.8118949 5.3301248 0.34448819,
  -5.8959728 5.4502362 0.34448819,-5.8912504 5.4520433 0.34448819,
  -5.8699098 5.5911484 0.34448819,-5.8699098 5.5555862 0.34448819,
  -5.8811016 5.5332028 0.34448819,-5.8906563 5.5236484 0.34448819,
  -5.9130402 5.5124563 0.34448819,-6.0086051 5.5124563 0.34448819,
  -6.0086051 5.6342783 0.34448819,-5.9130402 5.6342783 0.34448819,
  -5.8906563 5.6230866 0.34448819,-5.8811016 5.6135319 0.34448819,
  -2.0104858 5.4689161 0.34448819,-2.0078083 5.470602 0.34448819,
  -2.0070299 5.470924 0.34448819,-2.0061535 5.4716433 0.34448819,
  -2.0051953 5.4722465 0.34448819,-2.0046441 5.4728823 0.34448819,
  -2.0021976 5.4748898 0.34448819,-1.9853248 5.4917626 0.34448819,
  -1.9833173 5.4942091 0.34448819,-1.9826815 5.4947602 0.34448819,
  -1.9820783 5.4957185 0.34448819,-1.9813591 5.4965949 0.34448819,
  -1.981037 5.4973732 0.34448819,-1.9793512 5.5000508 0.34448819,
  -1.9624783 5.5337965 0.34448819,-1.9602441 5.5396346 0.34448819,
  -1.960163 5.5407783 0.34448819,-1.9597244 5.5418366 0.34448819,
  -1.9591118 5.5480579 0.34448819,-1.9591118 5.5986768 0.34448819,
  -1.9597244 5.604898 0.34448819,-1.960163 5.6059567 0.34448819,
  -1.9602441 5.6071 0.34448819,-1.9624783 5.6129382 0.34448819,
  -1.9793512 5.6466839 0.34448819,-1.981037 5.6493618 0.34448819,
  -1.9813591 5.6501398 0.34448819,-1.9820783 5.6510165 0.34448819,
  -1.9826815 5.6519744 0.34448819,-1.9833173 5.652526 0.34448819,
  -1.9853248 5.654972 0.34448819,-2.0021976 5.6718449 0.34448819,
  -2.0046441 5.6738528 0.34448819,-2.0051953 5.6744882 0.34448819,
  -2.0061535 5.6750917 0.34448819,-2.0070299 5.6758106 0.34448819,
  -2.0078083 5.6761331 0.34448819,-2.0104858 5.6778185 0.34448819,
  -2.0442319 5.6946913 0.34448819,-2.0500705 5.6969256 0.34448819,
  -2.0512138 5.6970071 0.34448819,-2.052272 5.6974453 0.34448819,
  -2.0584933 5.6980579 0.34448819,-2.1934764 5.6980579 0.34448819,
  -2.1996976 5.6974453 0.34448819,-2.2111933 5.6926835 0.34448819,
  -2.2199917 5.683885 0.34448819,-2.2247535 5.6723894 0.34448819,
  -2.2253661 5.6661681 0.34448819,-2.2253661 5.5124563 0.34448819,
  -2.2253661 5.3118374 0.34448819,-2.2247535 5.3056161 0.34448819,
  -2.2199917 5.2941205 0.34448819,-2.2111933 5.285322 0.34448819,
  -2.1996976 5.2805602 0.34448819,-2.1872551 5.2805602 0.34448819,
  -2.1757594 5.285322 0.34448819,-2.166961 5.2941205 0.34448819,
  -2.1621992 5.3056161 0.34448819,-2.1615866 5.3118374 0.34448819,
  -2.1615866 5.4486768 0.34448819,-2.1257154 5.4486768 0.34448819,
  -2.0171268 5.2935496 0.34448819,-2.0130571 5.2888043 0.34448819,
  -2.0025638 5.2821173 0.34448819,-1.9903102 5.2799551 0.34448819,
  -1.9781618 5.2826465 0.34448819,-1.9679685 5.2897815 0.34448819,
  -1.9612815 5.3002752 0.34448819,-1.9591193 5.3125283 0.34448819,
  -1.9618106 5.3246768 0.34448819,-1.9648764 5.3301248 0.34448819,
  -2.0489543 5.4502362 0.34448819,-2.0442319 5.4520433 0.34448819,
  -2.0228913 5.5911484 0.34448819,-2.0228913 5.5555862 0.34448819,
  -2.0340831 5.5332028 0.34448819,-2.0436378 5.5236484 0.34448819,
  -2.0660217 5.5124563 0.34448819,-2.1615866 5.5124563 0.34448819,
  -2.1615866 5.6342783 0.34448819,-2.0660217 5.6342783 0.34448819,
  -2.0436378 5.6230866 0.34448819,-2.0340831 5.6135319 0.34448819,
  -0.98123937 5.4689161 0.34448819,-0.97856181 5.470602 0.34448819,
  -0.97778346 5.470924 0.34448819,-0.97690709 5.4716433 0.34448819,
  -0.97594882 5.4722465 0.34448819,-0.97539764 5.4728823 0.34448819,
  -0.97295118 5.4748898 0.34448819,-0.95607835 5.4917626 0.34448819,
  -0.95407087 5.4942091 0.34448819,-0.95343504 5.4947602 0.34448819,
  -0.95283189 5.4957185 0.34448819,-0.9521126 5.4965949 0.34448819,
  -0.95179055 5.4973732 0.34448819,-0.95010472 5.5000508 0.34448819,
  -0.93323189 5.5337965 0.34448819,-0.93099764 5.5396346 0.34448819,
  -0.93091654 5.5407783 0.34448819,-0.93047795 5.5418366 0.34448819,
  -0.92986535 5.5480579 0.34448819,-0.92986535 5.5986768 0.34448819,
  -0.93047795 5.604898 0.34448819,-0.93091654 5.6059567 0.34448819,
  -0.93099764 5.6071 0.34448819,-0.93323189 5.6129382 0.34448819,
  -0.95010472 5.6466839 0.34448819,-0.95179055 5.6493618 0.34448819,
  -0.9521126 5.6501398 0.34448819,-0.95283189 5.6510165 0.34448819,
  -0.95343504 5.6519744 0.34448819,-0.95407087 5.652526 0.34448819,
  -0.95607835 5.654972 0.34448819,-0.97295118 5.6718449 0.34448819,
  -0.97539764 5.6738528 0.34448819,-0.97594882 5.6744882 0.34448819,
  -0.97690709 5.6750917 0.34448819,-0.97778346 5.6758106 0.34448819,
  -0.97856181 5.6761331 0.34448819,-0.98123937 5.6778185 0.34448819,
  -1.0149854 5.6946913 0.34448819,-1.020824 5.6969256 0.34448819,
  -1.0219673 5.6970071 0.34448819,-1.0230256 5.6974453 0.34448819,
  -1.0292469 5.6980579 0.34448819,-1.1642299 5.6980579 0.34448819,
  -1.1704512 5.6974453 0.34448819,-1.1819469 5.6926835 0.34448819,
  -1.1907453 5.683885 0.34448819,-1.1955071 5.6723894 0.34448819,
  -1.1961197 5.6661681 0.34448819,-1.1961197 5.5124563 0.34448819,
  -1.1961197 5.3118374 0.34448819,-1.1955071 5.3056161 0.34448819,
  -1.1907453 5.2941205 0.34448819,-1.1819469 5.285322 0.34448819,
  -1.1704512 5.2805602 0.34448819,-1.1580087 5.2805602 0.34448819,
  -1.146513 5.285322 0.34448819,-1.1377146 5.2941205 0.34448819,
  -1.1329528 5.3056161 0.34448819,-1.1323402 5.3118374 0.34448819,
  -1.1323402 5.4486768 0.34448819,-1.0964689 5.4486768 0.34448819,
  -0.98788031 5.2935496 0.34448819,-0.98381063 5.2888043 0.34448819,
  -0.97331732 5.2821173 0.34448819,-0.96106378 5.2799551 0.34448819,
  -0.94891535 5.2826465 0.34448819,-0.93872205 5.2897815 0.34448819,
  -0.93203504 5.3002752 0.34448819,-0.92987283 5.3125283 0.34448819,
  -0.93256417 5.3246768 0.34448819,-0.93562992 5.3301248 0.34448819,
  -1.0197079 5.4502362 0.34448819,-1.0149854 5.4520433 0.34448819,
  -0.99364488 5.5911484 0.34448819,-0.99364488 5.5555862 0.34448819,
  -1.0048366 5.5332028 0.34448819,-1.0143913 5.5236484 0.34448819,
  -1.0367752 5.5124563 0.34448819,-1.1323402 5.5124563 0.34448819,
  -1.1323402 5.6342783 0.34448819,-1.0367752 5.6342783 0.34448819,
  -1.0143913 5.6230866 0.34448819,-1.0048366 5.6135319 0.34448819,
  5.4304587 5.4689161 0.34448819,5.4331362 5.470602 0.34448819,
  5.4339146 5.470924 0.34448819,5.4347909 5.4716433 0.34448819,
  5.4357492 5.4722465 0.34448819,5.4363004 5.4728823 0.34448819,
  5.4387469 5.4748898 0.34448819,5.4556197 5.4917626 0.34448819,
  5.4576272 5.4942091 0.34448819,5.458263 5.4947602 0.34448819,
  5.4588661 5.4957185 0.34448819,5.4595854 5.4965949 0.34448819,
  5.4599075 5.4973732 0.34448819,5.4615933 5.5000508 0.34448819,
  5.4784661 5.5337965 0.34448819,5.4807004 5.5396346 0.34448819,
  5.4807815 5.5407783 0.34448819,5.4812201 5.5418366 0.34448819,
  5.4818327 5.5480579 0.34448819,5.4818327 5.5986768 0.34448819,
  5.4812201 5.604898 0.34448819,5.4807815 5.6059567 0.34448819,
  5.4807004 5.6071 0.34448819,5.4784661 5.6129382 0.34448819,
  5.4615933 5.6466839 0.34448819,5.4599075 5.6493618 0.34448819,
  5.4595854 5.6501398 0.34448819,5.4588661 5.6510165 0.34448819,
  5.458263 5.6519744 0.34448819,5.4576272 5.652526 0.34448819,
  5.4556197 5.654972 0.34448819,5.4387469 5.6718449 0.34448819,
  5.4363004 5.6738528 0.34448819,5.4357492 5.6744882 0.34448819,
  5.4347909 5.6750917 0.34448819,5.4339146 5.6758106 0.34448819,
  5.4331362 5.6761331 0.34448819,5.4304587 5.6778185 0.34448819,
  5.3967126 5.6946913 0.34448819,5.390874 5.6969256 0.34448819,
  5.3897307 5.6970071 0.34448819,5.3886724 5.6974453 0.34448819,
  5.3824512 5.6980579 0.34448819,5.2474681 5.6980579 0.34448819,
  5.2412469 5.6974453 0.34448819,5.2297512 5.6926835 0.34448819,
  5.2209528 5.683885 0.34448819,5.2161909 5.6723894 0.34448819,
  5.2155783 5.6661681 0.34448819,5.2155783 5.5124563 0.34448819,
  5.2155783 5.3118374 0.34448819,5.2161909 5.3056161 0.34448819,
  5.2209528 5.2941205 0.34448819,5.2297512 5.285322 0.34448819,
  5.2412469 5.2805602 0.34448819,5.2536894 5.2805602 0.34448819,
  5.265185 5.285322 0.34448819,5.2739835 5.2941205 0.34448819,
  5.2787453 5.3056161 0.34448819,5.2793579 5.3118374 0.34448819,
  5.2793579 5.4486768 0.34448819,5.3152291 5.4486768 0.34448819,
  5.4238177 5.2935496 0.34448819,5.4278874 5.2888043 0.34448819,
  5.4383807 5.2821173 0.34448819,5.4506343 5.2799551 0.34448819,
  5.4627827 5.2826465 0.34448819,5.472976 5.2897815 0.34448819,
  5.479663 5.3002752 0.34448819,5.4818252 5.3125283 0.34448819,
  5.4791339 5.3246768 0.34448819,5.4760681 5.3301248 0.34448819,
  5.3919902 5.4502362 0.34448819,5.3967126 5.4520433 0.34448819,
  5.4180531 5.5911484 0.34448819,5.4180531 5.5555862 0.34448819,
  5.4068614 5.5332028 0.34448819,5.3973067 5.5236484 0.34448819,
  5.3749228 5.5124563 0.34448819,5.2793579 5.5124563 0.34448819,
  5.2793579 5.6342783 0.34448819,5.3749228 5.6342783 0.34448819,
  5.3973067 5.6230866 0.34448819,5.4068614 5.6135319 0.34448819,
  -8.1305783 5.6692067 0.34448819,-8.1307992 5.6683953 0.34448819,
  -8.1307197 5.6677689 0.34448819,-8.1308772 5.6661681 0.34448819,
  -8.1308772 5.3118374 0.34448819,-8.1302646 5.3056161 0.34448819,
  -8.1255028 5.2941205 0.34448819,-8.1167043 5.285322 0.34448819,
  -8.1052087 5.2805602 0.34448819,-8.0927661 5.2805602 0.34448819,
  -8.0812705 5.285322 0.34448819,-8.072472 5.2941205 0.34448819,
  -8.0677102 5.3056161 0.34448819,-8.0670976 5.3118374 0.34448819,
  -8.0670976 5.5460854 0.34448819,-7.9242008 5.2960157 0.34448819,
  -7.9232697 5.2947043 0.34448819,-7.923028 5.2941205 0.34448819,
  -7.9224335 5.293526 0.34448819,-7.9205823 5.2909181 0.34448819,
  -7.9172283 5.2883209 0.34448819,-7.9142295 5.285322 0.34448819,
  -7.9123516 5.2845445 0.34448819,-7.9107445 5.2832996 0.34448819,
  -7.9066539 5.2821843 0.34448819,-7.9027339 5.2805602 0.34448819,
  -7.9007 5.2805602 0.34448819,-7.8987398 5.2800256 0.34448819,
  -7.8945335 5.2805602 0.34448819,-7.8902913 5.2805602 0.34448819,
  -7.8884138 5.2813382 0.34448819,-7.8863965 5.2815945 0.34448819,
  -7.8827126 5.2836996 0.34448819,-7.8787957 5.285322 0.34448819,
  -7.8773591 5.2867591 0.34448819,-7.8755933 5.2877677 0.34448819,
  -7.8729965 5.2911217 0.34448819,-7.8699972 5.2941205 0.34448819,
  -7.8692193 5.2959992 0.34448819,-7.8679748 5.2976059 0.34448819,
  -7.8668594 5.3016961 0.34448819,-7.8652354 5.3056161 0.34448819,
  -7.864922 5.3087992 0.34448819,-7.8647008 5.3096102 0.34448819,
  -7.8647807 5.310237 0.34448819,-7.8646228 5.3118374 0.34448819,
  -7.8646228 5.6661681 0.34448819,-7.8652354 5.6723894 0.34448819,
  -7.8699972 5.683885 0.34448819,-7.8787957 5.6926835 0.34448819,
  -7.8902913 5.6974453 0.34448819,-7.9027339 5.6974453 0.34448819,
  -7.9142295 5.6926835 0.34448819,-7.923028 5.683885 0.34448819,
  -7.9277898 5.6723894 0.34448819,-7.9284024 5.6661681 0.34448819,
  -7.9284024 5.4319205 0.34448819,-8.0712992 5.6819898 0.34448819,
  -8.0722307 5.6833016 0.34448819,-8.072472 5.683885 0.34448819,
  -8.0730669 5.6844799 0.34448819,-8.0749177 5.6870874 0.34448819,
  -8.078272 5.689685 0.34448819,-8.0812705 5.6926835 0.34448819,
  -8.0831488 5.6934614 0.34448819,-8.0847555 5.6947059 0.34448819,
  -8.0888465 5.6958217 0.34448819,-8.0927661 5.6974453 0.34448819,
  -8.0948 5.6974453 0.34448819,-8.0967602 5.6979799 0.34448819,
  -8.1009665 5.6974453 0.34448819,-8.1052087 5.6974453 0.34448819,
  -8.1070866 5.6966677 0.34448819,-8.1091035 5.696411 0.34448819,
  -8.1127878 5.6943063 0.34448819,-8.1167043 5.6926835 0.34448819,
  -8.1181413 5.6912469 0.34448819,-8.1199067 5.6902378 0.34448819,
  -8.1225043 5.6868839 0.34448819,-8.1255028 5.683885 0.34448819,
  -8.1262807 5.6820071 0.34448819,-8.1275252 5.6804 0.34448819,
  -8.1286409 5.6763094 0.34448819,-8.1302646 5.6723894 0.34448819,
  -7.7593748 5.6692067 0.34448819,-7.7595957 5.6683953 0.34448819,
  -7.7595161 5.6677689 0.34448819,-7.7596736 5.6661681 0.34448819,
  -7.7596736 5.3118374 0.34448819,-7.759061 5.3056161 0.34448819,
  -7.7542992 5.2941205 0.34448819,-7.7455008 5.285322 0.34448819,
  -7.7340051 5.2805602 0.34448819,-7.7215626 5.2805602 0.34448819,
  -7.7100669 5.285322 0.34448819,-7.7012685 5.2941205 0.34448819,
  -7.6965067 5.3056161 0.34448819,-7.6958941 5.3118374 0.34448819,
  -7.6958941 5.5460854 0.34448819,-7.5529972 5.2960157 0.34448819,
  -7.5520661 5.2947043 0.34448819,-7.5518244 5.2941205 0.34448819,
  -7.5512299 5.293526 0.34448819,-7.5493787 5.2909181 0.34448819,
  -7.5460248 5.2883209 0.34448819,-7.543026 5.285322 0.34448819,
  -7.541148 5.2845445 0.34448819,-7.5395409 5.2832996 0.34448819,
  -7.5354504 5.2821843 0.34448819,-7.5315303 5.2805602 0.34448819,
  -7.5294965 5.2805602 0.34448819,-7.5275362 5.2800256 0.34448819,
  -7.5233299 5.2805602 0.34448819,-7.5190878 5.2805602 0.34448819,
  -7.5172102 5.2813382 0.34448819,-7.5151929 5.2815945 0.34448819,
  -7.5115091 5.2836996 0.34448819,-7.5075921 5.285322 0.34448819,
  -7.5061555 5.2867591 0.34448819,-7.5043898 5.2877677 0.34448819,
  -7.5017929 5.2911217 0.34448819,-7.4987937 5.2941205 0.34448819,
  -7.4980157 5.2959992 0.34448819,-7.4967713 5.2976059 0.34448819,
  -7.4956559 5.3016961 0.34448819,-7.4940319 5.3056161 0.34448819,
  -7.4937185 5.3087992 0.34448819,-7.4934972 5.3096102 0.34448819,
  -7.4935772 5.310237 0.34448819,-7.4934193 5.3118374 0.34448819,
  -7.4934193 5.6661681 0.34448819,-7.4940319 5.6723894 0.34448819,
  -7.4987937 5.683885 0.34448819,-7.5075921 5.6926835 0.34448819,
  -7.5190878 5.6974453 0.34448819,-7.5315303 5.6974453 0.34448819,
  -7.543026 5.6926835 0.34448819,-7.5518244 5.683885 0.34448819,
  -7.5565862 5.6723894 0.34448819,-7.5571988 5.6661681 0.34448819,
  -7.5571988 5.4319205 0.34448819,-7.7000957 5.6819898 0.34448819,
  -7.7010272 5.6833016 0.34448819,-7.7012685 5.683885 0.34448819,
  -7.7018634 5.6844799 0.34448819,-7.7037142 5.6870874 0.34448819,
  -7.7070685 5.689685 0.34448819,-7.7100669 5.6926835 0.34448819,
  -7.7119453 5.6934614 0.34448819,-7.713552 5.6947059 0.34448819,
  -7.7176429 5.6958217 0.34448819,-7.7215626 5.6974453 0.34448819,
  -7.7235965 5.6974453 0.34448819,-7.7255567 5.6979799 0.34448819,
  -7.729763 5.6974453 0.34448819,-7.7340051 5.6974453 0.34448819,
  -7.7358831 5.6966677 0.34448819,-7.7379 5.696411 0.34448819,
  -7.7415843 5.6943063 0.34448819,-7.7455008 5.6926835 0.34448819,
  -7.7469378 5.6912469 0.34448819,-7.7487031 5.6902378 0.34448819,
  -7.7513008 5.6868839 0.34448819,-7.7542992 5.683885 0.34448819,
  -7.7550772 5.6820071 0.34448819,-7.7563217 5.6804 0.34448819,
  -7.7574374 5.6763094 0.34448819,-7.759061 5.6723894 0.34448819,
  -3.5917713 5.6692067 0.34448819,-3.5919921 5.6683953 0.34448819,
  -3.5919126 5.6677689 0.34448819,-3.5920701 5.6661681 0.34448819,
  -3.5920701 5.3118374 0.34448819,-3.5914575 5.3056161 0.34448819,
  -3.5866957 5.2941205 0.34448819,-3.5778972 5.285322 0.34448819,
  -3.5664016 5.2805602 0.34448819,-3.5539591 5.2805602 0.34448819,
  -3.5424634 5.285322 0.34448819,-3.533665 5.2941205 0.34448819,
  -3.5289031 5.3056161 0.34448819,-3.5282906 5.3118374 0.34448819,
  -3.5282906 5.5460854 0.34448819,-3.3853937 5.2960157 0.34448819,
  -3.3844626 5.2947043 0.34448819,-3.3842209 5.2941205 0.34448819,
  -3.3836264 5.293526 0.34448819,-3.3817752 5.2909181 0.34448819,
  -3.3784213 5.2883209 0.34448819,-3.3754224 5.285322 0.34448819,
  -3.3735445 5.2845445 0.34448819,-3.3719374 5.2832996 0.34448819,
  -3.3678469 5.2821843 0.34448819,-3.3639268 5.2805602 0.34448819,
  -3.3618929 5.2805602 0.34448819,-3.3599327 5.2800256 0.34448819,
  -3.3557264 5.2805602 0.34448819,-3.3514843 5.2805602 0.34448819,
  -3.3496067 5.2813382 0.34448819,-3.3475894 5.2815945 0.34448819,
  -3.3439055 5.2836996 0.34448819,-3.3399886 5.285322 0.34448819,
  -3.338552 5.2867591 0.34448819,-3.3367862 5.2877677 0.34448819,
  -3.3341894 5.2911217 0.34448819,-3.3311902 5.2941205 0.34448819,
  -3.3304122 5.2959992 0.34448819,-3.3291677 5.2976059 0.34448819,
  -3.3280524 5.3016961 0.34448819,-3.3264283 5.3056161 0.34448819,
  -3.326115 5.3087992 0.34448819,-3.3258937 5.3096102 0.34448819,
  -3.3259736 5.310237 0.34448819,-3.3258157 5.3118374 0.34448819,
  -3.3258157 5.6661681 0.34448819,-3.3264283 5.6723894 0.34448819,
  -3.3311902 5.683885 0.34448819,-3.3399886 5.6926835 0.34448819,
  -3.3514843 5.6974453 0.34448819,-3.3639268 5.6974453 0.34448819,
  -3.3754224 5.6926835 0.34448819,-3.3842209 5.683885 0.34448819,
  -3.3889827 5.6723894 0.34448819,-3.3895953 5.6661681 0.34448819,
  -3.3895953 5.4319205 0.34448819,-3.5324921 5.6819898 0.34448819,
  -3.5334236 5.6833016 0.34448819,-3.533665 5.683885 0.34448819,
  -3.5342598 5.6844799 0.34448819,-3.5361106 5.6870874 0.34448819,
  -3.539465 5.689685 0.34448819,-3.5424634 5.6926835 0.34448819,
  -3.5443417 5.6934614 0.34448819,-3.5459484 5.6947059 0.34448819,
  -3.5500394 5.6958217 0.34448819,-3.5539591 5.6974453 0.34448819,
  -3.5559929 5.6974453 0.34448819,-3.5579531 5.6979799 0.34448819,
  -3.5621594 5.6974453 0.34448819,-3.5664016 5.6974453 0.34448819,
  -3.5682795 5.6966677 0.34448819,-3.5702965 5.696411 0.34448819,
  -3.5739807 5.6943063 0.34448819,-3.5778972 5.6926835 0.34448819,
  -3.5793343 5.6912469 0.34448819,-3.5810996 5.6902378 0.34448819,
  -3.5836972 5.6868839 0.34448819,-3.5866957 5.683885 0.34448819,
  -3.5874736 5.6820071 0.34448819,-3.5887181 5.6804 0.34448819,
  -3.5898339 5.6763094 0.34448819,-3.5914575 5.6723894 0.34448819,
  -3.9795335 5.3056161 0.34448819,-3.9747717 5.2941205 0.34448819,
  -3.9659732 5.285322 0.34448819,-3.9544776 5.2805602 0.34448819,
  -3.942035 5.2805602 0.34448819,-3.9305394 5.285322 0.34448819,
  -3.9217409 5.2941205 0.34448819,-3.9169791 5.3056161 0.34448819,
  -3.9163665 5.3118374 0.34448819,-3.9163665 5.6342783 0.34448819,
  -3.8470189 5.6342783 0.34448819,-3.8407976 5.6348909 0.34448819,
  -3.829302 5.6396528 0.34448819,-3.8205035 5.6484512 0.34448819,
  -3.8157417 5.6599469 0.34448819,-3.8157417 5.6723894 0.34448819,
  -3.8205035 5.683885 0.34448819,-3.829302 5.6926835 0.34448819,
  -3.8407976 5.6974453 0.34448819,-3.8470189 5.6980579 0.34448819,
  -4.0494937 5.6980579 0.34448819,-4.055715 5.6974453 0.34448819,
  -4.0672106 5.6926835 0.34448819,-4.0760091 5.683885 0.34448819,
  -4.0807709 5.6723894 0.34448819,-4.0807709 5.6599469 0.34448819,
  -4.0760091 5.6484512 0.34448819,-4.0672106 5.6396528 0.34448819,
  -4.055715 5.6348909 0.34448819,-4.0494937 5.6342783 0.34448819,
  -3.9801461 5.6342783 0.34448819,-3.9801461 5.3118374 0.34448819,
  -4.1737157 5.381185 0.34448819,-4.1472386 5.3017531 0.34448819,
  -4.1446902 5.2960449 0.34448819,-4.1365374 5.2866449 0.34448819,
  -4.1254083 5.2810803 0.34448819,-4.1129969 5.280198 0.34448819,
  -4.1011929 5.2841327 0.34448819,-4.0917929 5.2922854 0.34448819,
  -4.0862283 5.3034146 0.34448819,-4.0853461 5.3158264 0.34448819,
  -4.0867323 5.321922 0.34448819,-4.2048425 5.6762524 0.34448819,
  -4.2073909 5.6819606 0.34448819,-4.2088846 5.6836827 0.34448819,
  -4.2099031 5.6857201 0.34448819,-4.212924 5.6883402 0.34448819,
  -4.2155437 5.6913606 0.34448819,-4.2175815 5.6923795 0.34448819,
  -4.2193031 5.6938728 0.34448819,-4.223098 5.6951378 0.34448819,
  -4.2266728 5.6969252 0.34448819,-4.2289449 5.697087 0.34448819,
  -4.2311071 5.6978075 0.34448819,-4.2350957 5.697524 0.34448819,
  -4.2390843 5.6978075 0.34448819,-4.2412469 5.697087 0.34448819,
  -4.2435185 5.6969252 0.34448819,-4.2470933 5.6951378 0.34448819,
  -4.2508882 5.6938728 0.34448819,-4.2526102 5.6923795 0.34448819,
  -4.2546476 5.6913606 0.34448819,-4.2572677 5.6883402 0.34448819,
  -4.2602882 5.6857201 0.34448819,-4.2613071 5.6836827 0.34448819,
  -4.2628004 5.6819606 0.34448819,-4.2653488 5.6762524 0.34448819,
  -4.3424449 5.4449646 0.34448819,-4.3834591 5.3219217 0.34448819,
  -4.3848453 5.315826 0.34448819,-4.383963 5.3034146 0.34448819,
  -4.3783984 5.2922854 0.34448819,-4.3689984 5.2841327 0.34448819,
  -4.3571945 5.280198 0.34448819,-4.3447831 5.2810803 0.34448819,
  -4.3336539 5.2866449 0.34448819,-4.3255012 5.2960449 0.34448819,
  -4.3229528 5.3017531 0.34448819,-4.2964756 5.381185 0.34448819,
  -4.1949756 5.4449646 0.34448819,-4.2752157 5.4449646 0.34448819,
  -4.2350957 5.5653244 0.34448819,1.0993488 5.6778185 0.34448819,
  1.0966709 5.6761331 0.34448819,1.0958929 5.6758106 0.34448819,
  1.0950161 5.6750917 0.34448819,1.0940583 5.6744882 0.34448819,
  1.0935067 5.6738528 0.34448819,1.0910606 5.6718449 0.34448819,
  1.0741878 5.654972 0.34448819,1.0721799 5.652526 0.34448819,
  1.0715445 5.6519744 0.34448819,1.0709409 5.6510165 0.34448819,
  1.070222 5.6501398 0.34448819,1.0698996 5.6493618 0.34448819,
  1.0682142 5.6466839 0.34448819,1.0513413 5.6129382 0.34448819,
  1.0491071 5.6071 0.34448819,1.0490256 5.6059567 0.34448819,
  1.0485874 5.604898 0.34448819,1.0479748 5.5986768 0.34448819,
  1.0479748 5.5649307 0.34448819,1.0485874 5.5587094 0.34448819,
  1.0490256 5.5576512 0.34448819,1.0491071 5.5565075 0.34448819,
  1.0513413 5.5506693 0.34448819,1.0682142 5.5169236 0.34448819,
  1.0698996 5.5142461 0.34448819,1.070222 5.5134677 0.34448819,
  1.0709409 5.5125913 0.34448819,1.0715445 5.5116331 0.34448819,
  1.0721799 5.5110819 0.34448819,1.0741878 5.5086354 0.34448819,
  1.0910606 5.4917626 0.34448819,1.0935067 5.4897551 0.34448819,
  1.0940583 5.4891193 0.34448819,1.0950161 5.4885161 0.34448819,
  1.0958929 5.4877969 0.34448819,1.0966709 5.4874748 0.34448819,
  1.0993488 5.485789 0.34448819,1.1330949 5.4689161 0.34448819,
  1.1335504 5.4687417 0.34448819,1.133735 5.4686051 0.34448819,
  1.1363406 5.4676744 0.34448819,1.1389335 5.4666819 0.34448819,
  1.139163 5.4666657 0.34448819,1.139622 5.4665016 0.34448819,
  1.2037173 5.450478 0.34448819,1.2297035 5.437485 0.34448819,
  1.2392571 5.4279311 0.34448819,1.2504496 5.4055465 0.34448819,
  1.2504496 5.3868575 0.34448819,1.2392571 5.3644732 0.34448819,
  1.2297035 5.3549193 0.34448819,1.2073193 5.3437272 0.34448819,
  1.1356583 5.3437272 0.34448819,1.0899488 5.3589634 0.34448819,
  1.0838531 5.3603496 0.34448819,1.0714417 5.3594673 0.34448819,
  1.0603126 5.3539028 0.34448819,1.0521598 5.3445028 0.34448819,
  1.0482252 5.3326988 0.34448819,1.0491075 5.3202874 0.34448819,
  1.054672 5.3091583 0.34448819,1.064072 5.3010055 0.34448819,
  1.0697803 5.2984571 0.34448819,1.1203992 5.2815839 0.34448819,
  1.1234839 5.2808827 0.34448819,1.1242622 5.2805602 0.34448819,
  1.1253902 5.2804492 0.34448819,1.1264949 5.280198 0.34448819,
  1.1273343 5.2802579 0.34448819,1.1304835 5.2799476 0.34448819,
  1.2148476 5.2799476 0.34448819,1.2210689 5.2805602 0.34448819,
  1.2221272 5.2809988 0.34448819,1.2232705 5.2810799 0.34448819,
  1.2291091 5.2833142 0.34448819,1.2628551 5.300187 0.34448819,
  1.2655327 5.3018728 0.34448819,1.266311 5.3021949 0.34448819,
  1.267187 5.3029142 0.34448819,1.2681457 5.3035173 0.34448819,
  1.2686972 5.3041539 0.34448819,1.2711433 5.306161 0.34448819,
  1.2880165 5.3230343 0.34448819,1.2900236 5.3254807 0.34448819,
  1.2906594 5.3260315 0.34448819,1.2912622 5.3269898 0.34448819,
  1.2919823 5.3278665 0.34448819,1.2923047 5.3286457 0.34448819,
  1.2939898 5.331322 0.34448819,1.3108626 5.3650677 0.34448819,
  1.3130969 5.3709059 0.34448819,1.313178 5.3720496 0.34448819,
  1.3136165 5.3731079 0.34448819,1.3142291 5.3793291 0.34448819,
  1.3142291 5.4130748 0.34448819,1.3136165 5.4192961 0.34448819,
  1.313178 5.4203547 0.34448819,1.3130969 5.421498 0.34448819,
  1.3108626 5.4273362 0.34448819,1.2939898 5.4610819 0.34448819,
  1.2923047 5.4637587 0.34448819,1.2919823 5.4645374 0.34448819,
  1.2912622 5.4654146 0.34448819,1.2906594 5.4663724 0.34448819,
  1.2900236 5.4669236 0.34448819,1.2880165 5.4693697 0.34448819,
  1.2711433 5.4862429 0.34448819,1.2686972 5.4882504 0.34448819,
  1.2681457 5.4888866 0.34448819,1.267187 5.4894902 0.34448819,
  1.266311 5.4902091 0.34448819,1.2655327 5.4905315 0.34448819,
  1.2628551 5.4922169 0.34448819,1.2291091 5.5090898 0.34448819,
  1.2286531 5.5092646 0.34448819,1.2284689 5.5094008 0.34448819,
  1.225863 5.5103319 0.34448819,1.2232705 5.511324 0.34448819,
  1.2230406 5.5113406 0.34448819,1.2225819 5.5115043 0.34448819,
  1.1584862 5.5275283 0.34448819,1.1325004 5.5405213 0.34448819,
  1.1229461 5.5500756 0.34448819,1.1117543 5.5724591 0.34448819,
  1.1117543 5.5911484 0.34448819,1.1229461 5.6135319 0.34448819,
  1.1325004 5.6230866 0.34448819,1.1548846 5.6342783 0.34448819,
  1.2265461 5.6342783 0.34448819,1.2722551 5.6190417 0.34448819,
  1.2783508 5.6176559 0.34448819,1.2907626 5.6185382 0.34448819,
  1.3018917 5.6241028 0.34448819,1.3100445 5.6335028 0.34448819,
  1.3139791 5.6453067 0.34448819,1.3130969 5.6577181 0.34448819,
  1.3075323 5.6688472 0.34448819,1.2981323 5.677 0.34448819,
  1.292424 5.6795484 0.34448819,1.2418047 5.6964213 0.34448819,
  1.2387205 5.6971228 0.34448819,1.2379417 5.6974453 0.34448819,
  1.236813 5.6975567 0.34448819,1.2357091 5.6978075 0.34448819,
  1.2348693 5.697748 0.34448819,1.2317205 5.6980579 0.34448819,
  1.1473563 5.6980579 0.34448819,1.141135 5.6974453 0.34448819,
  1.1400764 5.6970071 0.34448819,1.1389335 5.6969256 0.34448819,
  1.1330949 5.6946913 0.34448819,1.4368067 5.6778185 0.34448819,
  1.4341287 5.6761331 0.34448819,1.4333508 5.6758106 0.34448819,
  1.432474 5.6750917 0.34448819,1.4315161 5.6744882 0.34448819,
  1.4309646 5.6738528 0.34448819,1.4285185 5.6718449 0.34448819,
  1.4116457 5.654972 0.34448819,1.4096378 5.652526 0.34448819,
  1.4090024 5.6519744 0.34448819,1.4083988 5.6510165 0.34448819,
  1.4076799 5.6501398 0.34448819,1.4073575 5.6493618 0.34448819,
  1.405672 5.6466839 0.34448819,1.3887992 5.6129382 0.34448819,
  1.386565 5.6071 0.34448819,1.3864835 5.6059567 0.34448819,
  1.3860453 5.604898 0.34448819,1.3854327 5.5986768 0.34448819,
  1.3854327 5.5649307 0.34448819,1.3860453 5.5587094 0.34448819,
  1.3864835 5.5576512 0.34448819,1.386565 5.5565075 0.34448819,
  1.3887992 5.5506693 0.34448819,1.405672 5.5169236 0.34448819,
  1.4073575 5.5142461 0.34448819,1.4076799 5.5134677 0.34448819,
  1.4083988 5.5125913 0.34448819,1.4090024 5.5116331 0.34448819,
  1.4096378 5.5110819 0.34448819,1.4116457 5.5086354 0.34448819,
  1.4285185 5.4917626 0.34448819,1.4309646 5.4897551 0.34448819,
  1.4315161 5.4891193 0.34448819,1.432474 5.4885161 0.34448819,
  1.4333508 5.4877969 0.34448819,1.4341287 5.4874748 0.34448819,
  1.4368067 5.485789 0.34448819,1.4705528 5.4689161 0.34448819,
  1.4710083 5.4687417 0.34448819,1.4711929 5.4686051 0.34448819,
  1.4737984 5.4676744 0.34448819,1.4763913 5.4666819 0.34448819,
  1.4766209 5.4666657 0.34448819,1.4770799 5.4665016 0.34448819,
  1.5411752 5.450478 0.34448819,1.5671614 5.437485 0.34448819,
  1.576715 5.4279311 0.34448819,1.5879075 5.4055465 0.34448819,
  1.5879075 5.3868575 0.34448819,1.576715 5.3644732 0.34448819,
  1.5671614 5.3549193 0.34448819,1.5447772 5.3437272 0.34448819,
  1.4731161 5.3437272 0.34448819,1.4274067 5.3589634 0.34448819,
  1.421311 5.3603496 0.34448819,1.4088996 5.3594673 0.34448819,
  1.3977705 5.3539028 0.34448819,1.3896177 5.3445028 0.34448819,
  1.3856831 5.3326988 0.34448819,1.3865654 5.3202874 0.34448819,
  1.3921299 5.3091583 0.34448819,1.4015299 5.3010055 0.34448819,
  1.4072382 5.2984571 0.34448819,1.4578571 5.2815839 0.34448819,
  1.4609417 5.2808827 0.34448819,1.4617201 5.2805602 0.34448819,
  1.462848 5.2804492 0.34448819,1.4639528 5.280198 0.34448819,
  1.4647921 5.2802579 0.34448819,1.4679413 5.2799476 0.34448819,
  1.5523055 5.2799476 0.34448819,1.5585268 5.2805602 0.34448819,
  1.559585 5.2809988 0.34448819,1.5607283 5.2810799 0.34448819,
  1.5665669 5.2833142 0.34448819,1.600313 5.300187 0.34448819,
  1.6029906 5.3018728 0.34448819,1.6037689 5.3021949 0.34448819,
  1.6046449 5.3029142 0.34448819,1.6056035 5.3035173 0.34448819,
  1.6061551 5.3041539 0.34448819,1.6086012 5.306161 0.34448819,
  1.6254744 5.3230343 0.34448819,1.6274815 5.3254807 0.34448819,
  1.6281173 5.3260315 0.34448819,1.6287201 5.3269898 0.34448819,
  1.6294402 5.3278665 0.34448819,1.6297626 5.3286457 0.34448819,
  1.6314476 5.331322 0.34448819,1.6483205 5.3650677 0.34448819,
  1.6505547 5.3709059 0.34448819,1.6506358 5.3720496 0.34448819,
  1.6510744 5.3731079 0.34448819,1.651687 5.3793291 0.34448819,
  1.651687 5.4130748 0.34448819,1.6510744 5.4192961 0.34448819,
  1.6506358 5.4203547 0.34448819,1.6505547 5.421498 0.34448819,
  1.6483205 5.4273362 0.34448819,1.6314476 5.4610819 0.34448819,
  1.6297626 5.4637587 0.34448819,1.6294402 5.4645374 0.34448819,
  1.6287201 5.4654146 0.34448819,1.6281173 5.4663724 0.34448819,
  1.6274815 5.4669236 0.34448819,1.6254744 5.4693697 0.34448819,
  1.6086012 5.4862429 0.34448819,1.6061551 5.4882504 0.34448819,
  1.6056035 5.4888866 0.34448819,1.6046449 5.4894902 0.34448819,
  1.6037689 5.4902091 0.34448819,1.6029906 5.4905315 0.34448819,
  1.600313 5.4922169 0.34448819,1.5665669 5.5090898 0.34448819,
  1.566111 5.5092646 0.34448819,1.5659268 5.5094008 0.34448819,
  1.5633209 5.5103319 0.34448819,1.5607283 5.511324 0.34448819,
  1.5604984 5.5113406 0.34448819,1.5600398 5.5115043 0.34448819,
  1.4959441 5.5275283 0.34448819,1.4699583 5.5405213 0.34448819,
  1.4604039 5.5500756 0.34448819,1.4492122 5.5724591 0.34448819,
  1.4492122 5.5911484 0.34448819,1.4604039 5.6135319 0.34448819,
  1.4699583 5.6230866 0.34448819,1.4923425 5.6342783 0.34448819,
  1.5640039 5.6342783 0.34448819,1.609713 5.6190417 0.34448819,
  1.6158087 5.6176559 0.34448819,1.6282205 5.6185382 0.34448819,
  1.6393496 5.6241028 0.34448819,1.6475024 5.6335028 0.34448819,
  1.651437 5.6453067 0.34448819,1.6505547 5.6577181 0.34448819,
  1.6449902 5.6688472 0.34448819,1.6355902 5.677 0.34448819,
  1.6298819 5.6795484 0.34448819,1.5792626 5.6964213 0.34448819,
  1.5761783 5.6971228 0.34448819,1.5753996 5.6974453 0.34448819,
  1.5742709 5.6975567 0.34448819,1.5731669 5.6978075 0.34448819,
  1.5723272 5.697748 0.34448819,1.5691783 5.6980579 0.34448819,
  1.4848142 5.6980579 0.34448819,1.4785929 5.6974453 0.34448819,
  1.4775343 5.6970071 0.34448819,1.4763913 5.6969256 0.34448819,
  1.4705528 5.6946913 0.34448819,0.92189685 5.381185 0.34448819,
  0.94837402 5.3017531 0.34448819,0.95092244 5.2960449 0.34448819,
  0.9590752 5.2866449 0.34448819,0.97020433 5.2810803 0.34448819,
  0.98261575 5.280198 0.34448819,0.99441969 5.2841327 0.34448819,
  1.0038197 5.2922854 0.34448819,1.0093843 5.3034146 0.34448819,
  1.0102665 5.3158264 0.34448819,1.0088803 5.321922 0.34448819,
  0.89077008 5.6762524 0.34448819,0.88822165 5.6819606 0.34448819,
  0.88672795 5.6836827 0.34448819,0.88570945 5.6857201 0.34448819,
  0.88268858 5.6883402 0.34448819,0.8800689 5.6913606 0.34448819,
  0.8780311 5.6923795 0.34448819,0.87630945 5.6938728 0.34448819,
  0.87251457 5.6951378 0.34448819,0.86893976 5.6969252 0.34448819,
  0.86666772 5.697087 0.34448819,0.86450551 5.6978075 0.34448819,
  0.86051693 5.697524 0.34448819,0.85652835 5.6978075 0.34448819,
  0.85436575 5.697087 0.34448819,0.85209409 5.6969252 0.34448819,
  0.84851929 5.6951378 0.34448819,0.84472441 5.6938728 0.34448819,
  0.84300236 5.6923795 0.34448819,0.84096496 5.6913606 0.34448819,
  0.83834488 5.6883402 0.34448819,0.83532441 5.6857201 0.34448819,
  0.83430551 5.6836827 0.34448819,0.8328122 5.6819606 0.34448819,
  0.83026378 5.6762524 0.34448819,0.75316772 5.4449646 0.34448819,
  0.71215354 5.3219217 0.34448819,0.71076732 5.315826 0.34448819,
  0.71164961 5.3034146 0.34448819,0.71721417 5.2922854 0.34448819,
  0.72661417 5.2841327 0.34448819,0.73841811 5.280198 0.34448819,
  0.75082953 5.2810803 0.34448819,0.76195866 5.2866449 0.34448819,
  0.77011142 5.2960449 0.34448819,0.77265984 5.3017531 0.34448819,
  0.79913701 5.381185 0.34448819,0.90063701 5.4449646 0.34448819,
  0.82039685 5.4449646 0.34448819,0.86051693 5.5653244 0.34448819,
  7.7977433 5.3056161 0.34448819,7.8025051 5.2941205 0.34448819,
  7.8113035 5.285322 0.34448819,7.8227992 5.2805602 0.34448819,
  7.8352417 5.2805602 0.34448819,7.8467374 5.285322 0.34448819,
  7.8555358 5.2941205 0.34448819,7.8602976 5.3056161 0.34448819,
  7.8609102 5.3118374 0.34448819,7.8609102 5.6342783 0.34448819,
  7.9302579 5.6342783 0.34448819,7.9364791 5.6348909 0.34448819,
  7.9479748 5.6396528 0.34448819,7.9567732 5.6484512 0.34448819,
  7.961535 5.6599469 0.34448819,7.961535 5.6723894 0.34448819,
  7.9567732 5.683885 0.34448819,7.9479748 5.6926835 0.34448819,
  7.9364791 5.6974453 0.34448819,7.9302579 5.6980579 0.34448819,
  7.7277831 5.6980579 0.34448819,7.7215618 5.6974453 0.34448819,
  7.7100661 5.6926835 0.34448819,7.7012677 5.683885 0.34448819,
  7.6965059 5.6723894 0.34448819,7.6965059 5.6599469 0.34448819,
  7.7012677 5.6484512 0.34448819,7.7100661 5.6396528 0.34448819,
  7.7215618 5.6348909 0.34448819,7.7277831 5.6342783 0.34448819,
  7.7971307 5.6342783 0.34448819,7.7971307 5.3118374 0.34448819,
  7.603561 5.381185 0.34448819,7.6300382 5.3017531 0.34448819,
  7.6325866 5.2960449 0.34448819,7.6407394 5.2866449 0.34448819,
  7.6518685 5.2810803 0.34448819,7.6642799 5.280198 0.34448819,
  7.6760839 5.2841327 0.34448819,7.6854839 5.2922854 0.34448819,
  7.6910484 5.3034146 0.34448819,7.6919307 5.3158264 0.34448819,
  7.6905445 5.321922 0.34448819,7.5724343 5.6762524 0.34448819,
  7.5698858 5.6819606 0.34448819,7.5683921 5.6836827 0.34448819,
  7.5673736 5.6857201 0.34448819,7.5643528 5.6883402 0.34448819,
  7.5617331 5.6913606 0.34448819,7.5596953 5.6923795 0.34448819,
  7.5579736 5.6938728 0.34448819,7.5541787 5.6951378 0.34448819,
  7.5506039 5.6969252 0.34448819,7.5483319 5.697087 0.34448819,
  7.5461697 5.6978075 0.34448819,7.5421811 5.697524 0.34448819,
  7.5381925 5.6978075 0.34448819,7.5360299 5.697087 0.34448819,
  7.5337583 5.6969252 0.34448819,7.5301835 5.6951378 0.34448819,
  7.5263886 5.6938728 0.34448819,7.5246665 5.6923795 0.34448819,
  7.5226291 5.6913606 0.34448819,7.5200091 5.6883402 0.34448819,
  7.5169886 5.6857201 0.34448819,7.5159697 5.6836827 0.34448819,
  7.5144764 5.6819606 0.34448819,7.511928 5.6762524 0.34448819,
  7.4348319 5.4449646 0.34448819,7.3938177 5.3219217 0.34448819,
  7.3924315 5.315826 0.34448819,7.3933138 5.3034146 0.34448819,
  7.3988783 5.2922854 0.34448819,7.4082783 5.2841327 0.34448819,
  7.4200823 5.280198 0.34448819,7.4324937 5.2810803 0.34448819,
  7.4436228 5.2866449 0.34448819,7.4517756 5.2960449 0.34448819,
  7.454324 5.3017531 0.34448819,7.4808012 5.381185 0.34448819,
  7.5823012 5.4449646 0.34448819,7.502061 5.4449646 0.34448819,
  7.5421811 5.5653244 0.34448819,8.1772394 5.381185 0.34448819,
  8.2037165 5.3017531 0.34448819,8.206265 5.2960449 0.34448819,
  8.2144177 5.2866449 0.34448819,8.2255469 5.2810803 0.34448819,
  8.2379583 5.280198 0.34448819,8.2497622 5.2841327 0.34448819,
  8.2591622 5.2922854 0.34448819,8.2647268 5.3034146 0.34448819,
  8.2656091 5.3158264 0.34448819,8.2642228 5.321922 0.34448819,
  8.1461126 5.6762524 0.34448819,8.1435642 5.6819606 0.34448819,
  8.1420705 5.6836827 0.34448819,8.141052 5.6857201 0.34448819,
  8.1380311 5.6883402 0.34448819,8.1354114 5.6913606 0.34448819,
  8.1333736 5.6923795 0.34448819,8.131652 5.6938728 0.34448819,
  8.1278571 5.6951378 0.34448819,8.1242823 5.6969252 0.34448819,
  8.1220102 5.697087 0.34448819,8.119848 5.6978075 0.34448819,
  8.1158594 5.697524 0.34448819,8.1118709 5.6978075 0.34448819,
  8.1097083 5.697087 0.34448819,8.1074366 5.6969252 0.34448819,
  8.1038618 5.6951378 0.34448819,8.1000669 5.6938728 0.34448819,
  8.0983449 5.6923795 0.34448819,8.0963075 5.6913606 0.34448819,
  8.0936874 5.6883402 0.34448819,8.0906669 5.6857201 0.34448819,
  8.089648 5.6836827 0.34448819,8.0881547 5.6819606 0.34448819,
  8.0856063 5.6762524 0.34448819,8.0085102 5.4449646 0.34448819,
  7.9674961 5.3219217 0.34448819,7.9661098 5.315826 0.34448819,
  7.9669921 5.3034146 0.34448819,7.9725567 5.2922854 0.34448819,
  7.9819567 5.2841327 0.34448819,7.9937606 5.280198 0.34448819,
  8.006172 5.2810803 0.34448819,8.0173012 5.2866449 0.34448819,
  8.0254539 5.2960449 0.34448819,8.0280024 5.3017531 0.34448819,
  8.0544795 5.381185 0.34448819,8.1559795 5.4449646 0.34448819,
  8.0757394 5.4449646 0.34448819,8.1158594 5.5653244 0.34448819,
  -4.7389102 5.6714138 0.34448819,-4.7390567 5.6710098 0.34448819,
  -4.739024 5.6702583 0.34448819,-4.7394264 5.6661681 0.34448819,
  -4.7394264 5.3118374 0.34448819,-4.7388138 5.3056161 0.34448819,
  -4.734052 5.2941205 0.34448819,-4.7252535 5.285322 0.34448819,
  -4.7137579 5.2805602 0.34448819,-4.7013154 5.2805602 0.34448819,
  -4.6898197 5.285322 0.34448819,-4.6810213 5.2941205 0.34448819,
  -4.6762594 5.3056161 0.34448819,-4.6756469 5.3118374 0.34448819,
  -4.6756469 5.5224228 0.34448819,-4.6183244 5.399589 0.34448819,
  -4.6169744 5.3973102 0.34448819,-4.6166941 5.3965394 0.34448819,
  -4.6161949 5.3959945 0.34448819,-4.6151382 5.3942106 0.34448819,
  -4.6115642 5.3909374 0.34448819,-4.6082906 5.387363 0.34448819,
  -4.6070067 5.3867638 0.34448819,-4.6059618 5.3858071 0.34448819,
  -4.6014083 5.3841512 0.34448819,-4.5970154 5.3821012 0.34448819,
  -4.5956 5.382039 0.34448819,-4.5942681 5.3815547 0.34448819,
  -4.5894264 5.3817677 0.34448819,-4.5845846 5.3815547 0.34448819,
  -4.5832531 5.382039 0.34448819,-4.5818374 5.3821012 0.34448819,
  -4.5774433 5.384152 0.34448819,-4.5728909 5.3858071 0.34448819,
  -4.5718472 5.3867634 0.34448819,-4.5705622 5.3873626 0.34448819,
  -4.5672878 5.3909386 0.34448819,-4.5637146 5.3942106 0.34448819,
  -4.5626583 5.3959941 0.34448819,-4.5621587 5.3965394 0.34448819,
  -4.5618787 5.3973102 0.34448819,-4.5605283 5.399589 0.34448819,
  -4.5032059 5.5224228 0.34448819,-4.5032059 5.3118374 0.34448819,
  -4.5025933 5.3056161 0.34448819,-4.4978315 5.2941205 0.34448819,
  -4.4890331 5.285322 0.34448819,-4.4775374 5.2805602 0.34448819,
  -4.4650949 5.2805602 0.34448819,-4.4535992 5.285322 0.34448819,
  -4.4448008 5.2941205 0.34448819,-4.440039 5.3056161 0.34448819,
  -4.4394264 5.3118374 0.34448819,-4.4394264 5.6661681 0.34448819,
  -4.4398291 5.6702583 0.34448819,-4.4397961 5.6710098 0.34448819,
  -4.4399429 5.6714138 0.34448819,-4.440039 5.6723894 0.34448819,
  -4.4421583 5.6775051 0.34448819,-4.4440484 5.6827035 0.34448819,
  -4.4445287 5.683228 0.34448819,-4.4448008 5.683885 0.34448819,
  -4.4487126 5.6877969 0.34448819,-4.452452 5.6918803 0.34448819,
  -4.4530972 5.6921815 0.34448819,-4.4535992 5.6926835 0.34448819,
  -4.4587091 5.6948004 0.34448819,-4.4637272 5.6971417 0.34448819,
  -4.4644378 5.6971732 0.34448819,-4.4650949 5.6974453 0.34448819,
  -4.4706323 5.6974453 0.34448819,-4.4761579 5.6976882 0.34448819,
  -4.476826 5.6974453 0.34448819,-4.4775374 5.6974453 0.34448819,
  -4.4826531 5.6953264 0.34448819,-4.4878516 5.6934358 0.34448819,
  -4.488376 5.6929559 0.34448819,-4.4890331 5.6926835 0.34448819,
  -4.4929472 5.6887697 0.34448819,-4.497028 5.6850323 0.34448819,
  -4.4975276 5.6841894 0.34448819,-4.4978315 5.683885 0.34448819,
  -4.4981197 5.6831898 0.34448819,-4.5002142 5.6796539 0.34448819,
  -4.5894264 5.488485 0.34448819,-4.6786386 5.6796539 0.34448819,
  -4.6807335 5.6831898 0.34448819,-4.6810213 5.683885 0.34448819,
  -4.6813256 5.6841894 0.34448819,-4.6818248 5.6850323 0.34448819,
  -4.6859059 5.6887697 0.34448819,-4.6898197 5.6926835 0.34448819,
  -4.6904772 5.6929559 0.34448819,-4.6910012 5.6934358 0.34448819,
  -4.6962 5.6953264 0.34448819,-4.7013154 5.6974453 0.34448819,
  -4.7020268 5.6974453 0.34448819,-4.7026949 5.6976882 0.34448819,
  -4.7082205 5.6974453 0.34448819,-4.7137579 5.6974453 0.34448819,
  -4.7144154 5.6971732 0.34448819,-4.7151256 5.6971417 0.34448819,
  -4.7201406 5.6948016 0.34448819,-4.7252535 5.6926835 0.34448819,
  -4.7257567 5.6921807 0.34448819,-4.7264008 5.6918799 0.34448819,
  -4.7301382 5.6877992 0.34448819,-4.734052 5.683885 0.34448819,
  -4.7343244 5.683228 0.34448819,-4.7348043 5.6827035 0.34448819,
  -4.7366949 5.6775051 0.34448819,-4.7388138 5.6723894 0.34448819,
  -3.6970193 5.6661681 0.34448819,-3.6976319 5.6723894 0.34448819,
  -3.7023937 5.683885 0.34448819,-3.7111921 5.6926835 0.34448819,
  -3.7226878 5.6974453 0.34448819,-3.7351303 5.6974453 0.34448819,
  -3.746626 5.6926835 0.34448819,-3.7554244 5.683885 0.34448819,
  -3.7601862 5.6723894 0.34448819,-3.7607988 5.6661681 0.34448819,
  -3.7607988 5.3118374 0.34448819,-3.7601862 5.3056161 0.34448819,
  -3.7554244 5.2941205 0.34448819,-3.746626 5.285322 0.34448819,
  -3.7351303 5.2805602 0.34448819,-3.7226878 5.2805602 0.34448819,
  -3.7111921 5.285322 0.34448819,-3.7023937 5.2941205 0.34448819,
  -3.6976319 5.3056161 0.34448819,-3.6970193 5.3118374 0.34448819,
  0.45371142 5.5293291 0.34448819,0.45371142 5.6661681 0.34448819,
  0.45309882 5.6723894 0.34448819,0.44833701 5.683885 0.34448819,
  0.43953858 5.6926835 0.34448819,0.42804291 5.6974453 0.34448819,
  0.41560039 5.6974453 0.34448819,0.40410472 5.6926835 0.34448819,
  0.3953063 5.683885 0.34448819,0.39054449 5.6723894 0.34448819,
  0.38993189 5.6661681 0.34448819,0.38993189 5.3118374 0.34448819,
  0.39054449 5.3056161 0.34448819,0.3953063 5.2941205 0.34448819,
  0.40410472 5.285322 0.34448819,0.41560039 5.2805602 0.34448819,
  0.42804291 5.2805602 0.34448819,0.43953858 5.285322 0.34448819,
  0.44833701 5.2941205 0.34448819,0.45309882 5.3056161 0.34448819,
  0.45371142 5.3118374 0.34448819,0.45371142 5.4655496 0.34448819,
  0.59240669 5.4655496 0.34448819,0.59240669 5.3118374 0.34448819,
  0.59301929 5.3056161 0.34448819,0.5977811 5.2941205 0.34448819,
  0.60657953 5.285322 0.34448819,0.6180752 5.2805602 0.34448819,
  0.63051772 5.2805602 0.34448819,0.64201339 5.285322 0.34448819,
  0.65081181 5.2941205 0.34448819,0.65557362 5.3056161 0.34448819,
  0.65618622 5.3118374 0.34448819,0.65618622 5.6661681 0.34448819,
  0.65557362 5.6723894 0.34448819,0.65081181 5.683885 0.34448819,
  0.64201339 5.6926835 0.34448819,0.63051772 5.6974453 0.34448819,
  0.6180752 5.6974453 0.34448819,0.60657953 5.6926835 0.34448819,
  0.5977811 5.683885 0.34448819,0.59301929 5.6723894 0.34448819,
  0.59240669 5.6661681 0.34448819,0.59240669 5.5293291 0.34448819,
  1.8035429 5.6661681 0.34448819,1.8029303 5.6723894 0.34448819,
  1.7981685 5.683885 0.34448819,1.7893701 5.6926835 0.34448819,
  1.7778744 5.6974453 0.34448819,1.7654319 5.6974453 0.34448819,
  1.7539362 5.6926835 0.34448819,1.7451378 5.683885 0.34448819,
  1.740376 5.6723894 0.34448819,1.7397634 5.6661681 0.34448819,
  1.7397634 5.3118374 0.34448819,1.740376 5.3056161 0.34448819,
  1.7451378 5.2941205 0.34448819,1.7539362 5.285322 0.34448819,
  1.7654319 5.2805602 0.34448819,1.7778744 5.2805602 0.34448819,
  1.7893701 5.285322 0.34448819,1.7981685 5.2941205 0.34448819,
  1.8029303 5.3056161 0.34448819,1.8035429 5.3118374 0.34448819,
  3.9793902 5.4689161 0.34448819,3.9820677 5.470602 0.34448819,
  3.9828461 5.470924 0.34448819,3.9837224 5.4716433 0.34448819,
  3.9846807 5.4722465 0.34448819,3.9852319 5.4728823 0.34448819,
  3.9876783 5.4748898 0.34448819,4.0045512 5.4917626 0.34448819,
  4.0065587 5.4942091 0.34448819,4.0071945 5.4947602 0.34448819,
  4.0077976 5.4957185 0.34448819,4.0085169 5.4965949 0.34448819,
  4.008839 5.4973732 0.34448819,4.0105248 5.5000508 0.34448819,
  4.0273976 5.5337965 0.34448819,4.0296319 5.5396346 0.34448819,
  4.029713 5.5407783 0.34448819,4.0301516 5.5418366 0.34448819,
  4.0307642 5.5480579 0.34448819,4.0307642 5.5986768 0.34448819,
  4.0301516 5.604898 0.34448819,4.029713 5.6059567 0.34448819,
  4.0296319 5.6071 0.34448819,4.0273976 5.6129382 0.34448819,
  4.0105248 5.6466839 0.34448819,4.008839 5.6493618 0.34448819,
  4.0085169 5.6501398 0.34448819,4.0077976 5.6510165 0.34448819,
  4.0071945 5.6519744 0.34448819,4.0065587 5.652526 0.34448819,
  4.0045512 5.654972 0.34448819,3.9876783 5.6718449 0.34448819,
  3.9852319 5.6738528 0.34448819,3.9846807 5.6744882 0.34448819,
  3.9837224 5.6750917 0.34448819,3.9828461 5.6758106 0.34448819,
  3.9820677 5.6761331 0.34448819,3.9793902 5.6778185 0.34448819,
  3.9456441 5.6946913 0.34448819,3.9398055 5.6969256 0.34448819,
  3.9386622 5.6970071 0.34448819,3.9376039 5.6974453 0.34448819,
  3.9313827 5.6980579 0.34448819,3.7963996 5.6980579 0.34448819,
  3.7901783 5.6974453 0.34448819,3.7786827 5.6926835 0.34448819,
  3.7698843 5.683885 0.34448819,3.7651224 5.6723894 0.34448819,
  3.7645098 5.6661681 0.34448819,3.7645098 5.5124563 0.34448819,
  3.7645098 5.3118374 0.34448819,3.7651224 5.3056161 0.34448819,
  3.7698843 5.2941205 0.34448819,3.7786827 5.285322 0.34448819,
  3.7901783 5.2805602 0.34448819,3.8026209 5.2805602 0.34448819,
  3.8141165 5.285322 0.34448819,3.822915 5.2941205 0.34448819,
  3.8276768 5.3056161 0.34448819,3.8282894 5.3118374 0.34448819,
  3.8282894 5.4486768 0.34448819,3.9313827 5.4486768 0.34448819,
  3.9376039 5.4492894 0.34448819,3.9386622 5.449728 0.34448819,
  3.9398055 5.4498091 0.34448819,3.9456441 5.4520433 0.34448819,
  3.9669846 5.5911484 0.34448819,3.9669846 5.5555862 0.34448819,
  3.9557929 5.5332028 0.34448819,3.9462382 5.5236484 0.34448819,
  3.9238543 5.5124563 0.34448819,3.8282894 5.5124563 0.34448819,
  3.8282894 5.6342783 0.34448819,3.9238543 5.6342783 0.34448819,
  3.9462382 5.6230866 0.34448819,3.9557929 5.6135319 0.34448819,
  -5.1149543 5.4530417 0.34448819,-5.1197161 5.4645374 0.34448819,
  -5.1285146 5.4733358 0.34448819,-5.1400102 5.4780976 0.34448819,
  -5.1462315 5.4787102 0.34448819,-5.416198 5.4787102 0.34448819,
  -5.4224193 5.4780976 0.34448819,-5.433915 5.4733358 0.34448819,
  -5.4427134 5.4645374 0.34448819,-5.4474752 5.4530417 0.34448819,
  -5.4474752 5.4405992 0.34448819,-5.4427134 5.4291035 0.34448819,
  -5.433915 5.4203051 0.34448819,-5.4224193 5.4155433 0.34448819,
  -5.416198 5.4149307 0.34448819,-5.1462315 5.4149307 0.34448819,
  -5.1400102 5.4155433 0.34448819,-5.1285146 5.4203051 0.34448819,
  -5.1197161 5.4291035 0.34448819,-5.1149543 5.4405992 0.34448819,
  -7.5721583 4.5861327 0.34448819,-7.5937906 4.553685 0.34448819,
  -7.613378 4.5340972 0.34448819,-7.6335898 4.5239909 0.34448819,
  -7.6384437 4.5202236 0.34448819,-7.6422551 4.508789 0.34448819,
  -7.636865 4.4980087 0.34448819,-7.6254303 4.4941972 0.34448819,
  -7.6195039 4.4958201 0.34448819,-7.5970067 4.5070689 0.34448819,
  -7.595011 4.5086181 0.34448819,-7.5929142 4.5100189 0.34448819,
  -7.5748031 4.5281299 0.34448819,-7.5748031 4.3569248 0.34448819,
  -7.6265469 4.3569248 0.34448819,-7.6325732 4.355726 0.34448819,
  -7.6410961 4.3472031 0.34448819,-7.6410961 4.3351504 0.34448819,
  -7.6325732 4.3266276 0.34448819,-7.6265469 4.3254287 0.34448819,
  -7.4915638 4.3254287 0.34448819,-7.4855374 4.3266276 0.34448819,
  -7.4770146 4.3351504 0.34448819,-7.4770146 4.3472031 0.34448819,
  -7.4855374 4.355726 0.34448819,-7.4915638 4.3569248 0.34448819,
  -7.5433071 4.3569248 0.34448819,-7.5433071 4.5773972 0.34448819,
  -7.5445059 4.5834236 0.34448819,-7.5456528 4.5845705 0.34448819,
  -7.5459705 4.5861602 0.34448819,-7.549787 4.5887047 0.34448819,
  -7.5530287 4.5919465 0.34448819,-7.5546496 4.5919465 0.34448819,
  -7.5559988 4.5928461 0.34448819,-7.5604969 4.5919465 0.34448819,
  -7.5650815 4.5919465 0.34448819,-7.566228 4.5908004 0.34448819,
  -7.5678177 4.5904823 0.34448819,-6.6272764 4.5861327 0.34448819,
  -6.6489087 4.553685 0.34448819,-6.6684961 4.5340972 0.34448819,
  -6.6887079 4.5239909 0.34448819,-6.6935618 4.5202236 0.34448819,
  -6.6973732 4.508789 0.34448819,-6.6919831 4.4980087 0.34448819,
  -6.6805484 4.4941972 0.34448819,-6.674622 4.4958201 0.34448819,
  -6.6521248 4.5070689 0.34448819,-6.6501291 4.5086181 0.34448819,
  -6.6480323 4.5100189 0.34448819,-6.6299213 4.5281299 0.34448819,
  -6.6299213 4.3569248 0.34448819,-6.681665 4.3569248 0.34448819,
  -6.6876913 4.355726 0.34448819,-6.6962142 4.3472031 0.34448819,
  -6.6962142 4.3351504 0.34448819,-6.6876913 4.3266276 0.34448819,
  -6.681665 4.3254287 0.34448819,-6.5466819 4.3254287 0.34448819,
  -6.5406555 4.3266276 0.34448819,-6.5321327 4.3351504 0.34448819,
  -6.5321327 4.3472031 0.34448819,-6.5406555 4.355726 0.34448819,
  -6.5466819 4.3569248 0.34448819,-6.5984252 4.3569248 0.34448819,
  -6.5984252 4.5773972 0.34448819,-6.599624 4.5834236 0.34448819,
  -6.6007709 4.5845705 0.34448819,-6.6010886 4.5861602 0.34448819,
  -6.6049051 4.5887047 0.34448819,-6.6081469 4.5919465 0.34448819,
  -6.6097677 4.5919465 0.34448819,-6.6111169 4.5928461 0.34448819,
  -6.615615 4.5919465 0.34448819,-6.6201996 4.5919465 0.34448819,
  -6.6213461 4.5908004 0.34448819,-6.6229358 4.5904823 0.34448819] }
 coordIndex [
  7,8,15,-1,15,8,9,-1,15,9,14,-1,14,9,10,-1,14,10,13,-1,13,10,11,-1,13,11,12,-1,6,7,15,-1,
  6,15,16,-1,6,16,17,-1,6,17,18,-1,6,18,19,-1,6,19,20,-1,6,20,5,-1,4,5,20,-1,4,20,21,-1,
  4,21,22,-1,4,22,23,-1,4,23,24,-1,4,24,25,-1,4,25,3,-1,85,86,64,-1,64,86,87,-1,64,87,63,-1,
  63,87,0,-1,63,0,62,-1,62,0,1,-1,62,1,26,-1,26,1,2,-1,26,2,25,-1,25,2,3,-1,26,27,62,-1,
  62,27,28,-1,62,28,61,-1,61,28,29,-1,61,29,60,-1,60,29,30,-1,60,30,59,-1,59,30,31,-1,59,31,58,-1,
  58,31,32,-1,58,32,57,-1,57,32,33,-1,57,33,56,-1,56,33,34,-1,56,34,55,-1,55,34,35,-1,55,35,54,-1,
  54,35,36,-1,54,36,53,-1,53,36,37,-1,53,37,52,-1,52,37,38,-1,52,38,51,-1,51,38,39,-1,51,39,50,-1,
  50,39,40,-1,50,40,49,-1,49,40,41,-1,49,41,48,-1,48,41,42,-1,48,42,47,-1,47,42,43,-1,47,43,46,-1,
  46,43,44,-1,46,44,45,-1,77,78,76,-1,76,78,79,-1,76,79,75,-1,75,79,80,-1,75,80,74,-1,74,80,81,-1,
  74,81,82,-1,83,84,69,-1,83,69,70,-1,83,70,71,-1,83,71,72,-1,83,72,73,-1,83,73,74,-1,83,74,82,-1,
  85,64,65,-1,85,65,66,-1,85,66,67,-1,85,67,68,-1,85,68,69,-1,85,69,84,-1,199,200,89,-1,89,200,185,-1,
  89,185,88,-1,88,185,150,-1,88,150,184,-1,184,150,151,-1,184,151,152,-1,199,89,90,-1,199,90,91,-1,199,91,92,-1,
  199,92,93,-1,199,93,94,-1,199,94,198,-1,197,198,94,-1,197,94,95,-1,197,95,96,-1,197,96,97,-1,197,97,98,-1,
  197,98,99,-1,197,99,196,-1,190,191,139,-1,139,191,192,-1,139,192,138,-1,138,192,193,-1,138,193,137,-1,137,193,194,-1,
  137,194,100,-1,100,194,195,-1,100,195,99,-1,99,195,196,-1,100,101,137,-1,137,101,102,-1,137,102,136,-1,136,102,103,-1,
  136,103,135,-1,135,103,104,-1,135,104,134,-1,134,104,105,-1,134,105,133,-1,133,105,106,-1,133,106,132,-1,132,106,107,-1,
  132,107,131,-1,131,107,108,-1,131,108,130,-1,130,108,109,-1,130,109,129,-1,129,109,110,-1,129,110,128,-1,128,110,111,-1,
  128,111,127,-1,127,111,112,-1,127,112,126,-1,126,112,113,-1,126,113,125,-1,125,113,114,-1,125,114,124,-1,124,114,115,-1,
  124,115,123,-1,123,115,116,-1,123,116,122,-1,122,116,117,-1,122,117,121,-1,121,117,118,-1,121,118,119,-1,184,152,183,-1,
  183,152,153,-1,183,153,182,-1,182,153,154,-1,182,154,181,-1,181,154,155,-1,181,155,180,-1,180,155,156,-1,180,156,179,-1,
  179,156,157,-1,179,157,178,-1,178,157,158,-1,178,158,177,-1,177,158,159,-1,177,159,176,-1,176,159,160,-1,176,160,175,-1,
  175,160,161,-1,175,161,174,-1,174,161,162,-1,174,162,173,-1,173,162,163,-1,173,163,172,-1,172,163,164,-1,172,164,171,-1,
  171,164,165,-1,171,165,170,-1,170,165,166,-1,170,166,169,-1,169,166,167,-1,169,167,168,-1,186,187,149,-1,186,149,150,-1,
  186,150,185,-1,188,189,144,-1,188,144,145,-1,188,145,146,-1,188,146,147,-1,188,147,148,-1,188,148,149,-1,188,149,187,-1,
  190,139,140,-1,190,140,141,-1,190,141,142,-1,190,142,143,-1,190,143,144,-1,190,144,189,-1,305,298,201,-1,305,201,202,-1,
  305,202,203,-1,305,203,204,-1,305,204,205,-1,305,205,206,-1,305,206,304,-1,303,304,206,-1,303,206,207,-1,303,207,208,-1,
  303,208,209,-1,303,209,210,-1,303,210,211,-1,303,211,302,-1,241,242,214,-1,214,242,243,-1,214,243,213,-1,213,243,244,-1,
  213,244,212,-1,212,244,301,-1,212,301,211,-1,211,301,302,-1,298,299,270,-1,270,299,300,-1,270,300,269,-1,269,300,301,-1,
  269,301,268,-1,268,301,244,-1,268,244,245,-1,215,216,240,-1,215,240,241,-1,215,241,214,-1,227,230,226,-1,226,230,231,-1,
  226,231,225,-1,225,231,232,-1,225,232,224,-1,224,232,233,-1,224,233,223,-1,223,233,234,-1,223,234,222,-1,222,234,235,-1,
  222,235,221,-1,221,235,236,-1,221,236,220,-1,220,236,237,-1,220,237,219,-1,219,237,238,-1,219,238,218,-1,218,238,239,-1,
  218,239,217,-1,217,239,240,-1,217,240,216,-1,228,229,230,-1,228,230,227,-1,284,285,281,-1,284,281,282,-1,284,282,283,-1,
  286,287,279,-1,286,279,280,-1,286,280,281,-1,286,281,285,-1,287,288,270,-1,287,270,271,-1,287,271,272,-1,287,272,273,-1,
  287,273,274,-1,287,274,275,-1,287,275,276,-1,287,276,277,-1,287,277,278,-1,287,278,279,-1,270,288,289,-1,270,289,290,-1,
  270,290,291,-1,270,291,292,-1,270,292,293,-1,270,293,294,-1,270,294,295,-1,270,295,296,-1,270,296,297,-1,270,297,201,-1,
  270,201,298,-1,258,259,257,-1,257,259,260,-1,257,260,256,-1,256,260,261,-1,256,261,255,-1,255,261,262,-1,255,262,263,-1,
  264,265,250,-1,264,250,251,-1,264,251,252,-1,264,252,253,-1,264,253,254,-1,264,254,255,-1,264,255,263,-1,266,267,245,-1,
  266,245,246,-1,266,246,247,-1,266,247,248,-1,266,248,249,-1,266,249,250,-1,266,250,265,-1,313,314,321,-1,321,314,315,-1,
  321,315,320,-1,320,315,316,-1,320,316,319,-1,319,316,317,-1,319,317,318,-1,312,313,321,-1,312,321,322,-1,312,322,323,-1,
  312,323,324,-1,312,324,325,-1,312,325,326,-1,312,326,311,-1,310,311,326,-1,310,326,327,-1,310,327,328,-1,310,328,329,-1,
  310,329,330,-1,310,330,331,-1,310,331,309,-1,391,392,370,-1,370,392,393,-1,370,393,369,-1,369,393,306,-1,369,306,368,-1,
  368,306,307,-1,368,307,332,-1,332,307,308,-1,332,308,331,-1,331,308,309,-1,332,333,368,-1,368,333,334,-1,368,334,367,-1,
  367,334,335,-1,367,335,366,-1,366,335,336,-1,366,336,365,-1,365,336,337,-1,365,337,364,-1,364,337,338,-1,364,338,363,-1,
  363,338,339,-1,363,339,362,-1,362,339,340,-1,362,340,361,-1,361,340,341,-1,361,341,360,-1,360,341,342,-1,360,342,359,-1,
  359,342,343,-1,359,343,358,-1,358,343,344,-1,358,344,357,-1,357,344,345,-1,357,345,356,-1,356,345,346,-1,356,346,355,-1,
  355,346,347,-1,355,347,354,-1,354,347,348,-1,354,348,353,-1,353,348,349,-1,353,349,352,-1,352,349,350,-1,352,350,351,-1,
  383,384,382,-1,382,384,385,-1,382,385,381,-1,381,385,386,-1,381,386,380,-1,380,386,387,-1,380,387,388,-1,389,390,375,-1,
  389,375,376,-1,389,376,377,-1,389,377,378,-1,389,378,379,-1,389,379,380,-1,389,380,388,-1,391,370,371,-1,391,371,372,-1,
  391,372,373,-1,391,373,374,-1,391,374,375,-1,391,375,390,-1,453,439,452,-1,452,439,440,-1,452,440,451,-1,451,440,441,-1,
  451,441,450,-1,450,441,442,-1,450,442,449,-1,449,442,443,-1,449,443,448,-1,448,443,444,-1,448,444,447,-1,447,444,445,-1,
  447,445,446,-1,425,426,437,-1,437,426,427,-1,437,427,436,-1,436,427,428,-1,436,428,435,-1,435,428,429,-1,435,429,434,-1,
  434,429,430,-1,434,430,433,-1,433,430,431,-1,433,431,432,-1,437,438,422,-1,437,422,423,-1,437,423,424,-1,437,424,425,-1,
  439,453,454,-1,439,454,455,-1,439,455,421,-1,439,421,422,-1,439,422,438,-1,455,456,418,-1,455,418,419,-1,455,419,420,-1,
  455,420,421,-1,456,457,411,-1,456,411,412,-1,456,412,413,-1,456,413,414,-1,456,414,415,-1,456,415,416,-1,456,416,417,-1,
  456,417,418,-1,409,410,459,-1,459,410,411,-1,459,411,458,-1,458,411,457,-1,409,459,408,-1,408,459,460,-1,408,460,407,-1,
  407,460,461,-1,407,461,394,-1,407,394,405,-1,405,394,395,-1,405,395,404,-1,404,395,396,-1,404,396,403,-1,403,396,397,-1,
  403,397,402,-1,402,397,398,-1,402,398,401,-1,401,398,399,-1,401,399,400,-1,573,574,463,-1,463,574,559,-1,463,559,462,-1,
  462,559,524,-1,462,524,558,-1,558,524,525,-1,558,525,526,-1,573,463,464,-1,573,464,465,-1,573,465,466,-1,573,466,467,-1,
  573,467,468,-1,573,468,572,-1,571,572,468,-1,571,468,469,-1,571,469,470,-1,571,470,471,-1,571,471,472,-1,571,472,473,-1,
  571,473,570,-1,564,565,513,-1,513,565,566,-1,513,566,512,-1,512,566,567,-1,512,567,511,-1,511,567,568,-1,511,568,474,-1,
  474,568,569,-1,474,569,473,-1,473,569,570,-1,474,475,511,-1,511,475,476,-1,511,476,510,-1,510,476,477,-1,510,477,509,-1,
  509,477,478,-1,509,478,508,-1,508,478,479,-1,508,479,507,-1,507,479,480,-1,507,480,506,-1,506,480,481,-1,506,481,505,-1,
  505,481,482,-1,505,482,504,-1,504,482,483,-1,504,483,503,-1,503,483,484,-1,503,484,502,-1,502,484,485,-1,502,485,501,-1,
  501,485,486,-1,501,486,500,-1,500,486,487,-1,500,487,499,-1,499,487,488,-1,499,488,498,-1,498,488,489,-1,498,489,497,-1,
  497,489,490,-1,497,490,496,-1,496,490,491,-1,496,491,495,-1,495,491,492,-1,495,492,493,-1,558,526,557,-1,557,526,527,-1,
  557,527,556,-1,556,527,528,-1,556,528,555,-1,555,528,529,-1,555,529,554,-1,554,529,530,-1,554,530,553,-1,553,530,531,-1,
  553,531,552,-1,552,531,532,-1,552,532,551,-1,551,532,533,-1,551,533,550,-1,550,533,534,-1,550,534,549,-1,549,534,535,-1,
  549,535,548,-1,548,535,536,-1,548,536,547,-1,547,536,537,-1,547,537,546,-1,546,537,538,-1,546,538,545,-1,545,538,539,-1,
  545,539,544,-1,544,539,540,-1,544,540,543,-1,543,540,541,-1,543,541,542,-1,560,561,523,-1,560,523,524,-1,560,524,559,-1,
  562,563,518,-1,562,518,519,-1,562,519,520,-1,562,520,521,-1,562,521,522,-1,562,522,523,-1,562,523,561,-1,564,513,514,-1,
  564,514,515,-1,564,515,516,-1,564,516,517,-1,564,517,518,-1,564,518,563,-1,585,586,582,-1,585,582,583,-1,585,583,584,-1,
  580,581,588,-1,588,581,582,-1,588,582,587,-1,587,582,586,-1,579,580,588,-1,579,588,589,-1,579,589,590,-1,579,590,591,-1,
  579,591,592,-1,579,592,593,-1,579,593,594,-1,579,594,595,-1,579,595,578,-1,578,595,596,-1,578,596,597,-1,578,597,598,-1,
  578,598,599,-1,578,599,577,-1,599,600,633,-1,599,633,634,-1,599,634,575,-1,599,575,576,-1,599,576,577,-1,633,600,601,-1,
  633,601,602,-1,633,602,603,-1,633,603,604,-1,633,604,632,-1,631,632,604,-1,631,604,605,-1,631,605,606,-1,631,606,607,-1,
  631,607,608,-1,631,608,609,-1,631,609,630,-1,630,609,629,-1,629,609,610,-1,629,610,627,-1,627,610,611,-1,627,611,626,-1,
  626,611,612,-1,626,612,625,-1,625,612,613,-1,625,613,624,-1,624,613,614,-1,624,614,623,-1,623,614,615,-1,623,615,622,-1,
  622,615,616,-1,622,616,621,-1,621,616,617,-1,621,617,620,-1,620,617,618,-1,620,618,619,-1,646,647,643,-1,646,643,644,-1,
  646,644,645,-1,641,642,649,-1,649,642,643,-1,649,643,648,-1,648,643,647,-1,640,641,649,-1,640,649,650,-1,640,650,651,-1,
  640,651,652,-1,640,652,653,-1,640,653,654,-1,640,654,655,-1,640,655,656,-1,640,656,639,-1,639,656,657,-1,639,657,658,-1,
  639,658,659,-1,639,659,660,-1,639,660,638,-1,660,661,694,-1,660,694,695,-1,660,695,636,-1,660,636,637,-1,660,637,638,-1,
  694,661,662,-1,694,662,663,-1,694,663,664,-1,694,664,665,-1,694,665,693,-1,692,693,665,-1,692,665,666,-1,692,666,667,-1,
  692,667,668,-1,692,668,669,-1,692,669,670,-1,692,670,691,-1,691,670,690,-1,690,670,671,-1,690,671,688,-1,688,671,672,-1,
  688,672,687,-1,687,672,673,-1,687,673,686,-1,686,673,674,-1,686,674,685,-1,685,674,675,-1,685,675,684,-1,684,675,676,-1,
  684,676,683,-1,683,676,677,-1,683,677,682,-1,682,677,678,-1,682,678,681,-1,681,678,679,-1,681,679,680,-1,703,704,711,-1,
  711,704,705,-1,711,705,710,-1,710,705,706,-1,710,706,709,-1,709,706,707,-1,709,707,708,-1,702,703,711,-1,702,711,712,-1,
  702,712,713,-1,702,713,714,-1,702,714,715,-1,702,715,716,-1,702,716,701,-1,700,701,716,-1,700,716,717,-1,700,717,718,-1,
  700,718,719,-1,700,719,720,-1,700,720,721,-1,700,721,699,-1,823,824,754,-1,754,824,697,-1,754,697,753,-1,753,697,698,-1,
  753,698,721,-1,721,698,699,-1,750,751,724,-1,724,751,752,-1,724,752,723,-1,723,752,753,-1,723,753,722,-1,722,753,721,-1,
  725,726,749,-1,725,749,750,-1,725,750,724,-1,737,739,736,-1,736,739,740,-1,736,740,735,-1,735,740,741,-1,735,741,734,-1,
  734,741,742,-1,734,742,733,-1,733,742,743,-1,733,743,732,-1,732,743,744,-1,732,744,731,-1,731,744,745,-1,731,745,730,-1,
  730,745,746,-1,730,746,729,-1,729,746,747,-1,729,747,728,-1,728,747,748,-1,728,748,727,-1,727,748,749,-1,727,749,726,-1,
  791,792,811,-1,811,792,793,-1,811,793,810,-1,810,793,794,-1,810,794,809,-1,809,794,795,-1,809,795,808,-1,808,795,796,-1,
  808,796,807,-1,807,796,797,-1,807,797,806,-1,806,797,798,-1,806,798,805,-1,805,798,799,-1,805,799,804,-1,804,799,800,-1,
  804,800,803,-1,803,800,801,-1,803,801,802,-1,787,788,815,-1,815,788,789,-1,815,789,814,-1,814,789,790,-1,814,790,813,-1,
  813,790,791,-1,813,791,812,-1,812,791,811,-1,815,816,787,-1,787,816,817,-1,787,817,786,-1,786,817,761,-1,786,761,762,-1,
  760,761,817,-1,760,817,818,-1,760,818,819,-1,760,819,820,-1,760,820,821,-1,760,821,822,-1,760,822,759,-1,823,754,755,-1,
  823,755,756,-1,823,756,757,-1,823,757,758,-1,823,758,759,-1,823,759,822,-1,763,764,781,-1,763,781,782,-1,763,782,783,-1,
  763,783,784,-1,763,784,785,-1,763,785,786,-1,763,786,762,-1,765,766,776,-1,765,776,777,-1,765,777,778,-1,765,778,779,-1,
  765,779,780,-1,765,780,781,-1,765,781,764,-1,766,767,776,-1,776,767,768,-1,776,768,775,-1,775,768,769,-1,775,769,774,-1,
  774,769,770,-1,774,770,773,-1,773,770,771,-1,773,771,772,-1,859,860,829,-1,829,860,861,-1,829,861,828,-1,828,861,862,-1,
  828,862,827,-1,827,862,863,-1,827,863,826,-1,826,863,864,-1,826,864,825,-1,859,829,830,-1,859,830,831,-1,859,831,832,-1,
  859,832,833,-1,859,833,834,-1,859,834,858,-1,858,834,857,-1,857,834,835,-1,857,835,856,-1,856,835,836,-1,856,836,855,-1,
  855,836,837,-1,855,837,854,-1,854,837,838,-1,854,838,853,-1,853,838,839,-1,853,839,852,-1,852,839,840,-1,852,840,851,-1,
  851,840,841,-1,851,841,850,-1,850,841,842,-1,850,842,849,-1,849,842,843,-1,849,843,848,-1,848,843,844,-1,848,844,847,-1,
  847,844,845,-1,847,845,846,-1,931,932,878,-1,878,932,865,-1,878,865,876,-1,876,865,866,-1,876,866,875,-1,875,866,867,-1,
  875,867,874,-1,874,867,868,-1,874,868,873,-1,873,868,869,-1,873,869,872,-1,872,869,870,-1,872,870,871,-1,1072,1073,1080,-1,
  1080,1073,1074,-1,1080,1074,1079,-1,1079,1074,1075,-1,1079,1075,1078,-1,1078,1075,1076,-1,1078,1076,1077,-1,1071,1072,1080,-1,1071,1080,1081,-1,
  1071,1081,1082,-1,1071,1082,1083,-1,1071,1083,1084,-1,1071,1084,1085,-1,1071,1085,1070,-1,1069,1070,1085,-1,1069,1085,1086,-1,1069,1086,1087,-1,
  1069,1087,1088,-1,1069,1088,1089,-1,1069,1089,1090,-1,1069,1090,1068,-1,1192,1193,1123,-1,1123,1193,1066,-1,1123,1066,1122,-1,1122,1066,1067,-1,
  1122,1067,1090,-1,1090,1067,1068,-1,1119,1120,1093,-1,1093,1120,1121,-1,1093,1121,1092,-1,1092,1121,1122,-1,1092,1122,1091,-1,1091,1122,1090,-1,
  1094,1095,1118,-1,1094,1118,1119,-1,1094,1119,1093,-1,1106,1108,1105,-1,1105,1108,1109,-1,1105,1109,1104,-1,1104,1109,1110,-1,1104,1110,1103,-1,
  1103,1110,1111,-1,1103,1111,1102,-1,1102,1111,1112,-1,1102,1112,1101,-1,1101,1112,1113,-1,1101,1113,1100,-1,1100,1113,1114,-1,1100,1114,1099,-1,
  1099,1114,1115,-1,1099,1115,1098,-1,1098,1115,1116,-1,1098,1116,1097,-1,1097,1116,1117,-1,1097,1117,1096,-1,1096,1117,1118,-1,1096,1118,1095,-1,
  924,910,923,-1,923,910,911,-1,923,911,922,-1,922,911,912,-1,922,912,921,-1,921,912,913,-1,921,913,920,-1,920,913,914,-1,
  920,914,919,-1,919,914,915,-1,919,915,918,-1,918,915,916,-1,918,916,917,-1,1062,1063,1021,-1,1021,1063,1064,-1,1021,1064,1020,-1,
  1020,1064,1018,-1,1020,1018,1019,-1,1061,1062,1021,-1,1061,1021,1022,-1,1061,1022,1023,-1,1061,1023,1060,-1,1023,1024,1057,-1,1023,1057,1058,-1,
  1023,1058,1059,-1,1023,1059,1060,-1,1056,1057,1024,-1,1056,1024,1025,-1,1056,1025,1026,-1,1056,1026,1027,-1,1056,1027,1055,-1,1055,1027,1028,-1,
  1055,1028,1029,-1,1055,1029,1030,-1,1055,1030,1054,-1,1030,1031,1051,-1,1030,1051,1052,-1,1030,1052,1053,-1,1030,1053,1054,-1,1032,1033,1044,-1,
  1032,1044,1045,-1,1032,1045,1046,-1,1032,1046,1047,-1,1032,1047,1048,-1,1032,1048,1049,-1,1032,1049,1050,-1,1032,1050,1051,-1,1032,1051,1031,-1,
  1038,1040,1037,-1,1037,1040,1041,-1,1037,1041,1036,-1,1036,1041,1042,-1,1036,1042,1035,-1,1035,1042,1043,-1,1035,1043,1034,-1,1034,1043,1044,-1,
  1034,1044,1033,-1,933,934,964,-1,933,964,965,-1,933,965,966,-1,933,966,988,-1,933,988,1017,-1,964,934,935,-1,964,935,936,-1,
  964,936,937,-1,964,937,938,-1,964,938,963,-1,962,963,938,-1,962,938,939,-1,962,939,940,-1,962,940,941,-1,962,941,942,-1,
  962,942,943,-1,962,943,961,-1,943,944,958,-1,943,958,959,-1,943,959,960,-1,943,960,961,-1,958,944,945,-1,958,945,946,-1,
  958,946,947,-1,958,947,948,-1,958,948,949,-1,958,949,950,-1,958,950,957,-1,956,957,950,-1,956,950,951,-1,956,951,952,-1,
  956,952,955,-1,953,954,955,-1,953,955,952,-1,994,995,1001,-1,1001,995,996,-1,1001,996,1000,-1,1000,996,998,-1,1000,998,999,-1,
  990,991,1005,-1,1005,991,992,-1,1005,992,1004,-1,1004,992,993,-1,1004,993,1003,-1,1003,993,994,-1,1003,994,1002,-1,1002,994,1001,-1,
  1005,1006,990,-1,990,1006,1007,-1,990,1007,989,-1,989,1007,1008,-1,989,1008,1009,-1,1009,1010,989,-1,989,1010,1011,-1,989,1011,988,-1,
  988,1011,1012,-1,988,1012,1013,-1,988,1013,1014,-1,988,1014,1015,-1,988,1015,1016,-1,988,1016,1017,-1,966,967,988,-1,988,967,968,-1,
  988,968,987,-1,987,968,976,-1,987,976,977,-1,968,969,974,-1,968,974,975,-1,968,975,976,-1,970,971,973,-1,970,973,974,-1,
  970,974,969,-1,987,977,986,-1,986,977,978,-1,986,978,985,-1,985,978,979,-1,985,979,984,-1,984,979,980,-1,984,980,983,-1,
  983,980,981,-1,983,981,982,-1,896,897,908,-1,908,897,898,-1,908,898,907,-1,907,898,899,-1,907,899,906,-1,906,899,900,-1,
  906,900,905,-1,905,900,901,-1,905,901,904,-1,904,901,902,-1,904,902,903,-1,908,909,893,-1,908,893,894,-1,908,894,895,-1,
  908,895,896,-1,910,924,925,-1,910,925,926,-1,910,926,892,-1,910,892,893,-1,910,893,909,-1,926,927,889,-1,926,889,890,-1,
  926,890,891,-1,926,891,892,-1,927,928,882,-1,927,882,883,-1,927,883,884,-1,927,884,885,-1,927,885,886,-1,927,886,887,-1,
  927,887,888,-1,927,888,889,-1,880,881,930,-1,930,881,882,-1,930,882,929,-1,929,882,928,-1,879,880,930,-1,879,930,931,-1,
  879,931,878,-1,1160,1161,1180,-1,1180,1161,1162,-1,1180,1162,1179,-1,1179,1162,1163,-1,1179,1163,1178,-1,1178,1163,1164,-1,1178,1164,1177,-1,
  1177,1164,1165,-1,1177,1165,1176,-1,1176,1165,1166,-1,1176,1166,1175,-1,1175,1166,1167,-1,1175,1167,1174,-1,1174,1167,1168,-1,1174,1168,1173,-1,
  1173,1168,1169,-1,1173,1169,1172,-1,1172,1169,1170,-1,1172,1170,1171,-1,1156,1157,1184,-1,1184,1157,1158,-1,1184,1158,1183,-1,1183,1158,1159,-1,
  1183,1159,1182,-1,1182,1159,1160,-1,1182,1160,1181,-1,1181,1160,1180,-1,1184,1185,1156,-1,1156,1185,1186,-1,1156,1186,1155,-1,1155,1186,1130,-1,
  1155,1130,1131,-1,1129,1130,1186,-1,1129,1186,1187,-1,1129,1187,1188,-1,1129,1188,1189,-1,1129,1189,1190,-1,1129,1190,1191,-1,1129,1191,1128,-1,
  1192,1123,1124,-1,1192,1124,1125,-1,1192,1125,1126,-1,1192,1126,1127,-1,1192,1127,1128,-1,1192,1128,1191,-1,1132,1133,1150,-1,1132,1150,1151,-1,
  1132,1151,1152,-1,1132,1152,1153,-1,1132,1153,1154,-1,1132,1154,1155,-1,1132,1155,1131,-1,1134,1135,1145,-1,1134,1145,1146,-1,1134,1146,1147,-1,
  1134,1147,1148,-1,1134,1148,1149,-1,1134,1149,1150,-1,1134,1150,1133,-1,1135,1136,1145,-1,1145,1136,1137,-1,1145,1137,1144,-1,1144,1137,1138,-1,
  1144,1138,1143,-1,1143,1138,1139,-1,1143,1139,1142,-1,1142,1139,1140,-1,1142,1140,1141,-1,1305,1306,1195,-1,1195,1306,1291,-1,1195,1291,1194,-1,
  1194,1291,1256,-1,1194,1256,1290,-1,1290,1256,1257,-1,1290,1257,1258,-1,1305,1195,1196,-1,1305,1196,1197,-1,1305,1197,1198,-1,1305,1198,1199,-1,
  1305,1199,1200,-1,1305,1200,1304,-1,1303,1304,1200,-1,1303,1200,1201,-1,1303,1201,1202,-1,1303,1202,1203,-1,1303,1203,1204,-1,1303,1204,1205,-1,
  1303,1205,1302,-1,1296,1297,1245,-1,1245,1297,1298,-1,1245,1298,1244,-1,1244,1298,1299,-1,1244,1299,1243,-1,1243,1299,1300,-1,1243,1300,1206,-1,
  1206,1300,1301,-1,1206,1301,1205,-1,1205,1301,1302,-1,1206,1207,1243,-1,1243,1207,1208,-1,1243,1208,1242,-1,1242,1208,1209,-1,1242,1209,1241,-1,
  1241,1209,1210,-1,1241,1210,1240,-1,1240,1210,1211,-1,1240,1211,1239,-1,1239,1211,1212,-1,1239,1212,1238,-1,1238,1212,1213,-1,1238,1213,1237,-1,
  1237,1213,1214,-1,1237,1214,1236,-1,1236,1214,1215,-1,1236,1215,1235,-1,1235,1215,1216,-1,1235,1216,1234,-1,1234,1216,1217,-1,1234,1217,1233,-1,
  1233,1217,1218,-1,1233,1218,1232,-1,1232,1218,1219,-1,1232,1219,1231,-1,1231,1219,1220,-1,1231,1220,1230,-1,1230,1220,1221,-1,1230,1221,1229,-1,
  1229,1221,1222,-1,1229,1222,1228,-1,1228,1222,1223,-1,1228,1223,1227,-1,1227,1223,1224,-1,1227,1224,1225,-1,1290,1258,1289,-1,1289,1258,1259,-1,
  1289,1259,1288,-1,1288,1259,1260,-1,1288,1260,1287,-1,1287,1260,1261,-1,1287,1261,1286,-1,1286,1261,1262,-1,1286,1262,1285,-1,1285,1262,1263,-1,
  1285,1263,1284,-1,1284,1263,1264,-1,1284,1264,1283,-1,1283,1264,1265,-1,1283,1265,1282,-1,1282,1265,1266,-1,1282,1266,1281,-1,1281,1266,1267,-1,
  1281,1267,1280,-1,1280,1267,1268,-1,1280,1268,1279,-1,1279,1268,1269,-1,1279,1269,1278,-1,1278,1269,1270,-1,1278,1270,1277,-1,1277,1270,1271,-1,
  1277,1271,1276,-1,1276,1271,1272,-1,1276,1272,1275,-1,1275,1272,1273,-1,1275,1273,1274,-1,1292,1293,1255,-1,1292,1255,1256,-1,1292,1256,1291,-1,
  1294,1295,1250,-1,1294,1250,1251,-1,1294,1251,1252,-1,1294,1252,1253,-1,1294,1253,1254,-1,1294,1254,1255,-1,1294,1255,1293,-1,1296,1245,1246,-1,
  1296,1246,1247,-1,1296,1247,1248,-1,1296,1248,1249,-1,1296,1249,1250,-1,1296,1250,1295,-1,1307,1308,1414,-1,1307,1414,1415,-1,1307,1415,1416,-1,
  1307,1416,1417,-1,1307,1417,1418,-1,1307,1418,1405,-1,1307,1405,1357,-1,1307,1357,1404,-1,1413,1414,1308,-1,1413,1308,1309,-1,1413,1309,1310,-1,
  1413,1310,1311,-1,1413,1311,1312,-1,1413,1312,1313,-1,1413,1313,1412,-1,1412,1313,1411,-1,1411,1313,1314,-1,1411,1314,1410,-1,1410,1314,1346,-1,
  1410,1346,1347,-1,1366,1367,1363,-1,1366,1363,1364,-1,1366,1364,1365,-1,1361,1362,1369,-1,1369,1362,1363,-1,1369,1363,1368,-1,1368,1363,1367,-1,
  1360,1361,1369,-1,1360,1369,1370,-1,1360,1370,1371,-1,1360,1371,1372,-1,1360,1372,1373,-1,1360,1373,1374,-1,1360,1374,1375,-1,1360,1375,1376,-1,
  1360,1376,1359,-1,1359,1376,1377,-1,1359,1377,1378,-1,1359,1378,1379,-1,1359,1379,1380,-1,1359,1380,1358,-1,1380,1381,1403,-1,1380,1403,1404,-1,
  1380,1404,1357,-1,1380,1357,1358,-1,1403,1381,1382,-1,1403,1382,1383,-1,1403,1383,1384,-1,1403,1384,1385,-1,1403,1385,1402,-1,1401,1402,1385,-1,
  1401,1385,1386,-1,1401,1386,1387,-1,1401,1387,1388,-1,1401,1388,1389,-1,1401,1389,1390,-1,1401,1390,1400,-1,1394,1395,1393,-1,1393,1395,1396,-1,
  1393,1396,1392,-1,1392,1396,1397,-1,1392,1397,1391,-1,1391,1397,1398,-1,1391,1398,1390,-1,1390,1398,1399,-1,1390,1399,1400,-1,1406,1407,1352,-1,
  1406,1352,1353,-1,1406,1353,1354,-1,1406,1354,1355,-1,1406,1355,1356,-1,1406,1356,1357,-1,1406,1357,1405,-1,1408,1409,1347,-1,1408,1347,1348,-1,
  1408,1348,1349,-1,1408,1349,1350,-1,1408,1350,1351,-1,1408,1351,1352,-1,1408,1352,1407,-1,1329,1332,1328,-1,1328,1332,1333,-1,1328,1333,1327,-1,
  1327,1333,1334,-1,1327,1334,1326,-1,1326,1334,1335,-1,1326,1335,1325,-1,1325,1335,1336,-1,1325,1336,1324,-1,1324,1336,1337,-1,1324,1337,1323,-1,
  1323,1337,1338,-1,1323,1338,1322,-1,1322,1338,1339,-1,1322,1339,1321,-1,1321,1339,1340,-1,1321,1340,1320,-1,1320,1340,1341,-1,1320,1341,1319,-1,
  1319,1341,1342,-1,1319,1342,1318,-1,1318,1342,1343,-1,1318,1343,1317,-1,1317,1343,1344,-1,1317,1344,1316,-1,1316,1344,1345,-1,1316,1345,1315,-1,
  1315,1345,1346,-1,1315,1346,1314,-1,1330,1331,1332,-1,1330,1332,1329,-1,1523,1516,1419,-1,1523,1419,1420,-1,1523,1420,1421,-1,1523,1421,1422,-1,
  1523,1422,1423,-1,1523,1423,1424,-1,1523,1424,1522,-1,1521,1522,1424,-1,1521,1424,1425,-1,1521,1425,1426,-1,1521,1426,1427,-1,1521,1427,1428,-1,
  1521,1428,1429,-1,1521,1429,1520,-1,1459,1460,1432,-1,1432,1460,1461,-1,1432,1461,1431,-1,1431,1461,1462,-1,1431,1462,1430,-1,1430,1462,1519,-1,
  1430,1519,1429,-1,1429,1519,1520,-1,1516,1517,1488,-1,1488,1517,1518,-1,1488,1518,1487,-1,1487,1518,1519,-1,1487,1519,1486,-1,1486,1519,1462,-1,
  1486,1462,1463,-1,1433,1434,1458,-1,1433,1458,1459,-1,1433,1459,1432,-1,1445,1448,1444,-1,1444,1448,1449,-1,1444,1449,1443,-1,1443,1449,1450,-1,
  1443,1450,1442,-1,1442,1450,1451,-1,1442,1451,1441,-1,1441,1451,1452,-1,1441,1452,1440,-1,1440,1452,1453,-1,1440,1453,1439,-1,1439,1453,1454,-1,
  1439,1454,1438,-1,1438,1454,1455,-1,1438,1455,1437,-1,1437,1455,1456,-1,1437,1456,1436,-1,1436,1456,1457,-1,1436,1457,1435,-1,1435,1457,1458,-1,
  1435,1458,1434,-1,1446,1447,1448,-1,1446,1448,1445,-1,1502,1503,1499,-1,1502,1499,1500,-1,1502,1500,1501,-1,1504,1505,1497,-1,1504,1497,1498,-1,
  1504,1498,1499,-1,1504,1499,1503,-1,1505,1506,1488,-1,1505,1488,1489,-1,1505,1489,1490,-1,1505,1490,1491,-1,1505,1491,1492,-1,1505,1492,1493,-1,
  1505,1493,1494,-1,1505,1494,1495,-1,1505,1495,1496,-1,1505,1496,1497,-1,1488,1506,1507,-1,1488,1507,1508,-1,1488,1508,1509,-1,1488,1509,1510,-1,
  1488,1510,1511,-1,1488,1511,1512,-1,1488,1512,1513,-1,1488,1513,1514,-1,1488,1514,1515,-1,1488,1515,1419,-1,1488,1419,1516,-1,1476,1477,1475,-1,
  1475,1477,1478,-1,1475,1478,1474,-1,1474,1478,1479,-1,1474,1479,1473,-1,1473,1479,1480,-1,1473,1480,1481,-1,1482,1483,1468,-1,1482,1468,1469,-1,
  1482,1469,1470,-1,1482,1470,1471,-1,1482,1471,1472,-1,1482,1472,1473,-1,1482,1473,1481,-1,1484,1485,1463,-1,1484,1463,1464,-1,1484,1464,1465,-1,
  1484,1465,1466,-1,1484,1466,1467,-1,1484,1467,1468,-1,1484,1468,1483,-1,1530,1531,1538,-1,1538,1531,1532,-1,1538,1532,1537,-1,1537,1532,1533,-1,
  1537,1533,1536,-1,1536,1533,1534,-1,1536,1534,1535,-1,1529,1530,1538,-1,1529,1538,1539,-1,1529,1539,1540,-1,1529,1540,1541,-1,1529,1541,1542,-1,
  1529,1542,1543,-1,1529,1543,1528,-1,1527,1528,1543,-1,1527,1543,1544,-1,1527,1544,1545,-1,1527,1545,1546,-1,1527,1546,1547,-1,1527,1547,1548,-1,
  1527,1548,1526,-1,1650,1651,1581,-1,1581,1651,1524,-1,1581,1524,1580,-1,1580,1524,1525,-1,1580,1525,1548,-1,1548,1525,1526,-1,1577,1578,1551,-1,
  1551,1578,1579,-1,1551,1579,1550,-1,1550,1579,1580,-1,1550,1580,1549,-1,1549,1580,1548,-1,1552,1553,1576,-1,1552,1576,1577,-1,1552,1577,1551,-1,
  1564,1566,1563,-1,1563,1566,1567,-1,1563,1567,1562,-1,1562,1567,1568,-1,1562,1568,1561,-1,1561,1568,1569,-1,1561,1569,1560,-1,1560,1569,1570,-1,
  1560,1570,1559,-1,1559,1570,1571,-1,1559,1571,1558,-1,1558,1571,1572,-1,1558,1572,1557,-1,1557,1572,1573,-1,1557,1573,1556,-1,1556,1573,1574,-1,
  1556,1574,1555,-1,1555,1574,1575,-1,1555,1575,1554,-1,1554,1575,1576,-1,1554,1576,1553,-1,1618,1619,1638,-1,1638,1619,1620,-1,1638,1620,1637,-1,
  1637,1620,1621,-1,1637,1621,1636,-1,1636,1621,1622,-1,1636,1622,1635,-1,1635,1622,1623,-1,1635,1623,1634,-1,1634,1623,1624,-1,1634,1624,1633,-1,
  1633,1624,1625,-1,1633,1625,1632,-1,1632,1625,1626,-1,1632,1626,1631,-1,1631,1626,1627,-1,1631,1627,1630,-1,1630,1627,1628,-1,1630,1628,1629,-1,
  1614,1615,1642,-1,1642,1615,1616,-1,1642,1616,1641,-1,1641,1616,1617,-1,1641,1617,1640,-1,1640,1617,1618,-1,1640,1618,1639,-1,1639,1618,1638,-1,
  1642,1643,1614,-1,1614,1643,1644,-1,1614,1644,1613,-1,1613,1644,1588,-1,1613,1588,1589,-1,1587,1588,1644,-1,1587,1644,1645,-1,1587,1645,1646,-1,
  1587,1646,1647,-1,1587,1647,1648,-1,1587,1648,1649,-1,1587,1649,1586,-1,1650,1581,1582,-1,1650,1582,1583,-1,1650,1583,1584,-1,1650,1584,1585,-1,
  1650,1585,1586,-1,1650,1586,1649,-1,1590,1591,1608,-1,1590,1608,1609,-1,1590,1609,1610,-1,1590,1610,1611,-1,1590,1611,1612,-1,1590,1612,1613,-1,
  1590,1613,1589,-1,1592,1593,1603,-1,1592,1603,1604,-1,1592,1604,1605,-1,1592,1605,1606,-1,1592,1606,1607,-1,1592,1607,1608,-1,1592,1608,1591,-1,
  1593,1594,1603,-1,1603,1594,1595,-1,1603,1595,1602,-1,1602,1595,1596,-1,1602,1596,1601,-1,1601,1596,1597,-1,1601,1597,1600,-1,1600,1597,1598,-1,
  1600,1598,1599,-1,1693,1694,1676,-1,1676,1694,1695,-1,1676,1695,1674,-1,1674,1695,1652,-1,1674,1652,1673,-1,1673,1652,1653,-1,1673,1653,1672,-1,
  1672,1653,1654,-1,1672,1654,1671,-1,1671,1654,1655,-1,1671,1655,1670,-1,1670,1655,1656,-1,1670,1656,1669,-1,1669,1656,1657,-1,1669,1657,1668,-1,
  1668,1657,1658,-1,1668,1658,1667,-1,1667,1658,1659,-1,1667,1659,1666,-1,1666,1659,1660,-1,1666,1660,1665,-1,1665,1660,1661,-1,1665,1661,1664,-1,
  1664,1661,1662,-1,1664,1662,1663,-1,1693,1677,1692,-1,1692,1677,1678,-1,1692,1678,1691,-1,1691,1678,1679,-1,1691,1679,1690,-1,1690,1679,1680,-1,
  1690,1680,1689,-1,1689,1680,1681,-1,1689,1681,1688,-1,1688,1681,1682,-1,1688,1682,1687,-1,1687,1682,1683,-1,1687,1683,1686,-1,1686,1683,1684,-1,
  1686,1684,1685,-1,1756,1757,1719,-1,1719,1757,1758,-1,1719,1758,1718,-1,1718,1758,1696,-1,1718,1696,1717,-1,1717,1696,1697,-1,1717,1697,1716,-1,
  1716,1697,1698,-1,1716,1698,1715,-1,1715,1698,1699,-1,1715,1699,1714,-1,1714,1699,1700,-1,1714,1700,1713,-1,1713,1700,1701,-1,1713,1701,1712,-1,
  1712,1701,1702,-1,1712,1702,1711,-1,1711,1702,1703,-1,1711,1703,1710,-1,1710,1703,1704,-1,1710,1704,1709,-1,1709,1704,1705,-1,1709,1705,1708,-1,
  1708,1705,1706,-1,1708,1706,1707,-1,1734,1735,1731,-1,1734,1731,1732,-1,1734,1732,1733,-1,1729,1730,1737,-1,1737,1730,1731,-1,1737,1731,1736,-1,
  1736,1731,1735,-1,1728,1729,1737,-1,1728,1737,1738,-1,1728,1738,1739,-1,1728,1739,1740,-1,1728,1740,1741,-1,1728,1741,1742,-1,1728,1742,1743,-1,
  1728,1743,1744,-1,1728,1744,1727,-1,1727,1744,1745,-1,1727,1745,1746,-1,1727,1746,1747,-1,1727,1747,1748,-1,1727,1748,1726,-1,1748,1749,1721,-1,
  1748,1721,1722,-1,1748,1722,1724,-1,1748,1724,1725,-1,1748,1725,1726,-1,1721,1749,1750,-1,1721,1750,1751,-1,1721,1751,1752,-1,1721,1752,1753,-1,
  1721,1753,1720,-1,1719,1720,1753,-1,1719,1753,1754,-1,1719,1754,1755,-1,1719,1755,1756,-1,1793,1794,1763,-1,1763,1794,1795,-1,1763,1795,1762,-1,
  1762,1795,1796,-1,1762,1796,1761,-1,1761,1796,1797,-1,1761,1797,1760,-1,1760,1797,1798,-1,1760,1798,1759,-1,1793,1763,1764,-1,1793,1764,1765,-1,
  1793,1765,1766,-1,1793,1766,1767,-1,1793,1767,1768,-1,1793,1768,1792,-1,1792,1768,1791,-1,1791,1768,1769,-1,1791,1769,1790,-1,1790,1769,1770,-1,
  1790,1770,1789,-1,1789,1770,1771,-1,1789,1771,1788,-1,1788,1771,1772,-1,1788,1772,1787,-1,1787,1772,1773,-1,1787,1773,1786,-1,1786,1773,1774,-1,
  1786,1774,1785,-1,1785,1774,1775,-1,1785,1775,1784,-1,1784,1775,1776,-1,1784,1776,1783,-1,1783,1776,1777,-1,1783,1777,1782,-1,1782,1777,1778,-1,
  1782,1778,1781,-1,1781,1778,1779,-1,1781,1779,1780,-1,1809,1810,1806,-1,1809,1806,1807,-1,1809,1807,1808,-1,1804,1805,1812,-1,1812,1805,1806,-1,
  1812,1806,1811,-1,1811,1806,1810,-1,1803,1804,1812,-1,1803,1812,1813,-1,1803,1813,1814,-1,1803,1814,1815,-1,1803,1815,1816,-1,1803,1816,1817,-1,
  1803,1817,1818,-1,1803,1818,1819,-1,1803,1819,1802,-1,1802,1819,1820,-1,1802,1820,1821,-1,1802,1821,1822,-1,1802,1822,1823,-1,1802,1823,1801,-1,
  1823,1824,1857,-1,1823,1857,1858,-1,1823,1858,1799,-1,1823,1799,1800,-1,1823,1800,1801,-1,1857,1824,1825,-1,1857,1825,1826,-1,1857,1826,1827,-1,
  1857,1827,1828,-1,1857,1828,1856,-1,1855,1856,1828,-1,1855,1828,1829,-1,1855,1829,1830,-1,1855,1830,1831,-1,1855,1831,1832,-1,1855,1832,1833,-1,
  1855,1833,1854,-1,1854,1833,1853,-1,1853,1833,1834,-1,1853,1834,1851,-1,1851,1834,1835,-1,1851,1835,1850,-1,1850,1835,1836,-1,1850,1836,1849,-1,
  1849,1836,1837,-1,1849,1837,1848,-1,1848,1837,1838,-1,1848,1838,1847,-1,1847,1838,1839,-1,1847,1839,1846,-1,1846,1839,1840,-1,1846,1840,1845,-1,
  1845,1840,1841,-1,1845,1841,1844,-1,1844,1841,1842,-1,1844,1842,1843,-1,1877,1860,1867,-1,1867,1860,1861,-1,1867,1861,1866,-1,1866,1861,1862,-1,
  1866,1862,1865,-1,1865,1862,1863,-1,1865,1863,1864,-1,1877,1867,1880,-1,1880,1867,1868,-1,1880,1868,1879,-1,1879,1868,1876,-1,1879,1876,1860,-1,
  1878,1879,1860,-1,1878,1860,1877,-1,1871,1874,1870,-1,1870,1874,1875,-1,1870,1875,1869,-1,1869,1875,1876,-1,1869,1876,1868,-1,1872,1873,1874,-1,
  1872,1874,1871,-1,1906,1907,1883,-1,1883,1907,1908,-1,1883,1908,1882,-1,1882,1908,1955,-1,1882,1955,1881,-1,1881,1955,1956,-1,1939,1940,1933,-1,
  1939,1933,1934,-1,1939,1934,1935,-1,1939,1935,1936,-1,1939,1936,1937,-1,1939,1937,1938,-1,1941,1942,1927,-1,1941,1927,1928,-1,1941,1928,1929,-1,
  1941,1929,1930,-1,1941,1930,1931,-1,1941,1931,1932,-1,1941,1932,1933,-1,1941,1933,1940,-1,1924,1925,1943,-1,1943,1925,1926,-1,1943,1926,1942,-1,
  1942,1926,1927,-1,1943,1944,1920,-1,1943,1920,1921,-1,1943,1921,1922,-1,1943,1922,1923,-1,1943,1923,1924,-1,1919,1920,1944,-1,1919,1944,1945,-1,
  1919,1945,1946,-1,1919,1946,1947,-1,1919,1947,1948,-1,1919,1948,1949,-1,1919,1949,1950,-1,1919,1950,1918,-1,1950,1951,1914,-1,1950,1914,1915,-1,
  1950,1915,1916,-1,1950,1916,1917,-1,1950,1917,1918,-1,1952,1953,1909,-1,1952,1909,1910,-1,1952,1910,1911,-1,1952,1911,1912,-1,1952,1912,1913,-1,
  1952,1913,1914,-1,1952,1914,1951,-1,1909,1953,1954,-1,1909,1954,1955,-1,1909,1955,1908,-1,1883,1884,1902,-1,1883,1902,1903,-1,1883,1903,1904,-1,
  1883,1904,1905,-1,1883,1905,1906,-1,1899,1900,1885,-1,1885,1900,1901,-1,1885,1901,1884,-1,1884,1901,1902,-1,1885,1886,1895,-1,1885,1895,1896,-1,
  1885,1896,1897,-1,1885,1897,1898,-1,1885,1898,1899,-1,1887,1888,1892,-1,1887,1892,1893,-1,1887,1893,1894,-1,1887,1894,1895,-1,1887,1895,1886,-1,
  1891,1892,1888,-1,1891,1888,1889,-1,1891,1889,1890,-1,2003,2004,1999,-1,2003,1999,2001,-1,2003,2001,2002,-1,1977,1978,1999,-1,1999,1978,1989,-1,
  1999,1989,1998,-1,1998,1989,1990,-1,1998,1990,1997,-1,1997,1990,1991,-1,1997,1991,1996,-1,1996,1991,1992,-1,1996,1992,1995,-1,1995,1992,1993,-1,
  1995,1993,1994,-1,1999,2004,2005,-1,1999,2005,2006,-1,1999,2006,2007,-1,1999,2007,2008,-1,1999,2008,2009,-1,1999,2009,2010,-1,1999,2010,2011,-1,
  1999,2011,2012,-1,1999,2012,2013,-1,1999,2013,2014,-1,1999,2014,2015,-1,1999,2015,2016,-1,1999,2016,2017,-1,1999,2017,2018,-1,1999,2018,2019,-1,
  1999,2019,2020,-1,1999,2020,2021,-1,1999,2021,2022,-1,1999,2022,2023,-1,1999,2023,2024,-1,1999,2024,2025,-1,1999,2025,2026,-1,1999,2026,2027,-1,
  1999,2027,2028,-1,1999,2028,2029,-1,1999,2029,1957,-1,1999,1957,1977,-1,1983,1985,1982,-1,1982,1985,1986,-1,1982,1986,1981,-1,1981,1986,1987,-1,
  1981,1987,1980,-1,1980,1987,1988,-1,1980,1988,1979,-1,1979,1988,1989,-1,1979,1989,1978,-1,1957,1958,1970,-1,1957,1970,1971,-1,1957,1971,1972,-1,
  1957,1972,1973,-1,1957,1973,1974,-1,1957,1974,1975,-1,1957,1975,1976,-1,1957,1976,1977,-1,1959,1960,1967,-1,1959,1967,1968,-1,1959,1968,1969,-1,
  1959,1969,1970,-1,1959,1970,1958,-1,1963,1964,1962,-1,1962,1964,1965,-1,1962,1965,1961,-1,1961,1965,1966,-1,1961,1966,1960,-1,1960,1966,1967,-1,
  2047,2030,2037,-1,2037,2030,2031,-1,2037,2031,2036,-1,2036,2031,2032,-1,2036,2032,2035,-1,2035,2032,2033,-1,2035,2033,2034,-1,2047,2037,2050,-1,
  2050,2037,2038,-1,2050,2038,2049,-1,2049,2038,2046,-1,2049,2046,2030,-1,2048,2049,2030,-1,2048,2030,2047,-1,2041,2044,2040,-1,2040,2044,2045,-1,
  2040,2045,2039,-1,2039,2045,2046,-1,2039,2046,2038,-1,2042,2043,2044,-1,2042,2044,2041,-1,2236,2237,2195,-1,2195,2237,2238,-1,2195,2238,2194,-1,
  2194,2238,2192,-1,2194,2192,2193,-1,2235,2236,2195,-1,2235,2195,2196,-1,2235,2196,2197,-1,2235,2197,2234,-1,2197,2198,2231,-1,2197,2231,2232,-1,
  2197,2232,2233,-1,2197,2233,2234,-1,2230,2231,2198,-1,2230,2198,2199,-1,2230,2199,2200,-1,2230,2200,2201,-1,2230,2201,2229,-1,2229,2201,2202,-1,
  2229,2202,2203,-1,2229,2203,2204,-1,2229,2204,2228,-1,2204,2205,2225,-1,2204,2225,2226,-1,2204,2226,2227,-1,2204,2227,2228,-1,2206,2207,2218,-1,
  2206,2218,2219,-1,2206,2219,2220,-1,2206,2220,2221,-1,2206,2221,2222,-1,2206,2222,2223,-1,2206,2223,2224,-1,2206,2224,2225,-1,2206,2225,2205,-1,
  2212,2214,2211,-1,2211,2214,2215,-1,2211,2215,2210,-1,2210,2215,2216,-1,2210,2216,2209,-1,2209,2216,2217,-1,2209,2217,2208,-1,2208,2217,2218,-1,
  2208,2218,2207,-1,2133,2134,2139,-1,2139,2134,2135,-1,2139,2135,2137,-1,2137,2135,2136,-1,2098,2099,2097,-1,2097,2099,2100,-1,2097,2100,2096,-1,
  2096,2100,2101,-1,2096,2101,2102,-1,2093,2094,2103,-1,2103,2094,2095,-1,2103,2095,2102,-1,2102,2095,2096,-1,2104,2105,2091,-1,2104,2091,2092,-1,
  2104,2092,2093,-1,2104,2093,2103,-1,2106,2107,2090,-1,2106,2090,2091,-1,2106,2091,2105,-1,2090,2107,2108,-1,2090,2108,2109,-1,2090,2109,2110,-1,
  2090,2110,2111,-1,2090,2111,2112,-1,2090,2112,2113,-1,2090,2113,2114,-1,2090,2114,2115,-1,2090,2115,2116,-1,2090,2116,2089,-1,2127,2128,2145,-1,
  2127,2145,2146,-1,2127,2146,2147,-1,2127,2147,2148,-1,2127,2148,2149,-1,2127,2149,2150,-1,2127,2150,2151,-1,2127,2151,2152,-1,2127,2152,2153,-1,
  2127,2153,2154,-1,2127,2154,2155,-1,2127,2155,2156,-1,2127,2156,2089,-1,2127,2089,2116,-1,2127,2116,2117,-1,2127,2117,2126,-1,2121,2123,2120,-1,
  2120,2123,2124,-1,2120,2124,2119,-1,2119,2124,2125,-1,2119,2125,2118,-1,2118,2125,2126,-1,2118,2126,2117,-1,2063,2064,2075,-1,2075,2064,2065,-1,
  2075,2065,2074,-1,2074,2065,2066,-1,2074,2066,2073,-1,2073,2066,2067,-1,2073,2067,2072,-1,2072,2067,2068,-1,2072,2068,2071,-1,2071,2068,2069,-1,
  2071,2069,2070,-1,2076,2077,2062,-1,2076,2062,2063,-1,2076,2063,2075,-1,2059,2060,2079,-1,2079,2060,2061,-1,2079,2061,2078,-1,2078,2061,2062,-1,
  2078,2062,2077,-1,2080,2081,2058,-1,2080,2058,2059,-1,2080,2059,2079,-1,2082,2083,2056,-1,2082,2056,2057,-1,2082,2057,2058,-1,2082,2058,2081,-1,
  2158,2051,2088,-1,2088,2051,2052,-1,2088,2052,2087,-1,2087,2052,2053,-1,2087,2053,2086,-1,2086,2053,2054,-1,2086,2054,2085,-1,2085,2054,2055,-1,
  2085,2055,2084,-1,2084,2055,2056,-1,2084,2056,2083,-1,2157,2158,2088,-1,2157,2088,2089,-1,2157,2089,2156,-1,2051,2158,2159,-1,2051,2159,2160,-1,
  2051,2160,2161,-1,2051,2161,2191,-1,2161,2162,2187,-1,2161,2187,2188,-1,2161,2188,2189,-1,2161,2189,2190,-1,2161,2190,2191,-1,2163,2164,2182,-1,
  2163,2182,2183,-1,2163,2183,2184,-1,2163,2184,2185,-1,2163,2185,2186,-1,2163,2186,2187,-1,2163,2187,2162,-1,2182,2164,2165,-1,2182,2165,2166,-1,
  2182,2166,2167,-1,2182,2167,2181,-1,2167,2168,2175,-1,2167,2175,2176,-1,2167,2176,2177,-1,2167,2177,2178,-1,2167,2178,2179,-1,2167,2179,2180,-1,
  2167,2180,2181,-1,2171,2173,2170,-1,2170,2173,2174,-1,2170,2174,2169,-1,2169,2174,2175,-1,2169,2175,2168,-1,2128,2129,2143,-1,2128,2143,2144,-1,
  2128,2144,2145,-1,2130,2131,2142,-1,2130,2142,2143,-1,2130,2143,2129,-1,2139,2140,2133,-1,2133,2140,2141,-1,2133,2141,2132,-1,2132,2141,2142,-1,
  2132,2142,2131,-1,2257,2240,2247,-1,2247,2240,2241,-1,2247,2241,2246,-1,2246,2241,2242,-1,2246,2242,2245,-1,2245,2242,2243,-1,2245,2243,2244,-1,
  2257,2247,2260,-1,2260,2247,2248,-1,2260,2248,2259,-1,2259,2248,2256,-1,2259,2256,2240,-1,2258,2259,2240,-1,2258,2240,2257,-1,2251,2254,2250,-1,
  2250,2254,2255,-1,2250,2255,2249,-1,2249,2255,2256,-1,2249,2256,2248,-1,2252,2253,2254,-1,2252,2254,2251,-1,2305,2306,2264,-1,2264,2306,2307,-1,
  2264,2307,2263,-1,2263,2307,2261,-1,2263,2261,2262,-1,2304,2305,2264,-1,2304,2264,2265,-1,2304,2265,2266,-1,2304,2266,2303,-1,2266,2267,2300,-1,
  2266,2300,2301,-1,2266,2301,2302,-1,2266,2302,2303,-1,2299,2300,2267,-1,2299,2267,2268,-1,2299,2268,2269,-1,2299,2269,2270,-1,2299,2270,2298,-1,
  2298,2270,2271,-1,2298,2271,2272,-1,2298,2272,2273,-1,2298,2273,2297,-1,2273,2274,2294,-1,2273,2294,2295,-1,2273,2295,2296,-1,2273,2296,2297,-1,
  2275,2276,2287,-1,2275,2287,2288,-1,2275,2288,2289,-1,2275,2289,2290,-1,2275,2290,2291,-1,2275,2291,2292,-1,2275,2292,2293,-1,2275,2293,2294,-1,
  2275,2294,2274,-1,2281,2283,2280,-1,2280,2283,2284,-1,2280,2284,2279,-1,2279,2284,2285,-1,2279,2285,2278,-1,2278,2285,2286,-1,2278,2286,2277,-1,
  2277,2286,2287,-1,2277,2287,2276,-1,2375,2376,2313,-1,2313,2376,2309,-1,2313,2309,2311,-1,2311,2309,2310,-1,2364,2365,2366,-1,2364,2366,2367,-1,
  2364,2367,2368,-1,2364,2368,2369,-1,2364,2369,2370,-1,2364,2370,2371,-1,2364,2371,2372,-1,2364,2372,2373,-1,2364,2373,2363,-1,2373,2374,2315,-1,
  2373,2315,2316,-1,2373,2316,2317,-1,2373,2317,2318,-1,2373,2318,2319,-1,2373,2319,2320,-1,2373,2320,2321,-1,2373,2321,2322,-1,2373,2322,2323,-1,
  2373,2323,2324,-1,2373,2324,2325,-1,2373,2325,2326,-1,2373,2326,2327,-1,2373,2327,2328,-1,2373,2328,2363,-1,2374,2375,2313,-1,2374,2313,2314,-1,
  2374,2314,2315,-1,2360,2361,2331,-1,2331,2361,2362,-1,2331,2362,2329,-1,2329,2362,2363,-1,2329,2363,2328,-1,2360,2332,2359,-1,2359,2332,2333,-1,
  2359,2333,2358,-1,2358,2333,2334,-1,2358,2334,2357,-1,2357,2334,2335,-1,2357,2335,2356,-1,2356,2335,2336,-1,2356,2336,2355,-1,2355,2336,2337,-1,
  2355,2337,2354,-1,2354,2337,2338,-1,2354,2338,2353,-1,2353,2338,2339,-1,2353,2339,2352,-1,2352,2339,2340,-1,2352,2340,2351,-1,2351,2340,2341,-1,
  2351,2341,2350,-1,2350,2341,2342,-1,2350,2342,2349,-1,2349,2342,2343,-1,2349,2343,2348,-1,2348,2343,2344,-1,2348,2344,2347,-1,2347,2344,2345,-1,
  2347,2345,2346,-1,2394,2377,2384,-1,2384,2377,2378,-1,2384,2378,2383,-1,2383,2378,2379,-1,2383,2379,2382,-1,2382,2379,2380,-1,2382,2380,2381,-1,
  2394,2384,2397,-1,2397,2384,2385,-1,2397,2385,2396,-1,2396,2385,2393,-1,2396,2393,2377,-1,2395,2396,2377,-1,2395,2377,2394,-1,2388,2391,2387,-1,
  2387,2391,2392,-1,2387,2392,2386,-1,2386,2392,2393,-1,2386,2393,2385,-1,2389,2390,2391,-1,2389,2391,2388,-1,2533,2534,2532,-1,2532,2534,2535,-1,
  2532,2535,2531,-1,2531,2535,2536,-1,2531,2536,2537,-1,2537,2538,2528,-1,2537,2528,2529,-1,2537,2529,2530,-1,2537,2530,2531,-1,2528,2538,2539,-1,
  2528,2539,2540,-1,2528,2540,2541,-1,2528,2541,2542,-1,2528,2542,2543,-1,2528,2543,2544,-1,2528,2544,2527,-1,2526,2527,2544,-1,2526,2544,2545,-1,
  2526,2545,2546,-1,2526,2546,2547,-1,2526,2547,2548,-1,2526,2548,2549,-1,2526,2549,2525,-1,2435,2522,2398,-1,2398,2522,2523,-1,2398,2523,2549,-1,
  2549,2523,2524,-1,2549,2524,2525,-1,2665,2550,2551,-1,2665,2551,2552,-1,2665,2552,2553,-1,2665,2553,2554,-1,2665,2554,2555,-1,2665,2555,2556,-1,
  2665,2556,2557,-1,2665,2557,2558,-1,2665,2558,2664,-1,2558,2559,2648,-1,2558,2648,2649,-1,2558,2649,2650,-1,2558,2650,2651,-1,2558,2651,2652,-1,
  2558,2652,2653,-1,2558,2653,2654,-1,2558,2654,2655,-1,2558,2655,2656,-1,2558,2656,2657,-1,2558,2657,2658,-1,2558,2658,2659,-1,2558,2659,2660,-1,
  2558,2660,2661,-1,2558,2661,2662,-1,2558,2662,2663,-1,2558,2663,2664,-1,2559,2560,2634,-1,2559,2634,2635,-1,2559,2635,2636,-1,2559,2636,2637,-1,
  2559,2637,2638,-1,2559,2638,2639,-1,2559,2639,2640,-1,2559,2640,2641,-1,2559,2641,2642,-1,2559,2642,2643,-1,2559,2643,2644,-1,2559,2644,2645,-1,
  2559,2645,2646,-1,2559,2646,2647,-1,2559,2647,2648,-1,2634,2560,2561,-1,2634,2561,2562,-1,2634,2562,2563,-1,2634,2563,2564,-1,2634,2564,2565,-1,
  2634,2565,2566,-1,2634,2566,2567,-1,2634,2567,2568,-1,2634,2568,2569,-1,2634,2569,2570,-1,2634,2570,2571,-1,2634,2571,2572,-1,2634,2572,2573,-1,
  2634,2573,2574,-1,2634,2574,2575,-1,2634,2575,2633,-1,2633,2575,2576,-1,2633,2576,2577,-1,2633,2577,2578,-1,2633,2578,2579,-1,2633,2579,2580,-1,
  2633,2580,2581,-1,2633,2581,2582,-1,2633,2582,2583,-1,2633,2583,2584,-1,2633,2584,2585,-1,2633,2585,2586,-1,2633,2586,2587,-1,2633,2587,2588,-1,
  2633,2588,2589,-1,2633,2589,2590,-1,2633,2590,2632,-1,2590,2591,2619,-1,2590,2619,2620,-1,2590,2620,2621,-1,2590,2621,2622,-1,2590,2622,2623,-1,
  2590,2623,2624,-1,2590,2624,2625,-1,2590,2625,2626,-1,2590,2626,2627,-1,2590,2627,2628,-1,2590,2628,2629,-1,2590,2629,2630,-1,2590,2630,2631,-1,
  2590,2631,2632,-1,2591,2592,2602,-1,2591,2602,2603,-1,2591,2603,2604,-1,2591,2604,2605,-1,2591,2605,2606,-1,2591,2606,2607,-1,2591,2607,2608,-1,
  2591,2608,2609,-1,2591,2609,2610,-1,2591,2610,2611,-1,2591,2611,2612,-1,2591,2612,2613,-1,2591,2613,2614,-1,2591,2614,2615,-1,2591,2615,2616,-1,
  2591,2616,2617,-1,2591,2617,2618,-1,2591,2618,2619,-1,2602,2592,2593,-1,2602,2593,2594,-1,2602,2594,2595,-1,2602,2595,2596,-1,2602,2596,2597,-1,
  2602,2597,2598,-1,2602,2598,2599,-1,2602,2599,2601,-1,2486,2487,2498,-1,2498,2487,2488,-1,2498,2488,2497,-1,2497,2488,2489,-1,2497,2489,2496,-1,
  2496,2489,2490,-1,2496,2490,2495,-1,2495,2490,2491,-1,2495,2491,2494,-1,2494,2491,2492,-1,2494,2492,2493,-1,2499,2500,2485,-1,2499,2485,2486,-1,
  2499,2486,2498,-1,2482,2483,2502,-1,2502,2483,2484,-1,2502,2484,2501,-1,2501,2484,2485,-1,2501,2485,2500,-1,2503,2504,2481,-1,2503,2481,2482,-1,
  2503,2482,2502,-1,2505,2506,2479,-1,2505,2479,2480,-1,2505,2480,2481,-1,2505,2481,2504,-1,2446,2474,2511,-1,2511,2474,2475,-1,2511,2475,2510,-1,
  2510,2475,2476,-1,2510,2476,2509,-1,2509,2476,2477,-1,2509,2477,2508,-1,2508,2477,2478,-1,2508,2478,2507,-1,2507,2478,2479,-1,2507,2479,2506,-1,
  2511,2512,2444,-1,2511,2444,2445,-1,2511,2445,2446,-1,2444,2512,2513,-1,2444,2513,2514,-1,2444,2514,2515,-1,2444,2515,2516,-1,2444,2516,2517,-1,
  2444,2517,2518,-1,2444,2518,2443,-1,2519,2520,2436,-1,2519,2436,2437,-1,2519,2437,2438,-1,2519,2438,2439,-1,2519,2439,2440,-1,2519,2440,2441,-1,
  2519,2441,2442,-1,2519,2442,2443,-1,2519,2443,2518,-1,2436,2520,2521,-1,2436,2521,2522,-1,2436,2522,2435,-1,2416,2418,2415,-1,2415,2418,2419,-1,
  2415,2419,2414,-1,2414,2419,2420,-1,2414,2420,2413,-1,2413,2420,2421,-1,2413,2421,2412,-1,2412,2421,2422,-1,2412,2422,2411,-1,2411,2422,2423,-1,
  2411,2423,2410,-1,2410,2423,2424,-1,2410,2424,2409,-1,2409,2424,2425,-1,2409,2425,2408,-1,2408,2425,2426,-1,2408,2426,2407,-1,2407,2426,2427,-1,
  2407,2427,2406,-1,2406,2427,2428,-1,2406,2428,2405,-1,2405,2428,2429,-1,2405,2429,2404,-1,2404,2429,2430,-1,2404,2430,2403,-1,2403,2430,2431,-1,
  2403,2431,2402,-1,2402,2431,2432,-1,2402,2432,2401,-1,2401,2432,2433,-1,2401,2433,2400,-1,2400,2433,2434,-1,2400,2434,2399,-1,2399,2434,2435,-1,
  2399,2435,2398,-1,2474,2446,2447,-1,2474,2447,2448,-1,2474,2448,2449,-1,2474,2449,2473,-1,2449,2450,2469,-1,2449,2469,2470,-1,2449,2470,2471,-1,
  2449,2471,2472,-1,2449,2472,2473,-1,2451,2452,2462,-1,2451,2462,2463,-1,2451,2463,2464,-1,2451,2464,2465,-1,2451,2465,2466,-1,2451,2466,2467,-1,
  2451,2467,2468,-1,2451,2468,2469,-1,2451,2469,2450,-1,2460,2461,2454,-1,2454,2461,2462,-1,2454,2462,2453,-1,2453,2462,2452,-1,2457,2458,2456,-1,
  2456,2458,2459,-1,2456,2459,2455,-1,2455,2459,2460,-1,2455,2460,2454,-1,2712,2713,2708,-1,2712,2708,2710,-1,2712,2710,2711,-1,2686,2687,2708,-1,
  2708,2687,2698,-1,2708,2698,2707,-1,2707,2698,2699,-1,2707,2699,2706,-1,2706,2699,2700,-1,2706,2700,2705,-1,2705,2700,2701,-1,2705,2701,2704,-1,
  2704,2701,2702,-1,2704,2702,2703,-1,2708,2713,2714,-1,2708,2714,2715,-1,2708,2715,2716,-1,2708,2716,2717,-1,2708,2717,2718,-1,2708,2718,2719,-1,
  2708,2719,2720,-1,2708,2720,2721,-1,2708,2721,2722,-1,2708,2722,2723,-1,2708,2723,2724,-1,2708,2724,2725,-1,2708,2725,2726,-1,2708,2726,2727,-1,
  2708,2727,2728,-1,2708,2728,2729,-1,2708,2729,2730,-1,2708,2730,2731,-1,2708,2731,2732,-1,2708,2732,2733,-1,2708,2733,2734,-1,2708,2734,2735,-1,
  2708,2735,2736,-1,2708,2736,2737,-1,2708,2737,2738,-1,2708,2738,2666,-1,2708,2666,2686,-1,2692,2694,2691,-1,2691,2694,2695,-1,2691,2695,2690,-1,
  2690,2695,2696,-1,2690,2696,2689,-1,2689,2696,2697,-1,2689,2697,2688,-1,2688,2697,2698,-1,2688,2698,2687,-1,2666,2667,2679,-1,2666,2679,2680,-1,
  2666,2680,2681,-1,2666,2681,2682,-1,2666,2682,2683,-1,2666,2683,2684,-1,2666,2684,2685,-1,2666,2685,2686,-1,2668,2669,2676,-1,2668,2676,2677,-1,
  2668,2677,2678,-1,2668,2678,2679,-1,2668,2679,2667,-1,2672,2673,2671,-1,2671,2673,2674,-1,2671,2674,2670,-1,2670,2674,2675,-1,2670,2675,2669,-1,
  2669,2675,2676,-1,2756,2739,2746,-1,2746,2739,2740,-1,2746,2740,2745,-1,2745,2740,2741,-1,2745,2741,2744,-1,2744,2741,2742,-1,2744,2742,2743,-1,
  2756,2746,2759,-1,2759,2746,2747,-1,2759,2747,2758,-1,2758,2747,2755,-1,2758,2755,2739,-1,2757,2758,2739,-1,2757,2739,2756,-1,2750,2753,2749,-1,
  2749,2753,2754,-1,2749,2754,2748,-1,2748,2754,2755,-1,2748,2755,2747,-1,2751,2752,2753,-1,2751,2753,2750,-1,2849,2850,2816,-1,2849,2816,2787,-1,
  2849,2787,2788,-1,2849,2788,2789,-1,2849,2789,2790,-1,2849,2790,2791,-1,2849,2791,2848,-1,2866,2867,2791,-1,2791,2867,2858,-1,2791,2858,2848,-1,
  2848,2858,2859,-1,2848,2859,2857,-1,2857,2859,2860,-1,2857,2860,2861,-1,2866,2791,2792,-1,2866,2792,2793,-1,2866,2793,2794,-1,2866,2794,2795,-1,
  2866,2795,2796,-1,2866,2796,2865,-1,2864,2865,2796,-1,2864,2796,2797,-1,2864,2797,2854,-1,2864,2854,2855,-1,2864,2855,2863,-1,2760,2761,2784,-1,
  2784,2761,2762,-1,2784,2762,2783,-1,2783,2762,2763,-1,2783,2763,2782,-1,2782,2763,2764,-1,2782,2764,2781,-1,2781,2764,2765,-1,2781,2765,2780,-1,
  2780,2765,2766,-1,2780,2766,2779,-1,2779,2766,2767,-1,2779,2767,2778,-1,2778,2767,2768,-1,2778,2768,2777,-1,2777,2768,2769,-1,2777,2769,2776,-1,
  2776,2769,2770,-1,2776,2770,2775,-1,2775,2770,2771,-1,2775,2771,2774,-1,2774,2771,2772,-1,2774,2772,2773,-1,2760,2784,2816,-1,2760,2816,2817,-1,
  2760,2817,2818,-1,2760,2818,2819,-1,2760,2819,2820,-1,2760,2820,2847,-1,2816,2784,2785,-1,2816,2785,2786,-1,2816,2786,2787,-1,2814,2815,2852,-1,
  2852,2815,2816,-1,2852,2816,2851,-1,2851,2816,2850,-1,2852,2853,2811,-1,2852,2811,2812,-1,2852,2812,2813,-1,2852,2813,2814,-1,2854,2797,2810,-1,
  2854,2810,2811,-1,2854,2811,2853,-1,2802,2806,2801,-1,2801,2806,2807,-1,2801,2807,2800,-1,2800,2807,2808,-1,2800,2808,2799,-1,2799,2808,2809,-1,
  2799,2809,2798,-1,2798,2809,2810,-1,2798,2810,2797,-1,2806,2802,2803,-1,2806,2803,2804,-1,2806,2804,2805,-1,3003,3004,3002,-1,3002,3004,3005,-1,
  3002,3005,3001,-1,3001,3005,3006,-1,3001,3006,3007,-1,3007,3008,2998,-1,3007,2998,2999,-1,3007,2999,3000,-1,3007,3000,3001,-1,2998,3008,3009,-1,
  2998,3009,3010,-1,2998,3010,3011,-1,2998,3011,3012,-1,2998,3012,3013,-1,2998,3013,3014,-1,2998,3014,2997,-1,2996,2997,3014,-1,2996,3014,3015,-1,
  2996,3015,3016,-1,2996,3016,3017,-1,2996,3017,3018,-1,2996,3018,3019,-1,2996,3019,2995,-1,2905,2992,2868,-1,2868,2992,2993,-1,2868,2993,3019,-1,
  3019,2993,2994,-1,3019,2994,2995,-1,2956,2957,2968,-1,2968,2957,2958,-1,2968,2958,2967,-1,2967,2958,2959,-1,2967,2959,2966,-1,2966,2959,2960,-1,
  2966,2960,2965,-1,2965,2960,2961,-1,2965,2961,2964,-1,2964,2961,2962,-1,2964,2962,2963,-1,2969,2970,2955,-1,2969,2955,2956,-1,2969,2956,2968,-1,
  2952,2953,2972,-1,2972,2953,2954,-1,2972,2954,2971,-1,2971,2954,2955,-1,2971,2955,2970,-1,2973,2974,2951,-1,2973,2951,2952,-1,2973,2952,2972,-1,
  2975,2976,2949,-1,2975,2949,2950,-1,2975,2950,2951,-1,2975,2951,2974,-1,2916,2944,2981,-1,2981,2944,2945,-1,2981,2945,2980,-1,2980,2945,2946,-1,
  2980,2946,2979,-1,2979,2946,2947,-1,2979,2947,2978,-1,2978,2947,2948,-1,2978,2948,2977,-1,2977,2948,2949,-1,2977,2949,2976,-1,2981,2982,2914,-1,
  2981,2914,2915,-1,2981,2915,2916,-1,2914,2982,2983,-1,2914,2983,2984,-1,2914,2984,2985,-1,2914,2985,2986,-1,2914,2986,2987,-1,2914,2987,2988,-1,
  2914,2988,2913,-1,2989,2990,2906,-1,2989,2906,2907,-1,2989,2907,2908,-1,2989,2908,2909,-1,2989,2909,2910,-1,2989,2910,2911,-1,2989,2911,2912,-1,
  2989,2912,2913,-1,2989,2913,2988,-1,2906,2990,2991,-1,2906,2991,2992,-1,2906,2992,2905,-1,2886,2888,2885,-1,2885,2888,2889,-1,2885,2889,2884,-1,
  2884,2889,2890,-1,2884,2890,2883,-1,2883,2890,2891,-1,2883,2891,2882,-1,2882,2891,2892,-1,2882,2892,2881,-1,2881,2892,2893,-1,2881,2893,2880,-1,
  2880,2893,2894,-1,2880,2894,2879,-1,2879,2894,2895,-1,2879,2895,2878,-1,2878,2895,2896,-1,2878,2896,2877,-1,2877,2896,2897,-1,2877,2897,2876,-1,
  2876,2897,2898,-1,2876,2898,2875,-1,2875,2898,2899,-1,2875,2899,2874,-1,2874,2899,2900,-1,2874,2900,2873,-1,2873,2900,2901,-1,2873,2901,2872,-1,
  2872,2901,2902,-1,2872,2902,2871,-1,2871,2902,2903,-1,2871,2903,2870,-1,2870,2903,2904,-1,2870,2904,2869,-1,2869,2904,2905,-1,2869,2905,2868,-1,
  2944,2916,2917,-1,2944,2917,2918,-1,2944,2918,2919,-1,2944,2919,2943,-1,2919,2920,2939,-1,2919,2939,2940,-1,2919,2940,2941,-1,2919,2941,2942,-1,
  2919,2942,2943,-1,2921,2922,2932,-1,2921,2932,2933,-1,2921,2933,2934,-1,2921,2934,2935,-1,2921,2935,2936,-1,2921,2936,2937,-1,2921,2937,2938,-1,
  2921,2938,2939,-1,2921,2939,2920,-1,2930,2931,2924,-1,2924,2931,2932,-1,2924,2932,2923,-1,2923,2932,2922,-1,2927,2928,2926,-1,2926,2928,2929,-1,
  2926,2929,2925,-1,2925,2929,2930,-1,2925,2930,2924,-1,3029,3031,3028,-1,3028,3031,3032,-1,3028,3032,3027,-1,3027,3032,3033,-1,3027,3033,3026,-1,
  3026,3033,3034,-1,3026,3034,3025,-1,3025,3034,3035,-1,3025,3035,3024,-1,3024,3035,3036,-1,3024,3036,3023,-1,3023,3036,3037,-1,3023,3037,3022,-1,
  3022,3037,3038,-1,3022,3038,3021,-1,3021,3038,3039,-1,3021,3039,3020,-1,2828,2829,2840,-1,2840,2829,2830,-1,2840,2830,2839,-1,2839,2830,2831,-1,
  2839,2831,2838,-1,2838,2831,2832,-1,2838,2832,2837,-1,2837,2832,2833,-1,2837,2833,2836,-1,2836,2833,2834,-1,2836,2834,2835,-1,2841,2842,2827,-1,
  2841,2827,2828,-1,2841,2828,2840,-1,2824,2825,2844,-1,2844,2825,2826,-1,2844,2826,2843,-1,2843,2826,2827,-1,2843,2827,2842,-1,2845,2846,2823,-1,
  2845,2823,2824,-1,2845,2824,2844,-1,2847,2820,2821,-1,2847,2821,2822,-1,2847,2822,2823,-1,2847,2823,2846,-1,2856,2857,2861,-1,2856,2861,2862,-1,
  2856,2862,2863,-1,2856,2863,2855,-1,3048,3049,3078,-1,3078,3049,3050,-1,3078,3050,3077,-1,3077,3050,3051,-1,3077,3051,3076,-1,3076,3051,3052,-1,
  3076,3052,3075,-1,3075,3052,3053,-1,3075,3053,3074,-1,3074,3053,3054,-1,3074,3054,3073,-1,3073,3054,3055,-1,3073,3055,3072,-1,3072,3055,3056,-1,
  3072,3056,3071,-1,3071,3056,3057,-1,3071,3057,3070,-1,3070,3057,3058,-1,3070,3058,3069,-1,3069,3058,3059,-1,3069,3059,3068,-1,3068,3059,3060,-1,
  3068,3060,3067,-1,3067,3060,3062,-1,3067,3062,3065,-1,3065,3062,3063,-1,3065,3063,3064,-1,3239,3240,3235,-1,3239,3235,3237,-1,3239,3237,3238,-1,
  3213,3214,3235,-1,3235,3214,3225,-1,3235,3225,3234,-1,3234,3225,3226,-1,3234,3226,3233,-1,3233,3226,3227,-1,3233,3227,3232,-1,3232,3227,3228,-1,
  3232,3228,3231,-1,3231,3228,3229,-1,3231,3229,3230,-1,3235,3240,3241,-1,3235,3241,3242,-1,3235,3242,3243,-1,3235,3243,3244,-1,3235,3244,3245,-1,
  3235,3245,3246,-1,3235,3246,3247,-1,3235,3247,3248,-1,3235,3248,3249,-1,3235,3249,3250,-1,3235,3250,3251,-1,3235,3251,3252,-1,3235,3252,3253,-1,
  3235,3253,3254,-1,3235,3254,3255,-1,3235,3255,3256,-1,3235,3256,3257,-1,3235,3257,3258,-1,3235,3258,3259,-1,3235,3259,3260,-1,3235,3260,3261,-1,
  3235,3261,3262,-1,3235,3262,3263,-1,3235,3263,3264,-1,3235,3264,3265,-1,3235,3265,3193,-1,3235,3193,3213,-1,3219,3221,3218,-1,3218,3221,3222,-1,
  3218,3222,3217,-1,3217,3222,3223,-1,3217,3223,3216,-1,3216,3223,3224,-1,3216,3224,3215,-1,3215,3224,3225,-1,3215,3225,3214,-1,3193,3194,3206,-1,
  3193,3206,3207,-1,3193,3207,3208,-1,3193,3208,3209,-1,3193,3209,3210,-1,3193,3210,3211,-1,3193,3211,3212,-1,3193,3212,3213,-1,3195,3196,3203,-1,
  3195,3203,3204,-1,3195,3204,3205,-1,3195,3205,3206,-1,3195,3206,3194,-1,3199,3200,3198,-1,3198,3200,3201,-1,3198,3201,3197,-1,3197,3201,3202,-1,
  3197,3202,3196,-1,3196,3202,3203,-1,3079,3080,3047,-1,3079,3047,3048,-1,3079,3048,3078,-1,3044,3045,3082,-1,3082,3045,3046,-1,3082,3046,3081,-1,
  3081,3046,3047,-1,3081,3047,3080,-1,3083,3084,3043,-1,3083,3043,3044,-1,3083,3044,3082,-1,3085,3086,3041,-1,3085,3041,3042,-1,3085,3042,3043,-1,
  3085,3043,3084,-1,3087,3088,3173,-1,3087,3173,3040,-1,3087,3040,3041,-1,3087,3041,3086,-1,3173,3088,3089,-1,3173,3089,3090,-1,3173,3090,3091,-1,
  3173,3091,3192,-1,3091,3092,3190,-1,3091,3190,3191,-1,3091,3191,3192,-1,3190,3092,3093,-1,3190,3093,3094,-1,3190,3094,3095,-1,3190,3095,3096,-1,
  3190,3096,3189,-1,3188,3189,3096,-1,3188,3096,3097,-1,3188,3097,3098,-1,3188,3098,3099,-1,3188,3099,3100,-1,3188,3100,3101,-1,3188,3101,3187,-1,
  3101,3102,3185,-1,3101,3185,3186,-1,3101,3186,3187,-1,3185,3102,3103,-1,3185,3103,3104,-1,3185,3104,3105,-1,3185,3105,3184,-1,3106,3107,3153,-1,
  3106,3153,3154,-1,3106,3154,3155,-1,3106,3155,3183,-1,3106,3183,3184,-1,3106,3184,3105,-1,3109,3110,3150,-1,3150,3110,3111,-1,3150,3111,3149,-1,
  3149,3111,3112,-1,3149,3112,3148,-1,3148,3112,3113,-1,3148,3113,3147,-1,3147,3113,3114,-1,3147,3114,3146,-1,3146,3114,3115,-1,3146,3115,3145,-1,
  3145,3115,3116,-1,3145,3116,3144,-1,3144,3116,3117,-1,3144,3117,3143,-1,3143,3117,3118,-1,3143,3118,3142,-1,3142,3118,3119,-1,3142,3119,3141,-1,
  3141,3119,3120,-1,3141,3120,3140,-1,3140,3120,3121,-1,3140,3121,3139,-1,3139,3121,3122,-1,3139,3122,3138,-1,3138,3122,3123,-1,3138,3123,3137,-1,
  3137,3123,3124,-1,3137,3124,3136,-1,3136,3124,3125,-1,3136,3125,3135,-1,3135,3125,3126,-1,3135,3126,3134,-1,3134,3126,3128,-1,3134,3128,3132,-1,
  3132,3128,3129,-1,3132,3129,3130,-1,3174,3175,3169,-1,3174,3169,3170,-1,3174,3170,3171,-1,3174,3171,3172,-1,3174,3172,3040,-1,3174,3040,3173,-1,
  3167,3168,3177,-1,3177,3168,3169,-1,3177,3169,3176,-1,3176,3169,3175,-1,3177,3178,3164,-1,3177,3164,3165,-1,3177,3165,3166,-1,3177,3166,3167,-1,
  3179,3180,3159,-1,3179,3159,3160,-1,3179,3160,3161,-1,3179,3161,3162,-1,3179,3162,3163,-1,3179,3163,3164,-1,3179,3164,3178,-1,3157,3158,3182,-1,
  3182,3158,3159,-1,3182,3159,3181,-1,3181,3159,3180,-1,3182,3183,3155,-1,3182,3155,3156,-1,3182,3156,3157,-1,3150,3151,3109,-1,3109,3151,3152,-1,
  3109,3152,3108,-1,3108,3152,3153,-1,3108,3153,3107,-1,3355,3356,3322,-1,3355,3322,3293,-1,3355,3293,3294,-1,3355,3294,3295,-1,3355,3295,3296,-1,
  3355,3296,3297,-1,3355,3297,3354,-1,3372,3373,3297,-1,3297,3373,3364,-1,3297,3364,3354,-1,3354,3364,3365,-1,3354,3365,3363,-1,3363,3365,3366,-1,
  3363,3366,3367,-1,3372,3297,3298,-1,3372,3298,3299,-1,3372,3299,3300,-1,3372,3300,3301,-1,3372,3301,3302,-1,3372,3302,3371,-1,3370,3371,3302,-1,
  3370,3302,3303,-1,3370,3303,3360,-1,3370,3360,3361,-1,3370,3361,3369,-1,3266,3267,3290,-1,3290,3267,3268,-1,3290,3268,3289,-1,3289,3268,3269,-1,
  3289,3269,3288,-1,3288,3269,3270,-1,3288,3270,3287,-1,3287,3270,3271,-1,3287,3271,3286,-1,3286,3271,3272,-1,3286,3272,3285,-1,3285,3272,3273,-1,
  3285,3273,3284,-1,3284,3273,3274,-1,3284,3274,3283,-1,3283,3274,3275,-1,3283,3275,3282,-1,3282,3275,3276,-1,3282,3276,3281,-1,3281,3276,3277,-1,
  3281,3277,3280,-1,3280,3277,3278,-1,3280,3278,3279,-1,3266,3290,3322,-1,3266,3322,3323,-1,3266,3323,3324,-1,3266,3324,3325,-1,3266,3325,3326,-1,
  3266,3326,3353,-1,3322,3290,3291,-1,3322,3291,3292,-1,3322,3292,3293,-1,3320,3321,3358,-1,3358,3321,3322,-1,3358,3322,3357,-1,3357,3322,3356,-1,
  3358,3359,3317,-1,3358,3317,3318,-1,3358,3318,3319,-1,3358,3319,3320,-1,3360,3303,3316,-1,3360,3316,3317,-1,3360,3317,3359,-1,3308,3312,3307,-1,
  3307,3312,3313,-1,3307,3313,3306,-1,3306,3313,3314,-1,3306,3314,3305,-1,3305,3314,3315,-1,3305,3315,3304,-1,3304,3315,3316,-1,3304,3316,3303,-1,
  3312,3308,3309,-1,3312,3309,3310,-1,3312,3310,3311,-1,3334,3335,3346,-1,3346,3335,3336,-1,3346,3336,3345,-1,3345,3336,3337,-1,3345,3337,3344,-1,
  3344,3337,3338,-1,3344,3338,3343,-1,3343,3338,3339,-1,3343,3339,3342,-1,3342,3339,3340,-1,3342,3340,3341,-1,3347,3348,3333,-1,3347,3333,3334,-1,
  3347,3334,3346,-1,3330,3331,3350,-1,3350,3331,3332,-1,3350,3332,3349,-1,3349,3332,3333,-1,3349,3333,3348,-1,3351,3352,3329,-1,3351,3329,3330,-1,
  3351,3330,3350,-1,3353,3326,3327,-1,3353,3327,3328,-1,3353,3328,3329,-1,3353,3329,3352,-1,3362,3363,3367,-1,3362,3367,3368,-1,3362,3368,3369,-1,
  3362,3369,3361,-1,3498,3499,3508,-1,3508,3499,3500,-1,3508,3500,3507,-1,3507,3500,3501,-1,3507,3501,3506,-1,3506,3501,3502,-1,3506,3502,3505,-1,
  3505,3502,3503,-1,3505,3503,3504,-1,3514,3516,3513,-1,3513,3516,3517,-1,3513,3517,3512,-1,3512,3517,3518,-1,3512,3518,3511,-1,3511,3518,3519,-1,
  3511,3519,3510,-1,3510,3519,3520,-1,3510,3520,3509,-1,3509,3520,3531,-1,3509,3531,3498,-1,3498,3531,3532,-1,3498,3532,3497,-1,3497,3532,3533,-1,
  3497,3533,3542,-1,3542,3533,3534,-1,3542,3534,3541,-1,3541,3534,3535,-1,3541,3535,3540,-1,3540,3535,3536,-1,3540,3536,3539,-1,3539,3536,3537,-1,
  3539,3537,3538,-1,3448,3374,3411,-1,3411,3374,3375,-1,3411,3375,3410,-1,3410,3375,3376,-1,3410,3376,3409,-1,3409,3376,3377,-1,3409,3377,3408,-1,
  3408,3377,3378,-1,3408,3378,3407,-1,3407,3378,3379,-1,3407,3379,3406,-1,3406,3379,3380,-1,3406,3380,3405,-1,3405,3380,3381,-1,3405,3381,3404,-1,
  3404,3381,3382,-1,3404,3382,3403,-1,3403,3382,3383,-1,3403,3383,3402,-1,3402,3383,3384,-1,3402,3384,3401,-1,3401,3384,3385,-1,3401,3385,3400,-1,
  3400,3385,3386,-1,3400,3386,3399,-1,3399,3386,3387,-1,3399,3387,3398,-1,3398,3387,3388,-1,3398,3388,3397,-1,3397,3388,3389,-1,3397,3389,3396,-1,
  3396,3389,3390,-1,3396,3390,3395,-1,3395,3390,3391,-1,3395,3391,3394,-1,3394,3391,3392,-1,3394,3392,3393,-1,3411,3412,3456,-1,3411,3456,3457,-1,
  3411,3457,3448,-1,3456,3412,3413,-1,3456,3413,3414,-1,3456,3414,3415,-1,3456,3415,3416,-1,3456,3416,3455,-1,3455,3416,3454,-1,3454,3416,3417,-1,
  3454,3417,3429,-1,3429,3417,3418,-1,3429,3418,3428,-1,3428,3418,3419,-1,3428,3419,3427,-1,3427,3419,3420,-1,3427,3420,3426,-1,3426,3420,3421,-1,
  3426,3421,3425,-1,3425,3421,3422,-1,3425,3422,3423,-1,3445,3446,3436,-1,3436,3446,3452,-1,3436,3452,3435,-1,3435,3452,3453,-1,3435,3453,3434,-1,
  3434,3453,3454,-1,3434,3454,3433,-1,3433,3454,3432,-1,3454,3429,3430,-1,3454,3430,3431,-1,3454,3431,3432,-1,3374,3448,3449,-1,3374,3449,3450,-1,
  3374,3450,3451,-1,3374,3451,3447,-1,3451,3452,3446,-1,3451,3446,3447,-1,3459,3460,3469,-1,3469,3460,3461,-1,3469,3461,3468,-1,3468,3461,3462,-1,
  3468,3462,3467,-1,3467,3462,3463,-1,3467,3463,3466,-1,3466,3463,3464,-1,3466,3464,3465,-1,3484,3485,3459,-1,3459,3485,3486,-1,3459,3486,3458,-1,
  3458,3486,3487,-1,3458,3487,3496,-1,3496,3487,3488,-1,3496,3488,3495,-1,3495,3488,3489,-1,3495,3489,3494,-1,3494,3489,3490,-1,3494,3490,3493,-1,
  3493,3490,3491,-1,3493,3491,3492,-1,3459,3469,3470,-1,3459,3470,3481,-1,3459,3481,3482,-1,3459,3482,3483,-1,3459,3483,3484,-1,3475,3477,3474,-1,
  3474,3477,3478,-1,3474,3478,3473,-1,3473,3478,3479,-1,3473,3479,3472,-1,3472,3479,3480,-1,3472,3480,3471,-1,3471,3480,3481,-1,3471,3481,3470,-1,
  3440,3441,3445,-1,3445,3441,3442,-1,3445,3442,3444,-1,3444,3442,3443,-1,3445,3436,3437,-1,3445,3437,3438,-1,3445,3438,3439,-1,3445,3439,3440,-1,
  3531,3521,3530,-1,3530,3521,3522,-1,3530,3522,3529,-1,3529,3522,3523,-1,3529,3523,3528,-1,3528,3523,3524,-1,3528,3524,3527,-1,3527,3524,3525,-1,
  3527,3525,3526,-1,3544,3545,3554,-1,3554,3545,3546,-1,3554,3546,3553,-1,3553,3546,3547,-1,3553,3547,3552,-1,3552,3547,3548,-1,3552,3548,3551,-1,
  3551,3548,3549,-1,3551,3549,3550,-1,3560,3562,3559,-1,3559,3562,3563,-1,3559,3563,3558,-1,3558,3563,3564,-1,3558,3564,3557,-1,3557,3564,3565,-1,
  3557,3565,3556,-1,3556,3565,3566,-1,3556,3566,3555,-1,3555,3566,3577,-1,3555,3577,3544,-1,3544,3577,3578,-1,3544,3578,3543,-1,3543,3578,3579,-1,
  3543,3579,3588,-1,3588,3579,3580,-1,3588,3580,3587,-1,3587,3580,3581,-1,3587,3581,3586,-1,3586,3581,3582,-1,3586,3582,3585,-1,3585,3582,3583,-1,
  3585,3583,3584,-1,3577,3567,3576,-1,3576,3567,3568,-1,3576,3568,3575,-1,3575,3568,3569,-1,3575,3569,3574,-1,3574,3569,3570,-1,3574,3570,3573,-1,
  3573,3570,3571,-1,3573,3571,3572,-1,3687,3688,3658,-1,3658,3688,3589,-1,3658,3589,3689,-1,3689,3589,3590,-1,3689,3590,3696,-1,3696,3590,3591,-1,
  3696,3591,3592,-1,3694,3695,3594,-1,3594,3695,3696,-1,3594,3696,3593,-1,3593,3696,3592,-1,3694,3594,3595,-1,3694,3595,3596,-1,3694,3596,3597,-1,
  3694,3597,3598,-1,3694,3598,3693,-1,3635,3654,3634,-1,3634,3654,3655,-1,3634,3655,3633,-1,3633,3655,3656,-1,3633,3656,3600,-1,3600,3656,3692,-1,
  3600,3692,3599,-1,3599,3692,3693,-1,3599,3693,3598,-1,3689,3690,3658,-1,3658,3690,3691,-1,3658,3691,3657,-1,3657,3691,3692,-1,3657,3692,3656,-1,
  3675,3676,3672,-1,3675,3672,3673,-1,3675,3673,3674,-1,3677,3678,3670,-1,3677,3670,3671,-1,3677,3671,3672,-1,3677,3672,3676,-1,3678,3679,3662,-1,
  3678,3662,3663,-1,3678,3663,3664,-1,3678,3664,3665,-1,3678,3665,3666,-1,3678,3666,3667,-1,3678,3667,3668,-1,3678,3668,3669,-1,3678,3669,3670,-1,
  3662,3679,3680,-1,3662,3680,3681,-1,3662,3681,3682,-1,3662,3682,3683,-1,3662,3683,3661,-1,3683,3684,3658,-1,3683,3660,3661,-1,3658,3684,3685,-1,
  3658,3685,3686,-1,3658,3686,3687,-1,3646,3647,3645,-1,3645,3647,3648,-1,3645,3648,3644,-1,3644,3648,3649,-1,3644,3649,3643,-1,3643,3649,3650,-1,
  3643,3650,3651,-1,3652,3653,3638,-1,3652,3638,3639,-1,3652,3639,3640,-1,3652,3640,3641,-1,3652,3641,3642,-1,3652,3642,3643,-1,3652,3643,3651,-1,
  3654,3635,3636,-1,3654,3636,3637,-1,3654,3637,3638,-1,3654,3638,3653,-1,3633,3600,3632,-1,3632,3600,3601,-1,3632,3601,3631,-1,3631,3601,3602,-1,
  3631,3602,3630,-1,3630,3602,3603,-1,3630,3603,3629,-1,3629,3603,3604,-1,3629,3604,3628,-1,3628,3604,3605,-1,3628,3605,3627,-1,3627,3605,3606,-1,
  3627,3606,3626,-1,3626,3606,3607,-1,3626,3607,3625,-1,3625,3607,3608,-1,3625,3608,3624,-1,3624,3608,3609,-1,3624,3609,3623,-1,3623,3609,3610,-1,
  3623,3610,3622,-1,3622,3610,3611,-1,3622,3611,3621,-1,3621,3611,3612,-1,3621,3612,3620,-1,3620,3612,3613,-1,3620,3613,3619,-1,3619,3613,3614,-1,
  3619,3614,3618,-1,3618,3614,3615,-1,3618,3615,3616,-1,3705,3706,3735,-1,3735,3706,3707,-1,3735,3707,3734,-1,3734,3707,3708,-1,3734,3708,3733,-1,
  3733,3708,3709,-1,3733,3709,3732,-1,3732,3709,3710,-1,3732,3710,3731,-1,3731,3710,3711,-1,3731,3711,3730,-1,3730,3711,3712,-1,3730,3712,3729,-1,
  3729,3712,3713,-1,3729,3713,3728,-1,3728,3713,3714,-1,3728,3714,3727,-1,3727,3714,3715,-1,3727,3715,3726,-1,3726,3715,3716,-1,3726,3716,3725,-1,
  3725,3716,3717,-1,3725,3717,3724,-1,3724,3717,3719,-1,3724,3719,3722,-1,3722,3719,3720,-1,3722,3720,3721,-1,3736,3737,3704,-1,3736,3704,3705,-1,
  3736,3705,3735,-1,3701,3702,3739,-1,3739,3702,3703,-1,3739,3703,3738,-1,3738,3703,3704,-1,3738,3704,3737,-1,3740,3741,3700,-1,3740,3700,3701,-1,
  3740,3701,3739,-1,3742,3743,3698,-1,3742,3698,3699,-1,3742,3699,3700,-1,3742,3700,3741,-1,3744,3745,3830,-1,3744,3830,3697,-1,3744,3697,3698,-1,
  3744,3698,3743,-1,3830,3745,3746,-1,3830,3746,3747,-1,3830,3747,3748,-1,3830,3748,3849,-1,3748,3749,3847,-1,3748,3847,3848,-1,3748,3848,3849,-1,
  3847,3749,3750,-1,3847,3750,3751,-1,3847,3751,3752,-1,3847,3752,3753,-1,3847,3753,3846,-1,3845,3846,3753,-1,3845,3753,3754,-1,3845,3754,3755,-1,
  3845,3755,3756,-1,3845,3756,3757,-1,3845,3757,3758,-1,3845,3758,3844,-1,3758,3759,3842,-1,3758,3842,3843,-1,3758,3843,3844,-1,3842,3759,3760,-1,
  3842,3760,3761,-1,3842,3761,3762,-1,3842,3762,3841,-1,3763,3764,3810,-1,3763,3810,3811,-1,3763,3811,3812,-1,3763,3812,3840,-1,3763,3840,3841,-1,
  3763,3841,3762,-1,3766,3767,3807,-1,3807,3767,3768,-1,3807,3768,3806,-1,3806,3768,3769,-1,3806,3769,3805,-1,3805,3769,3770,-1,3805,3770,3804,-1,
  3804,3770,3771,-1,3804,3771,3803,-1,3803,3771,3772,-1,3803,3772,3802,-1,3802,3772,3773,-1,3802,3773,3801,-1,3801,3773,3774,-1,3801,3774,3800,-1,
  3800,3774,3775,-1,3800,3775,3799,-1,3799,3775,3776,-1,3799,3776,3798,-1,3798,3776,3777,-1,3798,3777,3797,-1,3797,3777,3778,-1,3797,3778,3796,-1,
  3796,3778,3779,-1,3796,3779,3795,-1,3795,3779,3780,-1,3795,3780,3794,-1,3794,3780,3781,-1,3794,3781,3793,-1,3793,3781,3782,-1,3793,3782,3792,-1,
  3792,3782,3783,-1,3792,3783,3791,-1,3791,3783,3785,-1,3791,3785,3789,-1,3789,3785,3786,-1,3789,3786,3787,-1,3831,3832,3826,-1,3831,3826,3827,-1,
  3831,3827,3828,-1,3831,3828,3829,-1,3831,3829,3697,-1,3831,3697,3830,-1,3824,3825,3834,-1,3834,3825,3826,-1,3834,3826,3833,-1,3833,3826,3832,-1,
  3834,3835,3821,-1,3834,3821,3822,-1,3834,3822,3823,-1,3834,3823,3824,-1,3836,3837,3816,-1,3836,3816,3817,-1,3836,3817,3818,-1,3836,3818,3819,-1,
  3836,3819,3820,-1,3836,3820,3821,-1,3836,3821,3835,-1,3814,3815,3839,-1,3839,3815,3816,-1,3839,3816,3838,-1,3838,3816,3837,-1,3839,3840,3812,-1,
  3839,3812,3813,-1,3839,3813,3814,-1,3807,3808,3766,-1,3766,3808,3809,-1,3766,3809,3765,-1,3765,3809,3810,-1,3765,3810,3764,-1,3850,3851,3881,-1,
  3850,3881,3882,-1,3850,3882,3883,-1,3850,3883,3908,-1,3850,3908,3937,-1,3881,3851,3852,-1,3881,3852,3853,-1,3881,3853,3854,-1,3881,3854,3855,-1,
  3881,3855,3880,-1,3879,3880,3855,-1,3879,3855,3856,-1,3879,3856,3857,-1,3879,3857,3858,-1,3879,3858,3859,-1,3879,3859,3860,-1,3879,3860,3878,-1,
  3860,3861,3875,-1,3860,3875,3876,-1,3860,3876,3877,-1,3860,3877,3878,-1,3875,3861,3862,-1,3875,3862,3863,-1,3875,3863,3864,-1,3875,3864,3865,-1,
  3875,3865,3866,-1,3875,3866,3867,-1,3875,3867,3874,-1,3873,3874,3867,-1,3873,3867,3868,-1,3873,3868,3869,-1,3873,3869,3872,-1,3870,3871,3872,-1,
  3870,3872,3869,-1,3914,3915,3921,-1,3921,3915,3916,-1,3921,3916,3920,-1,3920,3916,3918,-1,3920,3918,3919,-1,3910,3911,3925,-1,3925,3911,3912,-1,
  3925,3912,3924,-1,3924,3912,3913,-1,3924,3913,3923,-1,3923,3913,3914,-1,3923,3914,3922,-1,3922,3914,3921,-1,3925,3926,3910,-1,3910,3926,3927,-1,
  3910,3927,3909,-1,3909,3927,3928,-1,3909,3928,3929,-1,3930,3931,3908,-1,3930,3908,3909,-1,3930,3909,3929,-1,3908,3931,3932,-1,3908,3932,3933,-1,
  3908,3933,3934,-1,3908,3934,3935,-1,3908,3935,3936,-1,3908,3936,3937,-1,3883,3884,3908,-1,3908,3884,3885,-1,3908,3885,3907,-1,3907,3885,3896,-1,
  3907,3896,3897,-1,3885,3886,3893,-1,3885,3893,3894,-1,3885,3894,3895,-1,3885,3895,3896,-1,3891,3892,3888,-1,3888,3892,3893,-1,3887,3893,3886,-1,
  3889,3890,3891,-1,3889,3891,3888,-1,3907,3897,3906,-1,3906,3897,3898,-1,3906,3898,3905,-1,3905,3898,3899,-1,3905,3899,3904,-1,3904,3899,3900,-1,
  3904,3900,3903,-1,3903,3900,3901,-1,3903,3901,3902,-1,4053,3938,3939,-1,4053,3939,3940,-1,4053,3940,3941,-1,4053,3941,3942,-1,4053,3942,3943,-1,
  4053,3943,3944,-1,4053,3944,3945,-1,4053,3945,3946,-1,4053,3946,4052,-1,3946,3947,4036,-1,3946,4036,4037,-1,3946,4037,4038,-1,3946,4038,4039,-1,
  3946,4039,4040,-1,3946,4040,4041,-1,3946,4041,4042,-1,3946,4042,4043,-1,3946,4043,4044,-1,3946,4044,4045,-1,3946,4045,4046,-1,3946,4046,4047,-1,
  3946,4047,4048,-1,3946,4048,4049,-1,3946,4049,4050,-1,3946,4050,4051,-1,3946,4051,4052,-1,3947,3948,4022,-1,3947,4022,4023,-1,3947,4023,4024,-1,
  3947,4024,4025,-1,3947,4025,4026,-1,3947,4026,4027,-1,3947,4027,4028,-1,3947,4028,4029,-1,3947,4029,4030,-1,3947,4030,4031,-1,3947,4031,4032,-1,
  3947,4032,4033,-1,3947,4033,4034,-1,3947,4034,4035,-1,3947,4035,4036,-1,4022,3948,3949,-1,4022,3949,3950,-1,4022,3950,3951,-1,4022,3951,3952,-1,
  4022,3952,3953,-1,4022,3953,3954,-1,4022,3954,3955,-1,4022,3955,3956,-1,4022,3956,3957,-1,4022,3957,3958,-1,4022,3958,3959,-1,4022,3959,3960,-1,
  4022,3960,3961,-1,4022,3961,3962,-1,4022,3962,3963,-1,4022,3963,4021,-1,4021,3963,3964,-1,4021,3964,3965,-1,4021,3965,3966,-1,4021,3966,3967,-1,
  4021,3967,3968,-1,4021,3968,3969,-1,4021,3969,3970,-1,4021,3970,3971,-1,4021,3971,3972,-1,4021,3972,3973,-1,4021,3973,3974,-1,4021,3974,3975,-1,
  4021,3975,3976,-1,4021,3976,3977,-1,4021,3977,3978,-1,4021,3978,4020,-1,3978,3979,4007,-1,3978,4007,4008,-1,3978,4008,4009,-1,3978,4009,4010,-1,
  3978,4010,4011,-1,3978,4011,4012,-1,3978,4012,4013,-1,3978,4013,4014,-1,3978,4014,4015,-1,3978,4015,4016,-1,3978,4016,4017,-1,3978,4017,4018,-1,
  3978,4018,4019,-1,3978,4019,4020,-1,3979,3980,3990,-1,3979,3990,3991,-1,3979,3991,3992,-1,3979,3992,3993,-1,3979,3993,3994,-1,3979,3994,3995,-1,
  3979,3995,3996,-1,3979,3996,3997,-1,3979,3997,3998,-1,3979,3998,3999,-1,3979,3999,4000,-1,3979,4000,4001,-1,3979,4001,4002,-1,3979,4002,4003,-1,
  3979,4003,4004,-1,3979,4004,4005,-1,3979,4005,4006,-1,3979,4006,4007,-1,3990,3980,3981,-1,3990,3981,3982,-1,3990,3982,3983,-1,3990,3983,3984,-1,
  3990,3984,3985,-1,3990,3985,3986,-1,3990,3986,3987,-1,3990,3987,3989,-1,4063,4064,4073,-1,4073,4064,4065,-1,4073,4065,4072,-1,4072,4065,4066,-1,
  4072,4066,4071,-1,4071,4066,4067,-1,4071,4067,4070,-1,4070,4067,4068,-1,4070,4068,4069,-1,4063,4073,4084,-1,4063,4084,4054,-1,4063,4054,4055,-1,
  4063,4055,4056,-1,4063,4056,4057,-1,4063,4057,4058,-1,4063,4058,4059,-1,4063,4059,4060,-1,4063,4060,4061,-1,4063,4061,4062,-1,4078,4080,4077,-1,
  4077,4080,4081,-1,4077,4081,4076,-1,4076,4081,4082,-1,4076,4082,4075,-1,4075,4082,4083,-1,4075,4083,4074,-1,4074,4083,4084,-1,4074,4084,4073,-1,
  4167,4168,4092,-1,4092,4168,4169,-1,4092,4169,4091,-1,4091,4169,4086,-1,4091,4086,4088,-1,4088,4086,4087,-1,4126,4127,4133,-1,4133,4127,4128,-1,
  4133,4128,4132,-1,4132,4128,4130,-1,4132,4130,4131,-1,4122,4123,4134,-1,4134,4123,4124,-1,4134,4124,4133,-1,4133,4124,4125,-1,4133,4125,4126,-1,
  4118,4119,4135,-1,4135,4119,4120,-1,4135,4120,4134,-1,4134,4120,4121,-1,4134,4121,4122,-1,4114,4115,4136,-1,4136,4115,4116,-1,4136,4116,4135,-1,
  4135,4116,4117,-1,4135,4117,4118,-1,4110,4111,4137,-1,4137,4111,4112,-1,4137,4112,4136,-1,4136,4112,4113,-1,4136,4113,4114,-1,4106,4107,4138,-1,
  4138,4107,4108,-1,4138,4108,4137,-1,4137,4108,4109,-1,4137,4109,4110,-1,4102,4103,4139,-1,4139,4103,4104,-1,4139,4104,4138,-1,4138,4104,4105,-1,
  4138,4105,4106,-1,4101,4102,4139,-1,4101,4139,4140,-1,4101,4140,4141,-1,4101,4141,4142,-1,4101,4142,4100,-1,4098,4099,4100,-1,4098,4100,4143,-1,
  4098,4143,4144,-1,4098,4144,4145,-1,4098,4145,4097,-1,4097,4145,4146,-1,4097,4146,4147,-1,4097,4147,4148,-1,4097,4148,4149,-1,4097,4149,4096,-1,
  4096,4149,4150,-1,4096,4150,4151,-1,4096,4151,4152,-1,4096,4152,4153,-1,4096,4153,4095,-1,4095,4153,4154,-1,4095,4154,4155,-1,4095,4155,4156,-1,
  4095,4156,4157,-1,4095,4157,4094,-1,4094,4157,4158,-1,4094,4158,4159,-1,4094,4159,4160,-1,4094,4160,4161,-1,4094,4161,4093,-1,4093,4161,4162,-1,
  4093,4162,4163,-1,4093,4163,4164,-1,4093,4164,4165,-1,4093,4165,4092,-1,4166,4167,4092,-1,4166,4092,4165,-1,4089,4090,4091,-1,4089,4091,4088,-1,
  4179,4181,4178,-1,4178,4181,4182,-1,4178,4182,4177,-1,4177,4182,4183,-1,4177,4183,4176,-1,4176,4183,4184,-1,4176,4184,4175,-1,4175,4184,4185,-1,
  4175,4185,4174,-1,4174,4185,4186,-1,4174,4186,4173,-1,4173,4186,4187,-1,4173,4187,4172,-1,4172,4187,4188,-1,4172,4188,4171,-1,4171,4188,4189,-1,
  4171,4189,4170,-1,4203,4204,4200,-1,4203,4200,4201,-1,4203,4201,4202,-1,4200,4204,4205,-1,4200,4205,4206,-1,4200,4206,4207,-1,4200,4207,4208,-1,
  4200,4208,4209,-1,4200,4209,4199,-1,4199,4209,4210,-1,4199,4210,4194,-1,4199,4194,4195,-1,4199,4195,4196,-1,4199,4196,4197,-1,4199,4197,4198,-1,
  4210,4211,4221,-1,4210,4221,4190,-1,4210,4190,4191,-1,4210,4191,4192,-1,4210,4192,4193,-1,4210,4193,4194,-1,4221,4211,4212,-1,4221,4212,4213,-1,
  4221,4213,4214,-1,4221,4214,4215,-1,4221,4215,4216,-1,4221,4216,4220,-1,4217,4218,4219,-1,4217,4219,4220,-1,4217,4220,4216,-1,4233,4234,4271,-1,
  4233,4271,4223,-1,4233,4223,4224,-1,4233,4224,4225,-1,4233,4225,4226,-1,4233,4226,4227,-1,4233,4227,4228,-1,4233,4228,4229,-1,4233,4229,4230,-1,
  4233,4230,4231,-1,4233,4231,4232,-1,4271,4234,4235,-1,4271,4235,4236,-1,4271,4236,4237,-1,4271,4237,4238,-1,4271,4238,4239,-1,4271,4239,4240,-1,
  4271,4240,4241,-1,4271,4241,4242,-1,4271,4242,4243,-1,4271,4243,4244,-1,4271,4244,4245,-1,4271,4245,4246,-1,4271,4246,4273,-1,4273,4246,4247,-1,
  4273,4247,4248,-1,4273,4248,4249,-1,4273,4249,4250,-1,4273,4250,4251,-1,4273,4251,4252,-1,4273,4252,4253,-1,4273,4253,4254,-1,4273,4254,4255,-1,
  4273,4255,4256,-1,4273,4256,4257,-1,4273,4257,4258,-1,4273,4258,4272,-1,4258,4259,4267,-1,4258,4267,4268,-1,4258,4268,4269,-1,4258,4269,4270,-1,
  4258,4270,4272,-1,4259,4260,4263,-1,4259,4263,4264,-1,4259,4264,4265,-1,4259,4265,4266,-1,4259,4266,4267,-1,4260,4261,4262,-1,4260,4262,4263,-1,
  4272,4270,4223,-1,4272,4223,4271,-1,4367,4368,4373,-1,4373,4368,4369,-1,4373,4369,4372,-1,4372,4369,4370,-1,4372,4370,4371,-1,4367,4373,4374,-1,
  4367,4374,4375,-1,4367,4375,4376,-1,4367,4376,4377,-1,4367,4377,4366,-1,4378,4379,4363,-1,4378,4363,4364,-1,4378,4364,4365,-1,4378,4365,4366,-1,
  4378,4366,4377,-1,4363,4379,4380,-1,4363,4380,4381,-1,4363,4381,4382,-1,4363,4382,4383,-1,4363,4383,4384,-1,4363,4384,4385,-1,4363,4385,4362,-1,
  4361,4362,4385,-1,4361,4385,4386,-1,4361,4386,4387,-1,4361,4387,4388,-1,4361,4388,4389,-1,4361,4389,4390,-1,4361,4390,4391,-1,4361,4391,4392,-1,
  4361,4392,4360,-1,4359,4360,4392,-1,4359,4392,4393,-1,4359,4393,4394,-1,4359,4394,4395,-1,4359,4395,4396,-1,4359,4396,4358,-1,4318,4354,4317,-1,
  4317,4354,4355,-1,4317,4355,4316,-1,4316,4355,4356,-1,4316,4356,4274,-1,4274,4356,4357,-1,4274,4357,4397,-1,4397,4357,4358,-1,4397,4358,4396,-1,
  4342,4343,4341,-1,4341,4343,4344,-1,4341,4344,4340,-1,4340,4344,4345,-1,4340,4345,4346,-1,4346,4347,4336,-1,4346,4336,4337,-1,4346,4337,4338,-1,
  4346,4338,4339,-1,4346,4339,4340,-1,4335,4336,4347,-1,4335,4347,4348,-1,4335,4348,4349,-1,4335,4349,4350,-1,4335,4350,4334,-1,4350,4351,4328,-1,
  4350,4328,4329,-1,4350,4329,4330,-1,4350,4330,4331,-1,4350,4331,4332,-1,4350,4332,4333,-1,4350,4333,4334,-1,4352,4353,4321,-1,4352,4321,4322,-1,
  4352,4322,4323,-1,4352,4323,4324,-1,4352,4324,4325,-1,4352,4325,4326,-1,4352,4326,4327,-1,4352,4327,4328,-1,4352,4328,4351,-1,4354,4318,4319,-1,
  4354,4319,4320,-1,4354,4320,4321,-1,4354,4321,4353,-1,4274,4275,4314,-1,4274,4314,4315,-1,4274,4315,4316,-1,4294,4296,4293,-1,4293,4296,4298,-1,
  4293,4298,4291,-1,4291,4298,4299,-1,4291,4299,4290,-1,4290,4299,4300,-1,4290,4300,4289,-1,4289,4300,4301,-1,4289,4301,4288,-1,4288,4301,4302,-1,
  4288,4302,4287,-1,4287,4302,4303,-1,4287,4303,4286,-1,4286,4303,4304,-1,4286,4304,4285,-1,4285,4304,4305,-1,4285,4305,4284,-1,4284,4305,4306,-1,
  4284,4306,4283,-1,4283,4306,4307,-1,4283,4307,4282,-1,4282,4307,4308,-1,4282,4308,4281,-1,4281,4308,4309,-1,4281,4309,4280,-1,4280,4309,4310,-1,
  4280,4310,4279,-1,4279,4310,4311,-1,4279,4311,4278,-1,4278,4311,4312,-1,4278,4312,4277,-1,4277,4312,4313,-1,4277,4313,4276,-1,4276,4313,4314,-1,
  4276,4314,4275,-1,4408,4409,4446,-1,4408,4446,4398,-1,4408,4398,4399,-1,4408,4399,4400,-1,4408,4400,4401,-1,4408,4401,4402,-1,4408,4402,4403,-1,
  4408,4403,4404,-1,4408,4404,4405,-1,4408,4405,4406,-1,4408,4406,4407,-1,4446,4409,4410,-1,4446,4410,4411,-1,4446,4411,4412,-1,4446,4412,4413,-1,
  4446,4413,4414,-1,4446,4414,4415,-1,4446,4415,4416,-1,4446,4416,4417,-1,4446,4417,4418,-1,4446,4418,4419,-1,4446,4419,4420,-1,4446,4420,4421,-1,
  4446,4421,4448,-1,4448,4421,4422,-1,4448,4422,4423,-1,4448,4423,4424,-1,4448,4424,4425,-1,4448,4425,4426,-1,4448,4426,4427,-1,4448,4427,4428,-1,
  4448,4428,4429,-1,4448,4429,4430,-1,4448,4430,4431,-1,4448,4431,4432,-1,4448,4432,4433,-1,4448,4433,4447,-1,4433,4434,4442,-1,4433,4442,4443,-1,
  4433,4443,4444,-1,4433,4444,4445,-1,4433,4445,4447,-1,4434,4435,4438,-1,4434,4438,4439,-1,4434,4439,4440,-1,4434,4440,4441,-1,4434,4441,4442,-1,
  4435,4436,4437,-1,4435,4437,4438,-1,4447,4445,4398,-1,4447,4398,4446,-1,4515,4449,4486,-1,4486,4449,4450,-1,4486,4450,4485,-1,4485,4450,4451,-1,
  4485,4451,4484,-1,4484,4451,4452,-1,4484,4452,4483,-1,4483,4452,4453,-1,4483,4453,4482,-1,4482,4453,4454,-1,4482,4454,4481,-1,4481,4454,4455,-1,
  4481,4455,4480,-1,4480,4455,4456,-1,4480,4456,4479,-1,4479,4456,4457,-1,4479,4457,4478,-1,4478,4457,4458,-1,4478,4458,4477,-1,4477,4458,4459,-1,
  4477,4459,4476,-1,4476,4459,4460,-1,4476,4460,4475,-1,4475,4460,4461,-1,4475,4461,4474,-1,4474,4461,4462,-1,4474,4462,4473,-1,4473,4462,4463,-1,
  4473,4463,4472,-1,4472,4463,4464,-1,4472,4464,4471,-1,4471,4464,4465,-1,4471,4465,4470,-1,4470,4465,4466,-1,4470,4466,4469,-1,4469,4466,4467,-1,
  4469,4467,4468,-1,4486,4487,4523,-1,4486,4523,4524,-1,4486,4524,4515,-1,4523,4487,4488,-1,4523,4488,4489,-1,4523,4489,4490,-1,4523,4490,4491,-1,
  4523,4491,4522,-1,4522,4491,4521,-1,4521,4491,4492,-1,4521,4492,4504,-1,4504,4492,4493,-1,4504,4493,4503,-1,4503,4493,4494,-1,4503,4494,4502,-1,
  4502,4494,4495,-1,4502,4495,4501,-1,4501,4495,4496,-1,4501,4496,4500,-1,4500,4496,4497,-1,4500,4497,4498,-1,4521,4504,4505,-1,4521,4505,4506,-1,
  4521,4506,4507,-1,4521,4507,4508,-1,4521,4508,4509,-1,4521,4509,4520,-1,4449,4515,4516,-1,4449,4516,4517,-1,4449,4517,4518,-1,4449,4518,4514,-1,
  4518,4519,4510,-1,4518,4510,4511,-1,4518,4511,4512,-1,4518,4512,4513,-1,4518,4513,4514,-1,4520,4509,4510,-1,4520,4510,4519,-1,4566,4567,4549,-1,
  4549,4567,4568,-1,4549,4568,4547,-1,4547,4568,4525,-1,4547,4525,4546,-1,4546,4525,4526,-1,4546,4526,4545,-1,4545,4526,4527,-1,4545,4527,4544,-1,
  4544,4527,4528,-1,4544,4528,4543,-1,4543,4528,4529,-1,4543,4529,4542,-1,4542,4529,4530,-1,4542,4530,4541,-1,4541,4530,4531,-1,4541,4531,4540,-1,
  4540,4531,4532,-1,4540,4532,4539,-1,4539,4532,4533,-1,4539,4533,4538,-1,4538,4533,4534,-1,4538,4534,4537,-1,4537,4534,4535,-1,4537,4535,4536,-1,
  4566,4550,4565,-1,4565,4550,4551,-1,4565,4551,4564,-1,4564,4551,4552,-1,4564,4552,4563,-1,4563,4552,4553,-1,4563,4553,4562,-1,4562,4553,4554,-1,
  4562,4554,4561,-1,4561,4554,4555,-1,4561,4555,4560,-1,4560,4555,4556,-1,4560,4556,4559,-1,4559,4556,4557,-1,4559,4557,4558,-1,4627,4620,4626,-1,
  4626,4620,4621,-1,4626,4621,4625,-1,4625,4621,4623,-1,4625,4623,4624,-1,4620,4627,4628,-1,4620,4628,4629,-1,4620,4629,4630,-1,4620,4630,4619,-1,
  4619,4630,4631,-1,4619,4631,4632,-1,4619,4632,4633,-1,4619,4633,4634,-1,4619,4634,4618,-1,4618,4634,4635,-1,4618,4635,4636,-1,4618,4636,4637,-1,
  4618,4637,4638,-1,4618,4638,4617,-1,4617,4638,4639,-1,4617,4639,4640,-1,4617,4640,4641,-1,4617,4641,4642,-1,4617,4642,4616,-1,4616,4642,4643,-1,
  4616,4643,4644,-1,4616,4644,4645,-1,4616,4645,4646,-1,4616,4646,4615,-1,4615,4646,4647,-1,4615,4647,4648,-1,4615,4648,4649,-1,4615,4649,4650,-1,
  4615,4650,4614,-1,4650,4651,4614,-1,4614,4651,4652,-1,4614,4652,4613,-1,4613,4652,4611,-1,4613,4611,4612,-1,4652,4653,4598,-1,4652,4598,4599,-1,
  4652,4599,4600,-1,4652,4600,4601,-1,4652,4601,4602,-1,4652,4602,4603,-1,4652,4603,4604,-1,4652,4604,4605,-1,4652,4605,4606,-1,4652,4606,4607,-1,
  4652,4607,4608,-1,4652,4608,4609,-1,4652,4609,4610,-1,4652,4610,4611,-1,4653,4654,4583,-1,4653,4583,4584,-1,4653,4584,4585,-1,4653,4585,4586,-1,
  4653,4586,4587,-1,4653,4587,4588,-1,4653,4588,4589,-1,4653,4589,4590,-1,4653,4590,4591,-1,4653,4591,4592,-1,4653,4592,4593,-1,4653,4593,4594,-1,
  4653,4594,4595,-1,4653,4595,4596,-1,4653,4596,4597,-1,4653,4597,4598,-1,4581,4582,4583,-1,4581,4583,4654,-1,4581,4654,4655,-1,4581,4655,4656,-1,
  4581,4656,4580,-1,4580,4656,4657,-1,4580,4657,4658,-1,4580,4658,4659,-1,4580,4659,4660,-1,4580,4660,4579,-1,4579,4660,4661,-1,4579,4661,4662,-1,
  4579,4662,4663,-1,4579,4663,4664,-1,4579,4664,4578,-1,4578,4664,4665,-1,4578,4665,4666,-1,4578,4666,4667,-1,4578,4667,4668,-1,4578,4668,4577,-1,
  4577,4668,4669,-1,4577,4669,4670,-1,4577,4670,4671,-1,4577,4671,4672,-1,4577,4672,4576,-1,4576,4672,4673,-1,4576,4673,4674,-1,4576,4674,4675,-1,
  4576,4675,4676,-1,4576,4676,4575,-1,4575,4676,4677,-1,4575,4677,4678,-1,4575,4678,4679,-1,4575,4679,4680,-1,4575,4680,4574,-1,4574,4680,4569,-1,
  4574,4569,4571,-1,4574,4571,4572,-1,4574,4572,4573,-1,4713,4714,4685,-1,4685,4714,4715,-1,4685,4715,4684,-1,4684,4715,4716,-1,4684,4716,4683,-1,
  4683,4716,4717,-1,4683,4717,4682,-1,4682,4717,4718,-1,4682,4718,4681,-1,4713,4685,4686,-1,4713,4686,4687,-1,4713,4687,4688,-1,4713,4688,4689,-1,
  4713,4689,4690,-1,4713,4690,4712,-1,4699,4701,4698,-1,4698,4701,4702,-1,4698,4702,4697,-1,4697,4702,4703,-1,4697,4703,4696,-1,4696,4703,4704,-1,
  4696,4704,4695,-1,4695,4704,4705,-1,4695,4705,4694,-1,4694,4705,4706,-1,4694,4706,4693,-1,4693,4706,4707,-1,4693,4707,4692,-1,4692,4707,4708,-1,
  4692,4708,4691,-1,4691,4708,4710,-1,4691,4710,4690,-1,4690,4710,4711,-1,4690,4711,4712,-1,4719,4720,4754,-1,4754,4720,4721,-1,4754,4721,4753,-1,
  4753,4721,4722,-1,4753,4722,4752,-1,4752,4722,4723,-1,4752,4723,4751,-1,4751,4723,4724,-1,4751,4724,4750,-1,4750,4724,4725,-1,4750,4725,4749,-1,
  4749,4726,4748,-1,4748,4726,4727,-1,4748,4727,4728,-1,4744,4745,4731,-1,4731,4745,4746,-1,4731,4746,4730,-1,4730,4746,4747,-1,4730,4747,4729,-1,
  4729,4747,4748,-1,4729,4748,4728,-1,4741,4742,4734,-1,4734,4742,4743,-1,4734,4743,4733,-1,4733,4743,4744,-1,4733,4744,4732,-1,4732,4744,4731,-1,
  4735,4736,4740,-1,4735,4740,4741,-1,4735,4741,4734,-1,4740,4736,4737,-1,4740,4737,4738,-1,4740,4738,4739,-1,4890,4891,4889,-1,4889,4891,4892,-1,
  4889,4892,4888,-1,4888,4892,4893,-1,4888,4893,4894,-1,4894,4895,4885,-1,4894,4885,4886,-1,4894,4886,4887,-1,4894,4887,4888,-1,4885,4895,4896,-1,
  4885,4896,4897,-1,4885,4897,4898,-1,4885,4898,4899,-1,4885,4899,4900,-1,4885,4900,4901,-1,4885,4901,4884,-1,4883,4884,4901,-1,4883,4901,4902,-1,
  4883,4902,4903,-1,4883,4903,4904,-1,4883,4904,4905,-1,4883,4905,4906,-1,4883,4906,4882,-1,4792,4879,4755,-1,4755,4879,4880,-1,4755,4880,4906,-1,
  4906,4880,4881,-1,4906,4881,4882,-1,5000,5001,5006,-1,5006,5001,5002,-1,5006,5002,5005,-1,5005,5002,5003,-1,5005,5003,5004,-1,5000,5006,5007,-1,
  5000,5007,5008,-1,5000,5008,5009,-1,5000,5009,5010,-1,5000,5010,4999,-1,5011,5012,4996,-1,5011,4996,4997,-1,5011,4997,4998,-1,5011,4998,4999,-1,
  5011,4999,5010,-1,4996,5012,5013,-1,4996,5013,5014,-1,4996,5014,5015,-1,4996,5015,5016,-1,4996,5016,5017,-1,4996,5017,5018,-1,4996,5018,4995,-1,
  4994,4995,5018,-1,4994,5018,5019,-1,4994,5019,5020,-1,4994,5020,5021,-1,4994,5021,5022,-1,4994,5022,5023,-1,4994,5023,5024,-1,4994,5024,5025,-1,
  4994,5025,4993,-1,4992,4993,5025,-1,4992,5025,5026,-1,4992,5026,5027,-1,4992,5027,5028,-1,4992,5028,5029,-1,4992,5029,4991,-1,4951,4987,4950,-1,
  4950,4987,4988,-1,4950,4988,4949,-1,4949,4988,4989,-1,4949,4989,4907,-1,4907,4989,4990,-1,4907,4990,5030,-1,5030,4990,4991,-1,5030,4991,5029,-1,
  4975,4976,4974,-1,4974,4976,4977,-1,4974,4977,4973,-1,4973,4977,4978,-1,4973,4978,4979,-1,4979,4980,4969,-1,4979,4969,4970,-1,4979,4970,4971,-1,
  4979,4971,4972,-1,4979,4972,4973,-1,4968,4969,4980,-1,4968,4980,4981,-1,4968,4981,4982,-1,4968,4982,4983,-1,4968,4983,4967,-1,4983,4984,4961,-1,
  4983,4961,4962,-1,4983,4962,4963,-1,4983,4963,4964,-1,4983,4964,4965,-1,4983,4965,4966,-1,4983,4966,4967,-1,4985,4986,4954,-1,4985,4954,4955,-1,
  4985,4955,4956,-1,4985,4956,4957,-1,4985,4957,4958,-1,4985,4958,4959,-1,4985,4959,4960,-1,4985,4960,4961,-1,4985,4961,4984,-1,4987,4951,4952,-1,
  4987,4952,4953,-1,4987,4953,4954,-1,4987,4954,4986,-1,4907,4908,4947,-1,4907,4947,4948,-1,4907,4948,4949,-1,4927,4929,4926,-1,4926,4929,4931,-1,
  4926,4931,4924,-1,4924,4931,4932,-1,4924,4932,4923,-1,4923,4932,4933,-1,4923,4933,4922,-1,4922,4933,4934,-1,4922,4934,4921,-1,4921,4934,4935,-1,
  4921,4935,4920,-1,4920,4935,4936,-1,4920,4936,4919,-1,4919,4936,4937,-1,4919,4937,4918,-1,4918,4937,4938,-1,4918,4938,4917,-1,4917,4938,4939,-1,
  4917,4939,4916,-1,4916,4939,4940,-1,4916,4940,4915,-1,4915,4940,4941,-1,4915,4941,4914,-1,4914,4941,4942,-1,4914,4942,4913,-1,4913,4942,4943,-1,
  4913,4943,4912,-1,4912,4943,4944,-1,4912,4944,4911,-1,4911,4944,4945,-1,4911,4945,4910,-1,4910,4945,4946,-1,4910,4946,4909,-1,4909,4946,4947,-1,
  4909,4947,4908,-1,4843,4844,4855,-1,4855,4844,4845,-1,4855,4845,4854,-1,4854,4845,4846,-1,4854,4846,4853,-1,4853,4846,4847,-1,4853,4847,4852,-1,
  4852,4847,4848,-1,4852,4848,4851,-1,4851,4848,4849,-1,4851,4849,4850,-1,4856,4857,4842,-1,4856,4842,4843,-1,4856,4843,4855,-1,4839,4840,4859,-1,
  4859,4840,4841,-1,4859,4841,4858,-1,4858,4841,4842,-1,4858,4842,4857,-1,4860,4861,4838,-1,4860,4838,4839,-1,4860,4839,4859,-1,4862,4863,4836,-1,
  4862,4836,4837,-1,4862,4837,4838,-1,4862,4838,4861,-1,4803,4831,4868,-1,4868,4831,4832,-1,4868,4832,4867,-1,4867,4832,4833,-1,4867,4833,4866,-1,
  4866,4833,4834,-1,4866,4834,4865,-1,4865,4834,4835,-1,4865,4835,4864,-1,4864,4835,4836,-1,4864,4836,4863,-1,4868,4869,4801,-1,4868,4801,4802,-1,
  4868,4802,4803,-1,4801,4869,4870,-1,4801,4870,4871,-1,4801,4871,4872,-1,4801,4872,4873,-1,4801,4873,4874,-1,4801,4874,4875,-1,4801,4875,4800,-1,
  4876,4877,4793,-1,4876,4793,4794,-1,4876,4794,4795,-1,4876,4795,4796,-1,4876,4796,4797,-1,4876,4797,4798,-1,4876,4798,4799,-1,4876,4799,4800,-1,
  4876,4800,4875,-1,4793,4877,4878,-1,4793,4878,4879,-1,4793,4879,4792,-1,4773,4775,4772,-1,4772,4775,4776,-1,4772,4776,4771,-1,4771,4776,4777,-1,
  4771,4777,4770,-1,4770,4777,4778,-1,4770,4778,4769,-1,4769,4778,4779,-1,4769,4779,4768,-1,4768,4779,4780,-1,4768,4780,4767,-1,4767,4780,4781,-1,
  4767,4781,4766,-1,4766,4781,4782,-1,4766,4782,4765,-1,4765,4782,4783,-1,4765,4783,4764,-1,4764,4783,4784,-1,4764,4784,4763,-1,4763,4784,4785,-1,
  4763,4785,4762,-1,4762,4785,4786,-1,4762,4786,4761,-1,4761,4786,4787,-1,4761,4787,4760,-1,4760,4787,4788,-1,4760,4788,4759,-1,4759,4788,4789,-1,
  4759,4789,4758,-1,4758,4789,4790,-1,4758,4790,4757,-1,4757,4790,4791,-1,4757,4791,4756,-1,4756,4791,4792,-1,4756,4792,4755,-1,4831,4803,4804,-1,
  4831,4804,4805,-1,4831,4805,4806,-1,4831,4806,4830,-1,4806,4807,4826,-1,4806,4826,4827,-1,4806,4827,4828,-1,4806,4828,4829,-1,4806,4829,4830,-1,
  4808,4809,4819,-1,4808,4819,4820,-1,4808,4820,4821,-1,4808,4821,4822,-1,4808,4822,4823,-1,4808,4823,4824,-1,4808,4824,4825,-1,4808,4825,4826,-1,
  4808,4826,4807,-1,4817,4818,4811,-1,4811,4818,4819,-1,4811,4819,4810,-1,4810,4819,4809,-1,4814,4815,4813,-1,4813,4815,4816,-1,4813,4816,4812,-1,
  4812,4816,4817,-1,4812,4817,4811,-1,5040,5042,5039,-1,5039,5042,5043,-1,5039,5043,5038,-1,5038,5043,5044,-1,5038,5044,5037,-1,5037,5044,5045,-1,
  5037,5045,5036,-1,5036,5045,5046,-1,5036,5046,5035,-1,5035,5046,5047,-1,5035,5047,5034,-1,5034,5047,5048,-1,5034,5048,5033,-1,5033,5048,5049,-1,
  5033,5049,5032,-1,5032,5049,5050,-1,5032,5050,5031,-1,5060,5062,5059,-1,5059,5062,5063,-1,5059,5063,5058,-1,5058,5063,5064,-1,5058,5064,5057,-1,
  5057,5064,5065,-1,5057,5065,5056,-1,5056,5065,5066,-1,5056,5066,5055,-1,5055,5066,5067,-1,5055,5067,5054,-1,5054,5067,5068,-1,5054,5068,5053,-1,
  5053,5068,5069,-1,5053,5069,5052,-1,5052,5069,5070,-1,5052,5070,5051,-1,6227,6228,6243,-1,6243,6228,6229,-1,6243,6229,6242,-1,6242,6229,6230,-1,
  6242,6230,6241,-1,6241,6230,6231,-1,6241,6231,6240,-1,6240,6231,6232,-1,6240,6232,6239,-1,6239,6232,6234,-1,6239,6234,6237,-1,6237,6234,6235,-1,
  6237,6235,6236,-1,6125,6126,6141,-1,6141,6126,6127,-1,6141,6127,6140,-1,6140,6127,6128,-1,6140,6128,6139,-1,6139,6128,6129,-1,6139,6129,6138,-1,
  6138,6129,6130,-1,6138,6130,6137,-1,6137,6130,6132,-1,6137,6132,6135,-1,6135,6132,6133,-1,6135,6133,6134,-1,6023,6024,6039,-1,6039,6024,6025,-1,
  6039,6025,6038,-1,6038,6025,6026,-1,6038,6026,6037,-1,6037,6026,6027,-1,6037,6027,6036,-1,6036,6027,6028,-1,6036,6028,6035,-1,6035,6028,6030,-1,
  6035,6030,6033,-1,6033,6030,6031,-1,6033,6031,6032,-1,5921,5922,5937,-1,5937,5922,5923,-1,5937,5923,5936,-1,5936,5923,5924,-1,5936,5924,5935,-1,
  5935,5924,5925,-1,5935,5925,5934,-1,5934,5925,5926,-1,5934,5926,5933,-1,5933,5926,5928,-1,5933,5928,5931,-1,5931,5928,5929,-1,5931,5929,5930,-1,
  5819,5820,5835,-1,5835,5820,5821,-1,5835,5821,5834,-1,5834,5821,5822,-1,5834,5822,5833,-1,5833,5822,5823,-1,5833,5823,5832,-1,5832,5823,5824,-1,
  5832,5824,5831,-1,5831,5824,5826,-1,5831,5826,5829,-1,5829,5826,5827,-1,5829,5827,5828,-1,5717,5718,5733,-1,5733,5718,5719,-1,5733,5719,5732,-1,
  5732,5719,5720,-1,5732,5720,5731,-1,5731,5720,5721,-1,5731,5721,5730,-1,5730,5721,5722,-1,5730,5722,5729,-1,5729,5722,5724,-1,5729,5724,5727,-1,
  5727,5724,5725,-1,5727,5725,5726,-1,5615,5616,5631,-1,5631,5616,5617,-1,5631,5617,5630,-1,5630,5617,5618,-1,5630,5618,5629,-1,5629,5618,5619,-1,
  5629,5619,5628,-1,5628,5619,5620,-1,5628,5620,5627,-1,5627,5620,5622,-1,5627,5622,5625,-1,5625,5622,5623,-1,5625,5623,5624,-1,5513,5514,5529,-1,
  5529,5514,5515,-1,5529,5515,5528,-1,5528,5515,5516,-1,5528,5516,5527,-1,5527,5516,5517,-1,5527,5517,5526,-1,5526,5517,5518,-1,5526,5518,5525,-1,
  5525,5518,5520,-1,5525,5520,5523,-1,5523,5520,5521,-1,5523,5521,5522,-1,5411,5412,5427,-1,5427,5412,5413,-1,5427,5413,5426,-1,5426,5413,5414,-1,
  5426,5414,5425,-1,5425,5414,5415,-1,5425,5415,5424,-1,5424,5415,5416,-1,5424,5416,5423,-1,5423,5416,5418,-1,5423,5418,5421,-1,5421,5418,5419,-1,
  5421,5419,5420,-1,5309,5310,5325,-1,5325,5310,5311,-1,5325,5311,5324,-1,5324,5311,5312,-1,5324,5312,5323,-1,5323,5312,5313,-1,5323,5313,5322,-1,
  5322,5313,5314,-1,5322,5314,5321,-1,5321,5314,5316,-1,5321,5316,5319,-1,5319,5316,5317,-1,5319,5317,5318,-1,5212,5213,5214,-1,5212,5214,5215,-1,
  5212,5215,5216,-1,5212,5216,5217,-1,5212,5217,5211,-1,5246,5247,5229,-1,5229,5247,5248,-1,5229,5248,5227,-1,5227,5248,5211,-1,5227,5211,5226,-1,
  5226,5211,5217,-1,5226,5217,5225,-1,5225,5217,5224,-1,5217,5218,5220,-1,5217,5220,5222,-1,5217,5222,5223,-1,5217,5223,5224,-1,5174,5175,5176,-1,
  5174,5176,5177,-1,5174,5177,5178,-1,5174,5178,5179,-1,5174,5179,5173,-1,5208,5209,5191,-1,5191,5209,5210,-1,5191,5210,5189,-1,5189,5210,5173,-1,
  5189,5173,5188,-1,5188,5173,5179,-1,5188,5179,5187,-1,5187,5179,5186,-1,5179,5180,5182,-1,5179,5182,5184,-1,5179,5184,5185,-1,5179,5185,5186,-1,
  5131,5132,5147,-1,5147,5132,5133,-1,5147,5133,5146,-1,5146,5133,5134,-1,5146,5134,5145,-1,5145,5134,5135,-1,5145,5135,5144,-1,5144,5135,5136,-1,
  5144,5136,5143,-1,5143,5136,5138,-1,5143,5138,5141,-1,5141,5138,5139,-1,5141,5139,5140,-1,5150,5129,5149,-1,5149,5129,5130,-1,5149,5130,5148,-1,
  5148,5130,5131,-1,5148,5131,5147,-1,5097,5127,5152,-1,5152,5127,5128,-1,5152,5128,5151,-1,5151,5128,5129,-1,5151,5129,5150,-1,5152,5153,5095,-1,
  5152,5095,5096,-1,5152,5096,5097,-1,5095,5153,5154,-1,5095,5154,5155,-1,5095,5155,5156,-1,5095,5156,5157,-1,5095,5157,5158,-1,5095,5158,5094,-1,
  5080,5081,5086,-1,5086,5081,5082,-1,5086,5082,5084,-1,5084,5082,5083,-1,5078,5079,5088,-1,5078,5088,5089,-1,5078,5089,5090,-1,5078,5090,5091,-1,
  5078,5091,5092,-1,5078,5092,5093,-1,5078,5093,5158,-1,5078,5158,5159,-1,5078,5159,5071,-1,5078,5071,5072,-1,5078,5072,5077,-1,5073,5074,5076,-1,
  5073,5076,5077,-1,5073,5077,5072,-1,5163,5164,5162,-1,5162,5164,5165,-1,5162,5165,5161,-1,5161,5165,5166,-1,5161,5166,5167,-1,5167,5168,5159,-1,
  5167,5159,5160,-1,5167,5160,5161,-1,5159,5168,5169,-1,5159,5169,5170,-1,5159,5170,5171,-1,5159,5171,5172,-1,5159,5172,5071,-1,5080,5086,5087,-1,
  5080,5087,5088,-1,5080,5088,5079,-1,5127,5097,5098,-1,5127,5098,5099,-1,5127,5099,5100,-1,5127,5100,5126,-1,5100,5101,5120,-1,5100,5120,5121,-1,
  5100,5121,5122,-1,5100,5122,5123,-1,5100,5123,5124,-1,5100,5124,5125,-1,5100,5125,5126,-1,5102,5103,5113,-1,5102,5113,5114,-1,5102,5114,5115,-1,
  5102,5115,5116,-1,5102,5116,5117,-1,5102,5117,5118,-1,5102,5118,5119,-1,5102,5119,5120,-1,5102,5120,5101,-1,5111,5112,5105,-1,5105,5112,5113,-1,
  5105,5113,5104,-1,5104,5113,5103,-1,5111,5105,5110,-1,5110,5105,5106,-1,5110,5106,5109,-1,5109,5106,5107,-1,5109,5107,5108,-1,5208,5192,5207,-1,
  5207,5192,5193,-1,5207,5193,5206,-1,5206,5193,5194,-1,5206,5194,5205,-1,5205,5194,5195,-1,5205,5195,5204,-1,5204,5195,5196,-1,5204,5196,5203,-1,
  5203,5196,5197,-1,5203,5197,5202,-1,5202,5197,5198,-1,5202,5198,5201,-1,5201,5198,5199,-1,5201,5199,5200,-1,5246,5230,5245,-1,5245,5230,5231,-1,
  5245,5231,5244,-1,5244,5231,5232,-1,5244,5232,5243,-1,5243,5232,5233,-1,5243,5233,5242,-1,5242,5233,5234,-1,5242,5234,5241,-1,5241,5234,5235,-1,
  5241,5235,5240,-1,5240,5235,5236,-1,5240,5236,5239,-1,5239,5236,5237,-1,5239,5237,5238,-1,5328,5307,5327,-1,5327,5307,5308,-1,5327,5308,5326,-1,
  5326,5308,5309,-1,5326,5309,5325,-1,5275,5305,5330,-1,5330,5305,5306,-1,5330,5306,5329,-1,5329,5306,5307,-1,5329,5307,5328,-1,5330,5331,5273,-1,
  5330,5273,5274,-1,5330,5274,5275,-1,5273,5331,5332,-1,5273,5332,5333,-1,5273,5333,5334,-1,5273,5334,5335,-1,5273,5335,5336,-1,5273,5336,5272,-1,
  5258,5259,5264,-1,5264,5259,5260,-1,5264,5260,5262,-1,5262,5260,5261,-1,5256,5257,5266,-1,5256,5266,5267,-1,5256,5267,5268,-1,5256,5268,5269,-1,
  5256,5269,5270,-1,5256,5270,5271,-1,5256,5271,5336,-1,5256,5336,5337,-1,5256,5337,5249,-1,5256,5249,5250,-1,5256,5250,5255,-1,5251,5252,5254,-1,
  5251,5254,5255,-1,5251,5255,5250,-1,5341,5342,5340,-1,5340,5342,5343,-1,5340,5343,5339,-1,5339,5343,5344,-1,5339,5344,5345,-1,5345,5346,5337,-1,
  5345,5337,5338,-1,5345,5338,5339,-1,5337,5346,5347,-1,5337,5347,5348,-1,5337,5348,5349,-1,5337,5349,5350,-1,5337,5350,5249,-1,5258,5264,5265,-1,
  5258,5265,5266,-1,5258,5266,5257,-1,5305,5275,5276,-1,5305,5276,5277,-1,5305,5277,5278,-1,5305,5278,5304,-1,5278,5279,5298,-1,5278,5298,5299,-1,
  5278,5299,5300,-1,5278,5300,5301,-1,5278,5301,5302,-1,5278,5302,5303,-1,5278,5303,5304,-1,5280,5281,5291,-1,5280,5291,5292,-1,5280,5292,5293,-1,
  5280,5293,5294,-1,5280,5294,5295,-1,5280,5295,5296,-1,5280,5296,5297,-1,5280,5297,5298,-1,5280,5298,5279,-1,5289,5290,5283,-1,5283,5290,5291,-1,
  5283,5291,5282,-1,5282,5291,5281,-1,5289,5283,5288,-1,5288,5283,5284,-1,5288,5284,5287,-1,5287,5284,5285,-1,5287,5285,5286,-1,5430,5409,5429,-1,
  5429,5409,5410,-1,5429,5410,5428,-1,5428,5410,5411,-1,5428,5411,5427,-1,5377,5407,5432,-1,5432,5407,5408,-1,5432,5408,5431,-1,5431,5408,5409,-1,
  5431,5409,5430,-1,5432,5433,5375,-1,5432,5375,5376,-1,5432,5376,5377,-1,5375,5433,5434,-1,5375,5434,5435,-1,5375,5435,5436,-1,5375,5436,5437,-1,
  5375,5437,5438,-1,5375,5438,5374,-1,5360,5361,5366,-1,5366,5361,5362,-1,5366,5362,5364,-1,5364,5362,5363,-1,5358,5359,5368,-1,5358,5368,5369,-1,
  5358,5369,5370,-1,5358,5370,5371,-1,5358,5371,5372,-1,5358,5372,5373,-1,5358,5373,5438,-1,5358,5438,5439,-1,5358,5439,5351,-1,5358,5351,5352,-1,
  5358,5352,5357,-1,5353,5354,5356,-1,5353,5356,5357,-1,5353,5357,5352,-1,5443,5444,5442,-1,5442,5444,5445,-1,5442,5445,5441,-1,5441,5445,5446,-1,
  5441,5446,5447,-1,5447,5448,5439,-1,5447,5439,5440,-1,5447,5440,5441,-1,5439,5448,5449,-1,5439,5449,5450,-1,5439,5450,5451,-1,5439,5451,5452,-1,
  5439,5452,5351,-1,5360,5366,5367,-1,5360,5367,5368,-1,5360,5368,5359,-1,5407,5377,5378,-1,5407,5378,5379,-1,5407,5379,5380,-1,5407,5380,5406,-1,
  5380,5381,5400,-1,5380,5400,5401,-1,5380,5401,5402,-1,5380,5402,5403,-1,5380,5403,5404,-1,5380,5404,5405,-1,5380,5405,5406,-1,5382,5383,5393,-1,
  5382,5393,5394,-1,5382,5394,5395,-1,5382,5395,5396,-1,5382,5396,5397,-1,5382,5397,5398,-1,5382,5398,5399,-1,5382,5399,5400,-1,5382,5400,5381,-1,
  5391,5392,5385,-1,5385,5392,5393,-1,5385,5393,5384,-1,5384,5393,5383,-1,5391,5385,5390,-1,5390,5385,5386,-1,5390,5386,5389,-1,5389,5386,5387,-1,
  5389,5387,5388,-1,5532,5511,5531,-1,5531,5511,5512,-1,5531,5512,5530,-1,5530,5512,5513,-1,5530,5513,5529,-1,5479,5509,5534,-1,5534,5509,5510,-1,
  5534,5510,5533,-1,5533,5510,5511,-1,5533,5511,5532,-1,5534,5535,5477,-1,5534,5477,5478,-1,5534,5478,5479,-1,5477,5535,5536,-1,5477,5536,5537,-1,
  5477,5537,5538,-1,5477,5538,5539,-1,5477,5539,5540,-1,5477,5540,5476,-1,5462,5463,5468,-1,5468,5463,5464,-1,5468,5464,5466,-1,5466,5464,5465,-1,
  5460,5461,5470,-1,5460,5470,5471,-1,5460,5471,5472,-1,5460,5472,5473,-1,5460,5473,5474,-1,5460,5474,5475,-1,5460,5475,5540,-1,5460,5540,5541,-1,
  5460,5541,5453,-1,5460,5453,5454,-1,5460,5454,5459,-1,5455,5456,5458,-1,5455,5458,5459,-1,5455,5459,5454,-1,5545,5546,5544,-1,5544,5546,5547,-1,
  5544,5547,5543,-1,5543,5547,5548,-1,5543,5548,5549,-1,5549,5550,5541,-1,5549,5541,5542,-1,5549,5542,5543,-1,5541,5550,5551,-1,5541,5551,5552,-1,
  5541,5552,5553,-1,5541,5553,5554,-1,5541,5554,5453,-1,5462,5468,5469,-1,5462,5469,5470,-1,5462,5470,5461,-1,5509,5479,5480,-1,5509,5480,5481,-1,
  5509,5481,5482,-1,5509,5482,5508,-1,5482,5483,5502,-1,5482,5502,5503,-1,5482,5503,5504,-1,5482,5504,5505,-1,5482,5505,5506,-1,5482,5506,5507,-1,
  5482,5507,5508,-1,5484,5485,5495,-1,5484,5495,5496,-1,5484,5496,5497,-1,5484,5497,5498,-1,5484,5498,5499,-1,5484,5499,5500,-1,5484,5500,5501,-1,
  5484,5501,5502,-1,5484,5502,5483,-1,5493,5494,5487,-1,5487,5494,5495,-1,5487,5495,5486,-1,5486,5495,5485,-1,5493,5487,5492,-1,5492,5487,5488,-1,
  5492,5488,5491,-1,5491,5488,5489,-1,5491,5489,5490,-1,5634,5613,5633,-1,5633,5613,5614,-1,5633,5614,5632,-1,5632,5614,5615,-1,5632,5615,5631,-1,
  5581,5611,5636,-1,5636,5611,5612,-1,5636,5612,5635,-1,5635,5612,5613,-1,5635,5613,5634,-1,5636,5637,5579,-1,5636,5579,5580,-1,5636,5580,5581,-1,
  5579,5637,5638,-1,5579,5638,5639,-1,5579,5639,5640,-1,5579,5640,5641,-1,5579,5641,5642,-1,5579,5642,5578,-1,5564,5565,5570,-1,5570,5565,5566,-1,
  5570,5566,5568,-1,5568,5566,5567,-1,5562,5563,5572,-1,5562,5572,5573,-1,5562,5573,5574,-1,5562,5574,5575,-1,5562,5575,5576,-1,5562,5576,5577,-1,
  5562,5577,5642,-1,5562,5642,5643,-1,5562,5643,5555,-1,5562,5555,5556,-1,5562,5556,5561,-1,5557,5558,5560,-1,5557,5560,5561,-1,5557,5561,5556,-1,
  5647,5648,5646,-1,5646,5648,5649,-1,5646,5649,5645,-1,5645,5649,5650,-1,5645,5650,5651,-1,5651,5652,5643,-1,5651,5643,5644,-1,5651,5644,5645,-1,
  5643,5652,5653,-1,5643,5653,5654,-1,5643,5654,5655,-1,5643,5655,5656,-1,5643,5656,5555,-1,5564,5570,5571,-1,5564,5571,5572,-1,5564,5572,5563,-1,
  5611,5581,5582,-1,5611,5582,5583,-1,5611,5583,5584,-1,5611,5584,5610,-1,5584,5585,5604,-1,5584,5604,5605,-1,5584,5605,5606,-1,5584,5606,5607,-1,
  5584,5607,5608,-1,5584,5608,5609,-1,5584,5609,5610,-1,5586,5587,5597,-1,5586,5597,5598,-1,5586,5598,5599,-1,5586,5599,5600,-1,5586,5600,5601,-1,
  5586,5601,5602,-1,5586,5602,5603,-1,5586,5603,5604,-1,5586,5604,5585,-1,5595,5596,5589,-1,5589,5596,5597,-1,5589,5597,5588,-1,5588,5597,5587,-1,
  5595,5589,5594,-1,5594,5589,5590,-1,5594,5590,5593,-1,5593,5590,5591,-1,5593,5591,5592,-1,5736,5715,5735,-1,5735,5715,5716,-1,5735,5716,5734,-1,
  5734,5716,5717,-1,5734,5717,5733,-1,5683,5713,5738,-1,5738,5713,5714,-1,5738,5714,5737,-1,5737,5714,5715,-1,5737,5715,5736,-1,5738,5739,5681,-1,
  5738,5681,5682,-1,5738,5682,5683,-1,5681,5739,5740,-1,5681,5740,5741,-1,5681,5741,5742,-1,5681,5742,5743,-1,5681,5743,5744,-1,5681,5744,5680,-1,
  5666,5667,5672,-1,5672,5667,5668,-1,5672,5668,5670,-1,5670,5668,5669,-1,5664,5665,5674,-1,5664,5674,5675,-1,5664,5675,5676,-1,5664,5676,5677,-1,
  5664,5677,5678,-1,5664,5678,5679,-1,5664,5679,5744,-1,5664,5744,5745,-1,5664,5745,5657,-1,5664,5657,5658,-1,5664,5658,5663,-1,5659,5660,5662,-1,
  5659,5662,5663,-1,5659,5663,5658,-1,5749,5750,5748,-1,5748,5750,5751,-1,5748,5751,5747,-1,5747,5751,5752,-1,5747,5752,5753,-1,5753,5754,5745,-1,
  5753,5745,5746,-1,5753,5746,5747,-1,5745,5754,5755,-1,5745,5755,5756,-1,5745,5756,5757,-1,5745,5757,5758,-1,5745,5758,5657,-1,5666,5672,5673,-1,
  5666,5673,5674,-1,5666,5674,5665,-1,5713,5683,5684,-1,5713,5684,5685,-1,5713,5685,5686,-1,5713,5686,5712,-1,5686,5687,5706,-1,5686,5706,5707,-1,
  5686,5707,5708,-1,5686,5708,5709,-1,5686,5709,5710,-1,5686,5710,5711,-1,5686,5711,5712,-1,5688,5689,5699,-1,5688,5699,5700,-1,5688,5700,5701,-1,
  5688,5701,5702,-1,5688,5702,5703,-1,5688,5703,5704,-1,5688,5704,5705,-1,5688,5705,5706,-1,5688,5706,5687,-1,5697,5698,5691,-1,5691,5698,5699,-1,
  5691,5699,5690,-1,5690,5699,5689,-1,5697,5691,5696,-1,5696,5691,5692,-1,5696,5692,5695,-1,5695,5692,5693,-1,5695,5693,5694,-1,5838,5817,5837,-1,
  5837,5817,5818,-1,5837,5818,5836,-1,5836,5818,5819,-1,5836,5819,5835,-1,5785,5815,5840,-1,5840,5815,5816,-1,5840,5816,5839,-1,5839,5816,5817,-1,
  5839,5817,5838,-1,5840,5841,5783,-1,5840,5783,5784,-1,5840,5784,5785,-1,5783,5841,5842,-1,5783,5842,5843,-1,5783,5843,5844,-1,5783,5844,5845,-1,
  5783,5845,5846,-1,5783,5846,5782,-1,5768,5769,5774,-1,5774,5769,5770,-1,5774,5770,5772,-1,5772,5770,5771,-1,5766,5767,5776,-1,5766,5776,5777,-1,
  5766,5777,5778,-1,5766,5778,5779,-1,5766,5779,5780,-1,5766,5780,5781,-1,5766,5781,5846,-1,5766,5846,5847,-1,5766,5847,5759,-1,5766,5759,5760,-1,
  5766,5760,5765,-1,5761,5762,5764,-1,5761,5764,5765,-1,5761,5765,5760,-1,5851,5852,5850,-1,5850,5852,5853,-1,5850,5853,5849,-1,5849,5853,5854,-1,
  5849,5854,5855,-1,5855,5856,5847,-1,5855,5847,5848,-1,5855,5848,5849,-1,5847,5856,5857,-1,5847,5857,5858,-1,5847,5858,5859,-1,5847,5859,5860,-1,
  5847,5860,5759,-1,5768,5774,5775,-1,5768,5775,5776,-1,5768,5776,5767,-1,5815,5785,5786,-1,5815,5786,5787,-1,5815,5787,5788,-1,5815,5788,5814,-1,
  5788,5789,5808,-1,5788,5808,5809,-1,5788,5809,5810,-1,5788,5810,5811,-1,5788,5811,5812,-1,5788,5812,5813,-1,5788,5813,5814,-1,5790,5791,5801,-1,
  5790,5801,5802,-1,5790,5802,5803,-1,5790,5803,5804,-1,5790,5804,5805,-1,5790,5805,5806,-1,5790,5806,5807,-1,5790,5807,5808,-1,5790,5808,5789,-1,
  5799,5800,5793,-1,5793,5800,5801,-1,5793,5801,5792,-1,5792,5801,5791,-1,5799,5793,5798,-1,5798,5793,5794,-1,5798,5794,5797,-1,5797,5794,5795,-1,
  5797,5795,5796,-1,5940,5919,5939,-1,5939,5919,5920,-1,5939,5920,5938,-1,5938,5920,5921,-1,5938,5921,5937,-1,5887,5917,5942,-1,5942,5917,5918,-1,
  5942,5918,5941,-1,5941,5918,5919,-1,5941,5919,5940,-1,5942,5943,5885,-1,5942,5885,5886,-1,5942,5886,5887,-1,5885,5943,5944,-1,5885,5944,5945,-1,
  5885,5945,5946,-1,5885,5946,5947,-1,5885,5947,5948,-1,5885,5948,5884,-1,5870,5871,5876,-1,5876,5871,5872,-1,5876,5872,5874,-1,5874,5872,5873,-1,
  5868,5869,5878,-1,5868,5878,5879,-1,5868,5879,5880,-1,5868,5880,5881,-1,5868,5881,5882,-1,5868,5882,5883,-1,5868,5883,5948,-1,5868,5948,5949,-1,
  5868,5949,5861,-1,5868,5861,5862,-1,5868,5862,5867,-1,5863,5864,5866,-1,5863,5866,5867,-1,5863,5867,5862,-1,5953,5954,5952,-1,5952,5954,5955,-1,
  5952,5955,5951,-1,5951,5955,5956,-1,5951,5956,5957,-1,5957,5958,5949,-1,5957,5949,5950,-1,5957,5950,5951,-1,5949,5958,5959,-1,5949,5959,5960,-1,
  5949,5960,5961,-1,5949,5961,5962,-1,5949,5962,5861,-1,5870,5876,5877,-1,5870,5877,5878,-1,5870,5878,5869,-1,5917,5887,5888,-1,5917,5888,5889,-1,
  5917,5889,5890,-1,5917,5890,5916,-1,5890,5891,5910,-1,5890,5910,5911,-1,5890,5911,5912,-1,5890,5912,5913,-1,5890,5913,5914,-1,5890,5914,5915,-1,
  5890,5915,5916,-1,5892,5893,5903,-1,5892,5903,5904,-1,5892,5904,5905,-1,5892,5905,5906,-1,5892,5906,5907,-1,5892,5907,5908,-1,5892,5908,5909,-1,
  5892,5909,5910,-1,5892,5910,5891,-1,5901,5902,5895,-1,5895,5902,5903,-1,5895,5903,5894,-1,5894,5903,5893,-1,5901,5895,5900,-1,5900,5895,5896,-1,
  5900,5896,5899,-1,5899,5896,5897,-1,5899,5897,5898,-1,6042,6021,6041,-1,6041,6021,6022,-1,6041,6022,6040,-1,6040,6022,6023,-1,6040,6023,6039,-1,
  5989,6019,6044,-1,6044,6019,6020,-1,6044,6020,6043,-1,6043,6020,6021,-1,6043,6021,6042,-1,6044,6045,5987,-1,6044,5987,5988,-1,6044,5988,5989,-1,
  5987,6045,6046,-1,5987,6046,6047,-1,5987,6047,6048,-1,5987,6048,6049,-1,5987,6049,6050,-1,5987,6050,5986,-1,5972,5973,5978,-1,5978,5973,5974,-1,
  5978,5974,5976,-1,5976,5974,5975,-1,5970,5971,5980,-1,5970,5980,5981,-1,5970,5981,5982,-1,5970,5982,5983,-1,5970,5983,5984,-1,5970,5984,5985,-1,
  5970,5985,6050,-1,5970,6050,6051,-1,5970,6051,5963,-1,5970,5963,5964,-1,5970,5964,5969,-1,5965,5966,5968,-1,5965,5968,5969,-1,5965,5969,5964,-1,
  6055,6056,6054,-1,6054,6056,6057,-1,6054,6057,6053,-1,6053,6057,6058,-1,6053,6058,6059,-1,6059,6060,6051,-1,6059,6051,6052,-1,6059,6052,6053,-1,
  6051,6060,6061,-1,6051,6061,6062,-1,6051,6062,6063,-1,6051,6063,6064,-1,6051,6064,5963,-1,5972,5978,5979,-1,5972,5979,5980,-1,5972,5980,5971,-1,
  6019,5989,5990,-1,6019,5990,5991,-1,6019,5991,5992,-1,6019,5992,6018,-1,5992,5993,6012,-1,5992,6012,6013,-1,5992,6013,6014,-1,5992,6014,6015,-1,
  5992,6015,6016,-1,5992,6016,6017,-1,5992,6017,6018,-1,5994,5995,6005,-1,5994,6005,6006,-1,5994,6006,6007,-1,5994,6007,6008,-1,5994,6008,6009,-1,
  5994,6009,6010,-1,5994,6010,6011,-1,5994,6011,6012,-1,5994,6012,5993,-1,6003,6004,5997,-1,5997,6004,6005,-1,5997,6005,5996,-1,5996,6005,5995,-1,
  6003,5997,6002,-1,6002,5997,5998,-1,6002,5998,6001,-1,6001,5998,5999,-1,6001,5999,6000,-1,6144,6123,6143,-1,6143,6123,6124,-1,6143,6124,6142,-1,
  6142,6124,6125,-1,6142,6125,6141,-1,6091,6121,6146,-1,6146,6121,6122,-1,6146,6122,6145,-1,6145,6122,6123,-1,6145,6123,6144,-1,6146,6147,6089,-1,
  6146,6089,6090,-1,6146,6090,6091,-1,6089,6147,6148,-1,6089,6148,6149,-1,6089,6149,6150,-1,6089,6150,6151,-1,6089,6151,6152,-1,6089,6152,6088,-1,
  6074,6075,6080,-1,6080,6075,6076,-1,6080,6076,6078,-1,6078,6076,6077,-1,6072,6073,6082,-1,6072,6082,6083,-1,6072,6083,6084,-1,6072,6084,6085,-1,
  6072,6085,6086,-1,6072,6086,6087,-1,6072,6087,6152,-1,6072,6152,6153,-1,6072,6153,6065,-1,6072,6065,6066,-1,6072,6066,6071,-1,6067,6068,6070,-1,
  6067,6070,6071,-1,6067,6071,6066,-1,6157,6158,6156,-1,6156,6158,6159,-1,6156,6159,6155,-1,6155,6159,6160,-1,6155,6160,6161,-1,6161,6162,6153,-1,
  6161,6153,6154,-1,6161,6154,6155,-1,6153,6162,6163,-1,6153,6163,6164,-1,6153,6164,6165,-1,6153,6165,6166,-1,6153,6166,6065,-1,6074,6080,6081,-1,
  6074,6081,6082,-1,6074,6082,6073,-1,6121,6091,6092,-1,6121,6092,6093,-1,6121,6093,6094,-1,6121,6094,6120,-1,6094,6095,6114,-1,6094,6114,6115,-1,
  6094,6115,6116,-1,6094,6116,6117,-1,6094,6117,6118,-1,6094,6118,6119,-1,6094,6119,6120,-1,6096,6097,6107,-1,6096,6107,6108,-1,6096,6108,6109,-1,
  6096,6109,6110,-1,6096,6110,6111,-1,6096,6111,6112,-1,6096,6112,6113,-1,6096,6113,6114,-1,6096,6114,6095,-1,6105,6106,6099,-1,6099,6106,6107,-1,
  6099,6107,6098,-1,6098,6107,6097,-1,6105,6099,6104,-1,6104,6099,6100,-1,6104,6100,6103,-1,6103,6100,6101,-1,6103,6101,6102,-1,6246,6225,6245,-1,
  6245,6225,6226,-1,6245,6226,6244,-1,6244,6226,6227,-1,6244,6227,6243,-1,6193,6223,6248,-1,6248,6223,6224,-1,6248,6224,6247,-1,6247,6224,6225,-1,
  6247,6225,6246,-1,6248,6249,6191,-1,6248,6191,6192,-1,6248,6192,6193,-1,6191,6249,6250,-1,6191,6250,6251,-1,6191,6251,6252,-1,6191,6252,6253,-1,
  6191,6253,6254,-1,6191,6254,6190,-1,6176,6177,6182,-1,6182,6177,6178,-1,6182,6178,6180,-1,6180,6178,6179,-1,6174,6175,6184,-1,6174,6184,6185,-1,
  6174,6185,6186,-1,6174,6186,6187,-1,6174,6187,6188,-1,6174,6188,6189,-1,6174,6189,6254,-1,6174,6254,6255,-1,6174,6255,6167,-1,6174,6167,6168,-1,
  6174,6168,6173,-1,6169,6170,6172,-1,6169,6172,6173,-1,6169,6173,6168,-1,6259,6260,6258,-1,6258,6260,6261,-1,6258,6261,6257,-1,6257,6261,6262,-1,
  6257,6262,6263,-1,6263,6264,6255,-1,6263,6255,6256,-1,6263,6256,6257,-1,6255,6264,6265,-1,6255,6265,6266,-1,6255,6266,6267,-1,6255,6267,6268,-1,
  6255,6268,6167,-1,6176,6182,6183,-1,6176,6183,6184,-1,6176,6184,6175,-1,6223,6193,6194,-1,6223,6194,6195,-1,6223,6195,6196,-1,6223,6196,6222,-1,
  6196,6197,6216,-1,6196,6216,6217,-1,6196,6217,6218,-1,6196,6218,6219,-1,6196,6219,6220,-1,6196,6220,6221,-1,6196,6221,6222,-1,6198,6199,6209,-1,
  6198,6209,6210,-1,6198,6210,6211,-1,6198,6211,6212,-1,6198,6212,6213,-1,6198,6213,6214,-1,6198,6214,6215,-1,6198,6215,6216,-1,6198,6216,6197,-1,
  6207,6208,6201,-1,6201,6208,6209,-1,6201,6209,6200,-1,6200,6209,6199,-1,6207,6201,6206,-1,6206,6201,6202,-1,6206,6202,6205,-1,6205,6202,6203,-1,
  6205,6203,6204,-1,6269,6270,6296,-1,6269,6296,6297,-1,6269,6297,6298,-1,6269,6298,6313,-1,6269,6313,6334,-1,6296,6270,6271,-1,6296,6271,6272,-1,
  6296,6272,6273,-1,6296,6273,6274,-1,6296,6274,6275,-1,6296,6275,6276,-1,6296,6276,6295,-1,6294,6295,6276,-1,6294,6276,6277,-1,6294,6277,6278,-1,
  6294,6278,6279,-1,6294,6279,6280,-1,6294,6280,6281,-1,6294,6281,6282,-1,6294,6282,6283,-1,6294,6283,6293,-1,6283,6284,6291,-1,6283,6291,6292,-1,
  6283,6292,6293,-1,6284,6285,6291,-1,6291,6285,6286,-1,6291,6286,6290,-1,6290,6286,6287,-1,6290,6287,6288,-1,6326,6327,6320,-1,6326,6320,6321,-1,
  6326,6321,6324,-1,6326,6324,6325,-1,6318,6319,6329,-1,6329,6319,6320,-1,6329,6320,6328,-1,6328,6320,6327,-1,6330,6331,6316,-1,6330,6316,6317,-1,
  6330,6317,6318,-1,6330,6318,6329,-1,6333,6313,6332,-1,6332,6313,6314,-1,6332,6314,6331,-1,6331,6314,6315,-1,6331,6315,6316,-1,6298,6299,6313,-1,
  6313,6299,6300,-1,6313,6300,6312,-1,6312,6300,6305,-1,6312,6305,6306,-1,6304,6305,6300,-1,6304,6300,6301,-1,6304,6301,6302,-1,6304,6302,6303,-1,
  6324,6321,6322,-1,6324,6322,6323,-1,6312,6306,6311,-1,6311,6306,6307,-1,6311,6307,6310,-1,6310,6307,6308,-1,6310,6308,6309,-1,6335,6336,6362,-1,
  6335,6362,6363,-1,6335,6363,6364,-1,6335,6364,6379,-1,6335,6379,6400,-1,6362,6336,6337,-1,6362,6337,6338,-1,6362,6338,6339,-1,6362,6339,6340,-1,
  6362,6340,6341,-1,6362,6341,6342,-1,6362,6342,6361,-1,6360,6361,6342,-1,6360,6342,6343,-1,6360,6343,6344,-1,6360,6344,6345,-1,6360,6345,6346,-1,
  6360,6346,6347,-1,6360,6347,6348,-1,6360,6348,6349,-1,6360,6349,6359,-1,6349,6350,6357,-1,6349,6357,6358,-1,6349,6358,6359,-1,6350,6351,6357,-1,
  6357,6351,6352,-1,6357,6352,6356,-1,6356,6352,6353,-1,6356,6353,6354,-1,6392,6393,6386,-1,6392,6386,6387,-1,6392,6387,6390,-1,6392,6390,6391,-1,
  6384,6385,6395,-1,6395,6385,6386,-1,6395,6386,6394,-1,6394,6386,6393,-1,6396,6397,6382,-1,6396,6382,6383,-1,6396,6383,6384,-1,6396,6384,6395,-1,
  6399,6379,6398,-1,6398,6379,6380,-1,6398,6380,6397,-1,6397,6380,6381,-1,6397,6381,6382,-1,6364,6365,6379,-1,6379,6365,6366,-1,6379,6366,6378,-1,
  6378,6366,6371,-1,6378,6371,6372,-1,6370,6371,6366,-1,6370,6366,6367,-1,6370,6367,6368,-1,6370,6368,6369,-1,6390,6387,6388,-1,6390,6388,6389,-1,
  6378,6372,6377,-1,6377,6372,6373,-1,6377,6373,6376,-1,6376,6373,6374,-1,6376,6374,6375,-1,6426,6401,6412,-1,6412,6401,6402,-1,6412,6402,6411,-1,
  6411,6402,6403,-1,6411,6403,6410,-1,6410,6403,6404,-1,6410,6404,6409,-1,6409,6404,6405,-1,6409,6405,6408,-1,6408,6405,6406,-1,6408,6406,6407,-1,
  6426,6412,6429,-1,6429,6412,6413,-1,6429,6413,6428,-1,6428,6413,6425,-1,6428,6425,6401,-1,6427,6428,6401,-1,6427,6401,6426,-1,6418,6421,6417,-1,
  6417,6421,6422,-1,6417,6422,6416,-1,6416,6422,6423,-1,6416,6423,6415,-1,6415,6423,6424,-1,6415,6424,6414,-1,6414,6424,6425,-1,6414,6425,6413,-1,
  6419,6420,6421,-1,6419,6421,6418,-1,6431,6432,6448,-1,6431,6448,6449,-1,6431,6449,6430,-1,6448,6432,6433,-1,6448,6433,6434,-1,6448,6434,6435,-1,
  6448,6435,6436,-1,6448,6436,6437,-1,6448,6437,6447,-1,6437,6438,6442,-1,6437,6442,6443,-1,6437,6443,6444,-1,6437,6444,6445,-1,6437,6445,6446,-1,
  6437,6446,6447,-1,6441,6442,6438,-1,6441,6438,6439,-1,6441,6439,6440,-1,6451,6452,6468,-1,6451,6468,6469,-1,6451,6469,6450,-1,6468,6452,6453,-1,
  6468,6453,6454,-1,6468,6454,6455,-1,6468,6455,6456,-1,6468,6456,6457,-1,6468,6457,6467,-1,6457,6458,6462,-1,6457,6462,6463,-1,6457,6463,6464,-1,
  6457,6464,6465,-1,6457,6465,6466,-1,6457,6466,6467,-1,6461,6462,6458,-1,6461,6458,6459,-1,6461,6459,6460,-1,6490,6492,6489,-1,6489,6492,6494,-1,
  6489,6494,6487,-1,6487,6494,6495,-1,6487,6495,6486,-1,6486,6495,6496,-1,6486,6496,6485,-1,6485,6496,6497,-1,6485,6497,6484,-1,6484,6497,6498,-1,
  6484,6498,6483,-1,6483,6498,6499,-1,6483,6499,6482,-1,6482,6499,6500,-1,6482,6500,6481,-1,6481,6500,6501,-1,6481,6501,6480,-1,6480,6501,6502,-1,
  6480,6502,6479,-1,6479,6502,6503,-1,6479,6503,6478,-1,6478,6503,6504,-1,6478,6504,6477,-1,6477,6504,6505,-1,6477,6505,6476,-1,6476,6505,6506,-1,
  6476,6506,6475,-1,6475,6506,6507,-1,6475,6507,6474,-1,6474,6507,6508,-1,6474,6508,6473,-1,6473,6508,6509,-1,6473,6509,6472,-1,6472,6509,6510,-1,
  6472,6510,6471,-1,6471,6510,6511,-1,6471,6511,6470,-1,6470,6511,6549,-1,6470,6549,6550,-1,6546,6547,6551,-1,6551,6547,6548,-1,6551,6548,6550,-1,
  6550,6548,6470,-1,6551,6552,6544,-1,6551,6544,6545,-1,6551,6545,6546,-1,6553,6554,6537,-1,6553,6537,6538,-1,6553,6538,6539,-1,6553,6539,6540,-1,
  6553,6540,6541,-1,6553,6541,6542,-1,6553,6542,6543,-1,6553,6543,6544,-1,6553,6544,6552,-1,6555,6556,6524,-1,6555,6524,6536,-1,6555,6536,6537,-1,
  6555,6537,6554,-1,6529,6532,6528,-1,6528,6532,6533,-1,6528,6533,6527,-1,6527,6533,6534,-1,6527,6534,6526,-1,6526,6534,6535,-1,6526,6535,6525,-1,
  6525,6535,6536,-1,6525,6536,6524,-1,6530,6531,6532,-1,6530,6532,6529,-1,6594,6595,6604,-1,6604,6595,6596,-1,6604,6596,6603,-1,6603,6596,6597,-1,
  6603,6597,6602,-1,6602,6597,6598,-1,6602,6598,6601,-1,6601,6598,6599,-1,6601,6599,6600,-1,6610,6612,6609,-1,6609,6612,6613,-1,6609,6613,6608,-1,
  6608,6613,6614,-1,6608,6614,6607,-1,6607,6614,6615,-1,6607,6615,6606,-1,6606,6615,6616,-1,6606,6616,6605,-1,6605,6616,6627,-1,6605,6627,6594,-1,
  6594,6627,6628,-1,6594,6628,6593,-1,6593,6628,6629,-1,6593,6629,6638,-1,6638,6629,6630,-1,6638,6630,6637,-1,6637,6630,6631,-1,6637,6631,6636,-1,
  6636,6631,6632,-1,6636,6632,6635,-1,6635,6632,6633,-1,6635,6633,6634,-1,6570,6571,6580,-1,6580,6571,6572,-1,6580,6572,6579,-1,6579,6572,6573,-1,
  6579,6573,6578,-1,6578,6573,6574,-1,6578,6574,6577,-1,6577,6574,6575,-1,6577,6575,6576,-1,6570,6580,6591,-1,6570,6591,6561,-1,6570,6561,6562,-1,
  6570,6562,6563,-1,6570,6563,6564,-1,6570,6564,6565,-1,6570,6565,6566,-1,6570,6566,6567,-1,6570,6567,6568,-1,6570,6568,6569,-1,6585,6587,6584,-1,
  6584,6587,6588,-1,6584,6588,6583,-1,6583,6588,6589,-1,6583,6589,6582,-1,6582,6589,6590,-1,6582,6590,6581,-1,6581,6590,6591,-1,6581,6591,6580,-1,
  6627,6617,6626,-1,6626,6617,6618,-1,6626,6618,6625,-1,6625,6618,6619,-1,6625,6619,6624,-1,6624,6619,6620,-1,6624,6620,6623,-1,6623,6620,6621,-1,
  6623,6621,6622,-1,6512,6513,6560,-1,6512,6560,6549,-1,6512,6549,6511,-1,6560,6513,6514,-1,6560,6514,6515,-1,6560,6515,6516,-1,6560,6516,6559,-1,
  6558,6559,6516,-1,6558,6516,6517,-1,6558,6517,6518,-1,6558,6518,6519,-1,6558,6519,6520,-1,6558,6520,6521,-1,6558,6521,6522,-1,6558,6522,6523,-1,
  6558,6523,6557,-1,6523,6524,6556,-1,6523,6556,6557,-1,6705,6706,6643,-1,6643,6706,6639,-1,6643,6639,6641,-1,6641,6639,6640,-1,6694,6695,6696,-1,
  6694,6696,6697,-1,6694,6697,6698,-1,6694,6698,6699,-1,6694,6699,6700,-1,6694,6700,6701,-1,6694,6701,6702,-1,6694,6702,6703,-1,6694,6703,6693,-1,
  6703,6704,6645,-1,6703,6645,6646,-1,6703,6646,6647,-1,6703,6647,6648,-1,6703,6648,6649,-1,6703,6649,6650,-1,6703,6650,6651,-1,6703,6651,6652,-1,
  6703,6652,6653,-1,6703,6653,6654,-1,6703,6654,6655,-1,6703,6655,6656,-1,6703,6656,6657,-1,6703,6657,6658,-1,6703,6658,6693,-1,6704,6705,6643,-1,
  6704,6643,6644,-1,6704,6644,6645,-1,6690,6691,6661,-1,6661,6691,6692,-1,6661,6692,6659,-1,6659,6692,6693,-1,6659,6693,6658,-1,6690,6662,6689,-1,
  6689,6662,6663,-1,6689,6663,6688,-1,6688,6663,6664,-1,6688,6664,6687,-1,6687,6664,6665,-1,6687,6665,6686,-1,6686,6665,6666,-1,6686,6666,6685,-1,
  6685,6666,6667,-1,6685,6667,6684,-1,6684,6667,6668,-1,6684,6668,6683,-1,6683,6668,6669,-1,6683,6669,6682,-1,6682,6669,6670,-1,6682,6670,6681,-1,
  6681,6670,6671,-1,6681,6671,6680,-1,6680,6671,6672,-1,6680,6672,6679,-1,6679,6672,6673,-1,6679,6673,6678,-1,6678,6673,6674,-1,6678,6674,6677,-1,
  6677,6674,6675,-1,6677,6675,6676,-1,6708,6709,6725,-1,6708,6725,6726,-1,6708,6726,6707,-1,6725,6709,6710,-1,6725,6710,6711,-1,6725,6711,6712,-1,
  6725,6712,6713,-1,6725,6713,6714,-1,6725,6714,6724,-1,6714,6715,6719,-1,6714,6719,6720,-1,6714,6720,6721,-1,6714,6721,6722,-1,6714,6722,6723,-1,
  6714,6723,6724,-1,6718,6719,6715,-1,6718,6715,6716,-1,6718,6716,6717,-1,6888,6889,6847,-1,6847,6889,6890,-1,6847,6890,6846,-1,6846,6890,6844,-1,
  6846,6844,6845,-1,6887,6888,6847,-1,6887,6847,6848,-1,6887,6848,6849,-1,6887,6849,6886,-1,6849,6850,6883,-1,6849,6883,6884,-1,6849,6884,6885,-1,
  6849,6885,6886,-1,6882,6883,6850,-1,6882,6850,6851,-1,6882,6851,6852,-1,6882,6852,6853,-1,6882,6853,6881,-1,6881,6853,6854,-1,6881,6854,6855,-1,
  6881,6855,6856,-1,6881,6856,6880,-1,6856,6857,6877,-1,6856,6877,6878,-1,6856,6878,6879,-1,6856,6879,6880,-1,6858,6859,6870,-1,6858,6870,6871,-1,
  6858,6871,6872,-1,6858,6872,6873,-1,6858,6873,6874,-1,6858,6874,6875,-1,6858,6875,6876,-1,6858,6876,6877,-1,6858,6877,6857,-1,6864,6866,6863,-1,
  6863,6866,6867,-1,6863,6867,6862,-1,6862,6867,6868,-1,6862,6868,6861,-1,6861,6868,6869,-1,6861,6869,6860,-1,6860,6869,6870,-1,6860,6870,6859,-1,
  6773,6774,6769,-1,6773,6769,6771,-1,6841,6842,6824,-1,6824,6842,6843,-1,6824,6843,6822,-1,6822,6843,6800,-1,6822,6800,6821,-1,6821,6800,6801,-1,
  6821,6801,6820,-1,6820,6801,6802,-1,6820,6802,6819,-1,6819,6802,6803,-1,6819,6803,6818,-1,6818,6803,6804,-1,6818,6804,6817,-1,6817,6804,6805,-1,
  6817,6805,6816,-1,6816,6805,6806,-1,6816,6806,6815,-1,6815,6806,6807,-1,6815,6807,6814,-1,6814,6807,6808,-1,6814,6808,6813,-1,6813,6808,6809,-1,
  6813,6809,6812,-1,6812,6809,6810,-1,6812,6810,6811,-1,6841,6825,6840,-1,6840,6825,6826,-1,6840,6826,6839,-1,6839,6826,6827,-1,6839,6827,6838,-1,
  6838,6827,6828,-1,6838,6828,6837,-1,6837,6828,6829,-1,6837,6829,6836,-1,6836,6829,6830,-1,6836,6830,6835,-1,6835,6830,6831,-1,6835,6831,6834,-1,
  6834,6831,6832,-1,6834,6832,6833,-1,6747,6748,6769,-1,6769,6748,6759,-1,6769,6759,6768,-1,6768,6759,6760,-1,6768,6760,6767,-1,6767,6760,6761,-1,
  6767,6761,6766,-1,6766,6761,6762,-1,6766,6762,6765,-1,6765,6762,6763,-1,6765,6763,6764,-1,6769,6774,6775,-1,6769,6775,6776,-1,6769,6776,6777,-1,
  6769,6777,6778,-1,6769,6778,6779,-1,6769,6779,6780,-1,6769,6780,6781,-1,6769,6781,6782,-1,6769,6782,6783,-1,6769,6783,6784,-1,6769,6784,6785,-1,
  6769,6785,6786,-1,6769,6786,6787,-1,6769,6787,6788,-1,6769,6788,6789,-1,6769,6789,6790,-1,6769,6790,6791,-1,6769,6791,6792,-1,6769,6792,6793,-1,
  6769,6793,6794,-1,6769,6794,6795,-1,6769,6795,6796,-1,6769,6796,6797,-1,6769,6797,6798,-1,6769,6799,6727,-1,6769,6727,6747,-1,6753,6755,6752,-1,
  6752,6755,6756,-1,6752,6756,6751,-1,6751,6756,6757,-1,6751,6757,6750,-1,6750,6757,6758,-1,6750,6758,6749,-1,6749,6758,6759,-1,6749,6759,6748,-1,
  6727,6728,6740,-1,6727,6740,6741,-1,6727,6741,6742,-1,6727,6742,6743,-1,6727,6743,6744,-1,6727,6744,6745,-1,6727,6745,6746,-1,6727,6746,6747,-1,
  6729,6730,6737,-1,6729,6737,6738,-1,6729,6738,6739,-1,6729,6739,6740,-1,6729,6740,6728,-1,6733,6734,6732,-1,6732,6734,6735,-1,6732,6735,6731,-1,
  6731,6735,6736,-1,6731,6736,6730,-1,6730,6736,6737,-1,6897,6898,6915,-1,6915,6898,6899,-1,6915,6899,6914,-1,6914,6899,6900,-1,6914,6900,6913,-1,
  6913,6900,6901,-1,6913,6901,6912,-1,6912,6901,6902,-1,6912,6902,6911,-1,6911,6902,6903,-1,6911,6903,6910,-1,6910,6903,6905,-1,6910,6905,6908,-1,
  6908,6905,6906,-1,6908,6906,6907,-1,7140,7141,7139,-1,7139,7141,7142,-1,7139,7142,7138,-1,7138,7142,7143,-1,7138,7143,7144,-1,7144,7145,7135,-1,
  7144,7135,7136,-1,7144,7136,7137,-1,7144,7137,7138,-1,7135,7145,7146,-1,7135,7146,7147,-1,7135,7147,7148,-1,7135,7148,7149,-1,7135,7149,7150,-1,
  7135,7150,7151,-1,7135,7151,7134,-1,7133,7134,7151,-1,7133,7151,7152,-1,7133,7152,7153,-1,7133,7153,7154,-1,7133,7154,7155,-1,7133,7155,7156,-1,
  7133,7156,7132,-1,7042,7129,7005,-1,7005,7129,7130,-1,7005,7130,7156,-1,7156,7130,7131,-1,7156,7131,7132,-1,7166,7167,7176,-1,7176,7167,7168,-1,
  7176,7168,7175,-1,7175,7168,7169,-1,7175,7169,7174,-1,7174,7169,7170,-1,7174,7170,7173,-1,7173,7170,7171,-1,7173,7171,7172,-1,7166,7176,7187,-1,
  7166,7187,7157,-1,7166,7157,7158,-1,7166,7158,7159,-1,7166,7159,7160,-1,7166,7160,7161,-1,7166,7161,7162,-1,7166,7162,7163,-1,7166,7163,7164,-1,
  7166,7164,7165,-1,7181,7183,7180,-1,7180,7183,7184,-1,7180,7184,7179,-1,7179,7184,7185,-1,7179,7185,7178,-1,7178,7185,7186,-1,7178,7186,7177,-1,
  7177,7186,7187,-1,7177,7187,7176,-1,7053,7081,7118,-1,7118,7081,7082,-1,7118,7082,7117,-1,7117,7082,7083,-1,7117,7083,7116,-1,7116,7083,7084,-1,
  7116,7084,7115,-1,7115,7084,7085,-1,7115,7085,7114,-1,7114,7085,7086,-1,7114,7086,7113,-1,7113,7086,7087,-1,7113,7087,7112,-1,7112,7087,7088,-1,
  7112,7088,7111,-1,7111,7088,7089,-1,7111,7089,7110,-1,7110,7089,7090,-1,7110,7090,7109,-1,7109,7090,7091,-1,7109,7091,7108,-1,7108,7091,7092,-1,
  7108,7092,7107,-1,7107,7092,7093,-1,7107,7093,7106,-1,7106,7093,7094,-1,7106,7094,7105,-1,7105,7094,7095,-1,7105,7095,7104,-1,7104,7095,7096,-1,
  7104,7096,7103,-1,7103,7096,7097,-1,7103,7097,7102,-1,7102,7097,7098,-1,7102,7098,7101,-1,7101,7098,7099,-1,7101,7099,7100,-1,7118,7119,7051,-1,
  7118,7051,7052,-1,7118,7052,7053,-1,7051,7119,7120,-1,7051,7120,7121,-1,7051,7121,7122,-1,7051,7122,7123,-1,7051,7123,7124,-1,7051,7124,7125,-1,
  7051,7125,7050,-1,7126,7127,7043,-1,7126,7043,7044,-1,7126,7044,7045,-1,7126,7045,7046,-1,7126,7046,7047,-1,7126,7047,7048,-1,7126,7048,7049,-1,
  7126,7049,7050,-1,7126,7050,7125,-1,7043,7127,7128,-1,7043,7128,7129,-1,7043,7129,7042,-1,7023,7025,7022,-1,7022,7025,7026,-1,7022,7026,7021,-1,
  7021,7026,7027,-1,7021,7027,7020,-1,7020,7027,7028,-1,7020,7028,7019,-1,7019,7028,7029,-1,7019,7029,7018,-1,7018,7029,7030,-1,7018,7030,7017,-1,
  7017,7030,7031,-1,7017,7031,7016,-1,7016,7031,7032,-1,7016,7032,7015,-1,7015,7032,7033,-1,7015,7033,7014,-1,7014,7033,7034,-1,7014,7034,7013,-1,
  7013,7034,7035,-1,7013,7035,7012,-1,7012,7035,7036,-1,7012,7036,7011,-1,7011,7036,7037,-1,7011,7037,7010,-1,7010,7037,7038,-1,7010,7038,7009,-1,
  7009,7038,7039,-1,7009,7039,7008,-1,7008,7039,7040,-1,7008,7040,7007,-1,7007,7040,7041,-1,7007,7041,7006,-1,7006,7041,7042,-1,7006,7042,7005,-1,
  7081,7053,7054,-1,7081,7054,7055,-1,7081,7055,7056,-1,7081,7056,7080,-1,7056,7057,7076,-1,7056,7076,7077,-1,7056,7077,7078,-1,7056,7078,7079,-1,
  7056,7079,7080,-1,7058,7059,7069,-1,7058,7069,7070,-1,7058,7070,7071,-1,7058,7071,7072,-1,7058,7072,7073,-1,7058,7073,7074,-1,7058,7074,7075,-1,
  7058,7075,7076,-1,7058,7076,7057,-1,7067,7068,7061,-1,7061,7068,7069,-1,7061,7069,7060,-1,7060,7069,7059,-1,7064,7065,7063,-1,7063,7065,7066,-1,
  7063,7066,7062,-1,7062,7066,7067,-1,7062,7067,7061,-1,6916,6917,6896,-1,6916,6896,6897,-1,6916,6897,6915,-1,6893,6894,6919,-1,6919,6894,6895,-1,
  6919,6895,6918,-1,6918,6895,6896,-1,6918,6896,6917,-1,6919,6920,6893,-1,6893,6920,6921,-1,6893,6921,6892,-1,6892,6921,6989,-1,6892,6989,6990,-1,
  6989,6921,6922,-1,6989,6922,6923,-1,6989,6923,6924,-1,6989,6924,6925,-1,6989,6925,7004,-1,7003,7004,6925,-1,7003,6925,6926,-1,7003,6926,6927,-1,
  7003,6927,6928,-1,7003,6928,6929,-1,7003,6929,6930,-1,7003,6930,7002,-1,7001,7002,6930,-1,7001,6930,6931,-1,7001,6931,6932,-1,7001,6932,6933,-1,
  7001,6933,6934,-1,7001,6934,6935,-1,7001,6935,7000,-1,6999,7000,6935,-1,6999,6935,6936,-1,6999,6936,6937,-1,6999,6937,6938,-1,6999,6938,6939,-1,
  6999,6939,6998,-1,6940,6941,6970,-1,6940,6970,6971,-1,6940,6971,6997,-1,6940,6997,6998,-1,6940,6998,6939,-1,6970,6941,6969,-1,6969,6941,6942,-1,
  6969,6942,6968,-1,6968,6942,6943,-1,6968,6943,6967,-1,6967,6943,6944,-1,6967,6944,6966,-1,6966,6944,6945,-1,6966,6945,6965,-1,6965,6945,6946,-1,
  6965,6946,6964,-1,6964,6946,6947,-1,6964,6947,6963,-1,6963,6947,6948,-1,6963,6948,6962,-1,6962,6948,6949,-1,6962,6949,6961,-1,6961,6949,6950,-1,
  6961,6950,6960,-1,6960,6950,6951,-1,6960,6951,6959,-1,6959,6951,6953,-1,6959,6953,6957,-1,6957,6953,6954,-1,6957,6954,6955,-1,6990,6991,6985,-1,
  6990,6985,6986,-1,6990,6986,6987,-1,6990,6987,6988,-1,6990,6988,6892,-1,6992,6993,6980,-1,6992,6980,6981,-1,6992,6981,6982,-1,6992,6982,6983,-1,
  6992,6983,6984,-1,6992,6984,6985,-1,6992,6985,6991,-1,6994,6995,6975,-1,6994,6975,6976,-1,6994,6976,6977,-1,6994,6977,6978,-1,6994,6978,6979,-1,
  6994,6979,6980,-1,6994,6980,6993,-1,6996,6997,6971,-1,6996,6971,6972,-1,6996,6972,6973,-1,6996,6973,6974,-1,6996,6974,6975,-1,6996,6975,6995,-1,
  7282,7283,7288,-1,7288,7283,7284,-1,7288,7284,7287,-1,7287,7284,7285,-1,7287,7285,7286,-1,7282,7288,7289,-1,7282,7289,7290,-1,7282,7290,7291,-1,
  7282,7291,7292,-1,7282,7292,7281,-1,7293,7294,7278,-1,7293,7278,7279,-1,7293,7279,7280,-1,7293,7280,7281,-1,7293,7281,7292,-1,7278,7294,7295,-1,
  7278,7295,7296,-1,7278,7296,7297,-1,7278,7297,7298,-1,7278,7298,7299,-1,7278,7299,7300,-1,7278,7300,7277,-1,7276,7277,7300,-1,7276,7300,7301,-1,
  7276,7301,7302,-1,7276,7302,7303,-1,7276,7303,7304,-1,7276,7304,7305,-1,7276,7305,7306,-1,7276,7306,7307,-1,7276,7307,7275,-1,7274,7275,7307,-1,
  7274,7307,7308,-1,7274,7308,7309,-1,7274,7309,7310,-1,7274,7310,7311,-1,7274,7311,7273,-1,7233,7269,7232,-1,7232,7269,7270,-1,7232,7270,7231,-1,
  7231,7270,7271,-1,7231,7271,7189,-1,7189,7271,7272,-1,7189,7272,7312,-1,7312,7272,7273,-1,7312,7273,7311,-1,7318,7319,7336,-1,7336,7319,7320,-1,
  7336,7320,7335,-1,7335,7320,7321,-1,7335,7321,7334,-1,7334,7321,7322,-1,7334,7322,7333,-1,7333,7322,7323,-1,7333,7323,7332,-1,7332,7323,7324,-1,
  7332,7324,7331,-1,7331,7324,7326,-1,7331,7326,7329,-1,7329,7326,7327,-1,7329,7327,7328,-1,7337,7338,7317,-1,7337,7317,7318,-1,7337,7318,7336,-1,
  7314,7315,7340,-1,7340,7315,7316,-1,7340,7316,7339,-1,7339,7316,7317,-1,7339,7317,7338,-1,7340,7341,7314,-1,7314,7341,7342,-1,7314,7342,7313,-1,
  7313,7342,7410,-1,7313,7410,7411,-1,7410,7342,7343,-1,7410,7343,7344,-1,7410,7344,7345,-1,7410,7345,7346,-1,7410,7346,7425,-1,7424,7425,7346,-1,
  7424,7346,7347,-1,7424,7347,7348,-1,7424,7348,7349,-1,7424,7349,7350,-1,7424,7350,7351,-1,7424,7351,7423,-1,7422,7423,7351,-1,7422,7351,7352,-1,
  7422,7352,7353,-1,7422,7353,7354,-1,7422,7354,7355,-1,7422,7355,7356,-1,7422,7356,7421,-1,7420,7421,7356,-1,7420,7356,7357,-1,7420,7357,7358,-1,
  7420,7358,7359,-1,7420,7359,7360,-1,7420,7360,7419,-1,7361,7362,7391,-1,7361,7391,7392,-1,7361,7392,7418,-1,7361,7418,7419,-1,7361,7419,7360,-1,
  7391,7362,7390,-1,7390,7362,7363,-1,7390,7363,7389,-1,7389,7363,7364,-1,7389,7364,7388,-1,7388,7364,7365,-1,7388,7365,7387,-1,7387,7365,7366,-1,
  7387,7366,7386,-1,7386,7366,7367,-1,7386,7367,7385,-1,7385,7367,7368,-1,7385,7368,7384,-1,7384,7368,7369,-1,7384,7369,7383,-1,7383,7369,7370,-1,
  7383,7370,7382,-1,7382,7370,7371,-1,7382,7371,7381,-1,7381,7371,7372,-1,7381,7372,7380,-1,7380,7372,7374,-1,7380,7374,7378,-1,7378,7374,7375,-1,
  7378,7375,7376,-1,7257,7258,7256,-1,7256,7258,7259,-1,7256,7259,7255,-1,7255,7259,7260,-1,7255,7260,7261,-1,7261,7262,7251,-1,7261,7251,7252,-1,
  7261,7252,7253,-1,7261,7253,7254,-1,7261,7254,7255,-1,7250,7251,7262,-1,7250,7262,7263,-1,7250,7263,7264,-1,7250,7264,7265,-1,7250,7265,7249,-1,
  7265,7266,7243,-1,7265,7243,7244,-1,7265,7244,7245,-1,7265,7245,7246,-1,7265,7246,7247,-1,7265,7247,7248,-1,7265,7248,7249,-1,7267,7268,7236,-1,
  7267,7236,7237,-1,7267,7237,7238,-1,7267,7238,7239,-1,7267,7239,7240,-1,7267,7240,7241,-1,7267,7241,7242,-1,7267,7242,7243,-1,7267,7243,7266,-1,
  7269,7233,7234,-1,7269,7234,7235,-1,7269,7235,7236,-1,7269,7236,7268,-1,7231,7189,7230,-1,7230,7189,7190,-1,7230,7190,7229,-1,7229,7190,7191,-1,
  7229,7191,7228,-1,7228,7191,7192,-1,7228,7192,7227,-1,7227,7192,7193,-1,7227,7193,7226,-1,7226,7193,7194,-1,7226,7194,7225,-1,7225,7194,7195,-1,
  7225,7195,7224,-1,7224,7195,7196,-1,7224,7196,7223,-1,7223,7196,7197,-1,7223,7197,7222,-1,7222,7197,7198,-1,7222,7198,7221,-1,7221,7198,7199,-1,
  7221,7199,7220,-1,7220,7199,7200,-1,7220,7200,7219,-1,7219,7200,7201,-1,7219,7201,7218,-1,7218,7201,7202,-1,7218,7202,7217,-1,7217,7202,7203,-1,
  7217,7203,7216,-1,7216,7203,7204,-1,7216,7204,7215,-1,7215,7204,7205,-1,7215,7205,7214,-1,7214,7205,7206,-1,7214,7206,7213,-1,7213,7206,7208,-1,
  7213,7208,7211,-1,7211,7208,7209,-1,7211,7209,7210,-1,7411,7412,7406,-1,7411,7406,7407,-1,7411,7407,7408,-1,7411,7408,7409,-1,7411,7409,7313,-1,
  7413,7414,7401,-1,7413,7401,7402,-1,7413,7402,7403,-1,7413,7403,7404,-1,7413,7404,7405,-1,7413,7405,7406,-1,7413,7406,7412,-1,7415,7416,7396,-1,
  7415,7396,7397,-1,7415,7397,7398,-1,7415,7398,7399,-1,7415,7399,7400,-1,7415,7400,7401,-1,7415,7401,7414,-1,7417,7418,7392,-1,7417,7392,7393,-1,
  7417,7393,7394,-1,7417,7394,7395,-1,7417,7395,7396,-1,7417,7396,7416,-1,7427,7428,7437,-1,7437,7428,7429,-1,7437,7429,7436,-1,7436,7429,7430,-1,
  7436,7430,7435,-1,7435,7430,7431,-1,7435,7431,7434,-1,7434,7431,7432,-1,7434,7432,7433,-1,7443,7445,7442,-1,7442,7445,7446,-1,7442,7446,7441,-1,
  7441,7446,7447,-1,7441,7447,7440,-1,7440,7447,7448,-1,7440,7448,7439,-1,7439,7448,7449,-1,7439,7449,7438,-1,7438,7449,7460,-1,7438,7460,7427,-1,
  7427,7460,7461,-1,7427,7461,7426,-1,7426,7461,7462,-1,7426,7462,7471,-1,7471,7462,7463,-1,7471,7463,7470,-1,7470,7463,7464,-1,7470,7464,7469,-1,
  7469,7464,7465,-1,7469,7465,7468,-1,7468,7465,7466,-1,7468,7466,7467,-1,7460,7450,7459,-1,7459,7450,7451,-1,7459,7451,7458,-1,7458,7451,7452,-1,
  7458,7452,7457,-1,7457,7452,7453,-1,7457,7453,7456,-1,7456,7453,7454,-1,7456,7454,7455,-1,7565,7566,7571,-1,7571,7566,7567,-1,7571,7567,7570,-1,
  7570,7567,7568,-1,7570,7568,7569,-1,7565,7571,7572,-1,7565,7572,7573,-1,7565,7573,7574,-1,7565,7574,7575,-1,7565,7575,7564,-1,7576,7577,7561,-1,
  7576,7561,7562,-1,7576,7562,7563,-1,7576,7563,7564,-1,7576,7564,7575,-1,7561,7577,7578,-1,7561,7578,7579,-1,7561,7579,7580,-1,7561,7580,7581,-1,
  7561,7581,7582,-1,7561,7582,7583,-1,7561,7583,7560,-1,7559,7560,7583,-1,7559,7583,7584,-1,7559,7584,7585,-1,7559,7585,7586,-1,7559,7586,7587,-1,
  7559,7587,7588,-1,7559,7588,7589,-1,7559,7589,7590,-1,7559,7590,7558,-1,7557,7558,7590,-1,7557,7590,7591,-1,7557,7591,7592,-1,7557,7592,7593,-1,
  7557,7593,7594,-1,7557,7594,7556,-1,7516,7552,7515,-1,7515,7552,7553,-1,7515,7553,7514,-1,7514,7553,7554,-1,7514,7554,7472,-1,7472,7554,7555,-1,
  7472,7555,7595,-1,7595,7555,7556,-1,7595,7556,7594,-1,7605,7606,7615,-1,7615,7606,7607,-1,7615,7607,7614,-1,7614,7607,7608,-1,7614,7608,7613,-1,
  7613,7608,7609,-1,7613,7609,7612,-1,7612,7609,7610,-1,7612,7610,7611,-1,7605,7615,7626,-1,7605,7626,7596,-1,7605,7596,7597,-1,7605,7597,7598,-1,
  7605,7598,7599,-1,7605,7599,7600,-1,7605,7600,7601,-1,7605,7601,7602,-1,7605,7602,7603,-1,7605,7603,7604,-1,7620,7622,7619,-1,7619,7622,7623,-1,
  7619,7623,7618,-1,7618,7623,7624,-1,7618,7624,7617,-1,7617,7624,7625,-1,7617,7625,7616,-1,7616,7625,7626,-1,7616,7626,7615,-1,7540,7541,7539,-1,
  7539,7541,7542,-1,7539,7542,7538,-1,7538,7542,7543,-1,7538,7543,7544,-1,7544,7545,7534,-1,7544,7534,7535,-1,7544,7535,7536,-1,7544,7536,7537,-1,
  7544,7537,7538,-1,7533,7534,7545,-1,7533,7545,7546,-1,7533,7546,7547,-1,7533,7547,7548,-1,7533,7548,7532,-1,7548,7549,7526,-1,7548,7526,7527,-1,
  7548,7527,7528,-1,7548,7528,7529,-1,7548,7529,7530,-1,7548,7530,7531,-1,7548,7531,7532,-1,7550,7551,7519,-1,7550,7519,7520,-1,7550,7520,7521,-1,
  7550,7521,7522,-1,7550,7522,7523,-1,7550,7523,7524,-1,7550,7524,7525,-1,7550,7525,7526,-1,7550,7526,7549,-1,7552,7516,7517,-1,7552,7517,7518,-1,
  7552,7518,7519,-1,7552,7519,7551,-1,7514,7472,7513,-1,7513,7472,7473,-1,7513,7473,7512,-1,7512,7473,7474,-1,7512,7474,7511,-1,7511,7474,7475,-1,
  7511,7475,7510,-1,7510,7475,7476,-1,7510,7476,7509,-1,7509,7476,7477,-1,7509,7477,7508,-1,7508,7477,7478,-1,7508,7478,7507,-1,7507,7478,7479,-1,
  7507,7479,7506,-1,7506,7479,7480,-1,7506,7480,7505,-1,7505,7480,7481,-1,7505,7481,7504,-1,7504,7481,7482,-1,7504,7482,7503,-1,7503,7482,7483,-1,
  7503,7483,7502,-1,7502,7483,7484,-1,7502,7484,7501,-1,7501,7484,7485,-1,7501,7485,7500,-1,7500,7485,7486,-1,7500,7486,7499,-1,7499,7486,7487,-1,
  7499,7487,7498,-1,7498,7487,7488,-1,7498,7488,7497,-1,7497,7488,7489,-1,7497,7489,7496,-1,7496,7489,7491,-1,7496,7491,7494,-1,7494,7491,7492,-1,
  7494,7492,7493,-1,7633,7634,7651,-1,7651,7634,7635,-1,7651,7635,7650,-1,7650,7635,7636,-1,7650,7636,7649,-1,7649,7636,7637,-1,7649,7637,7648,-1,
  7648,7637,7638,-1,7648,7638,7647,-1,7647,7638,7639,-1,7647,7639,7646,-1,7646,7639,7641,-1,7646,7641,7644,-1,7644,7641,7642,-1,7644,7642,7643,-1,
  7652,7653,7632,-1,7652,7632,7633,-1,7652,7633,7651,-1,7629,7630,7655,-1,7655,7630,7631,-1,7655,7631,7654,-1,7654,7631,7632,-1,7654,7632,7653,-1,
  7655,7656,7629,-1,7629,7656,7657,-1,7629,7657,7628,-1,7628,7657,7725,-1,7628,7725,7726,-1,7725,7657,7658,-1,7725,7658,7659,-1,7725,7659,7660,-1,
  7725,7660,7661,-1,7725,7661,7740,-1,7739,7740,7661,-1,7739,7661,7662,-1,7739,7662,7663,-1,7739,7663,7664,-1,7739,7664,7665,-1,7739,7665,7666,-1,
  7739,7666,7738,-1,7737,7738,7666,-1,7737,7666,7667,-1,7737,7667,7668,-1,7737,7668,7669,-1,7737,7669,7670,-1,7737,7670,7671,-1,7737,7671,7736,-1,
  7735,7736,7671,-1,7735,7671,7672,-1,7735,7672,7673,-1,7735,7673,7674,-1,7735,7674,7675,-1,7735,7675,7734,-1,7676,7677,7706,-1,7676,7706,7707,-1,
  7676,7707,7733,-1,7676,7733,7734,-1,7676,7734,7675,-1,7706,7677,7705,-1,7705,7677,7678,-1,7705,7678,7704,-1,7704,7678,7679,-1,7704,7679,7703,-1,
  7703,7679,7680,-1,7703,7680,7702,-1,7702,7680,7681,-1,7702,7681,7701,-1,7701,7681,7682,-1,7701,7682,7700,-1,7700,7682,7683,-1,7700,7683,7699,-1,
  7699,7683,7684,-1,7699,7684,7698,-1,7698,7684,7685,-1,7698,7685,7697,-1,7697,7685,7686,-1,7697,7686,7696,-1,7696,7686,7687,-1,7696,7687,7695,-1,
  7695,7687,7689,-1,7695,7689,7693,-1,7693,7689,7690,-1,7693,7690,7691,-1,7726,7727,7721,-1,7726,7721,7722,-1,7726,7722,7723,-1,7726,7723,7724,-1,
  7726,7724,7628,-1,7728,7729,7716,-1,7728,7716,7717,-1,7728,7717,7718,-1,7728,7718,7719,-1,7728,7719,7720,-1,7728,7720,7721,-1,7728,7721,7727,-1,
  7730,7731,7711,-1,7730,7711,7712,-1,7730,7712,7713,-1,7730,7713,7714,-1,7730,7714,7715,-1,7730,7715,7716,-1,7730,7716,7729,-1,7732,7733,7707,-1,
  7732,7707,7708,-1,7732,7708,7709,-1,7732,7709,7710,-1,7732,7710,7711,-1,7732,7711,7731,-1,7783,7784,7791,-1,7791,7784,7785,-1,7791,7785,7790,-1,
  7790,7785,7786,-1,7790,7786,7789,-1,7789,7786,7787,-1,7789,7787,7788,-1,7782,7783,7791,-1,7782,7791,7792,-1,7782,7792,7793,-1,7782,7793,7794,-1,
  7782,7794,7795,-1,7782,7795,7796,-1,7782,7796,7781,-1,7780,7781,7796,-1,7780,7796,7797,-1,7780,7797,7798,-1,7780,7798,7799,-1,7780,7799,7800,-1,
  7780,7800,7801,-1,7780,7801,7802,-1,7780,7802,7803,-1,7780,7803,7779,-1,7778,7779,7803,-1,7778,7803,7804,-1,7778,7804,7805,-1,7778,7805,7806,-1,
  7778,7806,7807,-1,7778,7807,7777,-1,7853,7773,7852,-1,7852,7773,7774,-1,7852,7774,7851,-1,7851,7774,7775,-1,7851,7775,7809,-1,7809,7775,7776,-1,
  7809,7776,7808,-1,7808,7776,7777,-1,7808,7777,7807,-1,7752,7753,7747,-1,7752,7747,7748,-1,7752,7748,7749,-1,7752,7749,7750,-1,7752,7750,7751,-1,
  7746,7747,7753,-1,7746,7753,7754,-1,7746,7754,7755,-1,7746,7755,7745,-1,7742,7743,7756,-1,7756,7743,7744,-1,7756,7744,7755,-1,7755,7744,7745,-1,
  7761,7763,7760,-1,7760,7763,7764,-1,7760,7764,7759,-1,7759,7764,7765,-1,7759,7765,7758,-1,7758,7765,7766,-1,7758,7766,7757,-1,7757,7766,7767,-1,
  7757,7767,7756,-1,7756,7767,7741,-1,7756,7741,7742,-1,7868,7869,7769,-1,7769,7869,7741,-1,7769,7741,7768,-1,7768,7741,7767,-1,7769,7770,7863,-1,
  7769,7863,7864,-1,7769,7864,7865,-1,7769,7865,7866,-1,7769,7866,7867,-1,7769,7867,7868,-1,7771,7772,7856,-1,7771,7856,7857,-1,7771,7857,7858,-1,
  7771,7858,7859,-1,7771,7859,7860,-1,7771,7860,7861,-1,7771,7861,7862,-1,7771,7862,7863,-1,7771,7863,7770,-1,7773,7853,7854,-1,7773,7854,7855,-1,
  7773,7855,7856,-1,7773,7856,7772,-1,7851,7809,7850,-1,7850,7809,7810,-1,7850,7810,7849,-1,7849,7810,7811,-1,7849,7811,7848,-1,7848,7811,7812,-1,
  7848,7812,7847,-1,7847,7812,7813,-1,7847,7813,7846,-1,7846,7813,7814,-1,7846,7814,7845,-1,7845,7814,7815,-1,7845,7815,7844,-1,7844,7815,7816,-1,
  7844,7816,7843,-1,7843,7816,7817,-1,7843,7817,7842,-1,7842,7817,7818,-1,7842,7818,7841,-1,7841,7818,7819,-1,7841,7819,7840,-1,7840,7819,7820,-1,
  7840,7820,7839,-1,7839,7820,7821,-1,7839,7821,7838,-1,7838,7821,7822,-1,7838,7822,7837,-1,7837,7822,7823,-1,7837,7823,7836,-1,7836,7823,7824,-1,
  7836,7824,7835,-1,7835,7824,7825,-1,7835,7825,7834,-1,7834,7825,7826,-1,7834,7826,7833,-1,7833,7826,7828,-1,7833,7828,7831,-1,7831,7828,7829,-1,
  7831,7829,7830,-1,7875,7876,7893,-1,7893,7876,7877,-1,7893,7877,7892,-1,7892,7877,7878,-1,7892,7878,7891,-1,7891,7878,7879,-1,7891,7879,7890,-1,
  7890,7879,7880,-1,7890,7880,7889,-1,7889,7880,7881,-1,7889,7881,7888,-1,7888,7881,7883,-1,7888,7883,7886,-1,7886,7883,7884,-1,7886,7884,7885,-1,
  7894,7895,7874,-1,7894,7874,7875,-1,7894,7875,7893,-1,7871,7872,7897,-1,7897,7872,7873,-1,7897,7873,7896,-1,7896,7873,7874,-1,7896,7874,7895,-1,
  7897,7898,7871,-1,7871,7898,7899,-1,7871,7899,7870,-1,7870,7899,7967,-1,7870,7967,7968,-1,7967,7899,7900,-1,7967,7900,7901,-1,7967,7901,7902,-1,
  7967,7902,7903,-1,7967,7903,7982,-1,7981,7982,7903,-1,7981,7903,7904,-1,7981,7904,7905,-1,7981,7905,7906,-1,7981,7906,7907,-1,7981,7907,7908,-1,
  7981,7908,7980,-1,7979,7980,7908,-1,7979,7908,7909,-1,7979,7909,7910,-1,7979,7910,7911,-1,7979,7911,7912,-1,7979,7912,7913,-1,7979,7913,7978,-1,
  7977,7978,7913,-1,7977,7913,7914,-1,7977,7914,7915,-1,7977,7915,7916,-1,7977,7916,7917,-1,7977,7917,7976,-1,7918,7919,7948,-1,7918,7948,7949,-1,
  7918,7949,7975,-1,7918,7975,7976,-1,7918,7976,7917,-1,7948,7919,7947,-1,7947,7919,7920,-1,7947,7920,7946,-1,7946,7920,7921,-1,7946,7921,7945,-1,
  7945,7921,7922,-1,7945,7922,7944,-1,7944,7922,7923,-1,7944,7923,7943,-1,7943,7923,7924,-1,7943,7924,7942,-1,7942,7924,7925,-1,7942,7925,7941,-1,
  7941,7925,7926,-1,7941,7926,7940,-1,7940,7926,7927,-1,7940,7927,7939,-1,7939,7927,7928,-1,7939,7928,7938,-1,7938,7928,7929,-1,7938,7929,7937,-1,
  7937,7929,7931,-1,7937,7931,7935,-1,7935,7931,7932,-1,7935,7932,7933,-1,7968,7969,7963,-1,7968,7963,7964,-1,7968,7964,7965,-1,7968,7965,7966,-1,
  7968,7966,7870,-1,7970,7971,7958,-1,7970,7958,7959,-1,7970,7959,7960,-1,7970,7960,7961,-1,7970,7961,7962,-1,7970,7962,7963,-1,7970,7963,7969,-1,
  7972,7973,7953,-1,7972,7953,7954,-1,7972,7954,7955,-1,7972,7955,7956,-1,7972,7956,7957,-1,7972,7957,7958,-1,7972,7958,7971,-1,7974,7975,7949,-1,
  7974,7949,7950,-1,7974,7950,7951,-1,7974,7951,7952,-1,7974,7952,7953,-1,7974,7953,7973,-1,8062,7983,8024,-1,8024,7983,7984,-1,8024,7984,8023,-1,
  8023,7984,7985,-1,8023,7985,8022,-1,8022,7985,7986,-1,8022,7986,8021,-1,8021,7986,7987,-1,8021,7987,8020,-1,8020,7987,7988,-1,8020,7988,8019,-1,
  8019,7988,7989,-1,8019,7989,8018,-1,8018,7989,7990,-1,8018,7990,8017,-1,8017,7990,7991,-1,8017,7991,8016,-1,8016,7991,7992,-1,8016,7992,8015,-1,
  8015,7992,7993,-1,8015,7993,8014,-1,8014,7993,7994,-1,8014,7994,8013,-1,8013,7994,7995,-1,8013,7995,8012,-1,8012,7995,7996,-1,8012,7996,8011,-1,
  8011,7996,7997,-1,8011,7997,8010,-1,8010,7997,7998,-1,8010,7998,8009,-1,8009,7998,7999,-1,8009,7999,8008,-1,8008,7999,8000,-1,8008,8000,8007,-1,
  8007,8000,8002,-1,8007,8002,8005,-1,8005,8002,8003,-1,8005,8003,8004,-1,8025,8026,8073,-1,8025,8073,8062,-1,8025,8062,8024,-1,8073,8026,8027,-1,
  8073,8027,8028,-1,8073,8028,8029,-1,8073,8029,8072,-1,8071,8072,8029,-1,8071,8029,8030,-1,8071,8030,8031,-1,8071,8031,8032,-1,8071,8032,8033,-1,
  8071,8033,8034,-1,8071,8034,8035,-1,8071,8035,8036,-1,8071,8036,8070,-1,8070,8036,8069,-1,8069,8036,8037,-1,8069,8037,8068,-1,8068,8037,8049,-1,
  8068,8049,8050,-1,8059,8060,8064,-1,8064,8060,8061,-1,8064,8061,8063,-1,8063,8061,7983,-1,8063,7983,8062,-1,8064,8065,8057,-1,8064,8057,8058,-1,
  8064,8058,8059,-1,8066,8067,8050,-1,8066,8050,8051,-1,8066,8051,8052,-1,8066,8052,8053,-1,8066,8053,8054,-1,8066,8054,8055,-1,8066,8055,8056,-1,
  8066,8056,8057,-1,8066,8057,8065,-1,8042,8045,8041,-1,8041,8045,8046,-1,8041,8046,8040,-1,8040,8046,8047,-1,8040,8047,8039,-1,8039,8047,8048,-1,
  8039,8048,8038,-1,8038,8048,8049,-1,8038,8049,8037,-1,8043,8044,8045,-1,8043,8045,8042,-1,8075,8076,8085,-1,8085,8076,8077,-1,8085,8077,8084,-1,
  8084,8077,8078,-1,8084,8078,8083,-1,8083,8078,8079,-1,8083,8079,8082,-1,8082,8079,8080,-1,8082,8080,8081,-1,8091,8093,8090,-1,8090,8093,8094,-1,
  8090,8094,8089,-1,8089,8094,8095,-1,8089,8095,8088,-1,8088,8095,8096,-1,8088,8096,8087,-1,8087,8096,8097,-1,8087,8097,8086,-1,8086,8097,8108,-1,
  8086,8108,8075,-1,8075,8108,8109,-1,8075,8109,8074,-1,8074,8109,8110,-1,8074,8110,8119,-1,8119,8110,8111,-1,8119,8111,8118,-1,8118,8111,8112,-1,
  8118,8112,8117,-1,8117,8112,8113,-1,8117,8113,8116,-1,8116,8113,8114,-1,8116,8114,8115,-1,8108,8098,8107,-1,8107,8098,8099,-1,8107,8099,8106,-1,
  8106,8099,8100,-1,8106,8100,8105,-1,8105,8100,8101,-1,8105,8101,8104,-1,8104,8101,8102,-1,8104,8102,8103,-1,8166,8167,8162,-1,8166,8162,8164,-1,
  8286,8287,8292,-1,8292,8287,8288,-1,8292,8288,8291,-1,8291,8288,8289,-1,8291,8289,8290,-1,8286,8292,8293,-1,8286,8293,8294,-1,8286,8294,8295,-1,
  8286,8295,8296,-1,8286,8296,8285,-1,8297,8298,8282,-1,8297,8282,8283,-1,8297,8283,8284,-1,8297,8284,8285,-1,8297,8285,8296,-1,8282,8298,8299,-1,
  8282,8299,8300,-1,8282,8300,8301,-1,8282,8301,8302,-1,8282,8302,8303,-1,8282,8303,8304,-1,8282,8304,8281,-1,8280,8281,8304,-1,8280,8304,8305,-1,
  8280,8305,8306,-1,8280,8306,8307,-1,8280,8307,8308,-1,8280,8308,8309,-1,8280,8309,8310,-1,8280,8310,8311,-1,8280,8311,8279,-1,8278,8279,8311,-1,
  8278,8311,8312,-1,8278,8312,8313,-1,8278,8313,8314,-1,8278,8314,8315,-1,8278,8315,8277,-1,8237,8273,8236,-1,8236,8273,8274,-1,8236,8274,8235,-1,
  8235,8274,8275,-1,8235,8275,8193,-1,8193,8275,8276,-1,8193,8276,8316,-1,8316,8276,8277,-1,8316,8277,8315,-1,8261,8262,8260,-1,8260,8262,8263,-1,
  8260,8263,8259,-1,8259,8263,8264,-1,8259,8264,8265,-1,8265,8266,8255,-1,8265,8255,8256,-1,8265,8256,8257,-1,8265,8257,8258,-1,8265,8258,8259,-1,
  8254,8255,8266,-1,8254,8266,8267,-1,8254,8267,8268,-1,8254,8268,8269,-1,8254,8269,8253,-1,8269,8270,8247,-1,8269,8247,8248,-1,8269,8248,8249,-1,
  8269,8249,8250,-1,8269,8250,8251,-1,8269,8251,8252,-1,8269,8252,8253,-1,8271,8272,8240,-1,8271,8240,8241,-1,8271,8241,8242,-1,8271,8242,8243,-1,
  8271,8243,8244,-1,8271,8244,8245,-1,8271,8245,8246,-1,8271,8246,8247,-1,8271,8247,8270,-1,8273,8237,8238,-1,8273,8238,8239,-1,8273,8239,8240,-1,
  8273,8240,8272,-1,8235,8193,8234,-1,8234,8193,8194,-1,8234,8194,8233,-1,8233,8194,8195,-1,8233,8195,8232,-1,8232,8195,8196,-1,8232,8196,8231,-1,
  8231,8196,8197,-1,8231,8197,8230,-1,8230,8197,8198,-1,8230,8198,8229,-1,8229,8198,8199,-1,8229,8199,8228,-1,8228,8199,8200,-1,8228,8200,8227,-1,
  8227,8200,8201,-1,8227,8201,8226,-1,8226,8201,8202,-1,8226,8202,8225,-1,8225,8202,8203,-1,8225,8203,8224,-1,8224,8203,8204,-1,8224,8204,8223,-1,
  8223,8204,8205,-1,8223,8205,8222,-1,8222,8205,8206,-1,8222,8206,8221,-1,8221,8206,8207,-1,8221,8207,8220,-1,8220,8207,8208,-1,8220,8208,8219,-1,
  8219,8208,8209,-1,8219,8209,8218,-1,8218,8209,8210,-1,8218,8210,8217,-1,8217,8210,8212,-1,8217,8212,8215,-1,8215,8212,8213,-1,8215,8213,8214,-1,
  8140,8141,8162,-1,8162,8141,8152,-1,8162,8152,8161,-1,8161,8152,8153,-1,8161,8153,8160,-1,8160,8153,8154,-1,8160,8154,8159,-1,8159,8154,8155,-1,
  8159,8155,8158,-1,8158,8155,8156,-1,8158,8156,8157,-1,8162,8167,8168,-1,8162,8168,8169,-1,8162,8169,8170,-1,8162,8170,8171,-1,8162,8171,8172,-1,
  8162,8172,8173,-1,8162,8173,8174,-1,8162,8174,8175,-1,8162,8175,8176,-1,8162,8176,8177,-1,8162,8177,8178,-1,8162,8178,8179,-1,8162,8179,8180,-1,
  8162,8180,8181,-1,8162,8181,8182,-1,8162,8182,8183,-1,8162,8183,8184,-1,8162,8184,8185,-1,8162,8185,8186,-1,8162,8186,8187,-1,8162,8187,8188,-1,
  8162,8188,8189,-1,8162,8189,8190,-1,8162,8190,8191,-1,8162,8192,8120,-1,8162,8120,8140,-1,8146,8148,8145,-1,8145,8148,8149,-1,8145,8149,8144,-1,
  8144,8149,8150,-1,8144,8150,8143,-1,8143,8150,8151,-1,8143,8151,8142,-1,8142,8151,8152,-1,8142,8152,8141,-1,8120,8121,8133,-1,8120,8133,8134,-1,
  8120,8134,8135,-1,8120,8135,8136,-1,8120,8136,8137,-1,8120,8137,8138,-1,8120,8138,8139,-1,8120,8139,8140,-1,8122,8123,8130,-1,8122,8130,8131,-1,
  8122,8131,8132,-1,8122,8132,8133,-1,8122,8133,8121,-1,8126,8127,8125,-1,8125,8127,8128,-1,8125,8128,8124,-1,8124,8128,8129,-1,8124,8129,8123,-1,
  8123,8129,8130,-1,8452,8453,8451,-1,8451,8453,8454,-1,8451,8454,8450,-1,8450,8454,8455,-1,8450,8455,8456,-1,8456,8457,8447,-1,8456,8447,8448,-1,
  8456,8448,8449,-1,8456,8449,8450,-1,8447,8457,8458,-1,8447,8458,8459,-1,8447,8459,8460,-1,8447,8460,8461,-1,8447,8461,8462,-1,8447,8462,8463,-1,
  8447,8463,8446,-1,8445,8446,8463,-1,8445,8463,8464,-1,8445,8464,8465,-1,8445,8465,8466,-1,8445,8466,8467,-1,8445,8467,8468,-1,8445,8468,8444,-1,
  8354,8441,8317,-1,8317,8441,8442,-1,8317,8442,8468,-1,8468,8442,8443,-1,8468,8443,8444,-1,8365,8393,8430,-1,8430,8393,8394,-1,8430,8394,8429,-1,
  8429,8394,8395,-1,8429,8395,8428,-1,8428,8395,8396,-1,8428,8396,8427,-1,8427,8396,8397,-1,8427,8397,8426,-1,8426,8397,8398,-1,8426,8398,8425,-1,
  8425,8398,8399,-1,8425,8399,8424,-1,8424,8399,8400,-1,8424,8400,8423,-1,8423,8400,8401,-1,8423,8401,8422,-1,8422,8401,8402,-1,8422,8402,8421,-1,
  8421,8402,8403,-1,8421,8403,8420,-1,8420,8403,8404,-1,8420,8404,8419,-1,8419,8404,8405,-1,8419,8405,8418,-1,8418,8405,8406,-1,8418,8406,8417,-1,
  8417,8406,8407,-1,8417,8407,8416,-1,8416,8407,8408,-1,8416,8408,8415,-1,8415,8408,8409,-1,8415,8409,8414,-1,8414,8409,8410,-1,8414,8410,8413,-1,
  8413,8410,8411,-1,8413,8411,8412,-1,8430,8431,8363,-1,8430,8363,8364,-1,8430,8364,8365,-1,8363,8431,8432,-1,8363,8432,8433,-1,8363,8433,8434,-1,
  8363,8434,8435,-1,8363,8435,8436,-1,8363,8436,8437,-1,8363,8437,8362,-1,8438,8439,8355,-1,8438,8355,8356,-1,8438,8356,8357,-1,8438,8357,8358,-1,
  8438,8358,8359,-1,8438,8359,8360,-1,8438,8360,8361,-1,8438,8361,8362,-1,8438,8362,8437,-1,8355,8439,8440,-1,8355,8440,8441,-1,8355,8441,8354,-1,
  8335,8337,8334,-1,8334,8337,8338,-1,8334,8338,8333,-1,8333,8338,8339,-1,8333,8339,8332,-1,8332,8339,8340,-1,8332,8340,8331,-1,8331,8340,8341,-1,
  8331,8341,8330,-1,8330,8341,8342,-1,8330,8342,8329,-1,8329,8342,8343,-1,8329,8343,8328,-1,8328,8343,8344,-1,8328,8344,8327,-1,8327,8344,8345,-1,
  8327,8345,8326,-1,8326,8345,8346,-1,8326,8346,8325,-1,8325,8346,8347,-1,8325,8347,8324,-1,8324,8347,8348,-1,8324,8348,8323,-1,8323,8348,8349,-1,
  8323,8349,8322,-1,8322,8349,8350,-1,8322,8350,8321,-1,8321,8350,8351,-1,8321,8351,8320,-1,8320,8351,8352,-1,8320,8352,8319,-1,8319,8352,8353,-1,
  8319,8353,8318,-1,8318,8353,8354,-1,8318,8354,8317,-1,8393,8365,8366,-1,8393,8366,8367,-1,8393,8367,8368,-1,8393,8368,8392,-1,8368,8369,8388,-1,
  8368,8388,8389,-1,8368,8389,8390,-1,8368,8390,8391,-1,8368,8391,8392,-1,8370,8371,8381,-1,8370,8381,8382,-1,8370,8382,8383,-1,8370,8383,8384,-1,
  8370,8384,8385,-1,8370,8385,8386,-1,8370,8386,8387,-1,8370,8387,8388,-1,8370,8388,8369,-1,8379,8380,8373,-1,8373,8380,8381,-1,8373,8381,8372,-1,
  8372,8381,8371,-1,8376,8377,8375,-1,8375,8377,8378,-1,8375,8378,8374,-1,8374,8378,8379,-1,8374,8379,8373,-1,8469,8470,8500,-1,8469,8500,8501,-1,
  8469,8501,8502,-1,8469,8502,8527,-1,8469,8527,8556,-1,8500,8470,8471,-1,8500,8471,8472,-1,8500,8472,8473,-1,8500,8473,8474,-1,8500,8474,8499,-1,
  8498,8499,8474,-1,8498,8474,8475,-1,8498,8475,8476,-1,8498,8476,8477,-1,8498,8477,8478,-1,8498,8478,8479,-1,8498,8479,8497,-1,8479,8480,8494,-1,
  8479,8494,8495,-1,8479,8495,8496,-1,8479,8496,8497,-1,8494,8480,8481,-1,8494,8481,8482,-1,8494,8482,8483,-1,8494,8483,8484,-1,8494,8484,8485,-1,
  8494,8485,8486,-1,8494,8486,8493,-1,8492,8493,8486,-1,8492,8486,8487,-1,8492,8487,8488,-1,8492,8488,8491,-1,8489,8490,8491,-1,8489,8491,8488,-1,
  8533,8534,8540,-1,8540,8534,8535,-1,8540,8535,8539,-1,8539,8535,8537,-1,8539,8537,8538,-1,8529,8530,8544,-1,8544,8530,8531,-1,8544,8531,8543,-1,
  8543,8531,8532,-1,8543,8532,8542,-1,8542,8532,8533,-1,8542,8533,8541,-1,8541,8533,8540,-1,8544,8545,8529,-1,8529,8545,8546,-1,8529,8546,8528,-1,
  8528,8546,8547,-1,8528,8547,8548,-1,8548,8549,8528,-1,8528,8549,8550,-1,8528,8550,8527,-1,8527,8550,8551,-1,8527,8551,8552,-1,8527,8552,8553,-1,
  8527,8553,8554,-1,8527,8554,8555,-1,8527,8555,8556,-1,8502,8503,8527,-1,8527,8503,8504,-1,8527,8504,8526,-1,8526,8504,8515,-1,8526,8515,8516,-1,
  8504,8505,8512,-1,8504,8512,8513,-1,8504,8513,8514,-1,8504,8514,8515,-1,8508,8510,8507,-1,8507,8510,8511,-1,8507,8511,8506,-1,8506,8511,8512,-1,
  8506,8512,8505,-1,8526,8516,8525,-1,8525,8516,8517,-1,8525,8517,8524,-1,8524,8517,8518,-1,8524,8518,8523,-1,8523,8518,8519,-1,8523,8519,8522,-1,
  8522,8519,8520,-1,8522,8520,8521,-1,8562,8563,8580,-1,8580,8563,8564,-1,8580,8564,8579,-1,8579,8564,8565,-1,8579,8565,8578,-1,8578,8565,8566,-1,
  8578,8566,8577,-1,8577,8566,8567,-1,8577,8567,8576,-1,8576,8567,8568,-1,8576,8568,8575,-1,8575,8568,8570,-1,8575,8570,8573,-1,8573,8570,8571,-1,
  8573,8571,8572,-1,8785,8670,8671,-1,8785,8671,8672,-1,8785,8672,8673,-1,8785,8673,8674,-1,8785,8674,8675,-1,8785,8675,8676,-1,8785,8676,8677,-1,
  8785,8677,8678,-1,8785,8678,8784,-1,8678,8679,8768,-1,8678,8768,8769,-1,8678,8769,8770,-1,8678,8770,8771,-1,8678,8771,8772,-1,8678,8772,8773,-1,
  8678,8773,8774,-1,8678,8774,8775,-1,8678,8775,8776,-1,8678,8776,8777,-1,8678,8777,8778,-1,8678,8778,8779,-1,8678,8779,8780,-1,8678,8780,8781,-1,
  8678,8781,8782,-1,8678,8782,8783,-1,8678,8783,8784,-1,8679,8680,8754,-1,8679,8754,8755,-1,8679,8755,8756,-1,8679,8756,8757,-1,8679,8757,8758,-1,
  8679,8758,8759,-1,8679,8759,8760,-1,8679,8760,8761,-1,8679,8761,8762,-1,8679,8762,8763,-1,8679,8763,8764,-1,8679,8764,8765,-1,8679,8765,8766,-1,
  8679,8766,8767,-1,8679,8767,8768,-1,8754,8680,8681,-1,8754,8681,8682,-1,8754,8682,8683,-1,8754,8683,8684,-1,8754,8684,8685,-1,8754,8685,8686,-1,
  8754,8686,8687,-1,8754,8687,8688,-1,8754,8688,8689,-1,8754,8689,8690,-1,8754,8690,8691,-1,8754,8691,8692,-1,8754,8692,8693,-1,8754,8693,8694,-1,
  8754,8694,8695,-1,8754,8695,8753,-1,8753,8695,8696,-1,8753,8696,8697,-1,8753,8697,8698,-1,8753,8698,8699,-1,8753,8699,8700,-1,8753,8700,8701,-1,
  8753,8701,8702,-1,8753,8702,8703,-1,8753,8703,8704,-1,8753,8704,8705,-1,8753,8705,8706,-1,8753,8706,8707,-1,8753,8707,8708,-1,8753,8708,8709,-1,
  8753,8709,8710,-1,8753,8710,8752,-1,8710,8711,8739,-1,8710,8739,8740,-1,8710,8740,8741,-1,8710,8741,8742,-1,8710,8742,8743,-1,8710,8743,8744,-1,
  8710,8744,8745,-1,8710,8745,8746,-1,8710,8746,8747,-1,8710,8747,8748,-1,8710,8748,8749,-1,8710,8749,8750,-1,8710,8750,8751,-1,8710,8751,8752,-1,
  8711,8712,8722,-1,8711,8722,8723,-1,8711,8723,8724,-1,8711,8724,8725,-1,8711,8725,8726,-1,8711,8726,8727,-1,8711,8727,8728,-1,8711,8728,8729,-1,
  8711,8729,8730,-1,8711,8730,8731,-1,8711,8731,8732,-1,8711,8732,8733,-1,8711,8733,8734,-1,8711,8734,8735,-1,8711,8735,8736,-1,8711,8736,8737,-1,
  8711,8737,8738,-1,8711,8738,8739,-1,8722,8712,8713,-1,8722,8713,8714,-1,8722,8714,8715,-1,8722,8715,8716,-1,8722,8716,8717,-1,8722,8717,8718,-1,
  8722,8718,8719,-1,8722,8719,8721,-1,8581,8582,8561,-1,8581,8561,8562,-1,8581,8562,8580,-1,8558,8559,8584,-1,8584,8559,8560,-1,8584,8560,8583,-1,
  8583,8560,8561,-1,8583,8561,8582,-1,8584,8585,8558,-1,8558,8585,8586,-1,8558,8586,8557,-1,8557,8586,8654,-1,8557,8654,8655,-1,8654,8586,8587,-1,
  8654,8587,8588,-1,8654,8588,8589,-1,8654,8589,8590,-1,8654,8590,8669,-1,8668,8669,8590,-1,8668,8590,8591,-1,8668,8591,8592,-1,8668,8592,8593,-1,
  8668,8593,8594,-1,8668,8594,8595,-1,8668,8595,8667,-1,8666,8667,8595,-1,8666,8595,8596,-1,8666,8596,8597,-1,8666,8597,8598,-1,8666,8598,8599,-1,
  8666,8599,8600,-1,8666,8600,8665,-1,8664,8665,8600,-1,8664,8600,8601,-1,8664,8601,8602,-1,8664,8602,8603,-1,8664,8603,8604,-1,8664,8604,8663,-1,
  8605,8606,8635,-1,8605,8635,8636,-1,8605,8636,8662,-1,8605,8662,8663,-1,8605,8663,8604,-1,8635,8606,8634,-1,8634,8606,8607,-1,8634,8607,8633,-1,
  8633,8607,8608,-1,8633,8608,8632,-1,8632,8608,8609,-1,8632,8609,8631,-1,8631,8609,8610,-1,8631,8610,8630,-1,8630,8610,8611,-1,8630,8611,8629,-1,
  8629,8611,8612,-1,8629,8612,8628,-1,8628,8612,8613,-1,8628,8613,8627,-1,8627,8613,8614,-1,8627,8614,8626,-1,8626,8614,8615,-1,8626,8615,8625,-1,
  8625,8615,8616,-1,8625,8616,8624,-1,8624,8616,8618,-1,8624,8618,8622,-1,8622,8618,8619,-1,8622,8619,8620,-1,8655,8656,8650,-1,8655,8650,8651,-1,
  8655,8651,8652,-1,8655,8652,8653,-1,8655,8653,8557,-1,8657,8658,8645,-1,8657,8645,8646,-1,8657,8646,8647,-1,8657,8647,8648,-1,8657,8648,8649,-1,
  8657,8649,8650,-1,8657,8650,8656,-1,8659,8660,8640,-1,8659,8640,8641,-1,8659,8641,8642,-1,8659,8642,8643,-1,8659,8643,8644,-1,8659,8644,8645,-1,
  8659,8645,8658,-1,8661,8662,8636,-1,8661,8636,8637,-1,8661,8637,8638,-1,8661,8638,8639,-1,8661,8639,8640,-1,8661,8640,8660,-1,8787,8788,8797,-1,
  8797,8788,8789,-1,8797,8789,8796,-1,8796,8789,8790,-1,8796,8790,8795,-1,8795,8790,8791,-1,8795,8791,8794,-1,8794,8791,8792,-1,8794,8792,8793,-1,
  8803,8805,8802,-1,8802,8805,8806,-1,8802,8806,8801,-1,8801,8806,8807,-1,8801,8807,8800,-1,8800,8807,8808,-1,8800,8808,8799,-1,8799,8808,8809,-1,
  8799,8809,8798,-1,8798,8809,8820,-1,8798,8820,8787,-1,8787,8820,8821,-1,8787,8821,8786,-1,8786,8821,8822,-1,8786,8822,8831,-1,8831,8822,8823,-1,
  8831,8823,8830,-1,8830,8823,8824,-1,8830,8824,8829,-1,8829,8824,8825,-1,8829,8825,8828,-1,8828,8825,8826,-1,8828,8826,8827,-1,8820,8810,8819,-1,
  8819,8810,8811,-1,8819,8811,8818,-1,8818,8811,8812,-1,8818,8812,8817,-1,8817,8812,8813,-1,8817,8813,8816,-1,8816,8813,8814,-1,8816,8814,8815,-1,
  8877,8832,8833,-1,8877,8833,8834,-1,8877,8834,8835,-1,8877,8835,8836,-1,8877,8836,8837,-1,8877,8837,8838,-1,8877,8838,8839,-1,8877,8839,8840,-1,
  8877,8840,8876,-1,8840,8841,8864,-1,8840,8864,8865,-1,8840,8865,8866,-1,8840,8866,8867,-1,8840,8867,8868,-1,8840,8868,8869,-1,8840,8869,8870,-1,
  8840,8870,8871,-1,8840,8871,8872,-1,8840,8872,8873,-1,8840,8873,8874,-1,8840,8874,8875,-1,8840,8875,8876,-1,8841,8842,8852,-1,8841,8852,8853,-1,
  8841,8853,8854,-1,8841,8854,8855,-1,8841,8855,8856,-1,8841,8856,8857,-1,8841,8857,8858,-1,8841,8858,8859,-1,8841,8859,8860,-1,8841,8860,8861,-1,
  8841,8861,8862,-1,8841,8862,8863,-1,8841,8863,8864,-1,8852,8842,8843,-1,8852,8843,8844,-1,8852,8844,8845,-1,8852,8845,8846,-1,8852,8846,8847,-1,
  8852,8847,8848,-1,8852,8848,8851,-1,8849,8850,8851,-1,8849,8851,8848,-1,8960,8961,8966,-1,8966,8961,8962,-1,8966,8962,8964,-1,8964,8962,8963,-1,
  8925,8926,8924,-1,8924,8926,8927,-1,8924,8927,8923,-1,8923,8927,8928,-1,8923,8928,8929,-1,8920,8921,8930,-1,8930,8921,8922,-1,8930,8922,8929,-1,
  8929,8922,8923,-1,8931,8932,8918,-1,8931,8918,8919,-1,8931,8919,8920,-1,8931,8920,8930,-1,8933,8934,8917,-1,8933,8917,8918,-1,8933,8918,8932,-1,
  8917,8934,8935,-1,8917,8935,8936,-1,8917,8936,8937,-1,8917,8937,8938,-1,8917,8938,8939,-1,8917,8939,8940,-1,8917,8940,8941,-1,8917,8941,8942,-1,
  8917,8942,8943,-1,8917,8943,8916,-1,8954,8955,8972,-1,8954,8972,8973,-1,8954,8973,8974,-1,8954,8974,8975,-1,8954,8975,8976,-1,8954,8976,8977,-1,
  8954,8977,8978,-1,8954,8978,8979,-1,8954,8979,8980,-1,8954,8980,8981,-1,8954,8981,8982,-1,8954,8982,8983,-1,8954,8983,8916,-1,8954,8916,8943,-1,
  8954,8943,8944,-1,8954,8944,8953,-1,8948,8950,8947,-1,8947,8950,8951,-1,8947,8951,8946,-1,8946,8951,8952,-1,8946,8952,8945,-1,8945,8952,8953,-1,
  8945,8953,8944,-1,8890,8891,8902,-1,8902,8891,8892,-1,8902,8892,8901,-1,8901,8892,8893,-1,8901,8893,8900,-1,8900,8893,8894,-1,8900,8894,8899,-1,
  8899,8894,8895,-1,8899,8895,8898,-1,8898,8895,8896,-1,8898,8896,8897,-1,8903,8904,8889,-1,8903,8889,8890,-1,8903,8890,8902,-1,8885,8886,8907,-1,
  8907,8886,8887,-1,8907,8887,8906,-1,8906,8887,8888,-1,8906,8888,8905,-1,8905,8888,8889,-1,8905,8889,8904,-1,8883,8884,8909,-1,8909,8884,8885,-1,
  8909,8885,8908,-1,8908,8885,8907,-1,8909,8910,8883,-1,8883,8910,8911,-1,8883,8911,8882,-1,8882,8911,8912,-1,8882,8912,8881,-1,8881,8912,8913,-1,
  8881,8913,8880,-1,8880,8913,8914,-1,8880,8914,8879,-1,8879,8914,8915,-1,8879,8915,8878,-1,8878,8915,8985,-1,8878,8985,8986,-1,8984,8985,8915,-1,
  8984,8915,8916,-1,8984,8916,8983,-1,9017,9018,8988,-1,8988,9018,8878,-1,8988,8878,8987,-1,8987,8878,8986,-1,8988,8989,9014,-1,8988,9014,9015,-1,
  8988,9015,9016,-1,8988,9016,9017,-1,8990,8991,9009,-1,8990,9009,9010,-1,8990,9010,9011,-1,8990,9011,9012,-1,8990,9012,9013,-1,8990,9013,9014,-1,
  8990,9014,8989,-1,9009,8991,8992,-1,9009,8992,8993,-1,9009,8993,8994,-1,9009,8994,9008,-1,8994,8995,9002,-1,8994,9002,9003,-1,8994,9003,9004,-1,
  8994,9004,9005,-1,8994,9005,9006,-1,8994,9006,9007,-1,8994,9007,9008,-1,8998,9000,8997,-1,8997,9000,9001,-1,8997,9001,8996,-1,8996,9001,9002,-1,
  8996,9002,8995,-1,8955,8956,8970,-1,8955,8970,8971,-1,8955,8971,8972,-1,8957,8958,8969,-1,8957,8969,8970,-1,8957,8970,8956,-1,8966,8967,8960,-1,
  8960,8967,8968,-1,8960,8968,8959,-1,8959,8968,8969,-1,8959,8969,8958,-1,9098,9019,9060,-1,9060,9019,9020,-1,9060,9020,9059,-1,9059,9020,9021,-1,
  9059,9021,9058,-1,9058,9021,9022,-1,9058,9022,9057,-1,9057,9022,9023,-1,9057,9023,9056,-1,9056,9023,9024,-1,9056,9024,9055,-1,9055,9024,9025,-1,
  9055,9025,9054,-1,9054,9025,9026,-1,9054,9026,9053,-1,9053,9026,9027,-1,9053,9027,9052,-1,9052,9027,9028,-1,9052,9028,9051,-1,9051,9028,9029,-1,
  9051,9029,9050,-1,9050,9029,9030,-1,9050,9030,9049,-1,9049,9030,9031,-1,9049,9031,9048,-1,9048,9031,9032,-1,9048,9032,9047,-1,9047,9032,9033,-1,
  9047,9033,9046,-1,9046,9033,9034,-1,9046,9034,9045,-1,9045,9034,9035,-1,9045,9035,9044,-1,9044,9035,9036,-1,9044,9036,9043,-1,9043,9036,9038,-1,
  9043,9038,9041,-1,9041,9038,9039,-1,9041,9039,9040,-1,9061,9062,9109,-1,9061,9109,9098,-1,9061,9098,9060,-1,9109,9062,9063,-1,9109,9063,9064,-1,
  9109,9064,9065,-1,9109,9065,9108,-1,9107,9108,9065,-1,9107,9065,9066,-1,9107,9066,9067,-1,9107,9067,9068,-1,9107,9068,9069,-1,9107,9069,9070,-1,
  9107,9070,9071,-1,9107,9071,9072,-1,9107,9072,9106,-1,9106,9072,9105,-1,9105,9072,9073,-1,9105,9073,9104,-1,9104,9073,9085,-1,9104,9085,9086,-1,
  9095,9096,9100,-1,9100,9096,9097,-1,9100,9097,9099,-1,9099,9097,9019,-1,9099,9019,9098,-1,9100,9101,9093,-1,9100,9093,9094,-1,9100,9094,9095,-1,
  9102,9103,9086,-1,9102,9086,9087,-1,9102,9087,9088,-1,9102,9088,9089,-1,9102,9089,9090,-1,9102,9090,9091,-1,9102,9091,9092,-1,9102,9092,9093,-1,
  9102,9093,9101,-1,9078,9081,9077,-1,9077,9081,9082,-1,9077,9082,9076,-1,9076,9082,9083,-1,9076,9083,9075,-1,9075,9083,9084,-1,9075,9084,9074,-1,
  9074,9084,9085,-1,9074,9085,9073,-1,9079,9080,9081,-1,9079,9081,9078,-1,9111,9112,9121,-1,9121,9112,9113,-1,9121,9113,9120,-1,9120,9113,9114,-1,
  9120,9114,9119,-1,9119,9114,9115,-1,9119,9115,9118,-1,9118,9115,9116,-1,9118,9116,9117,-1,9127,9129,9126,-1,9126,9129,9130,-1,9126,9130,9125,-1,
  9125,9130,9131,-1,9125,9131,9124,-1,9124,9131,9132,-1,9124,9132,9123,-1,9123,9132,9133,-1,9123,9133,9122,-1,9122,9133,9144,-1,9122,9144,9111,-1,
  9111,9144,9145,-1,9111,9145,9110,-1,9110,9145,9146,-1,9110,9146,9155,-1,9155,9146,9147,-1,9155,9147,9154,-1,9154,9147,9148,-1,9154,9148,9153,-1,
  9153,9148,9149,-1,9153,9149,9152,-1,9152,9149,9150,-1,9152,9150,9151,-1,9144,9134,9143,-1,9143,9134,9135,-1,9143,9135,9142,-1,9142,9135,9136,-1,
  9142,9136,9141,-1,9141,9136,9137,-1,9141,9137,9140,-1,9140,9137,9138,-1,9140,9138,9139,-1,9249,9250,9255,-1,9255,9250,9251,-1,9255,9251,9254,-1,
  9254,9251,9252,-1,9254,9252,9253,-1,9249,9255,9256,-1,9249,9256,9257,-1,9249,9257,9258,-1,9249,9258,9259,-1,9249,9259,9248,-1,9260,9261,9245,-1,
  9260,9245,9246,-1,9260,9246,9247,-1,9260,9247,9248,-1,9260,9248,9259,-1,9245,9261,9262,-1,9245,9262,9263,-1,9245,9263,9264,-1,9245,9264,9265,-1,
  9245,9265,9266,-1,9245,9266,9267,-1,9245,9267,9244,-1,9243,9244,9267,-1,9243,9267,9268,-1,9243,9268,9269,-1,9243,9269,9270,-1,9243,9270,9271,-1,
  9243,9271,9272,-1,9243,9272,9273,-1,9243,9273,9274,-1,9243,9274,9242,-1,9241,9242,9274,-1,9241,9274,9275,-1,9241,9275,9276,-1,9241,9276,9277,-1,
  9241,9277,9278,-1,9241,9278,9240,-1,9200,9236,9199,-1,9199,9236,9237,-1,9199,9237,9198,-1,9198,9237,9238,-1,9198,9238,9156,-1,9156,9238,9239,-1,
  9156,9239,9279,-1,9279,9239,9240,-1,9279,9240,9278,-1,9289,9290,9299,-1,9299,9290,9291,-1,9299,9291,9298,-1,9298,9291,9292,-1,9298,9292,9297,-1,
  9297,9292,9293,-1,9297,9293,9296,-1,9296,9293,9294,-1,9296,9294,9295,-1,9289,9299,9310,-1,9289,9310,9280,-1,9289,9280,9281,-1,9289,9281,9282,-1,
  9289,9282,9283,-1,9289,9283,9284,-1,9289,9284,9285,-1,9289,9285,9286,-1,9289,9286,9287,-1,9289,9287,9288,-1,9304,9306,9303,-1,9303,9306,9307,-1,
  9303,9307,9302,-1,9302,9307,9308,-1,9302,9308,9301,-1,9301,9308,9309,-1,9301,9309,9300,-1,9300,9309,9310,-1,9300,9310,9299,-1,9224,9225,9223,-1,
  9223,9225,9226,-1,9223,9226,9222,-1,9222,9226,9227,-1,9222,9227,9228,-1,9228,9229,9218,-1,9228,9218,9219,-1,9228,9219,9220,-1,9228,9220,9221,-1,
  9228,9221,9222,-1,9217,9218,9229,-1,9217,9229,9230,-1,9217,9230,9231,-1,9217,9231,9232,-1,9217,9232,9216,-1,9232,9233,9210,-1,9232,9210,9211,-1,
  9232,9211,9212,-1,9232,9212,9213,-1,9232,9213,9214,-1,9232,9214,9215,-1,9232,9215,9216,-1,9234,9235,9203,-1,9234,9203,9204,-1,9234,9204,9205,-1,
  9234,9205,9206,-1,9234,9206,9207,-1,9234,9207,9208,-1,9234,9208,9209,-1,9234,9209,9210,-1,9234,9210,9233,-1,9236,9200,9201,-1,9236,9201,9202,-1,
  9236,9202,9203,-1,9236,9203,9235,-1,9198,9156,9197,-1,9197,9156,9157,-1,9197,9157,9196,-1,9196,9157,9158,-1,9196,9158,9195,-1,9195,9158,9159,-1,
  9195,9159,9194,-1,9194,9159,9160,-1,9194,9160,9193,-1,9193,9160,9161,-1,9193,9161,9192,-1,9192,9161,9162,-1,9192,9162,9191,-1,9191,9162,9163,-1,
  9191,9163,9190,-1,9190,9163,9164,-1,9190,9164,9189,-1,9189,9164,9165,-1,9189,9165,9188,-1,9188,9165,9166,-1,9188,9166,9187,-1,9187,9166,9167,-1,
  9187,9167,9186,-1,9186,9167,9168,-1,9186,9168,9185,-1,9185,9168,9169,-1,9185,9169,9184,-1,9184,9169,9170,-1,9184,9170,9183,-1,9183,9170,9171,-1,
  9183,9171,9182,-1,9182,9171,9172,-1,9182,9172,9181,-1,9181,9172,9173,-1,9181,9173,9180,-1,9180,9173,9175,-1,9180,9175,9178,-1,9178,9175,9176,-1,
  9178,9176,9177,-1,9386,9312,9349,-1,9349,9312,9313,-1,9349,9313,9348,-1,9348,9313,9314,-1,9348,9314,9347,-1,9347,9314,9315,-1,9347,9315,9346,-1,
  9346,9315,9316,-1,9346,9316,9345,-1,9345,9316,9317,-1,9345,9317,9344,-1,9344,9317,9318,-1,9344,9318,9343,-1,9343,9318,9319,-1,9343,9319,9342,-1,
  9342,9319,9320,-1,9342,9320,9341,-1,9341,9320,9321,-1,9341,9321,9340,-1,9340,9321,9322,-1,9340,9322,9339,-1,9339,9322,9323,-1,9339,9323,9338,-1,
  9338,9323,9324,-1,9338,9324,9337,-1,9337,9324,9325,-1,9337,9325,9336,-1,9336,9325,9326,-1,9336,9326,9335,-1,9335,9326,9327,-1,9335,9327,9334,-1,
  9334,9327,9328,-1,9334,9328,9333,-1,9333,9328,9329,-1,9333,9329,9332,-1,9332,9329,9330,-1,9332,9330,9331,-1,9349,9350,9394,-1,9349,9394,9395,-1,
  9349,9395,9386,-1,9394,9350,9351,-1,9394,9351,9352,-1,9394,9352,9353,-1,9394,9353,9354,-1,9394,9354,9393,-1,9393,9354,9392,-1,9392,9354,9355,-1,
  9392,9355,9367,-1,9367,9355,9356,-1,9367,9356,9366,-1,9366,9356,9357,-1,9366,9357,9365,-1,9365,9357,9358,-1,9365,9358,9364,-1,9364,9358,9359,-1,
  9364,9359,9363,-1,9363,9359,9360,-1,9363,9360,9361,-1,9383,9384,9374,-1,9374,9384,9390,-1,9374,9390,9373,-1,9373,9390,9391,-1,9373,9391,9372,-1,
  9372,9391,9392,-1,9372,9392,9371,-1,9371,9392,9370,-1,9392,9367,9368,-1,9392,9368,9369,-1,9392,9369,9370,-1,9312,9386,9387,-1,9312,9387,9388,-1,
  9312,9388,9389,-1,9312,9389,9385,-1,9389,9390,9384,-1,9389,9384,9385,-1,9378,9379,9383,-1,9383,9379,9380,-1,9383,9380,9382,-1,9382,9380,9381,-1,
  9383,9374,9375,-1,9383,9375,9376,-1,9383,9376,9377,-1,9383,9377,9378,-1,9470,9396,9433,-1,9433,9396,9397,-1,9433,9397,9432,-1,9432,9397,9398,-1,
  9432,9398,9431,-1,9431,9398,9399,-1,9431,9399,9430,-1,9430,9399,9400,-1,9430,9400,9429,-1,9429,9400,9401,-1,9429,9401,9428,-1,9428,9401,9402,-1,
  9428,9402,9427,-1,9427,9402,9403,-1,9427,9403,9426,-1,9426,9403,9404,-1,9426,9404,9425,-1,9425,9404,9405,-1,9425,9405,9424,-1,9424,9405,9406,-1,
  9424,9406,9423,-1,9423,9406,9407,-1,9423,9407,9422,-1,9422,9407,9408,-1,9422,9408,9421,-1,9421,9408,9409,-1,9421,9409,9420,-1,9420,9409,9410,-1,
  9420,9410,9419,-1,9419,9410,9411,-1,9419,9411,9418,-1,9418,9411,9412,-1,9418,9412,9417,-1,9417,9412,9413,-1,9417,9413,9416,-1,9416,9413,9414,-1,
  9416,9414,9415,-1,9433,9434,9478,-1,9433,9478,9479,-1,9433,9479,9470,-1,9478,9434,9435,-1,9478,9435,9436,-1,9478,9436,9437,-1,9478,9437,9438,-1,
  9478,9438,9477,-1,9477,9438,9476,-1,9476,9438,9439,-1,9476,9439,9451,-1,9451,9439,9440,-1,9451,9440,9450,-1,9450,9440,9441,-1,9450,9441,9449,-1,
  9449,9441,9442,-1,9449,9442,9448,-1,9448,9442,9443,-1,9448,9443,9447,-1,9447,9443,9444,-1,9447,9444,9445,-1,9467,9468,9458,-1,9458,9468,9474,-1,
  9458,9474,9457,-1,9457,9474,9475,-1,9457,9475,9456,-1,9456,9475,9476,-1,9456,9476,9455,-1,9455,9476,9454,-1,9476,9451,9452,-1,9476,9452,9453,-1,
  9476,9453,9454,-1,9396,9470,9471,-1,9396,9471,9472,-1,9396,9472,9473,-1,9396,9473,9469,-1,9473,9474,9468,-1,9473,9468,9469,-1,9462,9463,9467,-1,
  9467,9463,9464,-1,9467,9464,9466,-1,9466,9464,9465,-1,9467,9458,9459,-1,9467,9459,9460,-1,9467,9460,9461,-1,9467,9461,9462,-1,9554,9480,9517,-1,
  9517,9480,9481,-1,9517,9481,9516,-1,9516,9481,9482,-1,9516,9482,9515,-1,9515,9482,9483,-1,9515,9483,9514,-1,9514,9483,9484,-1,9514,9484,9513,-1,
  9513,9484,9485,-1,9513,9485,9512,-1,9512,9485,9486,-1,9512,9486,9511,-1,9511,9486,9487,-1,9511,9487,9510,-1,9510,9487,9488,-1,9510,9488,9509,-1,
  9509,9488,9489,-1,9509,9489,9508,-1,9508,9489,9490,-1,9508,9490,9507,-1,9507,9490,9491,-1,9507,9491,9506,-1,9506,9491,9492,-1,9506,9492,9505,-1,
  9505,9492,9493,-1,9505,9493,9504,-1,9504,9493,9494,-1,9504,9494,9503,-1,9503,9494,9495,-1,9503,9495,9502,-1,9502,9495,9496,-1,9502,9496,9501,-1,
  9501,9496,9497,-1,9501,9497,9500,-1,9500,9497,9498,-1,9500,9498,9499,-1,9517,9518,9562,-1,9517,9562,9563,-1,9517,9563,9554,-1,9562,9518,9519,-1,
  9562,9519,9520,-1,9562,9520,9521,-1,9562,9521,9522,-1,9562,9522,9561,-1,9561,9522,9560,-1,9560,9522,9523,-1,9560,9523,9535,-1,9535,9523,9524,-1,
  9535,9524,9534,-1,9534,9524,9525,-1,9534,9525,9533,-1,9533,9525,9526,-1,9533,9526,9532,-1,9532,9526,9527,-1,9532,9527,9531,-1,9531,9527,9528,-1,
  9531,9528,9529,-1,9551,9552,9542,-1,9542,9552,9558,-1,9542,9558,9541,-1,9541,9558,9559,-1,9541,9559,9540,-1,9540,9559,9560,-1,9540,9560,9539,-1,
  9539,9560,9538,-1,9560,9535,9536,-1,9560,9536,9537,-1,9560,9537,9538,-1,9480,9554,9555,-1,9480,9555,9556,-1,9480,9556,9557,-1,9480,9557,9553,-1,
  9557,9558,9552,-1,9557,9552,9553,-1,9546,9547,9551,-1,9551,9547,9548,-1,9551,9548,9550,-1,9550,9548,9549,-1,9551,9542,9543,-1,9551,9543,9544,-1,
  9551,9544,9545,-1,9551,9545,9546,-1,9638,9564,9601,-1,9601,9564,9565,-1,9601,9565,9600,-1,9600,9565,9566,-1,9600,9566,9599,-1,9599,9566,9567,-1,
  9599,9567,9598,-1,9598,9567,9568,-1,9598,9568,9597,-1,9597,9568,9569,-1,9597,9569,9596,-1,9596,9569,9570,-1,9596,9570,9595,-1,9595,9570,9571,-1,
  9595,9571,9594,-1,9594,9571,9572,-1,9594,9572,9593,-1,9593,9572,9573,-1,9593,9573,9592,-1,9592,9573,9574,-1,9592,9574,9591,-1,9591,9574,9575,-1,
  9591,9575,9590,-1,9590,9575,9576,-1,9590,9576,9589,-1,9589,9576,9577,-1,9589,9577,9588,-1,9588,9577,9578,-1,9588,9578,9587,-1,9587,9578,9579,-1,
  9587,9579,9586,-1,9586,9579,9580,-1,9586,9580,9585,-1,9585,9580,9581,-1,9585,9581,9584,-1,9584,9581,9582,-1,9584,9582,9583,-1,9601,9602,9646,-1,
  9601,9646,9647,-1,9601,9647,9638,-1,9646,9602,9603,-1,9646,9603,9604,-1,9646,9604,9605,-1,9646,9605,9606,-1,9646,9606,9645,-1,9645,9606,9644,-1,
  9644,9606,9607,-1,9644,9607,9619,-1,9619,9607,9608,-1,9619,9608,9618,-1,9618,9608,9609,-1,9618,9609,9617,-1,9617,9609,9610,-1,9617,9610,9616,-1,
  9616,9610,9611,-1,9616,9611,9615,-1,9615,9611,9612,-1,9615,9612,9613,-1,9635,9636,9626,-1,9626,9636,9642,-1,9626,9642,9625,-1,9625,9642,9643,-1,
  9625,9643,9624,-1,9624,9643,9644,-1,9624,9644,9623,-1,9623,9644,9622,-1,9644,9619,9620,-1,9644,9620,9621,-1,9644,9621,9622,-1,9564,9638,9639,-1,
  9564,9639,9640,-1,9564,9640,9641,-1,9564,9641,9637,-1,9641,9642,9636,-1,9641,9636,9637,-1,9630,9631,9635,-1,9635,9631,9632,-1,9635,9632,9634,-1,
  9634,9632,9633,-1,9635,9626,9627,-1,9635,9627,9628,-1,9635,9628,9629,-1,9635,9629,9630,-1,9729,9730,9654,-1,9654,9730,9731,-1,9654,9731,9653,-1,
  9653,9731,9648,-1,9653,9648,9650,-1,9650,9648,9649,-1,9688,9689,9695,-1,9695,9689,9690,-1,9695,9690,9694,-1,9694,9690,9692,-1,9694,9692,9693,-1,
  9684,9685,9696,-1,9696,9685,9686,-1,9696,9686,9695,-1,9695,9686,9687,-1,9695,9687,9688,-1,9680,9681,9697,-1,9697,9681,9682,-1,9697,9682,9696,-1,
  9696,9682,9683,-1,9696,9683,9684,-1,9676,9677,9698,-1,9698,9677,9678,-1,9698,9678,9697,-1,9697,9678,9679,-1,9697,9679,9680,-1,9672,9673,9699,-1,
  9699,9673,9674,-1,9699,9674,9698,-1,9698,9674,9675,-1,9698,9675,9676,-1,9668,9669,9700,-1,9700,9669,9670,-1,9700,9670,9699,-1,9699,9670,9671,-1,
  9699,9671,9672,-1,9664,9665,9701,-1,9701,9665,9666,-1,9701,9666,9700,-1,9700,9666,9667,-1,9700,9667,9668,-1,9663,9664,9701,-1,9663,9701,9702,-1,
  9663,9702,9703,-1,9663,9703,9704,-1,9663,9704,9662,-1,9660,9661,9662,-1,9660,9662,9705,-1,9660,9705,9706,-1,9660,9706,9707,-1,9660,9707,9659,-1,
  9659,9707,9708,-1,9659,9708,9709,-1,9659,9709,9710,-1,9659,9710,9711,-1,9659,9711,9658,-1,9658,9711,9712,-1,9658,9712,9713,-1,9658,9713,9714,-1,
  9658,9714,9715,-1,9658,9715,9657,-1,9657,9715,9716,-1,9657,9716,9717,-1,9657,9717,9718,-1,9657,9718,9719,-1,9657,9719,9656,-1,9656,9719,9720,-1,
  9656,9720,9721,-1,9656,9721,9722,-1,9656,9722,9723,-1,9656,9723,9655,-1,9655,9723,9724,-1,9655,9724,9725,-1,9655,9725,9726,-1,9655,9726,9727,-1,
  9655,9727,9654,-1,9728,9729,9654,-1,9728,9654,9727,-1,9651,9652,9653,-1,9651,9653,9650,-1,9813,9814,9738,-1,9738,9814,9815,-1,9738,9815,9737,-1,
  9737,9815,9732,-1,9737,9732,9734,-1,9734,9732,9733,-1,9772,9773,9779,-1,9779,9773,9774,-1,9779,9774,9778,-1,9778,9774,9776,-1,9778,9776,9777,-1,
  9768,9769,9780,-1,9780,9769,9770,-1,9780,9770,9779,-1,9779,9770,9771,-1,9779,9771,9772,-1,9764,9765,9781,-1,9781,9765,9766,-1,9781,9766,9780,-1,
  9780,9766,9767,-1,9780,9767,9768,-1,9760,9761,9782,-1,9782,9761,9762,-1,9782,9762,9781,-1,9781,9762,9763,-1,9781,9763,9764,-1,9756,9757,9783,-1,
  9783,9757,9758,-1,9783,9758,9782,-1,9782,9758,9759,-1,9782,9759,9760,-1,9752,9753,9784,-1,9784,9753,9754,-1,9784,9754,9783,-1,9783,9754,9755,-1,
  9783,9755,9756,-1,9748,9749,9785,-1,9785,9749,9750,-1,9785,9750,9784,-1,9784,9750,9751,-1,9784,9751,9752,-1,9747,9748,9785,-1,9747,9785,9786,-1,
  9747,9786,9787,-1,9747,9787,9788,-1,9747,9788,9746,-1,9744,9745,9746,-1,9744,9746,9789,-1,9744,9789,9790,-1,9744,9790,9791,-1,9744,9791,9743,-1,
  9743,9791,9792,-1,9743,9792,9793,-1,9743,9793,9794,-1,9743,9794,9795,-1,9743,9795,9742,-1,9742,9795,9796,-1,9742,9796,9797,-1,9742,9797,9798,-1,
  9742,9798,9799,-1,9742,9799,9741,-1,9741,9799,9800,-1,9741,9800,9801,-1,9741,9801,9802,-1,9741,9802,9803,-1,9741,9803,9740,-1,9740,9803,9804,-1,
  9740,9804,9805,-1,9740,9805,9806,-1,9740,9806,9807,-1,9740,9807,9739,-1,9739,9807,9808,-1,9739,9808,9809,-1,9739,9809,9810,-1,9739,9810,9811,-1,
  9739,9811,9738,-1,9812,9813,9738,-1,9812,9738,9811,-1,9735,9736,9737,-1,9735,9737,9734,-1,9897,9898,9822,-1,9822,9898,9899,-1,9822,9899,9821,-1,
  9821,9899,9816,-1,9821,9816,9818,-1,9818,9816,9817,-1,9856,9857,9863,-1,9863,9857,9858,-1,9863,9858,9862,-1,9862,9858,9860,-1,9862,9860,9861,-1,
  9852,9853,9864,-1,9864,9853,9854,-1,9864,9854,9863,-1,9863,9854,9855,-1,9863,9855,9856,-1,9848,9849,9865,-1,9865,9849,9850,-1,9865,9850,9864,-1,
  9864,9850,9851,-1,9864,9851,9852,-1,9844,9845,9866,-1,9866,9845,9846,-1,9866,9846,9865,-1,9865,9846,9847,-1,9865,9847,9848,-1,9840,9841,9867,-1,
  9867,9841,9842,-1,9867,9842,9866,-1,9866,9842,9843,-1,9866,9843,9844,-1,9836,9837,9868,-1,9868,9837,9838,-1,9868,9838,9867,-1,9867,9838,9839,-1,
  9867,9839,9840,-1,9832,9833,9869,-1,9869,9833,9834,-1,9869,9834,9868,-1,9868,9834,9835,-1,9868,9835,9836,-1,9831,9832,9869,-1,9831,9869,9870,-1,
  9831,9870,9871,-1,9831,9871,9872,-1,9831,9872,9830,-1,9828,9829,9830,-1,9828,9830,9873,-1,9828,9873,9874,-1,9828,9874,9875,-1,9828,9875,9827,-1,
  9827,9875,9876,-1,9827,9876,9877,-1,9827,9877,9878,-1,9827,9878,9879,-1,9827,9879,9826,-1,9826,9879,9880,-1,9826,9880,9881,-1,9826,9881,9882,-1,
  9826,9882,9883,-1,9826,9883,9825,-1,9825,9883,9884,-1,9825,9884,9885,-1,9825,9885,9886,-1,9825,9886,9887,-1,9825,9887,9824,-1,9824,9887,9888,-1,
  9824,9888,9889,-1,9824,9889,9890,-1,9824,9890,9891,-1,9824,9891,9823,-1,9823,9891,9892,-1,9823,9892,9893,-1,9823,9893,9894,-1,9823,9894,9895,-1,
  9823,9895,9822,-1,9896,9897,9822,-1,9896,9822,9895,-1,9819,9820,9821,-1,9819,9821,9818,-1,9909,9910,9919,-1,9919,9910,9911,-1,9919,9911,9918,-1,
  9918,9911,9912,-1,9918,9912,9917,-1,9917,9912,9913,-1,9917,9913,9916,-1,9916,9913,9914,-1,9916,9914,9915,-1,9909,9919,9930,-1,9909,9930,9900,-1,
  9909,9900,9901,-1,9909,9901,9902,-1,9909,9902,9903,-1,9909,9903,9904,-1,9909,9904,9905,-1,9909,9905,9906,-1,9909,9906,9907,-1,9909,9907,9908,-1,
  9924,9926,9923,-1,9923,9926,9927,-1,9923,9927,9922,-1,9922,9927,9928,-1,9922,9928,9921,-1,9921,9928,9929,-1,9921,9929,9920,-1,9920,9929,9930,-1,
  9920,9930,9919,-1,9942,9943,9980,-1,9942,9980,9932,-1,9942,9932,9933,-1,9942,9933,9934,-1,9942,9934,9935,-1,9942,9935,9936,-1,9942,9936,9937,-1,
  9942,9937,9938,-1,9942,9938,9939,-1,9942,9939,9940,-1,9942,9940,9941,-1,9980,9943,9944,-1,9980,9944,9945,-1,9980,9945,9946,-1,9980,9946,9947,-1,
  9980,9947,9948,-1,9980,9948,9949,-1,9980,9949,9950,-1,9980,9950,9951,-1,9980,9951,9952,-1,9980,9952,9953,-1,9980,9953,9954,-1,9980,9954,9955,-1,
  9980,9955,9982,-1,9982,9955,9956,-1,9982,9956,9957,-1,9982,9957,9958,-1,9982,9958,9959,-1,9982,9959,9960,-1,9982,9960,9961,-1,9982,9961,9962,-1,
  9982,9962,9963,-1,9982,9963,9964,-1,9982,9964,9965,-1,9982,9965,9966,-1,9982,9966,9967,-1,9982,9967,9981,-1,9967,9968,9976,-1,9967,9976,9977,-1,
  9967,9977,9978,-1,9967,9978,9979,-1,9967,9979,9981,-1,9968,9969,9972,-1,9968,9972,9973,-1,9968,9973,9974,-1,9968,9974,9975,-1,9968,9975,9976,-1,
  9969,9970,9971,-1,9969,9971,9972,-1,9981,9979,9932,-1,9981,9932,9980,-1,10118,10119,10117,-1,10117,10119,10120,-1,10117,10120,10116,-1,10116,10120,10121,-1,
  10116,10121,10122,-1,10122,10123,10113,-1,10122,10113,10114,-1,10122,10114,10115,-1,10122,10115,10116,-1,10113,10123,10124,-1,10113,10124,10125,-1,10113,10125,10126,-1,
  10113,10126,10127,-1,10113,10127,10128,-1,10113,10128,10129,-1,10113,10129,10112,-1,10111,10112,10129,-1,10111,10129,10130,-1,10111,10130,10131,-1,10111,10131,10132,-1,
  10111,10132,10133,-1,10111,10133,10134,-1,10111,10134,10110,-1,10020,10107,9983,-1,9983,10107,10108,-1,9983,10108,10134,-1,10134,10108,10109,-1,10134,10109,10110,-1,
  10270,10271,10269,-1,10269,10271,10272,-1,10269,10272,10268,-1,10268,10272,10273,-1,10268,10273,10274,-1,10274,10275,10265,-1,10274,10265,10266,-1,10274,10266,10267,-1,
  10274,10267,10268,-1,10265,10275,10276,-1,10265,10276,10277,-1,10265,10277,10278,-1,10265,10278,10279,-1,10265,10279,10280,-1,10265,10280,10281,-1,10265,10281,10264,-1,
  10263,10264,10281,-1,10263,10281,10282,-1,10263,10282,10283,-1,10263,10283,10284,-1,10263,10284,10285,-1,10263,10285,10286,-1,10263,10286,10262,-1,10172,10259,10135,-1,
  10135,10259,10260,-1,10135,10260,10286,-1,10286,10260,10261,-1,10286,10261,10262,-1,10183,10211,10248,-1,10248,10211,10212,-1,10248,10212,10247,-1,10247,10212,10213,-1,
  10247,10213,10246,-1,10246,10213,10214,-1,10246,10214,10245,-1,10245,10214,10215,-1,10245,10215,10244,-1,10244,10215,10216,-1,10244,10216,10243,-1,10243,10216,10217,-1,
  10243,10217,10242,-1,10242,10217,10218,-1,10242,10218,10241,-1,10241,10218,10219,-1,10241,10219,10240,-1,10240,10219,10220,-1,10240,10220,10239,-1,10239,10220,10221,-1,
  10239,10221,10238,-1,10238,10221,10222,-1,10238,10222,10237,-1,10237,10222,10223,-1,10237,10223,10236,-1,10236,10223,10224,-1,10236,10224,10235,-1,10235,10224,10225,-1,
  10235,10225,10234,-1,10234,10225,10226,-1,10234,10226,10233,-1,10233,10226,10227,-1,10233,10227,10232,-1,10232,10227,10228,-1,10232,10228,10231,-1,10231,10228,10229,-1,
  10231,10229,10230,-1,10248,10249,10181,-1,10248,10181,10182,-1,10248,10182,10183,-1,10181,10249,10250,-1,10181,10250,10251,-1,10181,10251,10252,-1,10181,10252,10253,-1,
  10181,10253,10254,-1,10181,10254,10255,-1,10181,10255,10180,-1,10256,10257,10173,-1,10256,10173,10174,-1,10256,10174,10175,-1,10256,10175,10176,-1,10256,10176,10177,-1,
  10256,10177,10178,-1,10256,10178,10179,-1,10256,10179,10180,-1,10256,10180,10255,-1,10173,10257,10258,-1,10173,10258,10259,-1,10173,10259,10172,-1,10153,10155,10152,-1,
  10152,10155,10156,-1,10152,10156,10151,-1,10151,10156,10157,-1,10151,10157,10150,-1,10150,10157,10158,-1,10150,10158,10149,-1,10149,10158,10159,-1,10149,10159,10148,-1,
  10148,10159,10160,-1,10148,10160,10147,-1,10147,10160,10161,-1,10147,10161,10146,-1,10146,10161,10162,-1,10146,10162,10145,-1,10145,10162,10163,-1,10145,10163,10144,-1,
  10144,10163,10164,-1,10144,10164,10143,-1,10143,10164,10165,-1,10143,10165,10142,-1,10142,10165,10166,-1,10142,10166,10141,-1,10141,10166,10167,-1,10141,10167,10140,-1,
  10140,10167,10168,-1,10140,10168,10139,-1,10139,10168,10169,-1,10139,10169,10138,-1,10138,10169,10170,-1,10138,10170,10137,-1,10137,10170,10171,-1,10137,10171,10136,-1,
  10136,10171,10172,-1,10136,10172,10135,-1,10211,10183,10184,-1,10211,10184,10185,-1,10211,10185,10186,-1,10211,10186,10210,-1,10186,10187,10206,-1,10186,10206,10207,-1,
  10186,10207,10208,-1,10186,10208,10209,-1,10186,10209,10210,-1,10188,10189,10199,-1,10188,10199,10200,-1,10188,10200,10201,-1,10188,10201,10202,-1,10188,10202,10203,-1,
  10188,10203,10204,-1,10188,10204,10205,-1,10188,10205,10206,-1,10188,10206,10187,-1,10197,10198,10191,-1,10191,10198,10199,-1,10191,10199,10190,-1,10190,10199,10189,-1,
  10194,10195,10193,-1,10193,10195,10196,-1,10193,10196,10192,-1,10192,10196,10197,-1,10192,10197,10191,-1,10031,10059,10096,-1,10096,10059,10060,-1,10096,10060,10095,-1,
  10095,10060,10061,-1,10095,10061,10094,-1,10094,10061,10062,-1,10094,10062,10093,-1,10093,10062,10063,-1,10093,10063,10092,-1,10092,10063,10064,-1,10092,10064,10091,-1,
  10091,10064,10065,-1,10091,10065,10090,-1,10090,10065,10066,-1,10090,10066,10089,-1,10089,10066,10067,-1,10089,10067,10088,-1,10088,10067,10068,-1,10088,10068,10087,-1,
  10087,10068,10069,-1,10087,10069,10086,-1,10086,10069,10070,-1,10086,10070,10085,-1,10085,10070,10071,-1,10085,10071,10084,-1,10084,10071,10072,-1,10084,10072,10083,-1,
  10083,10072,10073,-1,10083,10073,10082,-1,10082,10073,10074,-1,10082,10074,10081,-1,10081,10074,10075,-1,10081,10075,10080,-1,10080,10075,10076,-1,10080,10076,10079,-1,
  10079,10076,10077,-1,10079,10077,10078,-1,10096,10097,10029,-1,10096,10029,10030,-1,10096,10030,10031,-1,10029,10097,10098,-1,10029,10098,10099,-1,10029,10099,10100,-1,
  10029,10100,10101,-1,10029,10101,10102,-1,10029,10102,10103,-1,10029,10103,10028,-1,10104,10105,10021,-1,10104,10021,10022,-1,10104,10022,10023,-1,10104,10023,10024,-1,
  10104,10024,10025,-1,10104,10025,10026,-1,10104,10026,10027,-1,10104,10027,10028,-1,10104,10028,10103,-1,10021,10105,10106,-1,10021,10106,10107,-1,10021,10107,10020,-1,
  10001,10003,10000,-1,10000,10003,10004,-1,10000,10004,9999,-1,9999,10004,10005,-1,9999,10005,9998,-1,9998,10005,10006,-1,9998,10006,9997,-1,9997,10006,10007,-1,
  9997,10007,9996,-1,9996,10007,10008,-1,9996,10008,9995,-1,9995,10008,10009,-1,9995,10009,9994,-1,9994,10009,10010,-1,9994,10010,9993,-1,9993,10010,10011,-1,
  9993,10011,9992,-1,9992,10011,10012,-1,9992,10012,9991,-1,9991,10012,10013,-1,9991,10013,9990,-1,9990,10013,10014,-1,9990,10014,9989,-1,9989,10014,10015,-1,
  9989,10015,9988,-1,9988,10015,10016,-1,9988,10016,9987,-1,9987,10016,10017,-1,9987,10017,9986,-1,9986,10017,10018,-1,9986,10018,9985,-1,9985,10018,10019,-1,
  9985,10019,9984,-1,9984,10019,10020,-1,9984,10020,9983,-1,10059,10031,10032,-1,10059,10032,10033,-1,10059,10033,10034,-1,10059,10034,10058,-1,10034,10035,10054,-1,
  10034,10054,10055,-1,10034,10055,10056,-1,10034,10056,10057,-1,10034,10057,10058,-1,10036,10037,10047,-1,10036,10047,10048,-1,10036,10048,10049,-1,10036,10049,10050,-1,
  10036,10050,10051,-1,10036,10051,10052,-1,10036,10052,10053,-1,10036,10053,10054,-1,10036,10054,10035,-1,10045,10046,10039,-1,10039,10046,10047,-1,10039,10047,10038,-1,
  10038,10047,10037,-1,10042,10043,10041,-1,10041,10043,10044,-1,10041,10044,10040,-1,10040,10044,10045,-1,10040,10045,10039,-1,10297,10298,10335,-1,10297,10335,10287,-1,
  10297,10287,10288,-1,10297,10288,10289,-1,10297,10289,10290,-1,10297,10290,10291,-1,10297,10291,10292,-1,10297,10292,10293,-1,10297,10293,10294,-1,10297,10294,10295,-1,
  10297,10295,10296,-1,10335,10298,10299,-1,10335,10299,10300,-1,10335,10300,10301,-1,10335,10301,10302,-1,10335,10302,10303,-1,10335,10303,10304,-1,10335,10304,10305,-1,
  10335,10305,10306,-1,10335,10306,10307,-1,10335,10307,10308,-1,10335,10308,10309,-1,10335,10309,10310,-1,10335,10310,10337,-1,10337,10310,10311,-1,10337,10311,10312,-1,
  10337,10312,10313,-1,10337,10313,10314,-1,10337,10314,10315,-1,10337,10315,10316,-1,10337,10316,10317,-1,10337,10317,10318,-1,10337,10318,10319,-1,10337,10319,10320,-1,
  10337,10320,10321,-1,10337,10321,10322,-1,10337,10322,10336,-1,10322,10323,10331,-1,10322,10331,10332,-1,10322,10332,10333,-1,10322,10333,10334,-1,10322,10334,10336,-1,
  10323,10324,10327,-1,10323,10327,10328,-1,10323,10328,10329,-1,10323,10329,10330,-1,10323,10330,10331,-1,10324,10325,10326,-1,10324,10326,10327,-1,10336,10334,10287,-1,
  10336,10287,10335,-1,10347,10348,10357,-1,10357,10348,10349,-1,10357,10349,10356,-1,10356,10349,10350,-1,10356,10350,10355,-1,10355,10350,10351,-1,10355,10351,10354,-1,
  10354,10351,10352,-1,10354,10352,10353,-1,10347,10357,10368,-1,10347,10368,10338,-1,10347,10338,10339,-1,10347,10339,10340,-1,10347,10340,10341,-1,10347,10341,10342,-1,
  10347,10342,10343,-1,10347,10343,10344,-1,10347,10344,10345,-1,10347,10345,10346,-1,10362,10364,10361,-1,10361,10364,10365,-1,10361,10365,10360,-1,10360,10365,10366,-1,
  10360,10366,10359,-1,10359,10366,10367,-1,10359,10367,10358,-1,10358,10367,10368,-1,10358,10368,10357,-1,10380,10381,10418,-1,10380,10418,10370,-1,10380,10370,10371,-1,
  10380,10371,10372,-1,10380,10372,10373,-1,10380,10373,10374,-1,10380,10374,10375,-1,10380,10375,10376,-1,10380,10376,10377,-1,10380,10377,10378,-1,10380,10378,10379,-1,
  10418,10381,10382,-1,10418,10382,10383,-1,10418,10383,10384,-1,10418,10384,10385,-1,10418,10385,10386,-1,10418,10386,10387,-1,10418,10387,10388,-1,10418,10388,10389,-1,
  10418,10389,10390,-1,10418,10390,10391,-1,10418,10391,10392,-1,10418,10392,10393,-1,10418,10393,10420,-1,10420,10393,10394,-1,10420,10394,10395,-1,10420,10395,10396,-1,
  10420,10396,10397,-1,10420,10397,10398,-1,10420,10398,10399,-1,10420,10399,10400,-1,10420,10400,10401,-1,10420,10401,10402,-1,10420,10402,10403,-1,10420,10403,10404,-1,
  10420,10404,10405,-1,10420,10405,10419,-1,10405,10406,10414,-1,10405,10414,10415,-1,10405,10415,10416,-1,10405,10416,10417,-1,10405,10417,10419,-1,10406,10407,10410,-1,
  10406,10410,10411,-1,10406,10411,10412,-1,10406,10412,10413,-1,10406,10413,10414,-1,10407,10408,10409,-1,10407,10409,10410,-1,10419,10417,10370,-1,10419,10370,10418,-1,
  10431,10432,10469,-1,10431,10469,10421,-1,10431,10421,10422,-1,10431,10422,10423,-1,10431,10423,10424,-1,10431,10424,10425,-1,10431,10425,10426,-1,10431,10426,10427,-1,
  10431,10427,10428,-1,10431,10428,10429,-1,10431,10429,10430,-1,10469,10432,10433,-1,10469,10433,10434,-1,10469,10434,10435,-1,10469,10435,10436,-1,10469,10436,10437,-1,
  10469,10437,10438,-1,10469,10438,10439,-1,10469,10439,10440,-1,10469,10440,10441,-1,10469,10441,10442,-1,10469,10442,10443,-1,10469,10443,10444,-1,10469,10444,10471,-1,
  10471,10444,10445,-1,10471,10445,10446,-1,10471,10446,10447,-1,10471,10447,10448,-1,10471,10448,10449,-1,10471,10449,10450,-1,10471,10450,10451,-1,10471,10451,10452,-1,
  10471,10452,10453,-1,10471,10453,10454,-1,10471,10454,10455,-1,10471,10455,10456,-1,10471,10456,10470,-1,10456,10457,10465,-1,10456,10465,10466,-1,10456,10466,10467,-1,
  10456,10467,10468,-1,10456,10468,10470,-1,10457,10458,10461,-1,10457,10461,10462,-1,10457,10462,10463,-1,10457,10463,10464,-1,10457,10464,10465,-1,10458,10459,10460,-1,
  10458,10460,10461,-1,10470,10468,10421,-1,10470,10421,10469,-1,10530,10523,10529,-1,10529,10523,10524,-1,10529,10524,10528,-1,10528,10524,10526,-1,10528,10526,10527,-1,
  10523,10530,10531,-1,10523,10531,10532,-1,10523,10532,10533,-1,10523,10533,10522,-1,10522,10533,10534,-1,10522,10534,10535,-1,10522,10535,10536,-1,10522,10536,10537,-1,
  10522,10537,10521,-1,10521,10537,10538,-1,10521,10538,10539,-1,10521,10539,10540,-1,10521,10540,10541,-1,10521,10541,10520,-1,10520,10541,10542,-1,10520,10542,10543,-1,
  10520,10543,10544,-1,10520,10544,10545,-1,10520,10545,10519,-1,10519,10545,10546,-1,10519,10546,10547,-1,10519,10547,10548,-1,10519,10548,10549,-1,10519,10549,10518,-1,
  10518,10549,10550,-1,10518,10550,10551,-1,10518,10551,10552,-1,10518,10552,10553,-1,10518,10553,10517,-1,10553,10554,10517,-1,10517,10554,10555,-1,10517,10555,10516,-1,
  10516,10555,10514,-1,10516,10514,10515,-1,10555,10556,10501,-1,10555,10501,10502,-1,10555,10502,10503,-1,10555,10503,10504,-1,10555,10504,10505,-1,10555,10505,10506,-1,
  10555,10506,10507,-1,10555,10507,10508,-1,10555,10508,10509,-1,10555,10509,10510,-1,10555,10510,10511,-1,10555,10511,10512,-1,10555,10512,10513,-1,10555,10513,10514,-1,
  10556,10557,10486,-1,10556,10486,10487,-1,10556,10487,10488,-1,10556,10488,10489,-1,10556,10489,10490,-1,10556,10490,10491,-1,10556,10491,10492,-1,10556,10492,10493,-1,
  10556,10493,10494,-1,10556,10494,10495,-1,10556,10495,10496,-1,10556,10496,10497,-1,10556,10497,10498,-1,10556,10498,10499,-1,10556,10499,10500,-1,10556,10500,10501,-1,
  10484,10485,10486,-1,10484,10486,10557,-1,10484,10557,10558,-1,10484,10558,10559,-1,10484,10559,10483,-1,10483,10559,10560,-1,10483,10560,10561,-1,10483,10561,10562,-1,
  10483,10562,10563,-1,10483,10563,10482,-1,10482,10563,10564,-1,10482,10564,10565,-1,10482,10565,10566,-1,10482,10566,10567,-1,10482,10567,10481,-1,10481,10567,10568,-1,
  10481,10568,10569,-1,10481,10569,10570,-1,10481,10570,10571,-1,10481,10571,10480,-1,10480,10571,10572,-1,10480,10572,10573,-1,10480,10573,10574,-1,10480,10574,10575,-1,
  10480,10575,10479,-1,10479,10575,10576,-1,10479,10576,10577,-1,10479,10577,10578,-1,10479,10578,10579,-1,10479,10579,10478,-1,10478,10579,10580,-1,10478,10580,10581,-1,
  10478,10581,10582,-1,10478,10582,10583,-1,10478,10583,10477,-1,10477,10583,10472,-1,10477,10472,10474,-1,10477,10474,10475,-1,10477,10475,10476,-1,10593,10595,10592,-1,
  10592,10595,10596,-1,10592,10596,10591,-1,10591,10596,10597,-1,10591,10597,10590,-1,10590,10597,10598,-1,10590,10598,10589,-1,10589,10598,10599,-1,10589,10599,10588,-1,
  10588,10599,10600,-1,10588,10600,10587,-1,10587,10600,10601,-1,10587,10601,10586,-1,10586,10601,10602,-1,10586,10602,10585,-1,10585,10602,10603,-1,10585,10603,10584,-1,
  10645,10646,10628,-1,10628,10646,10647,-1,10628,10647,10626,-1,10626,10647,10604,-1,10626,10604,10625,-1,10625,10604,10605,-1,10625,10605,10624,-1,10624,10605,10606,-1,
  10624,10606,10623,-1,10623,10606,10607,-1,10623,10607,10622,-1,10622,10607,10608,-1,10622,10608,10621,-1,10621,10608,10609,-1,10621,10609,10620,-1,10620,10609,10610,-1,
  10620,10610,10619,-1,10619,10610,10611,-1,10619,10611,10618,-1,10618,10611,10612,-1,10618,10612,10617,-1,10617,10612,10613,-1,10617,10613,10616,-1,10616,10613,10614,-1,
  10616,10614,10615,-1,10645,10629,10644,-1,10644,10629,10630,-1,10644,10630,10643,-1,10643,10630,10631,-1,10643,10631,10642,-1,10642,10631,10632,-1,10642,10632,10641,-1,
  10641,10632,10633,-1,10641,10633,10640,-1,10640,10633,10634,-1,10640,10634,10639,-1,10639,10634,10635,-1,10639,10635,10638,-1,10638,10635,10636,-1,10638,10636,10637,-1,
  10657,10659,10656,-1,10656,10659,10660,-1,10656,10660,10655,-1,10655,10660,10661,-1,10655,10661,10654,-1,10654,10661,10662,-1,10654,10662,10653,-1,10653,10662,10663,-1,
  10653,10663,10652,-1,10652,10663,10664,-1,10652,10664,10651,-1,10651,10664,10665,-1,10651,10665,10650,-1,10650,10665,10666,-1,10650,10666,10649,-1,10649,10666,10667,-1,
  10649,10667,10648,-1,10734,10668,10705,-1,10705,10668,10669,-1,10705,10669,10704,-1,10704,10669,10670,-1,10704,10670,10703,-1,10703,10670,10671,-1,10703,10671,10702,-1,
  10702,10671,10672,-1,10702,10672,10701,-1,10701,10672,10673,-1,10701,10673,10700,-1,10700,10673,10674,-1,10700,10674,10699,-1,10699,10674,10675,-1,10699,10675,10698,-1,
  10698,10675,10676,-1,10698,10676,10697,-1,10697,10676,10677,-1,10697,10677,10696,-1,10696,10677,10678,-1,10696,10678,10695,-1,10695,10678,10679,-1,10695,10679,10694,-1,
  10694,10679,10680,-1,10694,10680,10693,-1,10693,10680,10681,-1,10693,10681,10692,-1,10692,10681,10682,-1,10692,10682,10691,-1,10691,10682,10683,-1,10691,10683,10690,-1,
  10690,10683,10684,-1,10690,10684,10689,-1,10689,10684,10685,-1,10689,10685,10688,-1,10688,10685,10686,-1,10688,10686,10687,-1,10705,10706,10742,-1,10705,10742,10743,-1,
  10705,10743,10734,-1,10742,10706,10707,-1,10742,10707,10708,-1,10742,10708,10709,-1,10742,10709,10710,-1,10742,10710,10741,-1,10741,10710,10740,-1,10740,10710,10711,-1,
  10740,10711,10723,-1,10723,10711,10712,-1,10723,10712,10722,-1,10722,10712,10713,-1,10722,10713,10721,-1,10721,10713,10714,-1,10721,10714,10720,-1,10720,10714,10715,-1,
  10720,10715,10719,-1,10719,10715,10716,-1,10719,10716,10717,-1,10740,10723,10724,-1,10740,10724,10725,-1,10740,10725,10726,-1,10740,10726,10727,-1,10740,10727,10728,-1,
  10740,10728,10739,-1,10668,10734,10735,-1,10668,10735,10736,-1,10668,10736,10737,-1,10668,10737,10733,-1,10737,10738,10729,-1,10737,10729,10730,-1,10737,10730,10731,-1,
  10737,10731,10732,-1,10737,10732,10733,-1,10739,10728,10729,-1,10739,10729,10738,-1,10753,10755,10752,-1,10752,10755,10756,-1,10752,10756,10751,-1,10751,10756,10757,-1,
  10751,10757,10750,-1,10750,10757,10758,-1,10750,10758,10749,-1,10749,10758,10759,-1,10749,10759,10748,-1,10748,10759,10760,-1,10748,10760,10747,-1,10747,10760,10761,-1,
  10747,10761,10746,-1,10746,10761,10762,-1,10746,10762,10745,-1,10745,10762,10763,-1,10745,10763,10744,-1,10790,10791,10792,-1,10790,10792,10793,-1,10790,10793,10794,-1,
  10790,10794,10795,-1,10790,10795,10796,-1,10790,10796,10797,-1,10790,10797,10798,-1,10790,10798,10799,-1,10790,10799,10800,-1,10790,10800,10801,-1,10790,10801,10802,-1,
  10790,10802,10764,-1,10790,10764,10776,-1,10790,10776,10777,-1,10790,10777,10784,-1,10790,10784,10789,-1,10829,10830,10831,-1,10829,10831,10832,-1,10829,10832,10833,-1,
  10829,10833,10834,-1,10829,10834,10835,-1,10829,10835,10836,-1,10829,10836,10837,-1,10829,10837,10838,-1,10829,10838,10839,-1,10829,10839,10840,-1,10829,10840,10841,-1,
  10829,10841,10803,-1,10829,10803,10815,-1,10829,10815,10816,-1,10829,10816,10823,-1,10829,10823,10828,-1,10827,10828,10824,-1,10827,10824,10825,-1,10827,10825,10826,-1,
  10819,10821,10818,-1,10818,10821,10822,-1,10818,10822,10817,-1,10817,10822,10823,-1,10817,10823,10816,-1,10812,10813,10804,-1,10804,10813,10814,-1,10804,10814,10803,-1,
  10803,10814,10815,-1,10805,10806,10810,-1,10805,10810,10811,-1,10805,10811,10812,-1,10805,10812,10804,-1,10809,10810,10806,-1,10809,10806,10807,-1,10809,10807,10808,-1,
  10788,10789,10785,-1,10788,10785,10786,-1,10788,10786,10787,-1,10780,10782,10779,-1,10779,10782,10783,-1,10779,10783,10778,-1,10778,10783,10784,-1,10778,10784,10777,-1,
  10773,10774,10765,-1,10765,10774,10775,-1,10765,10775,10764,-1,10764,10775,10776,-1,10766,10767,10771,-1,10766,10771,10772,-1,10766,10772,10773,-1,10766,10773,10765,-1,
  10770,10771,10767,-1,10770,10767,10768,-1,10770,10768,10769,-1,10782,10780,10781,-1,10789,10784,10785,-1,10821,10819,10820,-1,10828,10823,10824,-1,10755,10753,10754,-1,
  10719,10717,10718,-1,10659,10657,10658,-1,10628,10626,10627,-1,10645,10628,10629,-1,10595,10593,10594,-1,10472,10473,10474,-1,10526,10524,10525,-1,10338,10368,10369,-1,
  10364,10362,10363,-1,10003,10001,10002,-1,10155,10153,10154,-1,9900,9930,9931,-1,9926,9924,9925,-1,9859,9860,9858,-1,9873,9830,9872,-1,9775,9776,9774,-1,
  9789,9746,9788,-1,9691,9692,9690,-1,9705,9662,9704,-1,9615,9613,9614,-1,9531,9529,9530,-1,9447,9445,9446,-1,9363,9361,9362,-1,9180,9178,9179,-1,
  9175,9173,9174,-1,9280,9310,9311,-1,9306,9304,9305,-1,9129,9127,9128,-1,9144,9133,9134,-1,9122,9111,9121,-1,9104,9086,9103,-1,9038,9036,9037,-1,
  9043,9041,9042,-1,8966,8964,8965,-1,9000,8998,8999,-1,8950,8948,8949,-1,8805,8803,8804,-1,8820,8809,8810,-1,8798,8787,8797,-1,8618,8616,8617,-1,
  8624,8622,8623,-1,8622,8620,8621,-1,8570,8568,8569,-1,8721,8719,8720,-1,8575,8573,8574,-1,8536,8537,8535,-1,8510,8508,8509,-1,8337,8335,8336,-1,
  8148,8146,8147,-1,8217,8215,8216,-1,8212,8210,8211,-1,8163,8164,8162,-1,8093,8091,8092,-1,8108,8097,8098,-1,8086,8075,8085,-1,8068,8050,8067,-1,
  8002,8000,8001,-1,8007,8005,8006,-1,7931,7929,7930,-1,7937,7935,7936,-1,7935,7933,7934,-1,7883,7881,7882,-1,7888,7886,7887,-1,7833,7831,7832,-1,
  7828,7826,7827,-1,7763,7761,7762,-1,7689,7687,7688,-1,7695,7693,7694,-1,7693,7691,7692,-1,7641,7639,7640,-1,7646,7644,7645,-1,7496,7494,7495,-1,
  7491,7489,7490,-1,7596,7626,7627,-1,7622,7620,7621,-1,7445,7443,7444,-1,7460,7449,7450,-1,7438,7427,7437,-1,7374,7372,7373,-1,7213,7211,7212,-1,
  7208,7206,7207,-1,7380,7378,7379,-1,7378,7376,7377,-1,7326,7324,7325,-1,7331,7329,7330,-1,6953,6951,6952,-1,6959,6957,6958,-1,6957,6955,6956,-1,
  6905,6903,6904,-1,7025,7023,7024,-1,7157,7187,7188,-1,7183,7181,7182,-1,6910,6908,6909,-1,6891,6844,6890,-1,6755,6753,6754,-1,6824,6822,6823,-1,
  6841,6824,6825,-1,6770,6771,6769,-1,6866,6864,6865,-1,6661,6659,6660,-1,6690,6661,6662,-1,6643,6641,6642,-1,6489,6487,6488,-1,6612,6610,6611,-1,
  6627,6616,6617,-1,6561,6591,6592,-1,6587,6585,6586,-1,6605,6594,6604,-1,6492,6490,6491,-1,6494,6492,6493,-1,6400,6379,6399,-1,6356,6354,6355,-1,
  6334,6313,6333,-1,6290,6288,6289,-1,6182,6180,6181,-1,6254,6189,6190,-1,6172,6170,6171,-1,6234,6232,6233,-1,6080,6078,6079,-1,6152,6087,6088,-1,
  6070,6068,6069,-1,6132,6130,6131,-1,5978,5976,5977,-1,6050,5985,5986,-1,5968,5966,5967,-1,6030,6028,6029,-1,5876,5874,5875,-1,5948,5883,5884,-1,
  5866,5864,5865,-1,5928,5926,5927,-1,5774,5772,5773,-1,5846,5781,5782,-1,5764,5762,5763,-1,5826,5824,5825,-1,5672,5670,5671,-1,5744,5679,5680,-1,
  5662,5660,5661,-1,5724,5722,5723,-1,5570,5568,5569,-1,5642,5577,5578,-1,5560,5558,5559,-1,5622,5620,5621,-1,5468,5466,5467,-1,5540,5475,5476,-1,
  5458,5456,5457,-1,5520,5518,5519,-1,5366,5364,5365,-1,5438,5373,5374,-1,5356,5354,5355,-1,5418,5416,5417,-1,5264,5262,5263,-1,5336,5271,5272,-1,
  5254,5252,5253,-1,5316,5314,5315,-1,5222,5220,5221,-1,5229,5227,5228,-1,5246,5229,5230,-1,5184,5182,5183,-1,5191,5189,5190,-1,5208,5191,5192,-1,
  5086,5084,5085,-1,5158,5093,5094,-1,5076,5074,5075,-1,5138,5136,5137,-1,5143,5141,5142,-1,5182,5180,5181,-1,5220,5218,5219,-1,5321,5319,5320,-1,
  5423,5421,5422,-1,5525,5523,5524,-1,5627,5625,5626,-1,5729,5727,5728,-1,5831,5829,5830,-1,5933,5931,5932,-1,6035,6033,6034,-1,6137,6135,6136,-1,
  6239,6237,6238,-1,5062,5060,5061,-1,5042,5040,5041,-1,4775,4773,4774,-1,4931,4929,4930,-1,4929,4927,4928,-1,4926,4924,4925,-1,4701,4699,4700,-1,
  4710,4708,4709,-1,4569,4570,4571,-1,4623,4621,4622,-1,4549,4547,4548,-1,4566,4549,4550,-1,4500,4498,4499,-1,4298,4296,4297,-1,4296,4294,4295,-1,
  4293,4291,4292,-1,4190,4221,4222,-1,4181,4179,4180,-1,4129,4130,4128,-1,4143,4100,4142,-1,4054,4084,4085,-1,4080,4078,4079,-1,3989,3987,3988,-1,
  3917,3918,3916,-1,3785,3783,3784,-1,3791,3789,3790,-1,3789,3787,3788,-1,3719,3717,3718,-1,3724,3722,3723,-1,3618,3616,3617,-1,3562,3560,3561,-1,
  3577,3566,3567,-1,3555,3544,3554,-1,3516,3514,3515,-1,3531,3520,3521,-1,3477,3475,3476,-1,3425,3423,3424,-1,3509,3498,3508,-1,3128,3126,3127,-1,
  3134,3132,3133,-1,3132,3130,3131,-1,3062,3060,3061,-1,3221,3219,3220,-1,3236,3237,3235,-1,3067,3065,3066,-1,3031,3029,3030,-1,2888,2886,2887,-1,
  2694,2692,2693,-1,2709,2710,2708,-1,2418,2416,2417,-1,2601,2599,2600,-1,2331,2329,2330,-1,2360,2331,2332,-1,2313,2311,2312,-1,2308,2261,2307,-1,
  2283,2281,2282,-1,2239,2192,2238,-1,2139,2137,2138,-1,2173,2171,2172,-1,2123,2121,2122,-1,2214,2212,2213,-1,1985,1983,1984,-1,2000,2001,1999,-1,
  1799,1858,1859,-1,1853,1851,1852,-1,1724,1722,1723,-1,1676,1674,1675,-1,1693,1676,1677,-1,1566,1564,1565,-1,1486,1463,1485,-1,1410,1347,1409,-1,
  1227,1225,1226,-1,878,876,877,-1,1065,1018,1064,-1,997,998,996,-1,973,971,972,-1,1040,1038,1039,-1,1108,1106,1107,-1,739,737,738,-1,
  636,695,696,-1,690,688,689,-1,575,634,635,-1,629,627,628,-1,495,493,494,-1,407,405,406,-1,268,245,267,-1,121,119,120,-1]
  normalPerVertex TRUE
  normal DEF NORM_14 Normal { vector [
  0 0 1,0 0 1,
  0 0 1,0 0 1,
  0 0 1,0 0 1,
  0 0 1,0 0 1,
  0 0 1,0 0 1,
  0 0 1,0 0 1,
  0 0 1,0 0 1,
  0 0 1,0 0 1,
  0 0 1,0 0 1,
  0 0 1,0 0 1,
  0 0 1,0 0 1,
  0 0 1,0 0 1,
  0 0 1,0 0 1,
  0 0 1,0 0 1,
  0 0 1,0 0 1,
  0 0 1,0 0 1,
  0 0 1,0 0 1,
  0 0 1,0 0 1,
  0 0 1,0 0 1,
  0 0 1,0 0 1,
  0 0 1,0 0 1,
  0 0 1,0 0 1,
  0 0 1,0 0 1,
  0 0 1,0 0 1,
  0 0 1,0 0 1,
  0 0 1,0 0 1,
  0 0 1,0 0 1,
  0 0 1,0 0 1,
  0 0 1,0 0 1,
  0 0 1,0 0 1,
  0 0 1,0 0 1,
  0 0 1,0 0 1,
  0 0 1,0 0 1,
  0 0 1,0 0 1,
  0 0 1,0 0 1,
  0 0 1,0 0 1,
  0 0 1,0 0 1,
  0 0 1,0 0 1,
  0 0 1,0 0 1,
  0 0 1,0 0 1,
  0 0 1,0 0 1,
  0 0 1,0 0 1,
  0 0 1,0 0 1,
  0 0 1,0 0 1,
  0 0 1,0 0 1,
  0 0 1,0 0 1,
  0 0 1,0 0 1,
  0 0 1,0 0 1,
  0 0 1,0 0 1,
  0 0 1,0 0 1,
  0 0 1,0 0 1,
  0 0 1,0 0 1,
  0 0 1,0 0 1,
  0 0 1,0 0 1,
  0 0 1,0 0 1,
  0 0 1,0 0 1,
  0 0 1,0 0 1,
  0 0 1,0 0 1,
  0 0 1,0 0 1,
  0 0 1,0 0 1,
  0 0 1,0 0 1,
  0 0 1,0 0 1,
  0 0 1,0 0 1,
  0 0 1,0 0 1,
  0 0 1,0 0 1,
  0 0 1,0 0 1,
  0 0 1,0 0 1,
  0 0 1,0 0 1,
  0 0 1,0 0 1,
  0 0 1,0 0 1,
  0 0 1,0 0 1,
  0 0 1,0 0 1,
  0 0 1,0 0 1,
  0 0 1,0 0 1,
  0 0 1,0 0 1,
  0 0 1,0 0 1,
  0 0 1,0 0 1,
  0 0 1,0 0 1,
  0 0 1,0 0 1,
  0 0 1,0 0 1,
  0 0 1,0 0 1,
  0 0 1,0 0 1,
  0 0 1,0 0 1,
  0 0 1,0 0 1,
  0 0 1,0 0 1,
  0 0 1,0 0 1,
  0 0 1,0 0 1,
  0 0 1,0 0 1,
  0 0 1,0 0 1,
  0 0 1,0 0 1,
  0 0 1,0 0 1,
  0 0 1,0 0 1,
  0 0 1,0 0 1,
  0 0 1,0 0 1,
  0 0 1,0 0 1,
  0 0 1,0 0 1,
  0 0 1,0 0 1,
  0 0 1,0 0 1,
  0 0 1,0 0 1,
  0 0 1,0 0 1,
  0 0 1,0 0 1,
  0 0 1,0 0 1,
  0 0 1,0 0 1,
  0 0 1,0 0 1,
  0 0 1,0 0 1,
  0 0 1,0 0 1,
  0 0 1,0 0 1,
  0 0 1,0 0 1,
  0 0 1,0 0 1,
  0 0 1,0 0 1,
  0 0 1,0 0 1,
  0 0 1,0 0 1,
  0 0 1,0 0 1,
  0 0 1,0 0 1,
  0 0 1,0 0 1,
  0 0 1,0 0 1,
  0 0 1,0 0 1,
  0 0 1,0 0 1,
  0 0 1,0 0 1,
  0 0 1,0 0 1,
  0 0 1,0 0 1,
  0 0 1,0 0 1,
  0 0 1,0 0 1,
  0 0 1,0 0 1,
  0 0 1,0 0 1,
  0 0 1,0 0 1,
  0 0 1,0 0 1,
  0 0 1,0 0 1,
  0 0 1,0 0 1,
  0 0 1,0 0 1,
  0 0 1,0 0 1,
  0 0 1,0 0 1,
  0 0 1,0 0 1,
  0 0 1,0 0 1,
  0 0 1,0 0 1,
  0 0 1,0 0 1,
  0 0 1,0 0 1,
  0 0 1,0 0 1,
  0 0 1,0 0 1,
  0 0 1,0 0 1,
  0 0 1,0 0 1,
  0 0 1,0 0 1,
  0 0 1,0 0 1,
  0 0 1,0 0 1,
  0 0 1,0 0 1,
  0 0 1,0 0 1,
  0 0 1,0 0 1,
  0 0 1,0 0 1,
  0 0 1,0 0 1,
  0 0 1,0 0 1,
  0 0 1,0 0 1,
  0 0 1,0 0 1,
  0 0 1,0 0 1,
  0 0 1,0 0 1,
  0 0 1,0 0 1,
  0 0 1,0 0 1,
  0 0 1,0 0 1,
  0 0 1,0 0 1,
  0 0 1,0 0 1,
  0 0 1,0 0 1,
  0 0 1,0 0 1,
  0 0 1,0 0 1,
  0 0 1,0 0 1,
  0 0 1,0 0 1,
  0 0 1,0 0 1,
  0 0 1,0 0 1,
  0 0 1,0 0 1,
  0 0 1,0 0 1,
  0 0 1,0 0 1,
  0 0 1,0 0 1,
  0 0 1,0 0 1,
  0 0 1,0 0 1,
  0 0 1,0 0 1,
  0 0 1,0 0 1,
  0 0 1,0 0 1,
  0 0 1,0 0 1,
  0 0 1,0 0 1,
  0 0 1,0 0 1,
  0 0 1,0 0 1,
  0 0 1,0 0 1,
  0 0 1,0 0 1,
  0 0 1,0 0 1,
  0 0 1,0 0 1,
  0 0 1,0 0 1,
  0 0 1,0 0 1,
  0 0 1,0 0 1,
  0 0 1,0 0 1,
  0 0 1,0 0 1,
  0 0 1,0 0 1,
  0 0 1,0 0 1,
  0 0 1,0 0 1,
  0 0 1,0 0 1,
  0 0 1,0 0 1,
  0 0 1,0 0 1,
  0 0 1,0 0 1,
  0 0 1,0 0 1,
  0 0 1,0 0 1,
  0 0 1,0 0 1,
  0 0 1,0 0 1,
  0 0 1,0 0 1,
  0 0 1,0 0 1,
  0 0 1,0 0 1,
  0 0 1,0 0 1,
  0 0 1,0 0 1,
  0 0 1,0 0 1,
  0 0 1,0 0 1,
  0 0 1,0 0 1,
  0 0 1,0 0 1,
  0 0 1,0 0 1,
  0 0 1,0 0 1,
  0 0 1,0 0 1,
  0 0 1,0 0 1,
  0 0 1,0 0 1,
  0 0 1,0 0 1,
  0 0 1,0 0 1,
  0 0 1,0 0 1,
  0 0 1,0 0 1,
  0 0 1,0 0 1,
  0 0 1,0 0 1,
  0 0 1,0 0 1,
  0 0 1,0 0 1,
  0 0 1,0 0 1,
  0 0 1,0 0 1,
  0 0 1,0 0 1,
  0 0 1,0 0 1,
  0 0 1,0 0 1,
  0 0 1,0 0 1,
  0 0 1,0 0 1,
  0 0 1,0 0 1,
  0 0 1,0 0 1,
  0 0 1,0 0 1,
  0 0 1,0 0 1,
  0 0 1,0 0 1,
  0 0 1,0 0 1,
  0 0 1,0 0 1,
  0 0 1,0 0 1,
  0 0 1,0 0 1,
  0 0 1,0 0 1,
  0 0 1,0 0 1,
  0 0 1,0 0 1,
  0 0 1,0 0 1,
  0 0 1,0 0 1,
  0 0 1,0 0 1,
  0 0 1,0 0 1,
  0 0 1,0 0 1,
  0 0 1,0 0 1,
  0 0 1,0 0 1,
  0 0 1,0 0 1,
  0 0 1,0 0 1,
  0 0 1,0 0 1,
  0 0 1,0 0 1,
  0 0 1,0 0 1,
  0 0 1,0 0 1,
  0 0 1,0 0 1,
  0 0 1,0 0 1,
  0 0 1,0 0 1,
  0 0 1,0 0 1,
  0 0 1,0 0 1,
  0 0 1,0 0 1,
  0 0 1,0 0 1,
  0 0 1,0 0 1,
  0 0 1,0 0 1,
  0 0 1,0 0 1,
  0 0 1,0 0 1,
  0 0 1,0 0 1,
  0 0 1,0 0 1,
  0 0 1,0 0 1,
  0 0 1,0 0 1,
  0 0 1,0 0 1,
  0 0 1,0 0 1,
  0 0 1,0 0 1,
  0 0 1,0 0 1,
  0 0 1,0 0 1,
  0 0 1,0 0 1,
  0 0 1,0 0 1,
  0 0 1,0 0 1,
  0 0 1,0 0 1,
  0 0 1,0 0 1,
  0 0 1,0 0 1,
  0 0 1,0 0 1,
  0 0 1,0 0 1,
  0 0 1,0 0 1,
  0 0 1,0 0 1,
  0 0 1,0 0 1,
  0 0 1,0 0 1,
  0 0 1,0 0 1,
  0 0 1,0 0 1,
  0 0 1,0 0 1,
  0 0 1,0 0 1,
  0 0 1,0 0 1,
  0 0 1,0 0 1,
  0 0 1,0 0 1,
  0 0 1,0 0 1,
  0 0 1,0 0 1,
  0 0 1,0 0 1,
  0 0 1,0 0 1,
  0 0 1,0 0 1,
  0 0 1,0 0 1,
  0 0 1,0 0 1,
  0 0 1,0 0 1,
  0 0 1,0 0 1,
  0 0 1,0 0 1,
  0 0 1,0 0 1,
  0 0 1,0 0 1,
  0 0 1,0 0 1,
  0 0 1,0 0 1,
  0 0 1,0 0 1,
  0 0 1,0 0 1,
  0 0 1,0 0 1,
  0 0 1,0 0 1,
  0 0 1,0 0 1,
  0 0 1,0 0 1,
  0 0 1,0 0 1,
  0 0 1,0 0 1,
  0 0 1,0 0 1,
  0 0 1,0 0 1,
  0 0 1,0 0 1,
  0 0 1,0 0 1,
  0 0 1,0 0 1,
  0 0 1,0 0 1,
  0 0 1,0 0 1,
  0 0 1,0 0 1,
  0 0 1,0 0 1,
  0 0 1,0 0 1,
  0 0 1,0 0 1,
  0 0 1,0 0 1,
  0 0 1,0 0 1,
  0 0 1,0 0 1,
  0 0 1,0 0 1,
  0 0 1,0 0 1,
  0 0 1,0 0 1,
  0 0 1,0 0 1,
  0 0 1,0 0 1,
  0 0 1,0 0 1,
  0 0 1,0 0 1,
  0 0 1,0 0 1,
  0 0 1,0 0 1,
  0 0 1,0 0 1,
  0 0 1,0 0 1,
  0 0 1,0 0 1,
  0 0 1,0 0 1,
  0 0 1,0 0 1,
  0 0 1,0 0 1,
  0 0 1,0 0 1,
  0 0 1,0 0 1,
  0 0 1,0 0 1,
  0 0 1,0 0 1,
  0 0 1,0 0 1,
  0 0 1,0 0 1,
  0 0 1,0 0 1,
  0 0 1,0 0 1,
  0 0 1,0 0 1,
  0 0 1,0 0 1,
  0 0 1,0 0 1,
  0 0 1,0 0 1,
  0 0 1,0 0 1,
  0 0 1,0 0 1,
  0 0 1,0 0 1,
  0 0 1,0 0 1,
  0 0 1,0 0 1,
  0 0 1,0 0 1,
  0 0 1,0 0 1,
  0 0 1,0 0 1,
  0 0 1,0 0 1,
  0 0 1,0 0 1,
  0 0 1,0 0 1,
  0 0 1,0 0 1,
  0 0 1,0 0 1,
  0 0 1,0 0 1,
  0 0 1,0 0 1,
  0 0 1,0 0 1,
  0 0 1,0 0 1,
  0 0 1,0 0 1,
  0 0 1,0 0 1,
  0 0 1,0 0 1,
  0 0 1,0 0 1,
  0 0 1,0 0 1,
  0 0 1,0 0 1,
  0 0 1,0 0 1,
  0 0 1,0 0 1,
  0 0 1,0 0 1,
  0 0 1,0 0 1,
  0 0 1,0 0 1,
  0 0 1,0 0 1,
  0 0 1,0 0 1,
  0 0 1,0 0 1,
  0 0 1,0 0 1,
  0 0 1,0 0 1,
  0 0 1,0 0 1,
  0 0 1,0 0 1,
  0 0 1,0 0 1,
  0 0 1,0 0 1,
  0 0 1,0 0 1,
  0 0 1,0 0 1,
  0 0 1,0 0 1,
  0 0 1,0 0 1,
  0 0 1,0 0 1,
  0 0 1,0 0 1,
  0 0 1,0 0 1,
  0 0 1,0 0 1,
  0 0 1,0 0 1,
  0 0 1,0 0 1,
  0 0 1,0 0 1,
  0 0 1,0 0 1,
  0 0 1,0 0 1,
  0 0 1,0 0 1,
  0 0 1,0 0 1,
  0 0 1,0 0 1,
  0 0 1,0 0 1,
  0 0 1,0 0 1,
  0 0 1,0 0 1,
  0 0 1,0 0 1,
  0 0 1,0 0 1,
  0 0 1,0 0 1,
  0 0 1,0 0 1,
  0 0 1,0 0 1,
  0 0 1,0 0 1,
  0 0 1,0 0 1,
  0 0 1,0 0 1,
  0 0 1,0 0 1,
  0 0 1,0 0 1,
  0 0 1,0 0 1,
  0 0 1,0 0 1,
  0 0 1,0 0 1,
  0 0 1,0 0 1,
  0 0 1,0 0 1,
  0 0 1,0 0 1,
  0 0 1,0 0 1,
  0 0 1,0 0 1,
  0 0 1,0 0 1,
  0 0 1,0 0 1,
  0 0 1,0 0 1,
  0 0 1,0 0 1,
  0 0 1,0 0 1,
  0 0 1,0 0 1,
  0 0 1,0 0 1,
  0 0 1,0 0 1,
  0 0 1,0 0 1,
  0 0 1,0 0 1,
  0 0 1,0 0 1,
  0 0 1,0 0 1,
  0 0 1,0 0 1,
  0 0 1,0 0 1,
  0 0 1,0 0 1,
  0 0 1,0 0 1,
  0 0 1,0 0 1,
  0 0 1,0 0 1,
  0 0 1,0 0 1,
  0 0 1,0 0 1,
  0 0 1,0 0 1,
  0 0 1,0 0 1,
  0 0 1,0 0 1,
  0 0 1,0 0 1,
  0 0 1,0 0 1,
  0 0 1,0 0 1,
  0 0 1,0 0 1,
  0 0 1,0 0 1,
  0 0 1,0 0 1,
  0 0 1,0 0 1,
  0 0 1,0 0 1,
  0 0 1,0 0 1,
  0 0 1,0 0 1,
  0 0 1,0 0 1,
  0 0 1,0 0 1,
  0 0 1,0 0 1,
  0 0 1,0 0 1,
  0 0 1,0 0 1,
  0 0 1,0 0 1,
  0 0 1,0 0 1,
  0 0 1,0 0 1,
  0 0 1,0 0 1,
  0 0 1,0 0 1,
  0 0 1,0 0 1,
  0 0 1,0 0 1,
  0 0 1,0 0 1,
  0 0 1,0 0 1,
  0 0 1,0 0 1,
  0 0 1,0 0 1,
  0 0 1,0 0 1,
  0 0 1,0 0 1,
  0 0 1,0 0 1,
  0 0 1,0 0 1,
  0 0 1,0 0 1,
  0 0 1,0 0 1,
  0 0 1,0 0 1,
  0 0 1,0 0 1,
  0 0 1,0 0 1,
  0 0 1,0 0 1,
  0 0 1,0 0 1,
  0 0 1,0 0 1,
  0 0 1,0 0 1,
  0 0 1,0 0 1,
  0 0 1,0 0 1,
  0 0 1,0 0 1,
  0 0 1,0 0 1,
  0 0 1,0 0 1,
  0 0 1,0 0 1,
  0 0 1,0 0 1,
  0 0 1,0 0 1,
  0 0 1,0 0 1,
  0 0 1,0 0 1,
  0 0 1,0 0 1,
  0 0 1,0 0 1,
  0 0 1,0 0 1,
  0 0 1,0 0 1,
  0 0 1,0 0 1,
  0 0 1,0 0 1,
  0 0 1,0 0 1,
  0 0 1,0 0 1,
  0 0 1,0 0 1,
  0 0 1,0 0 1,
  0 0 1,0 0 1,
  0 0 1,0 0 1,
  0 0 1,0 0 1,
  0 0 1,0 0 1,
  0 0 1,0 0 1,
  0 0 1,0 0 1,
  0 0 1,0 0 1,
  0 0 1,0 0 1,
  0 0 1,0 0 1,
  0 0 1,0 0 1,
  0 0 1,0 0 1,
  0 0 1,0 0 1,
  0 0 1,0 0 1,
  0 0 1,0 0 1,
  0 0 1,0 0 1,
  0 0 1,0 0 1,
  0 0 1,0 0 1,
  0 0 1,0 0 1,
  0 0 1,0 0 1,
  0 0 1,0 0 1,
  0 0 1,0 0 1,
  0 0 1,0 0 1,
  0 0 1,0 0 1,
  0 0 1,0 0 1,
  0 0 1,0 0 1,
  0 0 1,0 0 1,
  0 0 1,0 0 1,
  0 0 1,0 0 1,
  0 0 1,0 0 1,
  0 0 1,0 0 1,
  0 0 1,0 0 1,
  0 0 1,0 0 1,
  0 0 1,0 0 1,
  0 0 1,0 0 1,
  0 0 1,0 0 1,
  0 0 1,0 0 1,
  0 0 1,0 0 1,
  0 0 1,0 0 1,
  0 0 1,0 0 1,
  0 0 1,0 0 1,
  0 0 1,0 0 1,
  0 0 1,0 0 1,
  0 0 1,0 0 1,
  0 0 1,0 0 1,
  0 0 1,0 0 1,
  0 0 1,0 0 1,
  0 0 1,0 0 1,
  0 0 1,0 0 1,
  0 0 1,0 0 1,
  0 0 1,0 0 1,
  0 0 1,0 0 1,
  0 0 1,0 0 1,
  0 0 1,0 0 1,
  0 0 1,0 0 1,
  0 0 1,0 0 1,
  0 0 1,0 0 1,
  0 0 1,0 0 1,
  0 0 1,0 0 1,
  0 0 1,0 0 1,
  0 0 1,0 0 1,
  0 0 1,0 0 1,
  0 0 1,0 0 1,
  0 0 1,0 0 1,
  0 0 1,0 0 1,
  0 0 1,0 0 1,
  0 0 1,0 0 1,
  0 0 1,0 0 1,
  0 0 1,0 0 1,
  0 0 1,0 0 1,
  0 0 1,0 0 1,
  0 0 1,0 0 1,
  0 0 1,0 0 1,
  0 0 1,0 0 1,
  0 0 1,0 0 1,
  0 0 1,0 0 1,
  0 0 1,0 0 1,
  0 0 1,0 0 1,
  0 0 1,0 0 1,
  0 0 1,0 0 1,
  0 0 1,0 0 1,
  0 0 1,0 0 1,
  0 0 1,0 0 1,
  0 0 1,0 0 1,
  0 0 1,0 0 1,
  0 0 1,0 0 1,
  0 0 1,0 0 1,
  0 0 1,0 0 1,
  0 0 1,0 0 1,
  0 0 1,0 0 1,
  0 0 1,0 0 1,
  0 0 1,0 0 1,
  0 0 1,0 0 1,
  0 0 1,0 0 1,
  0 0 1,0 0 1,
  0 0 1,0 0 1,
  0 0 1,0 0 1,
  0 0 1,0 0 1,
  0 0 1,0 0 1,
  0 0 1,0 0 1,
  0 0 1,0 0 1,
  0 0 1,0 0 1,
  0 0 1,0 0 1,
  0 0 1,0 0 1,
  0 0 1,0 0 1,
  0 0 1,0 0 1,
  0 0 1,0 0 1,
  0 0 1,0 0 1,
  0 0 1,0 0 1,
  0 0 1,0 0 1,
  0 0 1,0 0 1,
  0 0 1,0 0 1,
  0 0 1,0 0 1,
  0 0 1,0 0 1,
  0 0 1,0 0 1,
  0 0 1,0 0 1,
  0 0 1,0 0 1,
  0 0 1,0 0 1,
  0 0 1,0 0 1,
  0 0 1,0 0 1,
  0 0 1,0 0 1,
  0 0 1,0 0 1,
  0 0 1,0 0 1,
  0 0 1,0 0 1,
  0 0 1,0 0 1,
  0 0 1,0 0 1,
  0 0 1,0 0 1,
  0 0 1,0 0 1,
  0 0 1,0 0 1,
  0 0 1,0 0 1,
  0 0 1,0 0 1,
  0 0 1,0 0 1,
  0 0 1,0 0 1,
  0 0 1,0 0 1,
  0 0 1,0 0 1,
  0 0 1,0 0 1,
  0 0 1,0 0 1,
  0 0 1,0 0 1,
  0 0 1,0 0 1,
  0 0 1,0 0 1,
  0 0 1,0 0 1,
  0 0 1,0 0 1,
  0 0 1,0 0 1,
  0 0 1,0 0 1,
  0 0 1,0 0 1,
  0 0 1,0 0 1,
  0 0 1,0 0 1,
  0 0 1,0 0 1,
  0 0 1,0 0 1,
  0 0 1,0 0 1,
  0 0 1,0 0 1,
  0 0 1,0 0 1,
  0 0 1,0 0 1,
  0 0 1,0 0 1,
  0 0 1,0 0 1,
  0 0 1,0 0 1,
  0 0 1,0 0 1,
  0 0 1,0 0 1,
  0 0 1,0 0 1,
  0 0 1,0 0 1,
  0 0 1,0 0 1,
  0 0 1,0 0 1,
  0 0 1,0 0 1,
  0 0 1,0 0 1,
  0 0 1,0 0 1,
  0 0 1,0 0 1,
  0 0 1,0 0 1,
  0 0 1,0 0 1,
  0 0 1,0 0 1,
  0 0 1,0 0 1,
  0 0 1,0 0 1,
  0 0 1,0 0 1,
  0 0 1,0 0 1,
  0 0 1,0 0 1,
  0 0 1,0 0 1,
  0 0 1,0 0 1,
  0 0 1,0 0 1,
  0 0 1,0 0 1,
  0 0 1,0 0 1,
  0 0 1,0 0 1,
  0 0 1,0 0 1,
  0 0 1,0 0 1,
  0 0 1,0 0 1,
  0 0 1,0 0 1,
  0 0 1,0 0 1,
  0 0 1,0 0 1,
  0 0 1,0 0 1,
  0 0 1,0 0 1,
  0 0 1,0 0 1,
  0 0 1,0 0 1,
  0 0 1,0 0 1,
  0 0 1,0 0 1,
  0 0 1,0 0 1,
  0 0 1,0 0 1,
  0 0 1,0 0 1,
  0 0 1,0 0 1,
  0 0 1,0 0 1,
  0 0 1,0 0 1,
  0 0 1,0 0 1,
  0 0 1,0 0 1,
  0 0 1,0 0 1,
  0 0 1,0 0 1,
  0 0 1,0 0 1,
  0 0 1,0 0 1,
  0 0 1,0 0 1,
  0 0 1,0 0 1,
  0 0 1,0 0 1,
  0 0 1,0 0 1,
  0 0 1,0 0 1,
  0 0 1,0 0 1,
  0 0 1,0 0 1,
  0 0 1,0 0 1,
  0 0 1,0 0 1,
  0 0 1,0 0 1,
  0 0 1,0 0 1,
  0 0 1,0 0 1,
  0 0 1,0 0 1,
  0 0 1,0 0 1,
  0 0 1,0 0 1,
  0 0 1,0 0 1,
  0 0 1,0 0 1,
  0 0 1,0 0 1,
  0 0 1,0 0 1,
  0 0 1,0 0 1,
  0 0 1,0 0 1,
  0 0 1,0 0 1,
  0 0 1,0 0 1,
  0 0 1,0 0 1,
  0 0 1,0 0 1,
  0 0 1,0 0 1,
  0 0 1,0 0 1,
  0 0 1,0 0 1,
  0 0 1,0 0 1,
  0 0 1,0 0 1,
  0 0 1,0 0 1,
  0 0 1,0 0 1,
  0 0 1,0 0 1,
  0 0 1,0 0 1,
  0 0 1,0 0 1,
  0 0 1,0 0 1,
  0 0 1,0 0 1,
  0 0 1,0 0 1,
  0 0 1,0 0 1,
  0 0 1,0 0 1,
  0 0 1,0 0 1,
  0 0 1,0 0 1,
  0 0 1,0 0 1,
  0 0 1,0 0 1,
  0 0 1,0 0 1,
  0 0 1,0 0 1,
  0 0 1,0 0 1,
  0 0 1,0 0 1,
  0 0 1,0 0 1,
  0 0 1,0 0 1,
  0 0 1,0 0 1,
  0 0 1,0 0 1,
  0 0 1,0 0 1,
  0 0 1,0 0 1,
  0 0 1,0 0 1,
  0 0 1,0 0 1,
  0 0 1,0 0 1,
  0 0 1,0 0 1,
  0 0 1,0 0 1,
  0 0 1,0 0 1,
  0 0 1,0 0 1,
  0 0 1,0 0 1,
  0 0 1,0 0 1,
  0 0 1,0 0 1,
  0 0 1,0 0 1,
  0 0 1,0 0 1,
  0 0 1,0 0 1,
  0 0 1,0 0 1,
  0 0 1,0 0 1,
  0 0 1,0 0 1,
  0 0 1,0 0 1,
  0 0 1,0 0 1,
  0 0 1,0 0 1,
  0 0 1,0 0 1,
  0 0 1,0 0 1,
  0 0 1,0 0 1,
  0 0 1,0 0 1,
  0 0 1,0 0 1,
  0 0 1,0 0 1,
  0 0 1,0 0 1,
  0 0 1,0 0 1,
  0 0 1,0 0 1,
  0 0 1,0 0 1,
  0 0 1,0 0 1,
  0 0 1,0 0 1,
  0 0 1,0 0 1,
  0 0 1,0 0 1,
  0 0 1,0 0 1,
  0 0 1,0 0 1,
  0 0 1,0 0 1,
  0 0 1,0 0 1,
  0 0 1,0 0 1,
  0 0 1,0 0 1,
  0 0 1,0 0 1,
  0 0 1,0 0 1,
  0 0 1,0 0 1,
  0 0 1,0 0 1,
  0 0 1,0 0 1,
  0 0 1,0 0 1,
  0 0 1,0 0 1,
  0 0 1,0 0 1,
  0 0 1,0 0 1,
  0 0 1,0 0 1,
  0 0 1,0 0 1,
  0 0 1,0 0 1,
  0 0 1,0 0 1,
  0 0 1,0 0 1,
  0 0 1,0 0 1,
  0 0 1,0 0 1,
  0 0 1,0 0 1,
  0 0 1,0 0 1,
  0 0 1,0 0 1,
  0 0 1,0 0 1,
  0 0 1,0 0 1,
  0 0 1,0 0 1,
  0 0 1,0 0 1,
  0 0 1,0 0 1,
  0 0 1,0 0 1,
  0 0 1,0 0 1,
  0 0 1,0 0 1,
  0 0 1,0 0 1,
  0 0 1,0 0 1,
  0 0 1,0 0 1,
  0 0 1,0 0 1,
  0 0 1,0 0 1,
  0 0 1,0 0 1,
  0 0 1,0 0 1,
  0 0 1,0 0 1,
  0 0 1,0 0 1,
  0 0 1,0 0 1,
  0 0 1,0 0 1,
  0 0 1,0 0 1,
  0 0 1,0 0 1,
  0 0 1,0 0 1,
  0 0 1,0 0 1,
  0 0 1,0 0 1,
  0 0 1,0 0 1,
  0 0 1,0 0 1,
  0 0 1,0 0 1,
  0 0 1,0 0 1,
  0 0 1,0 0 1,
  0 0 1,0 0 1,
  0 0 1,0 0 1,
  0 0 1,0 0 1,
  0 0 1,0 0 1,
  0 0 1,0 0 1,
  0 0 1,0 0 1,
  0 0 1,0 0 1,
  0 0 1,0 0 1,
  0 0 1,0 0 1,
  0 0 1,0 0 1,
  0 0 1,0 0 1,
  0 0 1,0 0 1,
  0 0 1,0 0 1,
  0 0 1,0 0 1,
  0 0 1,0 0 1,
  0 0 1,0 0 1,
  0 0 1,0 0 1,
  0 0 1,0 0 1,
  0 0 1,0 0 1,
  0 0 1,0 0 1,
  0 0 1,0 0 1,
  0 0 1,0 0 1,
  0 0 1,0 0 1,
  0 0 1,0 0 1,
  0 0 1,0 0 1,
  0 0 1,0 0 1,
  0 0 1,0 0 1,
  0 0 1,0 0 1,
  0 0 1,0 0 1,
  0 0 1,0 0 1,
  0 0 1,0 0 1,
  0 0 1,0 0 1,
  0 0 1,0 0 1,
  0 0 1,0 0 1,
  0 0 1,0 0 1,
  0 0 1,0 0 1,
  0 0 1,0 0 1,
  0 0 1,0 0 1,
  0 0 1,0 0 1,
  0 0 1,0 0 1,
  0 0 1,0 0 1,
  0 0 1,0 0 1,
  0 0 1,0 0 1,
  0 0 1,0 0 1,
  0 0 1,0 0 1,
  0 0 1,0 0 1,
  0 0 1,0 0 1,
  0 0 1,0 0 1,
  0 0 1,0 0 1,
  0 0 1,0 0 1,
  0 0 1,0 0 1,
  0 0 1,0 0 1,
  0 0 1,0 0 1,
  0 0 1,0 0 1,
  0 0 1,0 0 1,
  0 0 1,0 0 1,
  0 0 1,0 0 1,
  0 0 1,0 0 1,
  0 0 1,0 0 1,
  0 0 1,0 0 1,
  0 0 1,0 0 1,
  0 0 1,0 0 1,
  0 0 1,0 0 1,
  0 0 1,0 0 1,
  0 0 1,0 0 1,
  0 0 1,0 0 1,
  0 0 1,0 0 1,
  0 0 1,0 0 1,
  0 0 1,0 0 1,
  0 0 1,0 0 1,
  0 0 1,0 0 1,
  0 0 1,0 0 1,
  0 0 1,0 0 1,
  0 0 1,0 0 1,
  0 0 1,0 0 1,
  0 0 1,0 0 1,
  0 0 1,0 0 1,
  0 0 1,0 0 1,
  0 0 1,0 0 1,
  0 0 1,0 0 1,
  0 0 1,0 0 1,
  0 0 1,0 0 1,
  0 0 1,0 0 1,
  0 0 1,0 0 1,
  0 0 1,0 0 1,
  0 0 1,0 0 1,
  0 0 1,0 0 1,
  0 0 1,0 0 1,
  0 0 1,0 0 1,
  0 0 1,0 0 1,
  0 0 1,0 0 1,
  0 0 1,0 0 1,
  0 0 1,0 0 1,
  0 0 1,0 0 1,
  0 0 1,0 0 1,
  0 0 1,0 0 1,
  0 0 1,0 0 1,
  0 0 1,0 0 1,
  0 0 1,0 0 1,
  0 0 1,0 0 1,
  0 0 1,0 0 1,
  0 0 1,0 0 1,
  0 0 1,0 0 1,
  0 0 1,0 0 1,
  0 0 1,0 0 1,
  0 0 1,0 0 1,
  0 0 1,0 0 1,
  0 0 1,0 0 1,
  0 0 1,0 0 1,
  0 0 1,0 0 1,
  0 0 1,0 0 1,
  0 0 1,0 0 1,
  0 0 1,0 0 1,
  0 0 1,0 0 1,
  0 0 1,0 0 1,
  0 0 1,0 0 1,
  0 0 1,0 0 1,
  0 0 1,0 0 1,
  0 0 1,0 0 1,
  0 0 1,0 0 1,
  0 0 1,0 0 1,
  0 0 1,0 0 1,
  0 0 1,0 0 1,
  0 0 1,0 0 1,
  0 0 1,0 0 1,
  0 0 1,0 0 1,
  0 0 1,0 0 1,
  0 0 1,0 0 1,
  0 0 1,0 0 1,
  0 0 1,0 0 1,
  0 0 1,0 0 1,
  0 0 1,0 0 1,
  0 0 1,0 0 1,
  0 0 1,0 0 1,
  0 0 1,0 0 1,
  0 0 1,0 0 1,
  0 0 1,0 0 1,
  0 0 1,0 0 1,
  0 0 1,0 0 1,
  0 0 1,0 0 1,
  0 0 1,0 0 1,
  0 0 1,0 0 1,
  0 0 1,0 0 1,
  0 0 1,0 0 1,
  0 0 1,0 0 1,
  0 0 1,0 0 1,
  0 0 1,0 0 1,
  0 0 1,0 0 1,
  0 0 1,0 0 1,
  0 0 1,0 0 1,
  0 0 1,0 0 1,
  0 0 1,0 0 1,
  0 0 1,0 0 1,
  0 0 1,0 0 1,
  0 0 1,0 0 1,
  0 0 1,0 0 1,
  0 0 1,0 0 1,
  0 0 1,0 0 1,
  0 0 1,0 0 1,
  0 0 1,0 0 1,
  0 0 1,0 0 1,
  0 0 1,0 0 1,
  0 0 1,0 0 1,
  0 0 1,0 0 1,
  0 0 1,0 0 1,
  0 0 1,0 0 1,
  0 0 1,0 0 1,
  0 0 1,0 0 1,
  0 0 1,0 0 1,
  0 0 1,0 0 1,
  0 0 1,0 0 1,
  0 0 1,0 0 1,
  0 0 1,0 0 1,
  0 0 1,0 0 1,
  0 0 1,0 0 1,
  0 0 1,0 0 1,
  0 0 1,0 0 1,
  0 0 1,0 0 1,
  0 0 1,0 0 1,
  0 0 1,0 0 1,
  0 0 1,0 0 1,
  0 0 1,0 0 1,
  0 0 1,0 0 1,
  0 0 1,0 0 1,
  0 0 1,0 0 1,
  0 0 1,0 0 1,
  0 0 1,0 0 1,
  0 0 1,0 0 1,
  0 0 1,0 0 1,
  0 0 1,0 0 1,
  0 0 1,0 0 1,
  0 0 1,0 0 1,
  0 0 1,0 0 1,
  0 0 1,0 0 1,
  0 0 1,0 0 1,
  0 0 1,0 0 1,
  0 0 1,0 0 1,
  0 0 1,0 0 1,
  0 0 1,0 0 1,
  0 0 1,0 0 1,
  0 0 1,0 0 1,
  0 0 1,0 0 1,
  0 0 1,0 0 1,
  0 0 1,0 0 1,
  0 0 1,0 0 1,
  0 0 1,0 0 1,
  0 0 1,0 0 1,
  0 0 1,0 0 1,
  0 0 1,0 0 1,
  0 0 1,0 0 1,
  0 0 1,0 0 1,
  0 0 1,0 0 1,
  0 0 1,0 0 1,
  0 0 1,0 0 1,
  0 0 1,0 0 1,
  0 0 1,0 0 1,
  0 0 1,0 0 1,
  0 0 1,0 0 1,
  0 0 1,0 0 1,
  0 0 1,0 0 1,
  0 0 1,0 0 1,
  0 0 1,0 0 1,
  0 0 1,0 0 1,
  0 0 1,0 0 1,
  0 0 1,0 0 1,
  0 0 1,0 0 1,
  0 0 1,0 0 1,
  0 0 1,0 0 1,
  0 0 1,0 0 1,
  0 0 1,0 0 1,
  0 0 1,0 0 1,
  0 0 1,0 0 1,
  0 0 1,0 0 1,
  0 0 1,0 0 1,
  0 0 1,0 0 1,
  0 0 1,0 0 1,
  0 0 1,0 0 1,
  0 0 1,0 0 1,
  0 0 1,0 0 1,
  0 0 1,0 0 1,
  0 0 1,0 0 1,
  0 0 1,0 0 1,
  0 0 1,0 0 1,
  0 0 1,0 0 1,
  0 0 1,0 0 1,
  0 0 1,0 0 1,
  0 0 1,0 0 1,
  0 0 1,0 0 1,
  0 0 1,0 0 1,
  0 0 1,0 0 1,
  0 0 1,0 0 1,
  0 0 1,0 0 1,
  0 0 1,0 0 1,
  0 0 1,0 0 1,
  0 0 1,0 0 1,
  0 0 1,0 0 1,
  0 0 1,0 0 1,
  0 0 1,0 0 1,
  0 0 1,0 0 1,
  0 0 1,0 0 1,
  0 0 1,0 0 1,
  0 0 1,0 0 1,
  0 0 1,0 0 1,
  0 0 1,0 0 1,
  0 0 1,0 0 1,
  0 0 1,0 0 1,
  0 0 1,0 0 1,
  0 0 1,0 0 1,
  0 0 1,0 0 1,
  0 0 1,0 0 1,
  0 0 1,0 0 1,
  0 0 1,0 0 1,
  0 0 1,0 0 1,
  0 0 1,0 0 1,
  0 0 1,0 0 1,
  0 0 1,0 0 1,
  0 0 1,0 0 1,
  0 0 1,0 0 1,
  0 0 1,0 0 1,
  0 0 1,0 0 1,
  0 0 1,0 0 1,
  0 0 1,0 0 1,
  0 0 1,0 0 1,
  0 0 1,0 0 1,
  0 0 1,0 0 1,
  0 0 1,0 0 1,
  0 0 1,0 0 1,
  0 0 1,0 0 1,
  0 0 1,0 0 1,
  0 0 1,0 0 1,
  0 0 1,0 0 1,
  0 0 1,0 0 1,
  0 0 1,0 0 1,
  0 0 1,0 0 1,
  0 0 1,0 0 1,
  0 0 1,0 0 1,
  0 0 1,0 0 1,
  0 0 1,0 0 1,
  0 0 1,0 0 1,
  0 0 1,0 0 1,
  0 0 1,0 0 1,
  0 0 1,0 0 1,
  0 0 1,0 0 1,
  0 0 1,0 0 1,
  0 0 1,0 0 1,
  0 0 1,0 0 1,
  0 0 1,0 0 1,
  0 0 1,0 0 1,
  0 0 1,0 0 1,
  0 0 1,0 0 1,
  0 0 1,0 0 1,
  0 0 1,0 0 1,
  0 0 1,0 0 1,
  0 0 1,0 0 1,
  0 0 1,0 0 1,
  0 0 1,0 0 1,
  0 0 1,0 0 1,
  0 0 1,0 0 1,
  0 0 1,0 0 1,
  0 0 1,0 0 1,
  0 0 1,0 0 1,
  0 0 1,0 0 1,
  0 0 1,0 0 1,
  0 0 1,0 0 1,
  0 0 1,0 0 1,
  0 0 1,0 0 1,
  0 0 1,0 0 1,
  0 0 1,0 0 1,
  0 0 1,0 0 1,
  0 0 1,0 0 1,
  0 0 1,0 0 1,
  0 0 1,0 0 1,
  0 0 1,0 0 1,
  0 0 1,0 0 1,
  0 0 1,0 0 1,
  0 0 1,0 0 1,
  0 0 1,0 0 1,
  0 0 1,0 0 1,
  0 0 1,0 0 1,
  0 0 1,0 0 1,
  0 0 1,0 0 1,
  0 0 1,0 0 1,
  0 0 1,0 0 1,
  0 0 1,0 0 1,
  0 0 1,0 0 1,
  0 0 1,0 0 1,
  0 0 1,0 0 1,
  0 0 1,0 0 1,
  0 0 1,0 0 1,
  0 0 1,0 0 1,
  0 0 1,0 0 1,
  0 0 1,0 0 1,
  0 0 1,0 0 1,
  0 0 1,0 0 1,
  0 0 1,0 0 1,
  0 0 1,0 0 1,
  0 0 1,0 0 1,
  0 0 1,0 0 1,
  0 0 1,0 0 1,
  0 0 1,0 0 1,
  0 0 1,0 0 1,
  0 0 1,0 0 1,
  0 0 1,0 0 1,
  0 0 1,0 0 1,
  0 0 1,0 0 1,
  0 0 1,0 0 1,
  0 0 1,0 0 1,
  0 0 1,0 0 1,
  0 0 1,0 0 1,
  0 0 1,0 0 1,
  0 0 1,0 0 1,
  0 0 1,0 0 1,
  0 0 1,0 0 1,
  0 0 1,0 0 1,
  0 0 1,0 0 1,
  0 0 1,0 0 1,
  0 0 1,0 0 1,
  0 0 1,0 0 1,
  0 0 1,0 0 1,
  0 0 1,0 0 1,
  0 0 1,0 0 1,
  0 0 1,0 0 1,
  0 0 1,0 0 1,
  0 0 1,0 0 1,
  0 0 1,0 0 1,
  0 0 1,0 0 1,
  0 0 1,0 0 1,
  0 0 1,0 0 1,
  0 0 1,0 0 1,
  0 0 1,0 0 1,
  0 0 1,0 0 1,
  0 0 1,0 0 1,
  0 0 1,0 0 1,
  0 0 1,0 0 1,
  0 0 1,0 0 1,
  0 0 1,0 0 1,
  0 0 1,0 0 1,
  0 0 1,0 0 1,
  0 0 1,0 0 1,
  0 0 1,0 0 1,
  0 0 1,0 0 1,
  0 0 1,0 0 1,
  0 0 1,0 0 1,
  0 0 1,0 0 1,
  0 0 1,0 0 1,
  0 0 1,0 0 1,
  0 0 1,0 0 1,
  0 0 1,0 0 1,
  0 0 1,0 0 1,
  0 0 1,0 0 1,
  0 0 1,0 0 1,
  0 0 1,0 0 1,
  0 0 1,0 0 1,
  0 0 1,0 0 1,
  0 0 1,0 0 1,
  0 0 1,0 0 1,
  0 0 1,0 0 1,
  0 0 1,0 0 1,
  0 0 1,0 0 1,
  0 0 1,0 0 1,
  0 0 1,0 0 1,
  0 0 1,0 0 1,
  0 0 1,0 0 1,
  0 0 1,0 0 1,
  0 0 1,0 0 1,
  0 0 1,0 0 1,
  0 0 1,0 0 1,
  0 0 1,0 0 1,
  0 0 1,0 0 1,
  0 0 1,0 0 1,
  0 0 1,0 0 1,
  0 0 1,0 0 1,
  0 0 1,0 0 1,
  0 0 1,0 0 1,
  0 0 1,0 0 1,
  0 0 1,0 0 1,
  0 0 1,0 0 1,
  0 0 1,0 0 1,
  0 0 1,0 0 1,
  0 0 1,0 0 1,
  0 0 1,0 0 1,
  0 0 1,0 0 1,
  0 0 1,0 0 1,
  0 0 1,0 0 1,
  0 0 1,0 0 1,
  0 0 1,0 0 1,
  0 0 1,0 0 1,
  0 0 1,0 0 1,
  0 0 1,0 0 1,
  0 0 1,0 0 1,
  0 0 1,0 0 1,
  0 0 1,0 0 1,
  0 0 1,0 0 1,
  0 0 1,0 0 1,
  0 0 1,0 0 1,
  0 0 1,0 0 1,
  0 0 1,0 0 1,
  0 0 1,0 0 1,
  0 0 1,0 0 1,
  0 0 1,0 0 1,
  0 0 1,0 0 1,
  0 0 1,0 0 1,
  0 0 1,0 0 1,
  0 0 1,0 0 1,
  0 0 1,0 0 1,
  0 0 1,0 0 1,
  0 0 1,0 0 1,
  0 0 1,0 0 1,
  0 0 1,0 0 1,
  0 0 1,0 0 1,
  0 0 1,0 0 1,
  0 0 1,0 0 1,
  0 0 1,0 0 1,
  0 0 1,0 0 1,
  0 0 1,0 0 1,
  0 0 1,0 0 1,
  0 0 1,0 0 1,
  0 0 1,0 0 1,
  0 0 1,0 0 1,
  0 0 1,0 0 1,
  0 0 1,0 0 1,
  0 0 1,0 0 1,
  0 0 1,0 0 1,
  0 0 1,0 0 1,
  0 0 1,0 0 1,
  0 0 1,0 0 1,
  0 0 1,0 0 1,
  0 0 1,0 0 1,
  0 0 1,0 0 1,
  0 0 1,0 0 1,
  0 0 1,0 0 1,
  0 0 1,0 0 1,
  0 0 1,0 0 1,
  0 0 1,0 0 1,
  0 0 1,0 0 1,
  0 0 1,0 0 1,
  0 0 1,0 0 1,
  0 0 1,0 0 1,
  0 0 1,0 0 1,
  0 0 1,0 0 1,
  0 0 1,0 0 1,
  0 0 1,0 0 1,
  0 0 1,0 0 1,
  0 0 1,0 0 1,
  0 0 1,0 0 1,
  0 0 1,0 0 1,
  0 0 1,0 0 1,
  0 0 1,0 0 1,
  0 0 1,0 0 1,
  0 0 1,0 0 1,
  0 0 1,0 0 1,
  0 0 1,0 0 1,
  0 0 1,0 0 1,
  0 0 1,0 0 1,
  0 0 1,0 0 1,
  0 0 1,0 0 1,
  0 0 1,0 0 1,
  0 0 1,0 0 1,
  0 0 1,0 0 1,
  0 0 1,0 0 1,
  0 0 1,0 0 1,
  0 0 1,0 0 1,
  0 0 1,0 0 1,
  0 0 1,0 0 1,
  0 0 1,0 0 1,
  0 0 1,0 0 1,
  0 0 1,0 0 1,
  0 0 1,0 0 1,
  0 0 1,0 0 1,
  0 0 1,0 0 1,
  0 0 1,0 0 1,
  0 0 1,0 0 1,
  0 0 1,0 0 1,
  0 0 1,0 0 1,
  0 0 1,0 0 1,
  0 0 1,0 0 1,
  0 0 1,0 0 1,
  0 0 1,0 0 1,
  0 0 1,0 0 1,
  0 0 1,0 0 1,
  0 0 1,0 0 1,
  0 0 1,0 0 1,
  0 0 1,0 0 1,
  0 0 1,0 0 1,
  0 0 1,0 0 1,
  0 0 1,0 0 1,
  0 0 1,0 0 1,
  0 0 1,0 0 1,
  0 0 1,0 0 1,
  0 0 1,0 0 1,
  0 0 1,0 0 1,
  0 0 1,0 0 1,
  0 0 1,0 0 1,
  0 0 1,0 0 1,
  0 0 1,0 0 1,
  0 0 1,0 0 1,
  0 0 1,0 0 1,
  0 0 1,0 0 1,
  0 0 1,0 0 1,
  0 0 1,0 0 1,
  0 0 1,0 0 1,
  0 0 1,0 0 1,
  0 0 1,0 0 1,
  0 0 1,0 0 1,
  0 0 1,0 0 1,
  0 0 1,0 0 1,
  0 0 1,0 0 1,
  0 0 1,0 0 1,
  0 0 1,0 0 1,
  0 0 1,0 0 1,
  0 0 1,0 0 1,
  0 0 1,0 0 1,
  0 0 1,0 0 1,
  0 0 1,0 0 1,
  0 0 1,0 0 1,
  0 0 1,0 0 1,
  0 0 1,0 0 1,
  0 0 1,0 0 1,
  0 0 1,0 0 1,
  0 0 1,0 0 1,
  0 0 1,0 0 1,
  0 0 1,0 0 1,
  0 0 1,0 0 1,
  0 0 1,0 0 1,
  0 0 1,0 0 1,
  0 0 1,0 0 1,
  0 0 1,0 0 1,
  0 0 1,0 0 1,
  0 0 1,0 0 1,
  0 0 1,0 0 1,
  0 0 1,0 0 1,
  0 0 1,0 0 1,
  0 0 1,0 0 1,
  0 0 1,0 0 1,
  0 0 1,0 0 1,
  0 0 1,0 0 1,
  0 0 1,0 0 1,
  0 0 1,0 0 1,
  0 0 1,0 0 1,
  0 0 1,0 0 1,
  0 0 1,0 0 1,
  0 0 1,0 0 1,
  0 0 1,0 0 1,
  0 0 1,0 0 1,
  0 0 1,0 0 1,
  0 0 1,0 0 1,
  0 0 1,0 0 1,
  0 0 1,0 0 1,
  0 0 1,0 0 1,
  0 0 1,0 0 1,
  0 0 1,0 0 1,
  0 0 1,0 0 1,
  0 0 1,0 0 1,
  0 0 1,0 0 1,
  0 0 1,0 0 1,
  0 0 1,0 0 1,
  0 0 1,0 0 1,
  0 0 1,0 0 1,
  0 0 1,0 0 1,
  0 0 1,0 0 1,
  0 0 1,0 0 1,
  0 0 1,0 0 1,
  0 0 1,0 0 1,
  0 0 1,0 0 1,
  0 0 1,0 0 1,
  0 0 1,0 0 1,
  0 0 1,0 0 1,
  0 0 1,0 0 1,
  0 0 1,0 0 1,
  0 0 1,0 0 1,
  0 0 1,0 0 1,
  0 0 1,0 0 1,
  0 0 1,0 0 1,
  0 0 1,0 0 1,
  0 0 1,0 0 1,
  0 0 1,0 0 1,
  0 0 1,0 0 1,
  0 0 1,0 0 1,
  0 0 1,0 0 1,
  0 0 1,0 0 1,
  0 0 1,0 0 1,
  0 0 1,0 0 1,
  0 0 1,0 0 1,
  0 0 1,0 0 1,
  0 0 1,0 0 1,
  0 0 1,0 0 1,
  0 0 1,0 0 1,
  0 0 1,0 0 1,
  0 0 1,0 0 1,
  0 0 1,0 0 1,
  0 0 1,0 0 1,
  0 0 1,0 0 1,
  0 0 1,0 0 1,
  0 0 1,0 0 1,
  0 0 1,0 0 1,
  0 0 1,0 0 1,
  0 0 1,0 0 1,
  0 0 1,0 0 1,
  0 0 1,0 0 1,
  0 0 1,0 0 1,
  0 0 1,0 0 1,
  0 0 1,0 0 1,
  0 0 1,0 0 1,
  0 0 1,0 0 1,
  0 0 1,0 0 1,
  0 0 1,0 0 1,
  0 0 1,0 0 1,
  0 0 1,0 0 1,
  0 0 1,0 0 1,
  0 0 1,0 0 1,
  0 0 1,0 0 1,
  0 0 1,0 0 1,
  0 0 1,0 0 1,
  0 0 1,0 0 1,
  0 0 1,0 0 1,
  0 0 1,0 0 1,
  0 0 1,0 0 1,
  0 0 1,0 0 1,
  0 0 1,0 0 1,
  0 0 1,0 0 1,
  0 0 1,0 0 1,
  0 0 1,0 0 1,
  0 0 1,0 0 1,
  0 0 1,0 0 1,
  0 0 1,0 0 1,
  0 0 1,0 0 1,
  0 0 1,0 0 1,
  0 0 1,0 0 1,
  0 0 1,0 0 1,
  0 0 1,0 0 1,
  0 0 1,0 0 1,
  0 0 1,0 0 1,
  0 0 1,0 0 1,
  0 0 1,0 0 1,
  0 0 1,0 0 1,
  0 0 1,0 0 1,
  0 0 1,0 0 1,
  0 0 1,0 0 1,
  0 0 1,0 0 1,
  0 0 1,0 0 1,
  0 0 1,0 0 1,
  0 0 1,0 0 1,
  0 0 1,0 0 1,
  0 0 1,0 0 1,
  0 0 1,0 0 1,
  0 0 1,0 0 1,
  0 0 1,0 0 1,
  0 0 1,0 0 1,
  0 0 1,0 0 1,
  0 0 1,0 0 1,
  0 0 1,0 0 1,
  0 0 1,0 0 1,
  0 0 1,0 0 1,
  0 0 1,0 0 1,
  0 0 1,0 0 1,
  0 0 1,0 0 1,
  0 0 1,0 0 1,
  0 0 1,0 0 1,
  0 0 1,0 0 1,
  0 0 1,0 0 1,
  0 0 1,0 0 1,
  0 0 1,0 0 1,
  0 0 1,0 0 1,
  0 0 1,0 0 1,
  0 0 1,0 0 1,
  0 0 1,0 0 1,
  0 0 1,0 0 1,
  0 0 1,0 0 1,
  0 0 1,0 0 1,
  0 0 1,0 0 1,
  0 0 1,0 0 1,
  0 0 1,0 0 1,
  0 0 1,0 0 1,
  0 0 1,0 0 1,
  0 0 1,0 0 1,
  0 0 1,0 0 1,
  0 0 1,0 0 1,
  0 0 1,0 0 1,
  0 0 1,0 0 1,
  0 0 1,0 0 1,
  0 0 1,0 0 1,
  0 0 1,0 0 1,
  0 0 1,0 0 1,
  0 0 1,0 0 1,
  0 0 1,0 0 1,
  0 0 1,0 0 1,
  0 0 1,0 0 1,
  0 0 1,0 0 1,
  0 0 1,0 0 1,
  0 0 1,0 0 1,
  0 0 1,0 0 1,
  0 0 1,0 0 1,
  0 0 1,0 0 1,
  0 0 1,0 0 1,
  0 0 1,0 0 1,
  0 0 1,0 0 1,
  0 0 1,0 0 1,
  0 0 1,0 0 1,
  0 0 1,0 0 1,
  0 0 1,0 0 1,
  0 0 1,0 0 1,
  0 0 1,0 0 1,
  0 0 1,0 0 1,
  0 0 1,0 0 1,
  0 0 1,0 0 1,
  0 0 1,0 0 1,
  0 0 1,0 0 1,
  0 0 1,0 0 1,
  0 0 1,0 0 1,
  0 0 1,0 0 1,
  0 0 1,0 0 1,
  0 0 1,0 0 1,
  0 0 1,0 0 1,
  0 0 1,0 0 1,
  0 0 1,0 0 1,
  0 0 1,0 0 1,
  0 0 1,0 0 1,
  0 0 1,0 0 1,
  0 0 1,0 0 1,
  0 0 1,0 0 1,
  0 0 1,0 0 1,
  0 0 1,0 0 1,
  0 0 1,0 0 1,
  0 0 1,0 0 1,
  0 0 1,0 0 1,
  0 0 1,0 0 1,
  0 0 1,0 0 1,
  0 0 1,0 0 1,
  0 0 1,0 0 1,
  0 0 1,0 0 1,
  0 0 1,0 0 1,
  0 0 1,0 0 1,
  0 0 1,0 0 1,
  0 0 1,0 0 1,
  0 0 1,0 0 1,
  0 0 1,0 0 1,
  0 0 1,0 0 1,
  0 0 1,0 0 1,
  0 0 1,0 0 1,
  0 0 1,0 0 1,
  0 0 1,0 0 1,
  0 0 1,0 0 1,
  0 0 1,0 0 1,
  0 0 1,0 0 1,
  0 0 1,0 0 1,
  0 0 1,0 0 1,
  0 0 1,0 0 1,
  0 0 1,0 0 1,
  0 0 1,0 0 1,
  0 0 1,0 0 1,
  0 0 1,0 0 1,
  0 0 1,0 0 1,
  0 0 1,0 0 1,
  0 0 1,0 0 1,
  0 0 1,0 0 1,
  0 0 1,0 0 1,
  0 0 1,0 0 1,
  0 0 1,0 0 1,
  0 0 1,0 0 1,
  0 0 1,0 0 1,
  0 0 1,0 0 1,
  0 0 1,0 0 1,
  0 0 1,0 0 1,
  0 0 1,0 0 1,
  0 0 1,0 0 1,
  0 0 1,0 0 1,
  0 0 1,0 0 1,
  0 0 1,0 0 1,
  0 0 1,0 0 1,
  0 0 1,0 0 1,
  0 0 1,0 0 1,
  0 0 1,0 0 1,
  0 0 1,0 0 1,
  0 0 1,0 0 1,
  0 0 1,0 0 1,
  0 0 1,0 0 1,
  0 0 1,0 0 1,
  0 0 1,0 0 1,
  0 0 1,0 0 1,
  0 0 1,0 0 1,
  0 0 1,0 0 1,
  0 0 1,0 0 1,
  0 0 1,0 0 1,
  0 0 1,0 0 1,
  0 0 1,0 0 1,
  0 0 1,0 0 1,
  0 0 1,0 0 1,
  0 0 1,0 0 1,
  0 0 1,0 0 1,
  0 0 1,0 0 1,
  0 0 1,0 0 1,
  0 0 1,0 0 1,
  0 0 1,0 0 1,
  0 0 1,0 0 1,
  0 0 1,0 0 1,
  0 0 1,0 0 1,
  0 0 1,0 0 1,
  0 0 1,0 0 1,
  0 0 1,0 0 1,
  0 0 1,0 0 1,
  0 0 1,0 0 1,
  0 0 1,0 0 1,
  0 0 1,0 0 1,
  0 0 1,0 0 1,
  0 0 1,0 0 1,
  0 0 1,0 0 1,
  0 0 1,0 0 1,
  0 0 1,0 0 1,
  0 0 1,0 0 1,
  0 0 1,0 0 1,
  0 0 1,0 0 1,
  0 0 1,0 0 1,
  0 0 1,0 0 1,
  0 0 1,0 0 1,
  0 0 1,0 0 1,
  0 0 1,0 0 1,
  0 0 1,0 0 1,
  0 0 1,0 0 1,
  0 0 1,0 0 1,
  0 0 1,0 0 1,
  0 0 1,0 0 1,
  0 0 1,0 0 1,
  0 0 1,0 0 1,
  0 0 1,0 0 1,
  0 0 1,0 0 1,
  0 0 1,0 0 1,
  0 0 1,0 0 1,
  0 0 1,0 0 1,
  0 0 1,0 0 1,
  0 0 1,0 0 1,
  0 0 1,0 0 1,
  0 0 1,0 0 1,
  0 0 1,0 0 1,
  0 0 1,0 0 1,
  0 0 1,0 0 1,
  0 0 1,0 0 1,
  0 0 1,0 0 1,
  0 0 1,0 0 1,
  0 0 1,0 0 1,
  0 0 1,0 0 1,
  0 0 1,0 0 1,
  0 0 1,0 0 1,
  0 0 1,0 0 1,
  0 0 1,0 0 1,
  0 0 1,0 0 1,
  0 0 1,0 0 1,
  0 0 1,0 0 1,
  0 0 1,0 0 1,
  0 0 1,0 0 1,
  0 0 1,0 0 1,
  0 0 1,0 0 1,
  0 0 1,0 0 1,
  0 0 1,0 0 1,
  0 0 1,0 0 1,
  0 0 1,0 0 1,
  0 0 1,0 0 1,
  0 0 1,0 0 1,
  0 0 1,0 0 1,
  0 0 1,0 0 1,
  0 0 1,0 0 1,
  0 0 1,0 0 1,
  0 0 1,0 0 1,
  0 0 1,0 0 1,
  0 0 1,0 0 1,
  0 0 1,0 0 1,
  0 0 1,0 0 1,
  0 0 1,0 0 1,
  0 0 1,0 0 1,
  0 0 1,0 0 1,
  0 0 1,0 0 1,
  0 0 1,0 0 1,
  0 0 1,0 0 1,
  0 0 1,0 0 1,
  0 0 1,0 0 1,
  0 0 1,0 0 1,
  0 0 1,0 0 1,
  0 0 1,0 0 1,
  0 0 1,0 0 1,
  0 0 1,0 0 1,
  0 0 1,0 0 1,
  0 0 1,0 0 1,
  0 0 1,0 0 1,
  0 0 1,0 0 1,
  0 0 1,0 0 1,
  0 0 1,0 0 1,
  0 0 1,0 0 1,
  0 0 1,0 0 1,
  0 0 1,0 0 1,
  0 0 1,0 0 1,
  0 0 1,0 0 1,
  0 0 1,0 0 1,
  0 0 1,0 0 1,
  0 0 1,0 0 1,
  0 0 1,0 0 1,
  0 0 1,0 0 1,
  0 0 1,0 0 1,
  0 0 1,0 0 1,
  0 0 1,0 0 1,
  0 0 1,0 0 1,
  0 0 1,0 0 1,
  0 0 1,0 0 1,
  0 0 1,0 0 1,
  0 0 1,0 0 1,
  0 0 1,0 0 1,
  0 0 1,0 0 1,
  0 0 1,0 0 1,
  0 0 1,0 0 1,
  0 0 1,0 0 1,
  0 0 1,0 0 1,
  0 0 1,0 0 1,
  0 0 1,0 0 1,
  0 0 1,0 0 1,
  0 0 1,0 0 1,
  0 0 1,0 0 1,
  0 0 1,0 0 1,
  0 0 1,0 0 1,
  0 0 1,0 0 1,
  0 0 1,0 0 1,
  0 0 1,0 0 1,
  0 0 1,0 0 1,
  0 0 1,0 0 1,
  0 0 1,0 0 1,
  0 0 1,0 0 1,
  0 0 1,0 0 1,
  0 0 1,0 0 1,
  0 0 1,0 0 1,
  0 0 1,0 0 1,
  0 0 1,0 0 1,
  0 0 1,0 0 1,
  0 0 1,0 0 1,
  0 0 1,0 0 1,
  0 0 1,0 0 1,
  0 0 1,0 0 1,
  0 0 1,0 0 1,
  0 0 1,0 0 1,
  0 0 1,0 0 1,
  0 0 1,0 0 1,
  0 0 1,0 0 1,
  0 0 1,0 0 1,
  0 0 1,0 0 1,
  0 0 1,0 0 1,
  0 0 1,0 0 1,
  0 0 1,0 0 1,
  0 0 1,0 0 1,
  0 0 1,0 0 1,
  0 0 1,0 0 1,
  0 0 1,0 0 1,
  0 0 1,0 0 1,
  0 0 1,0 0 1,
  0 0 1,0 0 1,
  0 0 1,0 0 1,
  0 0 1,0 0 1,
  0 0 1,0 0 1,
  0 0 1,0 0 1,
  0 0 1,0 0 1,
  0 0 1,0 0 1,
  0 0 1,0 0 1,
  0 0 1,0 0 1,
  0 0 1,0 0 1,
  0 0 1,0 0 1,
  0 0 1,0 0 1,
  0 0 1,0 0 1,
  0 0 1,0 0 1,
  0 0 1,0 0 1,
  0 0 1,0 0 1,
  0 0 1,0 0 1,
  0 0 1,0 0 1,
  0 0 1,0 0 1,
  0 0 1,0 0 1,
  0 0 1,0 0 1,
  0 0 1,0 0 1,
  0 0 1,0 0 1,
  0 0 1,0 0 1,
  0 0 1,0 0 1,
  0 0 1,0 0 1,
  0 0 1,0 0 1,
  0 0 1,0 0 1,
  0 0 1,0 0 1,
  0 0 1,0 0 1,
  0 0 1,0 0 1,
  0 0 1,0 0 1,
  0 0 1,0 0 1,
  0 0 1,0 0 1,
  0 0 1,0 0 1,
  0 0 1,0 0 1,
  0 0 1,0 0 1,
  0 0 1,0 0 1,
  0 0 1,0 0 1,
  0 0 1,0 0 1,
  0 0 1,0 0 1,
  0 0 1,0 0 1,
  0 0 1,0 0 1,
  0 0 1,0 0 1,
  0 0 1,0 0 1,
  0 0 1,0 0 1,
  0 0 1,0 0 1,
  0 0 1,0 0 1,
  0 0 1,0 0 1,
  0 0 1,0 0 1,
  0 0 1,0 0 1,
  0 0 1,0 0 1,
  0 0 1,0 0 1,
  0 0 1,0 0 1,
  0 0 1,0 0 1,
  0 0 1,0 0 1,
  0 0 1,0 0 1,
  0 0 1,0 0 1,
  0 0 1,0 0 1,
  0 0 1,0 0 1,
  0 0 1,0 0 1,
  0 0 1,0 0 1,
  0 0 1,0 0 1,
  0 0 1,0 0 1,
  0 0 1,0 0 1,
  0 0 1,0 0 1,
  0 0 1,0 0 1,
  0 0 1,0 0 1,
  0 0 1,0 0 1,
  0 0 1,0 0 1,
  0 0 1,0 0 1,
  0 0 1,0 0 1,
  0 0 1,0 0 1,
  0 0 1,0 0 1,
  0 0 1,0 0 1,
  0 0 1,0 0 1,
  0 0 1,0 0 1,
  0 0 1,0 0 1,
  0 0 1,0 0 1,
  0 0 1,0 0 1,
  0 0 1,0 0 1,
  0 0 1,0 0 1,
  0 0 1,0 0 1,
  0 0 1,0 0 1,
  0 0 1,0 0 1,
  0 0 1,0 0 1,
  0 0 1,0 0 1,
  0 0 1,0 0 1,
  0 0 1,0 0 1,
  0 0 1,0 0 1,
  0 0 1,0 0 1,
  0 0 1,0 0 1,
  0 0 1,0 0 1,
  0 0 1,0 0 1,
  0 0 1,0 0 1,
  0 0 1,0 0 1,
  0 0 1,0 0 1,
  0 0 1,0 0 1,
  0 0 1,0 0 1,
  0 0 1,0 0 1,
  0 0 1,0 0 1,
  0 0 1,0 0 1,
  0 0 1,0 0 1,
  0 0 1,0 0 1,
  0 0 1,0 0 1,
  0 0 1,0 0 1,
  0 0 1,0 0 1,
  0 0 1,0 0 1,
  0 0 1,0 0 1,
  0 0 1,0 0 1,
  0 0 1,0 0 1,
  0 0 1,0 0 1,
  0 0 1,0 0 1,
  0 0 1,0 0 1,
  0 0 1,0 0 1,
  0 0 1,0 0 1,
  0 0 1,0 0 1,
  0 0 1,0 0 1,
  0 0 1,0 0 1,
  0 0 1,0 0 1,
  0 0 1,0 0 1,
  0 0 1,0 0 1,
  0 0 1,0 0 1,
  0 0 1,0 0 1,
  0 0 1,0 0 1,
  0 0 1,0 0 1,
  0 0 1,0 0 1,
  0 0 1,0 0 1,
  0 0 1,0 0 1,
  0 0 1,0 0 1,
  0 0 1,0 0 1,
  0 0 1,0 0 1,
  0 0 1,0 0 1,
  0 0 1,0 0 1,
  0 0 1,0 0 1,
  0 0 1,0 0 1,
  0 0 1,0 0 1,
  0 0 1,0 0 1,
  0 0 1,0 0 1,
  0 0 1,0 0 1,
  0 0 1,0 0 1,
  0 0 1,0 0 1,
  0 0 1,0 0 1,
  0 0 1,0 0 1,
  0 0 1,0 0 1,
  0 0 1,0 0 1,
  0 0 1,0 0 1,
  0 0 1,0 0 1,
  0 0 1,0 0 1,
  0 0 1,0 0 1,
  0 0 1,0 0 1,
  0 0 1,0 0 1,
  0 0 1,0 0 1,
  0 0 1,0 0 1,
  0 0 1,0 0 1,
  0 0 1,0 0 1,
  0 0 1,0 0 1,
  0 0 1,0 0 1,
  0 0 1,0 0 1,
  0 0 1,0 0 1,
  0 0 1,0 0 1,
  0 0 1,0 0 1,
  0 0 1,0 0 1,
  0 0 1,0 0 1,
  0 0 1,0 0 1,
  0 0 1,0 0 1,
  0 0 1,0 0 1,
  0 0 1,0 0 1,
  0 0 1,0 0 1,
  0 0 1,0 0 1,
  0 0 1,0 0 1,
  0 0 1,0 0 1,
  0 0 1,0 0 1,
  0 0 1,0 0 1,
  0 0 1,0 0 1,
  0 0 1,0 0 1,
  0 0 1,0 0 1,
  0 0 1,0 0 1,
  0 0 1,0 0 1,
  0 0 1,0 0 1,
  0 0 1,0 0 1,
  0 0 1,0 0 1,
  0 0 1,0 0 1,
  0 0 1,0 0 1,
  0 0 1,0 0 1,
  0 0 1,0 0 1,
  0 0 1,0 0 1,
  0 0 1,0 0 1,
  0 0 1,0 0 1,
  0 0 1,0 0 1,
  0 0 1,0 0 1,
  0 0 1,0 0 1,
  0 0 1,0 0 1,
  0 0 1,0 0 1,
  0 0 1,0 0 1,
  0 0 1,0 0 1,
  0 0 1,0 0 1,
  0 0 1,0 0 1,
  0 0 1,0 0 1,
  0 0 1,0 0 1,
  0 0 1,0 0 1,
  0 0 1,0 0 1,
  0 0 1,0 0 1,
  0 0 1,0 0 1,
  0 0 1,0 0 1,
  0 0 1,0 0 1,
  0 0 1,0 0 1,
  0 0 1,0 0 1,
  0 0 1,0 0 1,
  0 0 1,0 0 1,
  0 0 1,0 0 1,
  0 0 1,0 0 1,
  0 0 1,0 0 1,
  0 0 1,0 0 1,
  0 0 1,0 0 1,
  0 0 1,0 0 1,
  0 0 1,0 0 1,
  0 0 1,0 0 1,
  0 0 1,0 0 1,
  0 0 1,0 0 1,
  0 0 1,0 0 1,
  0 0 1,0 0 1,
  0 0 1,0 0 1,
  0 0 1,0 0 1,
  0 0 1,0 0 1,
  0 0 1,0 0 1,
  0 0 1,0 0 1,
  0 0 1,0 0 1,
  0 0 1,0 0 1,
  0 0 1,0 0 1,
  0 0 1,0 0 1,
  0 0 1,0 0 1,
  0 0 1,0 0 1,
  0 0 1,0 0 1,
  0 0 1,0 0 1,
  0 0 1,0 0 1,
  0 0 1,0 0 1,
  0 0 1,0 0 1,
  0 0 1,0 0 1,
  0 0 1,0 0 1,
  0 0 1,0 0 1,
  0 0 1,0 0 1,
  0 0 1,0 0 1,
  0 0 1,0 0 1,
  0 0 1,0 0 1,
  0 0 1,0 0 1,
  0 0 1,0 0 1,
  0 0 1,0 0 1,
  0 0 1,0 0 1,
  0 0 1,0 0 1,
  0 0 1,0 0 1,
  0 0 1,0 0 1,
  0 0 1,0 0 1,
  0 0 1,0 0 1,
  0 0 1,0 0 1,
  0 0 1,0 0 1,
  0 0 1,0 0 1,
  0 0 1,0 0 1,
  0 0 1,0 0 1,
  0 0 1,0 0 1,
  0 0 1,0 0 1,
  0 0 1,0 0 1,
  0 0 1,0 0 1,
  0 0 1,0 0 1,
  0 0 1,0 0 1,
  0 0 1,0 0 1,
  0 0 1,0 0 1,
  0 0 1,0 0 1,
  0 0 1,0 0 1,
  0 0 1,0 0 1,
  0 0 1,0 0 1,
  0 0 1,0 0 1,
  0 0 1,0 0 1,
  0 0 1,0 0 1,
  0 0 1,0 0 1,
  0 0 1,0 0 1,
  0 0 1,0 0 1,
  0 0 1,0 0 1,
  0 0 1,0 0 1,
  0 0 1,0 0 1,
  0 0 1,0 0 1,
  0 0 1,0 0 1,
  0 0 1,0 0 1,
  0 0 1,0 0 1,
  0 0 1,0 0 1,
  0 0 1,0 0 1,
  0 0 1,0 0 1,
  0 0 1,0 0 1,
  0 0 1,0 0 1,
  0 0 1,0 0 1,
  0 0 1,0 0 1,
  0 0 1,0 0 1,
  0 0 1,0 0 1,
  0 0 1,0 0 1,
  0 0 1,0 0 1,
  0 0 1,0 0 1,
  0 0 1,0 0 1,
  0 0 1,0 0 1,
  0 0 1,0 0 1,
  0 0 1,0 0 1,
  0 0 1,0 0 1,
  0 0 1,0 0 1,
  0 0 1,0 0 1,
  0 0 1,0 0 1,
  0 0 1,0 0 1,
  0 0 1,0 0 1,
  0 0 1,0 0 1,
  0 0 1,0 0 1,
  0 0 1,0 0 1,
  0 0 1,0 0 1,
  0 0 1,0 0 1,
  0 0 1,0 0 1,
  0 0 1,0 0 1,
  0 0 1,0 0 1,
  0 0 1,0 0 1,
  0 0 1,0 0 1,
  0 0 1,0 0 1,
  0 0 1,0 0 1,
  0 0 1,0 0 1,
  0 0 1,0 0 1,
  0 0 1,0 0 1,
  0 0 1,0 0 1,
  0 0 1,0 0 1,
  0 0 1,0 0 1,
  0 0 1,0 0 1,
  0 0 1,0 0 1,
  0 0 1,0 0 1,
  0 0 1,0 0 1,
  0 0 1,0 0 1,
  0 0 1,0 0 1,
  0 0 1,0 0 1,
  0 0 1,0 0 1,
  0 0 1,0 0 1,
  0 0 1,0 0 1,
  0 0 1,0 0 1,
  0 0 1,0 0 1,
  0 0 1,0 0 1,
  0 0 1,0 0 1,
  0 0 1,0 0 1,
  0 0 1,0 0 1,
  0 0 1,0 0 1,
  0 0 1,0 0 1,
  0 0 1,0 0 1,
  0 0 1,0 0 1,
  0 0 1,0 0 1,
  0 0 1,0 0 1,
  0 0 1,0 0 1,
  0 0 1,0 0 1,
  0 0 1,0 0 1,
  0 0 1,0 0 1,
  0 0 1,0 0 1,
  0 0 1,0 0 1,
  0 0 1,0 0 1,
  0 0 1,0 0 1,
  0 0 1,0 0 1,
  0 0 1,0 0 1,
  0 0 1,0 0 1,
  0 0 1,0 0 1,
  0 0 1,0 0 1,
  0 0 1,0 0 1,
  0 0 1,0 0 1,
  0 0 1,0 0 1,
  0 0 1,0 0 1,
  0 0 1,0 0 1,
  0 0 1,0 0 1,
  0 0 1,0 0 1,
  0 0 1,0 0 1,
  0 0 1,0 0 1,
  0 0 1,0 0 1,
  0 0 1,0 0 1,
  0 0 1,0 0 1,
  0 0 1,0 0 1,
  0 0 1,0 0 1,
  0 0 1,0 0 1,
  0 0 1,0 0 1,
  0 0 1,0 0 1,
  0 0 1,0 0 1,
  0 0 1,0 0 1,
  0 0 1,0 0 1,
  0 0 1,0 0 1,
  0 0 1,0 0 1,
  0 0 1,0 0 1,
  0 0 1,0 0 1,
  0 0 1,0 0 1,
  0 0 1,0 0 1,
  0 0 1,0 0 1,
  0 0 1,0 0 1,
  0 0 1,0 0 1,
  0 0 1,0 0 1,
  0 0 1,0 0 1,
  0 0 1,0 0 1,
  0 0 1,0 0 1,
  0 0 1,0 0 1,
  0 0 1,0 0 1,
  0 0 1,0 0 1,
  0 0 1,0 0 1,
  0 0 1,0 0 1,
  0 0 1,0 0 1,
  0 0 1,0 0 1,
  0 0 1,0 0 1,
  0 0 1,0 0 1,
  0 0 1,0 0 1,
  0 0 1,0 0 1,
  0 0 1,0 0 1,
  0 0 1,0 0 1,
  0 0 1,0 0 1,
  0 0 1,0 0 1,
  0 0 1,0 0 1,
  0 0 1,0 0 1,
  0 0 1,0 0 1,
  0 0 1,0 0 1,
  0 0 1,0 0 1,
  0 0 1,0 0 1,
  0 0 1,0 0 1,
  0 0 1,0 0 1,
  0 0 1,0 0 1,
  0 0 1,0 0 1,
  0 0 1,0 0 1,
  0 0 1,0 0 1,
  0 0 1,0 0 1,
  0 0 1,0 0 1,
  0 0 1,0 0 1,
  0 0 1,0 0 1,
  0 0 1,0 0 1,
  0 0 1,0 0 1,
  0 0 1,0 0 1,
  0 0 1,0 0 1,
  0 0 1,0 0 1,
  0 0 1,0 0 1,
  0 0 1,0 0 1,
  0 0 1,0 0 1,
  0 0 1,0 0 1,
  0 0 1,0 0 1,
  0 0 1,0 0 1,
  0 0 1,0 0 1,
  0 0 1,0 0 1,
  0 0 1,0 0 1,
  0 0 1,0 0 1,
  0 0 1,0 0 1,
  0 0 1,0 0 1,
  0 0 1,0 0 1,
  0 0 1,0 0 1,
  0 0 1,0 0 1,
  0 0 1,0 0 1,
  0 0 1,0 0 1,
  0 0 1,0 0 1,
  0 0 1,0 0 1,
  0 0 1,0 0 1,
  0 0 1,0 0 1,
  0 0 1,0 0 1,
  0 0 1,0 0 1,
  0 0 1,0 0 1,
  0 0 1,0 0 1,
  0 0 1,0 0 1,
  0 0 1,0 0 1,
  0 0 1,0 0 1,
  0 0 1,0 0 1,
  0 0 1,0 0 1,
  0 0 1,0 0 1,
  0 0 1,0 0 1,
  0 0 1,0 0 1,
  0 0 1,0 0 1,
  0 0 1,0 0 1,
  0 0 1,0 0 1,
  0 0 1,0 0 1,
  0 0 1,0 0 1,
  0 0 1,0 0 1,
  0 0 1,0 0 1,
  0 0 1,0 0 1,
  0 0 1,0 0 1,
  0 0 1,0 0 1,
  0 0 1,0 0 1,
  0 0 1,0 0 1,
  0 0 1,0 0 1,
  0 0 1,0 0 1,
  0 0 1,0 0 1,
  0 0 1,0 0 1,
  0 0 1,0 0 1,
  0 0 1,0 0 1,
  0 0 1,0 0 1,
  0 0 1,0 0 1,
  0 0 1,0 0 1,
  0 0 1,0 0 1,
  0 0 1,0 0 1,
  0 0 1,0 0 1,
  0 0 1,0 0 1,
  0 0 1,0 0 1,
  0 0 1,0 0 1,
  0 0 1,0 0 1,
  0 0 1,0 0 1,
  0 0 1,0 0 1,
  0 0 1,0 0 1,
  0 0 1,0 0 1,
  0 0 1,0 0 1,
  0 0 1,0 0 1,
  0 0 1,0 0 1,
  0 0 1,0 0 1,
  0 0 1,0 0 1,
  0 0 1,0 0 1,
  0 0 1,0 0 1,
  0 0 1,0 0 1,
  0 0 1,0 0 1,
  0 0 1,0 0 1,
  0 0 1,0 0 1,
  0 0 1,0 0 1,
  0 0 1,0 0 1,
  0 0 1,0 0 1,
  0 0 1,0 0 1,
  0 0 1,0 0 1,
  0 0 1,0 0 1,
  0 0 1,0 0 1,
  0 0 1,0 0 1,
  0 0 1,0 0 1,
  0 0 1,0 0 1,
  0 0 1,0 0 1,
  0 0 1,0 0 1,
  0 0 1,0 0 1,
  0 0 1,0 0 1,
  0 0 1,0 0 1,
  0 0 1,0 0 1,
  0 0 1,0 0 1,
  0 0 1,0 0 1,
  0 0 1,0 0 1,
  0 0 1,0 0 1,
  0 0 1,0 0 1,
  0 0 1,0 0 1,
  0 0 1,0 0 1,
  0 0 1,0 0 1,
  0 0 1,0 0 1,
  0 0 1,0 0 1,
  0 0 1,0 0 1,
  0 0 1,0 0 1,
  0 0 1,0 0 1,
  0 0 1,0 0 1,
  0 0 1,0 0 1,
  0 0 1,0 0 1,
  0 0 1,0 0 1,
  0 0 1,0 0 1,
  0 0 1,0 0 1,
  0 0 1,0 0 1,
  0 0 1,0 0 1,
  0 0 1,0 0 1,
  0 0 1,0 0 1,
  0 0 1,0 0 1,
  0 0 1,0 0 1,
  0 0 1,0 0 1,
  0 0 1,0 0 1,
  0 0 1,0 0 1,
  0 0 1,0 0 1,
  0 0 1,0 0 1,
  0 0 1,0 0 1,
  0 0 1,0 0 1,
  0 0 1,0 0 1,
  0 0 1,0 0 1,
  0 0 1,0 0 1,
  0 0 1,0 0 1,
  0 0 1,0 0 1,
  0 0 1,0 0 1,
  0 0 1,0 0 1,
  0 0 1,0 0 1,
  0 0 1,0 0 1,
  0 0 1,0 0 1,
  0 0 1,0 0 1,
  0 0 1,0 0 1,
  0 0 1,0 0 1,
  0 0 1,0 0 1,
  0 0 1,0 0 1,
  0 0 1,0 0 1,
  0 0 1,0 0 1,
  0 0 1,0 0 1,
  0 0 1,0 0 1,
  0 0 1,0 0 1,
  0 0 1,0 0 1,
  0 0 1,0 0 1,
  0 0 1,0 0 1,
  0 0 1,0 0 1,
  0 0 1,0 0 1,
  0 0 1,0 0 1,
  0 0 1,0 0 1,
  0 0 1,0 0 1,
  0 0 1,0 0 1,
  0 0 1,0 0 1,
  0 0 1,0 0 1,
  0 0 1,0 0 1,
  0 0 1,0 0 1,
  0 0 1,0 0 1,
  0 0 1,0 0 1,
  0 0 1,0 0 1,
  0 0 1,0 0 1,
  0 0 1,0 0 1,
  0 0 1,0 0 1,
  0 0 1,0 0 1,
  0 0 1,0 0 1,
  0 0 1,0 0 1,
  0 0 1,0 0 1,
  0 0 1,0 0 1,
  0 0 1,0 0 1,
  0 0 1,0 0 1,
  0 0 1,0 0 1,
  0 0 1,0 0 1,
  0 0 1,0 0 1,
  0 0 1,0 0 1,
  0 0 1,0 0 1,
  0 0 1,0 0 1,
  0 0 1,0 0 1,
  0 0 1,0 0 1,
  0 0 1,0 0 1,
  0 0 1,0 0 1,
  0 0 1,0 0 1,
  0 0 1,0 0 1,
  0 0 1,0 0 1,
  0 0 1,0 0 1,
  0 0 1,0 0 1,
  0 0 1,0 0 1,
  0 0 1,0 0 1,
  0 0 1,0 0 1,
  0 0 1,0 0 1,
  0 0 1,0 0 1,
  0 0 1,0 0 1,
  0 0 1,0 0 1,
  0 0 1,0 0 1,
  0 0 1,0 0 1,
  0 0 1,0 0 1,
  0 0 1,0 0 1,
  0 0 1,0 0 1,
  0 0 1,0 0 1,
  0 0 1,0 0 1,
  0 0 1,0 0 1,
  0 0 1,0 0 1,
  0 0 1,0 0 1,
  0 0 1,0 0 1,
  0 0 1,0 0 1,
  0 0 1,0 0 1,
  0 0 1,0 0 1,
  0 0 1,0 0 1,
  0 0 1,0 0 1,
  0 0 1,0 0 1,
  0 0 1,0 0 1,
  0 0 1,0 0 1,
  0 0 1,0 0 1,
  0 0 1,0 0 1,
  0 0 1,0 0 1,
  0 0 1,0 0 1,
  0 0 1,0 0 1,
  0 0 1,0 0 1,
  0 0 1,0 0 1,
  0 0 1,0 0 1,
  0 0 1,0 0 1,
  0 0 1,0 0 1,
  0 0 1,0 0 1,
  0 0 1,0 0 1,
  0 0 1,0 0 1,
  0 0 1,0 0 1,
  0 0 1,0 0 1,
  0 0 1,0 0 1,
  0 0 1,0 0 1,
  0 0 1,0 0 1,
  0 0 1,0 0 1,
  0 0 1,0 0 1,
  0 0 1,0 0 1,
  0 0 1,0 0 1,
  0 0 1,0 0 1,
  0 0 1,0 0 1,
  0 0 1,0 0 1,
  0 0 1,0 0 1,
  0 0 1,0 0 1,
  0 0 1,0 0 1,
  0 0 1,0 0 1,
  0 0 1,0 0 1,
  0 0 1,0 0 1,
  0 0 1,0 0 1,
  0 0 1,0 0 1,
  0 0 1,0 0 1,
  0 0 1,0 0 1,
  0 0 1,0 0 1,
  0 0 1,0 0 1,
  0 0 1,0 0 1,
  0 0 1,0 0 1,
  0 0 1,0 0 1,
  0 0 1,0 0 1,
  0 0 1,0 0 1,
  0 0 1,0 0 1,
  0 0 1,0 0 1,
  0 0 1,0 0 1,
  0 0 1,0 0 1,
  0 0 1,0 0 1,
  0 0 1,0 0 1,
  0 0 1,0 0 1,
  0 0 1,0 0 1,
  0 0 1,0 0 1,
  0 0 1,0 0 1,
  0 0 1,0 0 1,
  0 0 1,0 0 1,
  0 0 1,0 0 1,
  0 0 1,0 0 1,
  0 0 1,0 0 1,
  0 0 1,0 0 1,
  0 0 1,0 0 1,
  0 0 1,0 0 1,
  0 0 1,0 0 1,
  0 0 1,0 0 1,
  0 0 1,0 0 1,
  0 0 1,0 0 1,
  0 0 1,0 0 1,
  0 0 1,0 0 1,
  0 0 1,0 0 1,
  0 0 1,0 0 1,
  0 0 1,0 0 1,
  0 0 1,0 0 1,
  0 0 1,0 0 1,
  0 0 1,0 0 1,
  0 0 1,0 0 1,
  0 0 1,0 0 1,
  0 0 1,0 0 1,
  0 0 1,0 0 1,
  0 0 1,0 0 1,
  0 0 1,0 0 1,
  0 0 1,0 0 1,
  0 0 1,0 0 1,
  0 0 1,0 0 1,
  0 0 1,0 0 1,
  0 0 1,0 0 1,
  0 0 1,0 0 1,
  0 0 1,0 0 1,
  0 0 1,0 0 1,
  0 0 1,0 0 1,
  0 0 1,0 0 1,
  0 0 1,0 0 1,
  0 0 1,0 0 1,
  0 0 1,0 0 1,
  0 0 1,0 0 1,
  0 0 1,0 0 1,
  0 0 1,0 0 1,
  0 0 1,0 0 1,
  0 0 1,0 0 1,
  0 0 1,0 0 1,
  0 0 1,0 0 1,
  0 0 1,0 0 1,
  0 0 1,0 0 1,
  0 0 1,0 0 1,
  0 0 1,0 0 1,
  0 0 1,0 0 1,
  0 0 1,0 0 1,
  0 0 1,0 0 1,
  0 0 1,0 0 1,
  0 0 1,0 0 1,
  0 0 1,0 0 1,
  0 0 1,0 0 1,
  0 0 1,0 0 1,
  0 0 1,0 0 1,
  0 0 1,0 0 1,
  0 0 1,0 0 1,
  0 0 1,0 0 1,
  0 0 1,0 0 1,
  0 0 1,0 0 1,
  0 0 1,0 0 1,
  0 0 1,0 0 1,
  0 0 1,0 0 1,
  0 0 1,0 0 1,
  0 0 1,0 0 1,
  0 0 1,0 0 1,
  0 0 1,0 0 1,
  0 0 1,0 0 1,
  0 0 1,0 0 1,
  0 0 1,0 0 1,
  0 0 1,0 0 1,
  0 0 1,0 0 1,
  0 0 1,0 0 1,
  0 0 1,0 0 1,
  0 0 1,0 0 1,
  0 0 1,0 0 1,
  0 0 1,0 0 1,
  0 0 1,0 0 1,
  0 0 1,0 0 1,
  0 0 1,0 0 1,
  0 0 1,0 0 1,
  0 0 1,0 0 1,
  0 0 1,0 0 1,
  0 0 1,0 0 1,
  0 0 1,0 0 1,
  0 0 1,0 0 1,
  0 0 1,0 0 1,
  0 0 1,0 0 1,
  0 0 1,0 0 1,
  0 0 1,0 0 1,
  0 0 1,0 0 1,
  0 0 1,0 0 1,
  0 0 1,0 0 1,
  0 0 1,0 0 1,
  0 0 1,0 0 1,
  0 0 1,0 0 1,
  0 0 1,0 0 1,
  0 0 1,0 0 1,
  0 0 1,0 0 1,
  0 0 1,0 0 1,
  0 0 1,0 0 1,
  0 0 1,0 0 1,
  0 0 1,0 0 1,
  0 0 1,0 0 1,
  0 0 1,0 0 1,
  0 0 1,0 0 1,
  0 0 1,0 0 1,
  0 0 1,0 0 1,
  0 0 1,0 0 1,
  0 0 1,0 0 1,
  0 0 1,0 0 1,
  0 0 1,0 0 1,
  0 0 1,0 0 1,
  0 0 1,0 0 1,
  0 0 1,0 0 1,
  0 0 1,0 0 1,
  0 0 1,0 0 1,
  0 0 1,0 0 1,
  0 0 1,0 0 1,
  0 0 1,0 0 1,
  0 0 1,0 0 1,
  0 0 1,0 0 1,
  0 0 1,0 0 1,
  0 0 1,0 0 1,
  0 0 1,0 0 1,
  0 0 1,0 0 1,
  0 0 1,0 0 1,
  0 0 1,0 0 1,
  0 0 1,0 0 1,
  0 0 1,0 0 1,
  0 0 1,0 0 1,
  0 0 1,0 0 1,
  0 0 1,0 0 1,
  0 0 1,0 0 1,
  0 0 1,0 0 1,
  0 0 1,0 0 1,
  0 0 1,0 0 1,
  0 0 1,0 0 1,
  0 0 1,0 0 1,
  0 0 1,0 0 1,
  0 0 1,0 0 1,
  0 0 1,0 0 1,
  0 0 1,0 0 1,
  0 0 1,0 0 1,
  0 0 1,0 0 1,
  0 0 1,0 0 1,
  0 0 1,0 0 1,
  0 0 1,0 0 1,
  0 0 1,0 0 1,
  0 0 1,0 0 1,
  0 0 1,0 0 1,
  0 0 1,0 0 1,
  0 0 1,0 0 1,
  0 0 1,0 0 1,
  0 0 1,0 0 1,
  0 0 1,0 0 1,
  0 0 1,0 0 1,
  0 0 1,0 0 1,
  0 0 1,0 0 1,
  0 0 1,0 0 1,
  0 0 1,0 0 1,
  0 0 1,0 0 1,
  0 0 1,0 0 1,
  0 0 1,0 0 1,
  0 0 1,0 0 1,
  0 0 1,0 0 1,
  0 0 1,0 0 1,
  0 0 1,0 0 1,
  0 0 1,0 0 1,
  0 0 1,0 0 1,
  0 0 1,0 0 1,
  0 0 1,0 0 1,
  0 0 1,0 0 1,
  0 0 1,0 0 1,
  0 0 1,0 0 1,
  0 0 1,0 0 1,
  0 0 1,0 0 1,
  0 0 1,0 0 1,
  0 0 1,0 0 1,
  0 0 1,0 0 1,
  0 0 1,0 0 1,
  0 0 1,0 0 1,
  0 0 1,0 0 1,
  0 0 1,0 0 1,
  0 0 1,0 0 1,
  0 0 1,0 0 1,
  0 0 1,0 0 1,
  0 0 1,0 0 1,
  0 0 1,0 0 1,
  0 0 1,0 0 1,
  0 0 1,0 0 1,
  0 0 1,0 0 1,
  0 0 1,0 0 1,
  0 0 1,0 0 1,
  0 0 1,0 0 1,
  0 0 1,0 0 1,
  0 0 1,0 0 1,
  0 0 1,0 0 1,
  0 0 1,0 0 1,
  0 0 1,0 0 1,
  0 0 1,0 0 1,
  0 0 1,0 0 1,
  0 0 1,0 0 1,
  0 0 1,0 0 1,
  0 0 1,0 0 1,
  0 0 1,0 0 1,
  0 0 1,0 0 1,
  0 0 1,0 0 1,
  0 0 1,0 0 1,
  0 0 1,0 0 1,
  0 0 1,0 0 1,
  0 0 1,0 0 1,
  0 0 1,0 0 1,
  0 0 1,0 0 1,
  0 0 1,0 0 1,
  0 0 1,0 0 1,
  0 0 1,0 0 1,
  0 0 1,0 0 1,
  0 0 1,0 0 1,
  0 0 1,0 0 1,
  0 0 1,0 0 1,
  0 0 1,0 0 1,
  0 0 1,0 0 1,
  0 0 1,0 0 1,
  0 0 1,0 0 1,
  0 0 1,0 0 1,
  0 0 1,0 0 1,
  0 0 1,0 0 1,
  0 0 1,0 0 1,
  0 0 1,0 0 1,
  0 0 1,0 0 1,
  0 0 1,0 0 1,
  0 0 1,0 0 1,
  0 0 1,0 0 1,
  0 0 1,0 0 1,
  0 0 1,0 0 1,
  0 0 1,0 0 1,
  0 0 1,0 0 1,
  0 0 1,0 0 1,
  0 0 1,0 0 1,
  0 0 1,0 0 1,
  0 0 1,0 0 1,
  0 0 1,0 0 1,
  0 0 1,0 0 1,
  0 0 1,0 0 1,
  0 0 1,0 0 1,
  0 0 1,0 0 1,
  0 0 1,0 0 1,
  0 0 1,0 0 1,
  0 0 1,0 0 1,
  0 0 1,0 0 1,
  0 0 1,0 0 1,
  0 0 1,0 0 1,
  0 0 1,0 0 1,
  0 0 1,0 0 1,
  0 0 1,0 0 1,
  0 0 1,0 0 1,
  0 0 1,0 0 1,
  0 0 1,0 0 1,
  0 0 1,0 0 1,
  0 0 1,0 0 1,
  0 0 1,0 0 1,
  0 0 1,0 0 1,
  0 0 1,0 0 1,
  0 0 1,0 0 1,
  0 0 1,0 0 1,
  0 0 1,0 0 1,
  0 0 1,0 0 1,
  0 0 1,0 0 1,
  0 0 1,0 0 1,
  0 0 1,0 0 1,
  0 0 1,0 0 1,
  0 0 1,0 0 1,
  0 0 1,0 0 1,
  0 0 1,0 0 1,
  0 0 1,0 0 1,
  0 0 1,0 0 1,
  0 0 1,0 0 1,
  0 0 1,0 0 1,
  0 0 1,0 0 1,
  0 0 1,0 0 1,
  0 0 1,0 0 1,
  0 0 1,0 0 1,
  0 0 1,0 0 1,
  0 0 1,0 0 1,
  0 0 1,0 0 1,
  0 0 1,0 0 1,
  0 0 1,0 0 1,
  0 0 1,0 0 1,
  0 0 1,0 0 1,
  0 0 1,0 0 1,
  0 0 1,0 0 1,
  0 0 1,0 0 1,
  0 0 1,0 0 1,
  0 0 1,0 0 1,
  0 0 1,0 0 1,
  0 0 1,0 0 1,
  0 0 1,0 0 1,
  0 0 1,0 0 1,
  0 0 1,0 0 1,
  0 0 1,0 0 1,
  0 0 1,0 0 1,
  0 0 1,0 0 1,
  0 0 1,0 0 1,
  0 0 1,0 0 1,
  0 0 1,0 0 1,
  0 0 1,0 0 1,
  0 0 1,0 0 1,
  0 0 1,0 0 1,
  0 0 1,0 0 1,
  0 0 1,0 0 1,
  0 0 1,0 0 1,
  0 0 1,0 0 1,
  0 0 1,0 0 1,
  0 0 1,0 0 1,
  0 0 1,0 0 1,
  0 0 1,0 0 1,
  0 0 1,0 0 1,
  0 0 1,0 0 1,
  0 0 1,0 0 1,
  0 0 1,0 0 1,
  0 0 1,0 0 1,
  0 0 1,0 0 1,
  0 0 1,0 0 1,
  0 0 1,0 0 1,
  0 0 1,0 0 1,
  0 0 1,0 0 1,
  0 0 1,0 0 1,
  0 0 1,0 0 1,
  0 0 1,0 0 1,
  0 0 1,0 0 1,
  0 0 1,0 0 1,
  0 0 1,0 0 1,
  0 0 1,0 0 1,
  0 0 1,0 0 1,
  0 0 1,0 0 1,
  0 0 1,0 0 1,
  0 0 1,0 0 1,
  0 0 1,0 0 1,
  0 0 1,0 0 1,
  0 0 1,0 0 1,
  0 0 1,0 0 1,
  0 0 1,0 0 1,
  0 0 1,0 0 1,
  0 0 1,0 0 1,
  0 0 1,0 0 1,
  0 0 1,0 0 1,
  0 0 1,0 0 1,
  0 0 1,0 0 1,
  0 0 1,0 0 1,
  0 0 1,0 0 1,
  0 0 1,0 0 1,
  0 0 1,0 0 1,
  0 0 1,0 0 1,
  0 0 1,0 0 1,
  0 0 1,0 0 1,
  0 0 1,0 0 1,
  0 0 1,0 0 1,
  0 0 1,0 0 1,
  0 0 1,0 0 1,
  0 0 1,0 0 1,
  0 0 1,0 0 1,
  0 0 1,0 0 1,
  0 0 1,0 0 1,
  0 0 1,0 0 1,
  0 0 1,0 0 1,
  0 0 1,0 0 1,
  0 0 1,0 0 1,
  0 0 1,0 0 1,
  0 0 1,0 0 1,
  0 0 1,0 0 1,
  0 0 1,0 0 1,
  0 0 1,0 0 1,
  0 0 1,0 0 1,
  0 0 1,0 0 1,
  0 0 1,0 0 1,
  0 0 1,0 0 1,
  0 0 1,0 0 1,
  0 0 1,0 0 1,
  0 0 1,0 0 1,
  0 0 1,0 0 1,
  0 0 1,0 0 1,
  0 0 1,0 0 1,
  0 0 1,0 0 1,
  0 0 1,0 0 1,
  0 0 1,0 0 1,
  0 0 1,0 0 1,
  0 0 1,0 0 1,
  0 0 1,0 0 1,
  0 0 1,0 0 1,
  0 0 1,0 0 1,
  0 0 1,0 0 1,
  0 0 1,0 0 1,
  0 0 1,0 0 1,
  0 0 1,0 0 1,
  0 0 1,0 0 1,
  0 0 1,0 0 1,
  0 0 1,0 0 1,
  0 0 1,0 0 1,
  0 0 1,0 0 1,
  0 0 1,0 0 1,
  0 0 1,0 0 1,
  0 0 1,0 0 1,
  0 0 1,0 0 1,
  0 0 1,0 0 1,
  0 0 1,0 0 1,
  0 0 1,0 0 1,
  0 0 1,0 0 1,
  0 0 1,0 0 1,
  0 0 1,0 0 1,
  0 0 1,0 0 1,
  0 0 1,0 0 1,
  0 0 1,0 0 1,
  0 0 1,0 0 1,
  0 0 1,0 0 1,
  0 0 1,0 0 1,
  0 0 1,0 0 1,
  0 0 1,0 0 1,
  0 0 1,0 0 1,
  0 0 1,0 0 1,
  0 0 1,0 0 1,
  0 0 1,0 0 1,
  0 0 1,0 0 1,
  0 0 1,0 0 1,
  0 0 1,0 0 1,
  0 0 1,0 0 1,
  0 0 1,0 0 1,
  0 0 1,0 0 1,
  0 0 1,0 0 1,
  0 0 1,0 0 1,
  0 0 1,0 0 1,
  0 0 1,0 0 1,
  0 0 1,0 0 1,
  0 0 1,0 0 1,
  0 0 1,0 0 1,
  0 0 1,0 0 1,
  0 0 1,0 0 1,
  0 0 1,0 0 1,
  0 0 1,0 0 1,
  0 0 1,0 0 1,
  0 0 1,0 0 1,
  0 0 1,0 0 1,
  0 0 1,0 0 1,
  0 0 1,0 0 1,
  0 0 1,0 0 1,
  0 0 1,0 0 1,
  0 0 1,0 0 1,
  0 0 1,0 0 1,
  0 0 1,0 0 1,
  0 0 1,0 0 1,
  0 0 1,0 0 1,
  0 0 1,0 0 1,
  0 0 1,0 0 1,
  0 0 1,0 0 1,
  0 0 1,0 0 1,
  0 0 1,0 0 1,
  0 0 1,0 0 1,
  0 0 1,0 0 1,
  0 0 1,0 0 1,
  0 0 1,0 0 1,
  0 0 1,0 0 1,
  0 0 1,0 0 1,
  0 0 1,0 0 1,
  0 0 1,0 0 1,
  0 0 1,0 0 1,
  0 0 1,0 0 1,
  0 0 1,0 0 1,
  0 0 1,0 0 1,
  0 0 1,0 0 1,
  0 0 1,0 0 1,
  0 0 1,0 0 1,
  0 0 1,0 0 1,
  0 0 1,0 0 1,
  0 0 1,0 0 1,
  0 0 1,0 0 1,
  0 0 1,0 0 1,
  0 0 1,0 0 1,
  0 0 1,0 0 1,
  0 0 1,0 0 1,
  0 0 1,0 0 1,
  0 0 1,0 0 1,
  0 0 1,0 0 1,
  0 0 1,0 0 1,
  0 0 1,0 0 1,
  0 0 1,0 0 1,
  0 0 1,0 0 1,
  0 0 1,0 0 1,
  0 0 1,0 0 1,
  0 0 1,0 0 1,
  0 0 1,0 0 1,
  0 0 1,0 0 1,
  0 0 1,0 0 1,
  0 0 1,0 0 1,
  0 0 1,0 0 1,
  0 0 1,0 0 1,
  0 0 1,0 0 1,
  0 0 1,0 0 1,
  0 0 1,0 0 1,
  0 0 1,0 0 1,
  0 0 1,0 0 1,
  0 0 1,0 0 1,
  0 0 1,0 0 1,
  0 0 1,0 0 1,
  0 0 1,0 0 1,
  0 0 1,0 0 1,
  0 0 1,0 0 1,
  0 0 1,0 0 1,
  0 0 1,0 0 1,
  0 0 1,0 0 1,
  0 0 1,0 0 1,
  0 0 1,0 0 1,
  0 0 1,0 0 1,
  0 0 1,0 0 1,
  0 0 1,0 0 1,
  0 0 1,0 0 1,
  0 0 1,0 0 1,
  0 0 1,0 0 1,
  0 0 1,0 0 1,
  0 0 1,0 0 1,
  0 0 1,0 0 1,
  0 0 1,0 0 1,
  0 0 1,0 0 1,
  0 0 1,0 0 1,
  0 0 1,0 0 1,
  0 0 1,0 0 1,
  0 0 1,0 0 1,
  0 0 1,0 0 1,
  0 0 1,0 0 1,
  0 0 1,0 0 1,
  0 0 1,0 0 1,
  0 0 1,0 0 1,
  0 0 1,0 0 1,
  0 0 1,0 0 1,
  0 0 1,0 0 1,
  0 0 1,0 0 1,
  0 0 1,0 0 1,
  0 0 1,0 0 1,
  0 0 1,0 0 1,
  0 0 1,0 0 1,
  0 0 1,0 0 1,
  0 0 1,0 0 1,
  0 0 1,0 0 1,
  0 0 1,0 0 1,
  0 0 1,0 0 1,
  0 0 1,0 0 1,
  0 0 1,0 0 1,
  0 0 1,0 0 1,
  0 0 1,0 0 1,
  0 0 1,0 0 1,
  0 0 1,0 0 1,
  0 0 1,0 0 1,
  0 0 1,0 0 1,
  0 0 1,0 0 1,
  0 0 1,0 0 1,
  0 0 1,0 0 1,
  0 0 1,0 0 1,
  0 0 1,0 0 1,
  0 0 1,0 0 1,
  0 0 1,0 0 1,
  0 0 1,0 0 1,
  0 0 1,0 0 1,
  0 0 1,0 0 1,
  0 0 1,0 0 1,
  0 0 1,0 0 1,
  0 0 1,0 0 1,
  0 0 1,0 0 1,
  0 0 1,0 0 1,
  0 0 1,0 0 1,
  0 0 1,0 0 1,
  0 0 1,0 0 1,
  0 0 1,0 0 1,
  0 0 1,0 0 1,
  0 0 1,0 0 1,
  0 0 1,0 0 1,
  0 0 1,0 0 1,
  0 0 1,0 0 1,
  0 0 1,0 0 1,
  0 0 1,0 0 1,
  0 0 1,0 0 1,
  0 0 1,0 0 1,
  0 0 1,0 0 1,
  0 0 1,0 0 1,
  0 0 1,0 0 1,
  0 0 1,0 0 1,
  0 0 1,0 0 1,
  0 0 1,0 0 1,
  0 0 1,0 0 1,
  0 0 1,0 0 1,
  0 0 1,0 0 1,
  0 0 1,0 0 1,
  0 0 1,0 0 1,
  0 0 1,0 0 1,
  0 0 1,0 0 1,
  0 0 1,0 0 1,
  0 0 1,0 0 1,
  0 0 1,0 0 1,
  0 0 1,0 0 1,
  0 0 1,0 0 1,
  0 0 1,0 0 1,
  0 0 1,0 0 1,
  0 0 1,0 0 1,
  0 0 1,0 0 1,
  0 0 1,0 0 1,
  0 0 1,0 0 1,
  0 0 1,0 0 1,
  0 0 1,0 0 1,
  0 0 1,0 0 1,
  0 0 1,0 0 1,
  0 0 1,0 0 1,
  0 0 1,0 0 1,
  0 0 1,0 0 1,
  0 0 1,0 0 1,
  0 0 1,0 0 1,
  0 0 1,0 0 1,
  0 0 1,0 0 1,
  0 0 1,0 0 1,
  0 0 1,0 0 1,
  0 0 1,0 0 1,
  0 0 1,0 0 1,
  0 0 1,0 0 1,
  0 0 1,0 0 1,
  0 0 1,0 0 1,
  0 0 1,0 0 1,
  0 0 1,0 0 1,
  0 0 1,0 0 1,
  0 0 1,0 0 1,
  0 0 1,0 0 1,
  0 0 1,0 0 1,
  0 0 1,0 0 1,
  0 0 1,0 0 1,
  0 0 1,0 0 1,
  0 0 1,0 0 1,
  0 0 1,0 0 1,
  0 0 1,0 0 1,
  0 0 1,0 0 1,
  0 0 1,0 0 1,
  0 0 1,0 0 1,
  0 0 1,0 0 1,
  0 0 1,0 0 1,
  0 0 1,0 0 1,
  0 0 1,0 0 1,
  0 0 1,0 0 1,
  0 0 1,0 0 1,
  0 0 1,0 0 1,
  0 0 1,0 0 1,
  0 0 1,0 0 1,
  0 0 1,0 0 1,
  0 0 1,0 0 1,
  0 0 1,0 0 1,
  0 0 1,0 0 1,
  0 0 1,0 0 1,
  0 0 1,0 0 1,
  0 0 1,0 0 1,
  0 0 1,0 0 1,
  0 0 1,0 0 1,
  0 0 1,0 0 1,
  0 0 1,0 0 1,
  0 0 1,0 0 1,
  0 0 1,0 0 1,
  0 0 1,0 0 1,
  0 0 1,0 0 1,
  0 0 1,0 0 1,
  0 0 1,0 0 1,
  0 0 1,0 0 1,
  0 0 1,0 0 1,
  0 0 1,0 0 1,
  0 0 1,0 0 1,
  0 0 1,0 0 1,
  0 0 1,0 0 1,
  0 0 1,0 0 1,
  0 0 1,0 0 1,
  0 0 1,0 0 1,
  0 0 1,0 0 1,
  0 0 1,0 0 1,
  0 0 1,0 0 1,
  0 0 1,0 0 1,
  0 0 1,0 0 1,
  0 0 1,0 0 1,
  0 0 1,0 0 1,
  0 0 1,0 0 1,
  0 0 1,0 0 1,
  0 0 1,0 0 1,
  0 0 1,0 0 1,
  0 0 1,0 0 1,
  0 0 1,0 0 1,
  0 0 1,0 0 1,
  0 0 1,0 0 1,
  0 0 1,0 0 1,
  0 0 1,0 0 1,
  0 0 1,0 0 1,
  0 0 1,0 0 1,
  0 0 1,0 0 1,
  0 0 1,0 0 1,
  0 0 1,0 0 1,
  0 0 1,0 0 1,
  0 0 1,0 0 1,
  0 0 1,0 0 1,
  0 0 1,0 0 1,
  0 0 1,0 0 1,
  0 0 1,0 0 1,
  0 0 1,0 0 1,
  0 0 1,0 0 1,
  0 0 1,0 0 1,
  0 0 1,0 0 1,
  0 0 1,0 0 1,
  0 0 1,0 0 1,
  0 0 1,0 0 1,
  0 0 1,0 0 1,
  0 0 1,0 0 1,
  0 0 1,0 0 1,
  0 0 1,0 0 1,
  0 0 1,0 0 1,
  0 0 1,0 0 1,
  0 0 1,0 0 1,
  0 0 1,0 0 1,
  0 0 1,0 0 1,
  0 0 1,0 0 1,
  0 0 1,0 0 1,
  0 0 1,0 0 1,
  0 0 1,0 0 1,
  0 0 1,0 0 1,
  0 0 1,0 0 1,
  0 0 1,0 0 1,
  0 0 1,0 0 1,
  0 0 1,0 0 1,
  0 0 1,0 0 1,
  0 0 1,0 0 1,
  0 0 1,0 0 1,
  0 0 1,0 0 1,
  0 0 1,0 0 1,
  0 0 1,0 0 1,
  0 0 1,0 0 1,
  0 0 1,0 0 1,
  0 0 1,0 0 1,
  0 0 1,0 0 1,
  0 0 1,0 0 1,
  0 0 1,0 0 1,
  0 0 1,0 0 1,
  0 0 1,0 0 1,
  0 0 1,0 0 1,
  0 0 1,0 0 1,
  0 0 1,0 0 1,
  0 0 1,0 0 1,
  0 0 1,0 0 1,
  0 0 1,0 0 1,
  0 0 1,0 0 1,
  0 0 1,0 0 1,
  0 0 1,0 0 1,
  0 0 1,0 0 1,
  0 0 1,0 0 1,
  0 0 1,0 0 1,
  0 0 1,0 0 1,
  0 0 1,0 0 1,
  0 0 1,0 0 1,
  0 0 1,0 0 1,
  0 0 1,0 0 1,
  0 0 1,0 0 1,
  0 0 1,0 0 1,
  0 0 1,0 0 1,
  0 0 1,0 0 1,
  0 0 1,0 0 1,
  0 0 1,0 0 1,
  0 0 1,0 0 1,
  0 0 1,0 0 1,
  0 0 1,0 0 1,
  0 0 1,0 0 1,
  0 0 1,0 0 1,
  0 0 1,0 0 1,
  0 0 1,0 0 1,
  0 0 1,0 0 1,
  0 0 1,0 0 1,
  0 0 1,0 0 1,
  0 0 1,0 0 1,
  0 0 1,0 0 1,
  0 0 1,0 0 1,
  0 0 1,0 0 1,
  0 0 1,0 0 1,
  0 0 1,0 0 1,
  0 0 1,0 0 1,
  0 0 1,0 0 1,
  0 0 1,0 0 1,
  0 0 1,0 0 1,
  0 0 1,0 0 1,
  0 0 1,0 0 1,
  0 0 1,0 0 1,
  0 0 1,0 0 1,
  0 0 1,0 0 1,
  0 0 1,0 0 1,
  0 0 1,0 0 1,
  0 0 1,0 0 1,
  0 0 1,0 0 1,
  0 0 1,0 0 1,
  0 0 1,0 0 1,
  0 0 1,0 0 1,
  0 0 1,0 0 1,
  0 0 1,0 0 1,
  0 0 1,0 0 1,
  0 0 1,0 0 1,
  0 0 1,0 0 1,
  0 0 1,0 0 1,
  0 0 1,0 0 1,
  0 0 1,0 0 1,
  0 0 1,0 0 1,
  0 0 1,0 0 1,
  0 0 1,0 0 1,
  0 0 1,0 0 1,
  0 0 1,0 0 1,
  0 0 1,0 0 1,
  0 0 1,0 0 1,
  0 0 1,0 0 1,
  0 0 1,0 0 1,
  0 0 1,0 0 1,
  0 0 1,0 0 1,
  0 0 1,0 0 1,
  0 0 1,0 0 1,
  0 0 1,0 0 1,
  0 0 1,0 0 1,
  0 0 1,0 0 1,
  0 0 1,0 0 1,
  0 0 1,0 0 1,
  0 0 1,0 0 1,
  0 0 1,0 0 1,
  0 0 1,0 0 1,
  0 0 1,0 0 1,
  0 0 1,0 0 1,
  0 0 1,0 0 1,
  0 0 1,0 0 1,
  0 0 1,0 0 1,
  0 0 1,0 0 1,
  0 0 1,0 0 1,
  0 0 1,0 0 1,
  0 0 1,0 0 1,
  0 0 1,0 0 1,
  0 0 1,0 0 1,
  0 0 1,0 0 1,
  0 0 1,0 0 1,
  0 0 1,0 0 1,
  0 0 1,0 0 1,
  0 0 1,0 0 1,
  0 0 1,0 0 1,
  0 0 1,0 0 1,
  0 0 1,0 0 1,
  0 0 1,0 0 1,
  0 0 1,0 0 1,
  0 0 1,0 0 1,
  0 0 1,0 0 1,
  0 0 1,0 0 1,
  0 0 1,0 0 1,
  0 0 1,0 0 1,
  0 0 1,0 0 1,
  0 0 1,0 0 1,
  0 0 1,0 0 1,
  0 0 1,0 0 1,
  0 0 1,0 0 1,
  0 0 1,0 0 1,
  0 0 1,0 0 1,
  0 0 1,0 0 1,
  0 0 1,0 0 1,
  0 0 1,0 0 1,
  0 0 1,0 0 1,
  0 0 1,0 0 1,
  0 0 1,0 0 1,
  0 0 1,0 0 1,
  0 0 1,0 0 1,
  0 0 1,0 0 1,
  0 0 1,0 0 1,
  0 0 1,0 0 1,
  0 0 1,0 0 1,
  0 0 1,0 0 1,
  0 0 1,0 0 1,
  0 0 1,0 0 1,
  0 0 1,0 0 1,
  0 0 1,0 0 1,
  0 0 1,0 0 1,
  0 0 1,0 0 1,
  0 0 1,0 0 1,
  0 0 1,0 0 1,
  0 0 1,0 0 1,
  0 0 1,0 0 1,
  0 0 1,0 0 1,
  0 0 1,0 0 1,
  0 0 1,0 0 1,
  0 0 1,0 0 1,
  0 0 1,0 0 1,
  0 0 1,0 0 1,
  0 0 1,0 0 1,
  0 0 1,0 0 1,
  0 0 1,0 0 1,
  0 0 1,0 0 1,
  0 0 1,0 0 1,
  0 0 1,0 0 1,
  0 0 1,0 0 1,
  0 0 1,0 0 1,
  0 0 1,0 0 1,
  0 0 1,0 0 1,
  0 0 1,0 0 1,
  0 0 1,0 0 1,
  0 0 1,0 0 1,
  0 0 1,0 0 1,
  0 0 1,0 0 1,
  0 0 1,0 0 1,
  0 0 1,0 0 1,
  0 0 1,0 0 1,
  0 0 1,0 0 1,
  0 0 1,0 0 1,
  0 0 1,0 0 1,
  0 0 1,0 0 1,
  0 0 1,0 0 1,
  0 0 1,0 0 1,
  0 0 1,0 0 1,
  0 0 1,0 0 1,
  0 0 1,0 0 1,
  0 0 1,0 0 1,
  0 0 1,0 0 1,
  0 0 1,0 0 1,
  0 0 1,0 0 1,
  0 0 1,0 0 1,
  0 0 1,0 0 1,
  0 0 1,0 0 1,
  0 0 1,0 0 1,
  0 0 1,0 0 1,
  0 0 1,0 0 1,
  0 0 1,0 0 1,
  0 0 1,0 0 1,
  0 0 1,0 0 1,
  0 0 1,0 0 1,
  0 0 1,0 0 1,
  0 0 1,0 0 1,
  0 0 1,0 0 1,
  0 0 1,0 0 1,
  0 0 1,0 0 1,
  0 0 1,0 0 1,
  0 0 1,0 0 1,
  0 0 1,0 0 1,
  0 0 1,0 0 1,
  0 0 1,0 0 1,
  0 0 1,0 0 1,
  0 0 1,0 0 1,
  0 0 1,0 0 1,
  0 0 1,0 0 1,
  0 0 1,0 0 1,
  0 0 1,0 0 1,
  0 0 1,0 0 1,
  0 0 1,0 0 1,
  0 0 1,0 0 1,
  0 0 1,0 0 1,
  0 0 1,0 0 1,
  0 0 1,0 0 1,
  0 0 1,0 0 1,
  0 0 1,0 0 1,
  0 0 1,0 0 1,
  0 0 1,0 0 1,
  0 0 1,0 0 1,
  0 0 1,0 0 1,
  0 0 1,0 0 1,
  0 0 1,0 0 1,
  0 0 1,0 0 1,
  0 0 1,0 0 1,
  0 0 1,0 0 1,
  0 0 1,0 0 1,
  0 0 1,0 0 1,
  0 0 1,0 0 1,
  0 0 1,0 0 1,
  0 0 1,0 0 1,
  0 0 1,0 0 1,
  0 0 1,0 0 1,
  0 0 1,0 0 1,
  0 0 1,0 0 1,
  0 0 1,0 0 1,
  0 0 1,0 0 1,
  0 0 1,0 0 1,
  0 0 1,0 0 1,
  0 0 1,0 0 1,
  0 0 1,0 0 1,
  0 0 1,0 0 1,
  0 0 1,0 0 1,
  0 0 1,0 0 1,
  0 0 1,0 0 1,
  0 0 1,0 0 1,
  0 0 1,0 0 1,
  0 0 1,0 0 1,
  0 0 1,0 0 1,
  0 0 1,0 0 1,
  0 0 1,0 0 1,
  0 0 1,0 0 1,
  0 0 1,0 0 1,
  0 0 1,0 0 1,
  0 0 1,0 0 1,
  0 0 1,0 0 1,
  0 0 1,0 0 1,
  0 0 1,0 0 1,
  0 0 1,0 0 1,
  0 0 1,0 0 1,
  0 0 1,0 0 1,
  0 0 1,0 0 1,
  0 0 1,0 0 1,
  0 0 1,0 0 1,
  0 0 1,0 0 1,
  0 0 1,0 0 1,
  0 0 1,0 0 1,
  0 0 1,0 0 1,
  0 0 1,0 0 1,
  0 0 1,0 0 1,
  0 0 1,0 0 1,
  0 0 1,0 0 1,
  0 0 1,0 0 1,
  0 0 1,0 0 1,
  0 0 1,0 0 1,
  0 0 1,0 0 1,
  0 0 1,0 0 1,
  0 0 1,0 0 1,
  0 0 1,0 0 1,
  0 0 1,0 0 1,
  0 0 1,0 0 1,
  0 0 1,0 0 1,
  0 0 1,0 0 1,
  0 0 1,0 0 1,
  0 0 1,0 0 1,
  0 0 1,0 0 1,
  0 0 1,0 0 1,
  0 0 1,0 0 1,
  0 0 1,0 0 1,
  0 0 1,0 0 1,
  0 0 1,0 0 1,
  0 0 1,0 0 1,
  0 0 1,0 0 1,
  0 0 1,0 0 1,
  0 0 1,0 0 1,
  0 0 1,0 0 1,
  0 0 1,0 0 1,
  0 0 1,0 0 1,
  0 0 1,0 0 1,
  0 0 1,0 0 1,
  0 0 1,0 0 1,
  0 0 1,0 0 1,
  0 0 1,0 0 1,
  0 0 1,0 0 1,
  0 0 1,0 0 1,
  0 0 1,0 0 1,
  0 0 1,0 0 1,
  0 0 1,0 0 1,
  0 0 1,0 0 1,
  0 0 1,0 0 1,
  0 0 1,0 0 1,
  0 0 1,0 0 1,
  0 0 1,0 0 1,
  0 0 1,0 0 1,
  0 0 1,0 0 1,
  0 0 1,0 0 1,
  0 0 1,0 0 1,
  0 0 1,0 0 1,
  0 0 1,0 0 1,
  0 0 1,0 0 1,
  0 0 1,0 0 1,
  0 0 1,0 0 1,
  0 0 1,0 0 1,
  0 0 1,0 0 1,
  0 0 1,0 0 1,
  0 0 1,0 0 1,
  0 0 1,0 0 1,
  0 0 1,0 0 1,
  0 0 1,0 0 1,
  0 0 1,0 0 1,
  0 0 1,0 0 1,
  0 0 1,0 0 1,
  0 0 1,0 0 1,
  0 0 1,0 0 1,
  0 0 1,0 0 1,
  0 0 1,0 0 1,
  0 0 1,0 0 1,
  0 0 1,0 0 1,
  0 0 1,0 0 1,
  0 0 1,0 0 1,
  0 0 1,0 0 1,
  0 0 1,0 0 1,
  0 0 1,0 0 1,
  0 0 1,0 0 1,
  0 0 1,0 0 1,
  0 0 1,0 0 1,
  0 0 1,0 0 1,
  0 0 1,0 0 1,
  0 0 1,0 0 1,
  0 0 1,0 0 1,
  0 0 1,0 0 1,
  0 0 1,0 0 1,
  0 0 1,0 0 1,
  0 0 1,0 0 1,
  0 0 1,0 0 1,
  0 0 1,0 0 1,
  0 0 1,0 0 1,
  0 0 1,0 0 1,
  0 0 1,0 0 1,
  0 0 1,0 0 1,
  0 0 1,0 0 1,
  0 0 1,0 0 1,
  0 0 1,0 0 1,
  0 0 1,0 0 1,
  0 0 1,0 0 1,
  0 0 1,0 0 1,
  0 0 1,0 0 1,
  0 0 1,0 0 1,
  0 0 1,0 0 1,
  0 0 1,0 0 1,
  0 0 1,0 0 1,
  0 0 1,0 0 1,
  0 0 1,0 0 1,
  0 0 1,0 0 1,
  0 0 1,0 0 1,
  0 0 1,0 0 1,
  0 0 1,0 0 1,
  0 0 1,0 0 1,
  0 0 1,0 0 1,
  0 0 1,0 0 1,
  0 0 1,0 0 1,
  0 0 1,0 0 1,
  0 0 1,0 0 1,
  0 0 1,0 0 1,
  0 0 1,0 0 1,
  0 0 1,0 0 1,
  0 0 1,0 0 1,
  0 0 1,0 0 1,
  0 0 1,0 0 1,
  0 0 1,0 0 1,
  0 0 1,0 0 1,
  0 0 1,0 0 1,
  0 0 1,0 0 1,
  0 0 1,0 0 1,
  0 0 1,0 0 1,
  0 0 1,0 0 1,
  0 0 1,0 0 1,
  0 0 1,0 0 1,
  0 0 1,0 0 1,
  0 0 1,0 0 1,
  0 0 1,0 0 1,
  0 0 1,0 0 1,
  0 0 1,0 0 1,
  0 0 1,0 0 1,
  0 0 1,0 0 1,
  0 0 1,0 0 1,
  0 0 1,0 0 1,
  0 0 1,0 0 1,
  0 0 1,0 0 1,
  0 0 1,0 0 1,
  0 0 1,0 0 1,
  0 0 1,0 0 1,
  0 0 1,0 0 1,
  0 0 1,0 0 1,
  0 0 1,0 0 1,
  0 0 1,0 0 1,
  0 0 1,0 0 1,
  0 0 1,0 0 1,
  0 0 1,0 0 1,
  0 0 1,0 0 1,
  0 0 1,0 0 1,
  0 0 1,0 0 1,
  0 0 1,0 0 1,
  0 0 1,0 0 1,
  0 0 1,0 0 1,
  0 0 1,0 0 1,
  0 0 1,0 0 1,
  0 0 1,0 0 1,
  0 0 1,0 0 1,
  0 0 1,0 0 1,
  0 0 1,0 0 1,
  0 0 1,0 0 1,
  0 0 1,0 0 1,
  0 0 1,0 0 1,
  0 0 1,0 0 1,
  0 0 1,0 0 1,
  0 0 1,0 0 1,
  0 0 1,0 0 1,
  0 0 1,0 0 1,
  0 0 1,0 0 1,
  0 0 1,0 0 1,
  0 0 1,0 0 1,
  0 0 1,0 0 1,
  0 0 1,0 0 1,
  0 0 1,0 0 1,
  0 0 1,0 0 1,
  0 0 1,0 0 1,
  0 0 1,0 0 1,
  0 0 1,0 0 1,
  0 0 1,0 0 1,
  0 0 1,0 0 1,
  0 0 1,0 0 1,
  0 0 1,0 0 1,
  0 0 1,0 0 1,
  0 0 1,0 0 1,
  0 0 1,0 0 1,
  0 0 1,0 0 1,
  0 0 1,0 0 1,
  0 0 1,0 0 1,
  0 0 1,0 0 1,
  0 0 1,0 0 1,
  0 0 1,0 0 1,
  0 0 1,0 0 1,
  0 0 1,0 0 1,
  0 0 1,0 0 1,
  0 0 1,0 0 1,
  0 0 1,0 0 1,
  0 0 1,0 0 1,
  0 0 1,0 0 1,
  0 0 1,0 0 1,
  0 0 1,0 0 1,
  0 0 1,0 0 1,
  0 0 1,0 0 1,
  0 0 1,0 0 1,
  0 0 1,0 0 1,
  0 0 1,0 0 1,
  0 0 1,0 0 1,
  0 0 1,0 0 1,
  0 0 1,0 0 1,
  0 0 1,0 0 1,
  0 0 1,0 0 1,
  0 0 1,0 0 1,
  0 0 1,0 0 1,
  0 0 1,0 0 1,
  0 0 1,0 0 1,
  0 0 1,0 0 1,
  0 0 1,0 0 1,
  0 0 1,0 0 1,
  0 0 1,0 0 1,
  0 0 1,0 0 1,
  0 0 1,0 0 1,
  0 0 1,0 0 1,
  0 0 1,0 0 1,
  0 0 1,0 0 1,
  0 0 1,0 0 1,
  0 0 1,0 0 1,
  0 0 1,0 0 1,
  0 0 1,0 0 1,
  0 0 1,0 0 1,
  0 0 1,0 0 1,
  0 0 1,0 0 1,
  0 0 1,0 0 1,
  0 0 1,0 0 1,
  0 0 1,0 0 1,
  0 0 1,0 0 1,
  0 0 1,0 0 1,
  0 0 1,0 0 1,
  0 0 1,0 0 1,
  0 0 1,0 0 1,
  0 0 1,0 0 1,
  0 0 1,0 0 1,
  0 0 1,0 0 1,
  0 0 1,0 0 1,
  0 0 1,0 0 1,
  0 0 1,0 0 1,
  0 0 1,0 0 1,
  0 0 1,0 0 1,
  0 0 1,0 0 1,
  0 0 1,0 0 1,
  0 0 1,0 0 1,
  0 0 1,0 0 1,
  0 0 1,0 0 1,
  0 0 1,0 0 1,
  0 0 1,0 0 1,
  0 0 1,0 0 1,
  0 0 1,0 0 1,
  0 0 1,0 0 1,
  0 0 1,0 0 1,
  0 0 1,0 0 1,
  0 0 1,0 0 1,
  0 0 1,0 0 1,
  0 0 1,0 0 1,
  0 0 1,0 0 1,
  0 0 1,0 0 1,
  0 0 1,0 0 1,
  0 0 1,0 0 1,
  0 0 1,0 0 1,
  0 0 1,0 0 1,
  0 0 1,0 0 1,
  0 0 1,0 0 1,
  0 0 1,0 0 1,
  0 0 1,0 0 1,
  0 0 1,0 0 1,
  0 0 1,0 0 1,
  0 0 1,0 0 1,
  0 0 1,0 0 1,
  0 0 1,0 0 1,
  0 0 1,0 0 1,
  0 0 1,0 0 1,
  0 0 1,0 0 1,
  0 0 1,0 0 1,
  0 0 1,0 0 1,
  0 0 1,0 0 1,
  0 0 1,0 0 1,
  0 0 1,0 0 1,
  0 0 1,0 0 1,
  0 0 1,0 0 1,
  0 0 1,0 0 1,
  0 0 1,0 0 1,
  0 0 1,0 0 1,
  0 0 1,0 0 1,
  0 0 1,0 0 1,
  0 0 1,0 0 1,
  0 0 1,0 0 1,
  0 0 1,0 0 1,
  0 0 1,0 0 1,
  0 0 1,0 0 1,
  0 0 1,0 0 1,
  0 0 1,0 0 1,
  0 0 1,0 0 1,
  0 0 1,0 0 1,
  0 0 1,0 0 1,
  0 0 1,0 0 1,
  0 0 1,0 0 1,
  0 0 1,0 0 1,
  0 0 1,0 0 1,
  0 0 1,0 0 1,
  0 0 1,0 0 1,
  0 0 1,0 0 1,
  0 0 1,0 0 1,
  0 0 1,0 0 1,
  0 0 1,0 0 1,
  0 0 1,0 0 1,
  0 0 1,0 0 1,
  0 0 1,0 0 1,
  0 0 1,0 0 1,
  0 0 1,0 0 1,
  0 0 1,0 0 1,
  0 0 1,0 0 1,
  0 0 1,0 0 1,
  0 0 1,0 0 1,
  0 0 1,0 0 1,
  0 0 1,0 0 1,
  0 0 1,0 0 1,
  0 0 1,0 0 1,
  0 0 1,0 0 1,
  0 0 1,0 0 1,
  0 0 1,0 0 1,
  0 0 1,0 0 1,
  0 0 1,0 0 1,
  0 0 1,0 0 1,
  0 0 1,0 0 1,
  0 0 1,0 0 1,
  0 0 1,0 0 1,
  0 0 1,0 0 1,
  0 0 1,0 0 1,
  0 0 1,0 0 1,
  0 0 1,0 0 1,
  0 0 1,0 0 1,
  0 0 1,0 0 1,
  0 0 1,0 0 1,
  0 0 1,0 0 1,
  0 0 1,0 0 1,
  0 0 1,0 0 1,
  0 0 1,0 0 1,
  0 0 1,0 0 1,
  0 0 1,0 0 1,
  0 0 1,0 0 1,
  0 0 1,0 0 1,
  0 0 1,0 0 1,
  0 0 1,0 0 1,
  0 0 1,0 0 1,
  0 0 1,0 0 1,
  0 0 1,0 0 1,
  0 0 1,0 0 1,
  0 0 1,0 0 1,
  0 0 1,0 0 1,
  0 0 1,0 0 1,
  0 0 1,0 0 1,
  0 0 1,0 0 1,
  0 0 1,0 0 1,
  0 0 1,0 0 1,
  0 0 1,0 0 1,
  0 0 1,0 0 1,
  0 0 1,0 0 1,
  0 0 1,0 0 1,
  0 0 1,0 0 1,
  0 0 1,0 0 1,
  0 0 1,0 0 1,
  0 0 1,0 0 1,
  0 0 1,0 0 1,
  0 0 1,0 0 1,
  0 0 1,0 0 1,
  0 0 1,0 0 1,
  0 0 1,0 0 1,
  0 0 1,0 0 1,
  0 0 1,0 0 1,
  0 0 1,0 0 1,
  0 0 1,0 0 1,
  0 0 1,0 0 1,
  0 0 1,0 0 1,
  0 0 1,0 0 1,
  0 0 1,0 0 1,
  0 0 1,0 0 1,
  0 0 1,0 0 1,
  0 0 1,0 0 1,
  0 0 1,0 0 1,
  0 0 1,0 0 1,
  0 0 1,0 0 1,
  0 0 1,0 0 1,
  0 0 1,0 0 1,
  0 0 1,0 0 1,
  0 0 1,0 0 1,
  0 0 1,0 0 1,
  0 0 1,0 0 1,
  0 0 1,0 0 1,
  0 0 1,0 0 1,
  0 0 1,0 0 1,
  0 0 1,0 0 1,
  0 0 1,0 0 1,
  0 0 1,0 0 1,
  0 0 1,0 0 1,
  0 0 1,0 0 1,
  0 0 1,0 0 1,
  0 0 1,0 0 1,
  0 0 1,0 0 1,
  0 0 1,0 0 1,
  0 0 1,0 0 1,
  0 0 1,0 0 1,
  0 0 1,0 0 1,
  0 0 1,0 0 1,
  0 0 1,0 0 1,
  0 0 1,0 0 1,
  0 0 1,0 0 1,
  0 0 1,0 0 1,
  0 0 1,0 0 1,
  0 0 1,0 0 1,
  0 0 1,0 0 1,
  0 0 1,0 0 1,
  0 0 1,0 0 1,
  0 0 1,0 0 1,
  0 0 1,0 0 1,
  0 0 1,0 0 1,
  0 0 1,0 0 1,
  0 0 1,0 0 1,
  0 0 1,0 0 1,
  0 0 1,0 0 1,
  0 0 1,0 0 1,
  0 0 1,0 0 1,
  0 0 1,0 0 1,
  0 0 1,0 0 1,
  0 0 1,0 0 1,
  0 0 1,0 0 1,
  0 0 1,0 0 1,
  0 0 1,0 0 1,
  0 0 1,0 0 1,
  0 0 1,0 0 1,
  0 0 1,0 0 1,
  0 0 1,0 0 1,
  0 0 1,0 0 1,
  0 0 1,0 0 1,
  0 0 1,0 0 1,
  0 0 1,0 0 1,
  0 0 1,0 0 1,
  0 0 1,0 0 1,
  0 0 1,0 0 1,
  0 0 1,0 0 1,
  0 0 1,0 0 1,
  0 0 1,0 0 1,
  0 0 1,0 0 1,
  0 0 1,0 0 1,
  0 0 1,0 0 1,
  0 0 1,0 0 1,
  0 0 1,0 0 1,
  0 0 1,0 0 1,
  0 0 1,0 0 1,
  0 0 1,0 0 1,
  0 0 1,0 0 1,
  0 0 1,0 0 1,
  0 0 1,0 0 1,
  0 0 1,0 0 1,
  0 0 1,0 0 1,
  0 0 1,0 0 1,
  0 0 1,0 0 1,
  0 0 1,0 0 1,
  0 0 1,0 0 1,
  0 0 1,0 0 1,
  0 0 1,0 0 1,
  0 0 1,0 0 1,
  0 0 1,0 0 1,
  0 0 1,0 0 1,
  0 0 1,0 0 1,
  0 0 1,0 0 1,
  0 0 1,0 0 1,
  0 0 1,0 0 1,
  0 0 1,0 0 1,
  0 0 1,0 0 1,
  0 0 1,0 0 1,
  0 0 1,0 0 1,
  0 0 1,0 0 1,
  0 0 1,0 0 1,
  0 0 1,0 0 1,
  0 0 1,0 0 1,
  0 0 1,0 0 1,
  0 0 1,0 0 1,
  0 0 1,0 0 1,
  0 0 1,0 0 1,
  0 0 1,0 0 1,
  0 0 1,0 0 1,
  0 0 1,0 0 1,
  0 0 1,0 0 1,
  0 0 1,0 0 1,
  0 0 1,0 0 1,
  0 0 1,0 0 1,
  0 0 1,0 0 1,
  0 0 1,0 0 1,
  0 0 1,0 0 1,
  0 0 1,0 0 1,
  0 0 1,0 0 1,
  0 0 1,0 0 1,
  0 0 1,0 0 1,
  0 0 1,0 0 1,
  0 0 1,0 0 1,
  0 0 1,0 0 1,
  0 0 1,0 0 1,
  0 0 1,0 0 1,
  0 0 1,0 0 1,
  0 0 1,0 0 1,
  0 0 1,0 0 1,
  0 0 1,0 0 1,
  0 0 1,0 0 1,
  0 0 1,0 0 1,
  0 0 1,0 0 1,
  0 0 1,0 0 1,
  0 0 1,0 0 1,
  0 0 1,0 0 1,
  0 0 1,0 0 1,
  0 0 1,0 0 1,
  0 0 1,0 0 1,
  0 0 1,0 0 1,
  0 0 1,0 0 1,
  0 0 1,0 0 1,
  0 0 1,0 0 1,
  0 0 1,0 0 1,
  0 0 1,0 0 1,
  0 0 1,0 0 1,
  0 0 1,0 0 1,
  0 0 1,0 0 1,
  0 0 1,0 0 1,
  0 0 1,0 0 1,
  0 0 1,0 0 1,
  0 0 1,0 0 1,
  0 0 1,0 0 1,
  0 0 1,0 0 1,
  0 0 1,0 0 1,
  0 0 1,0 0 1,
  0 0 1,0 0 1,
  0 0 1,0 0 1,
  0 0 1,0 0 1,
  0 0 1,0 0 1,
  0 0 1,0 0 1,
  0 0 1,0 0 1,
  0 0 1,0 0 1,
  0 0 1,0 0 1,
  0 0 1,0 0 1,
  0 0 1,0 0 1,
  0 0 1,0 0 1,
  0 0 1,0 0 1,
  0 0 1,0 0 1,
  0 0 1,0 0 1,
  0 0 1,0 0 1,
  0 0 1,0 0 1,
  0 0 1,0 0 1,
  0 0 1,0 0 1,
  0 0 1,0 0 1,
  0 0 1,0 0 1,
  0 0 1,0 0 1,
  0 0 1,0 0 1,
  0 0 1,0 0 1,
  0 0 1,0 0 1,
  0 0 1,0 0 1,
  0 0 1,0 0 1,
  0 0 1,0 0 1,
  0 0 1,0 0 1,
  0 0 1,0 0 1,
  0 0 1,0 0 1,
  0 0 1,0 0 1,
  0 0 1,0 0 1,
  0 0 1,0 0 1,
  0 0 1,0 0 1,
  0 0 1,0 0 1,
  0 0 1,0 0 1,
  0 0 1,0 0 1,
  0 0 1,0 0 1,
  0 0 1,0 0 1,
  0 0 1,0 0 1,
  0 0 1,0 0 1,
  0 0 1,0 0 1,
  0 0 1,0 0 1,
  0 0 1,0 0 1,
  0 0 1,0 0 1,
  0 0 1,0 0 1,
  0 0 1,0 0 1,
  0 0 1,0 0 1,
  0 0 1,0 0 1,
  0 0 1,0 0 1,
  0 0 1,0 0 1,
  0 0 1,0 0 1,
  0 0 1,0 0 1,
  0 0 1,0 0 1,
  0 0 1,0 0 1,
  0 0 1,0 0 1,
  0 0 1,0 0 1,
  0 0 1,0 0 1,
  0 0 1,0 0 1,
  0 0 1,0 0 1,
  0 0 1,0 0 1,
  0 0 1,0 0 1,
  0 0 1,0 0 1,
  0 0 1,0 0 1,
  0 0 1,0 0 1,
  0 0 1,0 0 1,
  0 0 1,0 0 1,
  0 0 1,0 0 1,
  0 0 1,0 0 1,
  0 0 1,0 0 1,
  0 0 1,0 0 1,
  0 0 1,0 0 1,
  0 0 1,0 0 1,
  0 0 1,0 0 1,
  0 0 1,0 0 1,
  0 0 1,0 0 1,
  0 0 1,0 0 1,
  0 0 1,0 0 1,
  0 0 1,0 0 1,
  0 0 1,0 0 1,
  0 0 1,0 0 1,
  0 0 1,0 0 1,
  0 0 1,0 0 1,
  0 0 1,0 0 1,
  0 0 1,0 0 1,
  0 0 1,0 0 1,
  0 0 1,0 0 1,
  0 0 1,0 0 1,
  0 0 1,0 0 1,
  0 0 1,0 0 1,
  0 0 1,0 0 1,
  0 0 1,0 0 1,
  0 0 1,0 0 1,
  0 0 1,0 0 1,
  0 0 1,0 0 1,
  0 0 1,0 0 1,
  0 0 1,0 0 1,
  0 0 1,0 0 1,
  0 0 1,0 0 1,
  0 0 1,0 0 1,
  0 0 1,0 0 1,
  0 0 1,0 0 1,
  0 0 1,0 0 1,
  0 0 1,0 0 1,
  0 0 1,0 0 1,
  0 0 1,0 0 1,
  0 0 1,0 0 1,
  0 0 1,0 0 1,
  0 0 1,0 0 1,
  0 0 1,0 0 1,
  0 0 1,0 0 1,
  0 0 1,0 0 1,
  0 0 1,0 0 1,
  0 0 1,0 0 1,
  0 0 1,0 0 1,
  0 0 1,0 0 1,
  0 0 1,0 0 1,
  0 0 1,0 0 1,
  0 0 1,0 0 1,
  0 0 1,0 0 1,
  0 0 1,0 0 1,
  0 0 1,0 0 1,
  0 0 1,0 0 1,
  0 0 1,0 0 1,
  0 0 1,0 0 1,
  0 0 1,0 0 1,
  0 0 1,0 0 1,
  0 0 1,0 0 1,
  0 0 1,0 0 1,
  0 0 1,0 0 1,
  0 0 1,0 0 1,
  0 0 1,0 0 1,
  0 0 1,0 0 1,
  0 0 1,0 0 1,
  0 0 1,0 0 1,
  0 0 1,0 0 1,
  0 0 1,0 0 1,
  0 0 1,0 0 1,
  0 0 1,0 0 1,
  0 0 1,0 0 1,
  0 0 1,0 0 1,
  0 0 1,0 0 1,
  0 0 1,0 0 1,
  0 0 1,0 0 1,
  0 0 1,0 0 1,
  0 0 1,0 0 1,
  0 0 1,0 0 1,
  0 0 1,0 0 1,
  0 0 1,0 0 1,
  0 0 1,0 0 1,
  0 0 1,0 0 1,
  0 0 1,0 0 1,
  0 0 1,0 0 1,
  0 0 1,0 0 1,
  0 0 1,0 0 1,
  0 0 1,0 0 1,
  0 0 1,0 0 1,
  0 0 1,0 0 1,
  0 0 1,0 0 1,
  0 0 1,0 0 1,
  0 0 1,0 0 1,
  0 0 1,0 0 1,
  0 0 1,0 0 1,
  0 0 1,0 0 1,
  0 0 1,0 0 1,
  0 0 1,0 0 1,
  0 0 1,0 0 1,
  0 0 1,0 0 1,
  0 0 1,0 0 1,
  0 0 1,0 0 1,
  0 0 1,0 0 1,
  0 0 1,0 0 1,
  0 0 1,0 0 1,
  0 0 1,0 0 1,
  0 0 1,0 0 1,
  0 0 1,0 0 1,
  0 0 1,0 0 1,
  0 0 1,0 0 1,
  0 0 1,0 0 1,
  0 0 1,0 0 1,
  0 0 1,0 0 1,
  0 0 1,0 0 1,
  0 0 1,0 0 1,
  0 0 1,0 0 1,
  0 0 1,0 0 1,
  0 0 1,0 0 1,
  0 0 1,0 0 1,
  0 0 1,0 0 1,
  0 0 1,0 0 1,
  0 0 1,0 0 1,
  0 0 1,0 0 1,
  0 0 1,0 0 1,
  0 0 1,0 0 1,
  0 0 1,0 0 1,
  0 0 1,0 0 1,
  0 0 1,0 0 1,
  0 0 1,0 0 1,
  0 0 1,0 0 1,
  0 0 1,0 0 1,
  0 0 1,0 0 1,
  0 0 1,0 0 1,
  0 0 1,0 0 1,
  0 0 1,0 0 1,
  0 0 1,0 0 1,
  0 0 1,0 0 1,
  0 0 1,0 0 1,
  0 0 1,0 0 1,
  0 0 1,0 0 1,
  0 0 1,0 0 1,
  0 0 1,0 0 1,
  0 0 1,0 0 1,
  0 0 1,0 0 1,
  0 0 1,0 0 1,
  0 0 1,0 0 1,
  0 0 1,0 0 1,
  0 0 1,0 0 1,
  0 0 1,0 0 1,
  0 0 1,0 0 1,
  0 0 1,0 0 1,
  0 0 1,0 0 1,
  0 0 1,0 0 1,
  0 0 1,0 0 1,
  0 0 1,0 0 1,
  0 0 1,0 0 1,
  0 0 1,0 0 1,
  0 0 1,0 0 1,
  0 0 1,0 0 1,
  0 0 1,0 0 1,
  0 0 1,0 0 1,
  0 0 1,0 0 1,
  0 0 1,0 0 1,
  0 0 1,0 0 1,
  0 0 1,0 0 1,
  0 0 1,0 0 1,
  0 0 1,0 0 1,
  0 0 1,0 0 1,
  0 0 1,0 0 1,
  0 0 1,0 0 1,
  0 0 1,0 0 1,
  0 0 1,0 0 1,
  0 0 1,0 0 1,
  0 0 1,0 0 1,
  0 0 1,0 0 1,
  0 0 1,0 0 1,
  0 0 1,0 0 1,
  0 0 1,0 0 1,
  0 0 1,0 0 1,
  0 0 1,0 0 1,
  0 0 1,0 0 1,
  0 0 1,0 0 1,
  0 0 1,0 0 1,
  0 0 1,0 0 1,
  0 0 1,0 0 1,
  0 0 1,0 0 1,
  0 0 1,0 0 1,
  0 0 1,0 0 1,
  0 0 1,0 0 1,
  0 0 1,0 0 1,
  0 0 1,0 0 1,
  0 0 1,0 0 1,
  0 0 1,0 0 1,
  0 0 1,0 0 1,
  0 0 1,0 0 1,
  0 0 1,0 0 1,
  0 0 1,0 0 1,
  0 0 1,0 0 1,
  0 0 1,0 0 1,
  0 0 1,0 0 1,
  0 0 1,0 0 1,
  0 0 1,0 0 1,
  0 0 1,0 0 1,
  0 0 1,0 0 1,
  0 0 1,0 0 1,
  0 0 1,0 0 1,
  0 0 1,0 0 1,
  0 0 1,0 0 1,
  0 0 1,0 0 1,
  0 0 1,0 0 1,
  0 0 1,0 0 1,
  0 0 1,0 0 1,
  0 0 1,0 0 1,
  0 0 1,0 0 1,
  0 0 1,0 0 1,
  0 0 1,0 0 1,
  0 0 1,0 0 1,
  0 0 1,0 0 1,
  0 0 1,0 0 1,
  0 0 1,0 0 1,
  0 0 1,0 0 1,
  0 0 1,0 0 1,
  0 0 1,0 0 1,
  0 0 1,0 0 1,
  0 0 1,0 0 1,
  0 0 1,0 0 1,
  0 0 1,0 0 1,
  0 0 1,0 0 1,
  0 0 1,0 0 1,
  0 0 1,0 0 1,
  0 0 1,0 0 1,
  0 0 1,0 0 1,
  0 0 1,0 0 1,
  0 0 1,0 0 1,
  0 0 1,0 0 1,
  0 0 1,0 0 1,
  0 0 1,0 0 1,
  0 0 1,0 0 1,
  0 0 1,0 0 1,
  0 0 1,0 0 1,
  0 0 1,0 0 1,
  0 0 1,0 0 1,
  0 0 1,0 0 1,
  0 0 1,0 0 1,
  0 0 1,0 0 1,
  0 0 1,0 0 1,
  0 0 1,0 0 1,
  0 0 1,0 0 1,
  0 0 1,0 0 1,
  0 0 1,0 0 1,
  0 0 1,0 0 1,
  0 0 1,0 0 1,
  0 0 1,0 0 1,
  0 0 1,0 0 1,
  0 0 1,0 0 1,
  0 0 1,0 0 1,
  0 0 1,0 0 1,
  0 0 1,0 0 1,
  0 0 1,0 0 1,
  0 0 1,0 0 1,
  0 0 1,0 0 1,
  0 0 1,0 0 1,
  0 0 1,0 0 1,
  0 0 1,0 0 1,
  0 0 1,0 0 1,
  0 0 1,0 0 1,
  0 0 1,0 0 1,
  0 0 1,0 0 1,
  0 0 1,0 0 1,
  0 0 1,0 0 1,
  0 0 1,0 0 1,
  0 0 1,0 0 1,
  0 0 1,0 0 1,
  0 0 1,0 0 1,
  0 0 1,0 0 1,
  0 0 1,0 0 1,
  0 0 1,0 0 1,
  0 0 1,0 0 1,
  0 0 1,0 0 1,
  0 0 1,0 0 1,
  0 0 1,0 0 1,
  0 0 1,0 0 1,
  0 0 1,0 0 1,
  0 0 1,0 0 1,
  0 0 1,0 0 1,
  0 0 1,0 0 1,
  0 0 1,0 0 1,
  0 0 1,0 0 1,
  0 0 1,0 0 1,
  0 0 1,0 0 1,
  0 0 1,0 0 1,
  0 0 1,0 0 1,
  0 0 1,0 0 1,
  0 0 1,0 0 1,
  0 0 1,0 0 1,
  0 0 1,0 0 1,
  0 0 1,0 0 1,
  0 0 1,0 0 1,
  0 0 1,0 0 1,
  0 0 1,0 0 1,
  0 0 1,0 0 1,
  0 0 1,0 0 1,
  0 0 1,0 0 1,
  0 0 1,0 0 1,
  0 0 1,0 0 1,
  0 0 1,0 0 1,
  0 0 1,0 0 1,
  0 0 1,0 0 1,
  0 0 1,0 0 1,
  0 0 1,0 0 1,
  0 0 1,0 0 1,
  0 0 1,0 0 1,
  0 0 1,0 0 1,
  0 0 1,0 0 1,
  0 0 1,0 0 1,
  0 0 1,0 0 1,
  0 0 1,0 0 1,
  0 0 1,0 0 1,
  0 0 1,0 0 1,
  0 0 1,0 0 1,
  0 0 1,0 0 1,
  0 0 1,0 0 1,
  0 0 1,0 0 1,
  0 0 1,0 0 1,
  0 0 1,0 0 1,
  0 0 1,0 0 1,
  0 0 1,0 0 1,
  0 0 1,0 0 1,
  0 0 1,0 0 1,
  0 0 1,0 0 1,
  0 0 1,0 0 1,
  0 0 1,0 0 1,
  0 0 1,0 0 1,
  0 0 1,0 0 1,
  0 0 1,0 0 1,
  0 0 1,0 0 1,
  0 0 1,0 0 1,
  0 0 1,0 0 1,
  0 0 1,0 0 1,
  0 0 1,0 0 1,
  0 0 1,0 0 1,
  0 0 1,0 0 1,
  0 0 1,0 0 1,
  0 0 1,0 0 1,
  0 0 1,0 0 1,
  0 0 1,0 0 1,
  0 0 1,0 0 1,
  0 0 1,0 0 1,
  0 0 1,0 0 1,
  0 0 1,0 0 1,
  0 0 1,0 0 1,
  0 0 1,0 0 1,
  0 0 1,0 0 1,
  0 0 1,0 0 1,
  0 0 1,0 0 1,
  0 0 1,0 0 1,
  0 0 1,0 0 1,
  0 0 1,0 0 1,
  0 0 1,0 0 1,
  0 0 1,0 0 1,
  0 0 1,0 0 1,
  0 0 1,0 0 1,
  0 0 1,0 0 1,
  0 0 1,0 0 1,
  0 0 1,0 0 1,
  0 0 1,0 0 1,
  0 0 1,0 0 1,
  0 0 1,0 0 1,
  0 0 1,0 0 1,
  0 0 1,0 0 1,
  0 0 1,0 0 1,
  0 0 1,0 0 1,
  0 0 1,0 0 1,
  0 0 1,0 0 1,
  0 0 1,0 0 1,
  0 0 1,0 0 1,
  0 0 1,0 0 1,
  0 0 1,0 0 1,
  0 0 1,0 0 1,
  0 0 1,0 0 1,
  0 0 1,0 0 1,
  0 0 1,0 0 1,
  0 0 1,0 0 1,
  0 0 1,0 0 1,
  0 0 1,0 0 1,
  0 0 1,0 0 1,
  0 0 1,0 0 1,
  0 0 1,0 0 1,
  0 0 1,0 0 1,
  0 0 1,0 0 1,
  0 0 1,0 0 1,
  0 0 1,0 0 1,
  0 0 1,0 0 1,
  0 0 1,0 0 1,
  0 0 1,0 0 1,
  0 0 1,0 0 1,
  0 0 1,0 0 1,
  0 0 1,0 0 1,
  0 0 1,0 0 1,
  0 0 1,0 0 1,
  0 0 1,0 0 1,
  0 0 1,0 0 1,
  0 0 1,0 0 1,
  0 0 1,0 0 1,
  0 0 1,0 0 1,
  0 0 1,0 0 1,
  0 0 1,0 0 1,
  0 0 1,0 0 1,
  0 0 1,0 0 1,
  0 0 1,0 0 1,
  0 0 1,0 0 1,
  0 0 1,0 0 1,
  0 0 1,0 0 1,
  0 0 1,0 0 1,
  0 0 1,0 0 1,
  0 0 1,0 0 1,
  0 0 1,0 0 1,
  0 0 1,0 0 1,
  0 0 1,0 0 1,
  0 0 1,0 0 1,
  0 0 1,0 0 1,
  0 0 1,0 0 1,
  0 0 1,0 0 1,
  0 0 1,0 0 1,
  0 0 1,0 0 1,
  0 0 1,0 0 1,
  0 0 1,0 0 1,
  0 0 1,0 0 1,
  0 0 1,0 0 1,
  0 0 1,0 0 1,
  0 0 1,0 0 1,
  0 0 1,0 0 1,
  0 0 1,0 0 1,
  0 0 1,0 0 1,
  0 0 1,0 0 1,
  0 0 1,0 0 1,
  0 0 1,0 0 1,
  0 0 1,0 0 1,
  0 0 1,0 0 1,
  0 0 1,0 0 1,
  0 0 1,0 0 1,
  0 0 1,0 0 1,
  0 0 1,0 0 1,
  0 0 1,0 0 1,
  0 0 1,0 0 1,
  0 0 1,0 0 1,
  0 0 1,0 0 1,
  0 0 1,0 0 1,
  0 0 1,0 0 1,
  0 0 1,0 0 1,
  0 0 1,0 0 1,
  0 0 1,0 0 1,
  0 0 1,0 0 1,
  0 0 1,0 0 1,
  0 0 1,0 0 1,
  0 0 1,0 0 1,
  0 0 1,0 0 1,
  0 0 1,0 0 1,
  0 0 1,0 0 1,
  0 0 1,0 0 1,
  0 0 1,0 0 1,
  0 0 1,0 0 1,
  0 0 1,0 0 1,
  0 0 1,0 0 1,
  0 0 1,0 0 1,
  0 0 1,0 0 1,
  0 0 1,0 0 1,
  0 0 1,0 0 1,
  0 0 1,0 0 1,
  0 0 1,0 0 1,
  0 0 1,0 0 1,
  0 0 1,0 0 1,
  0 0 1,0 0 1,
  0 0 1,0 0 1,
  0 0 1,0 0 1,
  0 0 1,0 0 1,
  0 0 1,0 0 1,
  0 0 1,0 0 1,
  0 0 1,0 0 1,
  0 0 1,0 0 1,
  0 0 1,0 0 1,
  0 0 1,0 0 1,
  0 0 1,0 0 1,
  0 0 1,0 0 1,
  0 0 1,0 0 1,
  0 0 1,0 0 1,
  0 0 1,0 0 1,
  0 0 1,0 0 1,
  0 0 1,0 0 1,
  0 0 1,0 0 1,
  0 0 1,0 0 1,
  0 0 1,0 0 1,
  0 0 1,0 0 1,
  0 0 1,0 0 1,
  0 0 1,0 0 1,
  0 0 1,0 0 1,
  0 0 1,0 0 1,
  0 0 1,0 0 1,
  0 0 1,0 0 1,
  0 0 1,0 0 1,
  0 0 1,0 0 1,
  0 0 1,0 0 1,
  0 0 1,0 0 1,
  0 0 1,0 0 1,
  0 0 1,0 0 1,
  0 0 1,0 0 1,
  0 0 1,0 0 1,
  0 0 1,0 0 1,
  0 0 1,0 0 1,
  0 0 1,0 0 1,
  0 0 1,0 0 1,
  0 0 1,0 0 1,
  0 0 1,0 0 1,
  0 0 1,0 0 1,
  0 0 1,0 0 1,
  0 0 1,0 0 1,
  0 0 1,0 0 1,
  0 0 1,0 0 1,
  0 0 1,0 0 1,
  0 0 1,0 0 1,
  0 0 1,0 0 1,
  0 0 1,0 0 1,
  0 0 1,0 0 1,
  0 0 1,0 0 1,
  0 0 1,0 0 1,
  0 0 1,0 0 1,
  0 0 1,0 0 1,
  0 0 1,0 0 1,
  0 0 1,0 0 1,
  0 0 1,0 0 1,
  0 0 1,0 0 1,
  0 0 1,0 0 1,
  0 0 1,0 0 1,
  0 0 1,0 0 1,
  0 0 1,0 0 1,
  0 0 1,0 0 1,
  0 0 1,0 0 1,
  0 0 1,0 0 1,
  0 0 1,0 0 1,
  0 0 1,0 0 1,
  0 0 1,0 0 1,
  0 0 1,0 0 1,
  0 0 1,0 0 1,
  0 0 1,0 0 1,
  0 0 1,0 0 1,
  0 0 1,0 0 1,
  0 0 1,0 0 1,
  0 0 1,0 0 1,
  0 0 1,0 0 1,
  0 0 1,0 0 1,
  0 0 1,0 0 1,
  0 0 1,0 0 1,
  0 0 1,0 0 1,
  0 0 1,0 0 1,
  0 0 1,0 0 1,
  0 0 1,0 0 1,
  0 0 1,0 0 1,
  0 0 1,0 0 1,
  0 0 1,0 0 1,
  0 0 1,0 0 1,
  0 0 1,0 0 1,
  0 0 1,0 0 1,
  0 0 1,0 0 1,
  0 0 1,0 0 1,
  0 0 1,0 0 1,
  0 0 1,0 0 1,
  0 0 1,0 0 1,
  0 0 1,0 0 1,
  0 0 1,0 0 1,
  0 0 1,0 0 1,
  0 0 1,0 0 1,
  0 0 1,0 0 1,
  0 0 1,0 0 1,
  0 0 1,0 0 1,
  0 0 1,0 0 1,
  0 0 1,0 0 1,
  0 0 1,0 0 1,
  0 0 1,0 0 1,
  0 0 1,0 0 1,
  0 0 1,0 0 1,
  0 0 1,0 0 1,
  0 0 1,0 0 1,
  0 0 1,0 0 1,
  0 0 1,0 0 1,
  0 0 1,0 0 1,
  0 0 1,0 0 1,
  0 0 1,0 0 1,
  0 0 1,0 0 1,
  0 0 1,0 0 1,
  0 0 1,0 0 1,
  0 0 1,0 0 1,
  0 0 1,0 0 1,
  0 0 1,0 0 1,
  0 0 1,0 0 1,
  0 0 1,0 0 1,
  0 0 1,0 0 1,
  0 0 1,0 0 1,
  0 0 1,0 0 1,
  0 0 1,0 0 1,
  0 0 1,0 0 1,
  0 0 1,0 0 1,
  0 0 1,0 0 1,
  0 0 1,0 0 1,
  0 0 1,0 0 1,
  0 0 1,0 0 1,
  0 0 1,0 0 1,
  0 0 1,0 0 1,
  0 0 1,0 0 1,
  0 0 1,0 0 1,
  0 0 1,0 0 1,
  0 0 1,0 0 1,
  0 0 1,0 0 1,
  0 0 1,0 0 1,
  0 0 1,0 0 1,
  0 0 1,0 0 1,
  0 0 1,0 0 1,
  0 0 1,0 0 1,
  0 0 1,0 0 1,
  0 0 1,0 0 1,
  0 0 1,0 0 1,
  0 0 1,0 0 1,
  0 0 1,0 0 1,
  0 0 1,0 0 1,
  0 0 1,0 0 1,
  0 0 1,0 0 1,
  0 0 1,0 0 1,
  0 0 1,0 0 1,
  0 0 1,0 0 1,
  0 0 1,0 0 1,
  0 0 1,0 0 1,
  0 0 1,0 0 1,
  0 0 1,0 0 1,
  0 0 1,0 0 1,
  0 0 1,0 0 1,
  0 0 1,0 0 1,
  0 0 1,0 0 1,
  0 0 1,0 0 1,
  0 0 1,0 0 1,
  0 0 1,0 0 1,
  0 0 1,0 0 1,
  0 0 1,0 0 1,
  0 0 1,0 0 1,
  0 0 1,0 0 1,
  0 0 1,0 0 1,
  0 0 1,0 0 1,
  0 0 1,0 0 1,
  0 0 1,0 0 1,
  0 0 1,0 0 1,
  0 0 1,0 0 1,
  0 0 1,0 0 1,
  0 0 1,0 0 1,
  0 0 1,0 0 1,
  0 0 1,0 0 1,
  0 0 1,0 0 1,
  0 0 1,0 0 1,
  0 0 1,0 0 1,
  0 0 1,0 0 1,
  0 0 1,0 0 1,
  0 0 1,0 0 1,
  0 0 1,0 0 1,
  0 0 1,0 0 1,
  0 0 1,0 0 1,
  0 0 1,0 0 1,
  0 0 1,0 0 1,
  0 0 1,0 0 1,
  0 0 1,0 0 1,
  0 0 1,0 0 1,
  0 0 1,0 0 1,
  0 0 1,0 0 1,
  0 0 1,0 0 1,
  0 0 1,0 0 1,
  0 0 1,0 0 1,
  0 0 1,0 0 1,
  0 0 1,0 0 1,
  0 0 1,0 0 1,
  0 0 1,0 0 1,
  0 0 1,0 0 1,
  0 0 1,0 0 1,
  0 0 1,0 0 1,
  0 0 1,0 0 1,
  0 0 1,0 0 1,
  0 0 1,0 0 1,
  0 0 1,0 0 1,
  0 0 1,0 0 1,
  0 0 1,0 0 1,
  0 0 1,0 0 1,
  0 0 1,0 0 1,
  0 0 1,0 0 1,
  0 0 1,0 0 1,
  0 0 1,0 0 1,
  0 0 1,0 0 1,
  0 0 1,0 0 1,
  0 0 1,0 0 1,
  0 0 1,0 0 1,
  0 0 1,0 0 1,
  0 0 1,0 0 1,
  0 0 1,0 0 1,
  0 0 1,0 0 1,
  0 0 1,0 0 1,
  0 0 1,0 0 1,
  0 0 1,0 0 1,
  0 0 1,0 0 1,
  0 0 1,0 0 1,
  0 0 1,0 0 1,
  0 0 1,0 0 1,
  0 0 1,0 0 1,
  0 0 1,0 0 1,
  0 0 1,0 0 1,
  0 0 1,0 0 1,
  0 0 1,0 0 1,
  0 0 1,0 0 1,
  0 0 1,0 0 1,
  0 0 1,0 0 1,
  0 0 1,0 0 1,
  0 0 1,0 0 1,
  0 0 1,0 0 1,
  0 0 1,0 0 1,
  0 0 1,0 0 1,
  0 0 1,0 0 1,
  0 0 1,0 0 1,
  0 0 1,0 0 1,
  0 0 1,0 0 1,
  0 0 1,0 0 1,
  0 0 1,0 0 1,
  0 0 1,0 0 1,
  0 0 1,0 0 1,
  0 0 1,0 0 1,
  0 0 1,0 0 1,
  0 0 1,0 0 1,
  0 0 1,0 0 1,
  0 0 1,0 0 1,
  0 0 1,0 0 1,
  0 0 1,0 0 1,
  0 0 1,0 0 1,
  0 0 1,0 0 1,
  0 0 1,0 0 1,
  0 0 1,0 0 1,
  0 0 1,0 0 1,
  0 0 1,0 0 1,
  0 0 1,0 0 1,
  0 0 1,0 0 1,
  0 0 1,0 0 1,
  0 0 1,0 0 1,
  0 0 1,0 0 1,
  0 0 1,0 0 1,
  0 0 1,0 0 1,
  0 0 1,0 0 1,
  0 0 1,0 0 1,
  0 0 1,0 0 1,
  0 0 1,0 0 1,
  0 0 1,0 0 1,
  0 0 1,0 0 1,
  0 0 1,0 0 1,
  0 0 1,0 0 1,
  0 0 1,0 0 1,
  0 0 1,0 0 1,
  0 0 1,0 0 1,
  0 0 1,0 0 1,
  0 0 1,0 0 1,
  0 0 1,0 0 1,
  0 0 1,0 0 1,
  0 0 1,0 0 1,
  0 0 1,0 0 1,
  0 0 1,0 0 1,
  0 0 1,0 0 1,
  0 0 1,0 0 1,
  0 0 1,0 0 1,
  0 0 1,0 0 1,
  0 0 1,0 0 1,
  0 0 1,0 0 1,
  0 0 1,0 0 1,
  0 0 1,0 0 1,
  0 0 1,0 0 1,
  0 0 1,0 0 1,
  0 0 1,0 0 1,
  0 0 1,0 0 1,
  0 0 1,0 0 1,
  0 0 1,0 0 1,
  0 0 1,0 0 1,
  0 0 1,0 0 1,
  0 0 1,0 0 1,
  0 0 1,0 0 1,
  0 0 1,0 0 1,
  0 0 1,0 0 1,
  0 0 1,0 0 1,
  0 0 1,0 0 1,
  0 0 1,0 0 1,
  0 0 1,0 0 1,
  0 0 1,0 0 1,
  0 0 1,0 0 1,
  0 0 1,0 0 1,
  0 0 1,0 0 1,
  0 0 1,0 0 1,
  0 0 1,0 0 1,
  0 0 1,0 0 1,
  0 0 1,0 0 1,
  0 0 1,0 0 1,
  0 0 1,0 0 1,
  0 0 1,0 0 1,
  0 0 1,0 0 1,
  0 0 1,0 0 1,
  0 0 1,0 0 1,
  0 0 1,0 0 1,
  0 0 1,0 0 1,
  0 0 1,0 0 1,
  0 0 1,0 0 1,
  0 0 1,0 0 1,
  0 0 1,0 0 1,
  0 0 1,0 0 1,
  0 0 1,0 0 1,
  0 0 1,0 0 1,
  0 0 1,0 0 1,
  0 0 1,0 0 1,
  0 0 1,0 0 1,
  0 0 1,0 0 1,
  0 0 1,0 0 1,
  0 0 1,0 0 1,
  0 0 1,0 0 1,
  0 0 1,0 0 1,
  0 0 1,0 0 1,
  0 0 1,0 0 1,
  0 0 1,0 0 1,
  0 0 1,0 0 1,
  0 0 1,0 0 1,
  0 0 1,0 0 1,
  0 0 1,0 0 1,
  0 0 1,0 0 1,
  0 0 1,0 0 1,
  0 0 1,0 0 1,
  0 0 1,0 0 1,
  0 0 1,0 0 1,
  0 0 1,0 0 1,
  0 0 1,0 0 1,
  0 0 1,0 0 1,
  0 0 1,0 0 1,
  0 0 1,0 0 1,
  0 0 1,0 0 1,
  0 0 1,0 0 1,
  0 0 1,0 0 1,
  0 0 1,0 0 1,
  0 0 1,0 0 1,
  0 0 1,0 0 1,
  0 0 1,0 0 1,
  0 0 1,0 0 1,
  0 0 1,0 0 1,
  0 0 1,0 0 1,
  0 0 1,0 0 1,
  0 0 1,0 0 1,
  0 0 1,0 0 1,
  0 0 1,0 0 1,
  0 0 1,0 0 1,
  0 0 1,0 0 1,
  0 0 1,0 0 1,
  0 0 1,0 0 1,
  0 0 1,0 0 1,
  0 0 1,0 0 1,
  0 0 1,0 0 1,
  0 0 1,0 0 1,
  0 0 1,0 0 1,
  0 0 1,0 0 1,
  0 0 1,0 0 1,
  0 0 1,0 0 1,
  0 0 1,0 0 1,
  0 0 1,0 0 1,
  0 0 1,0 0 1,
  0 0 1,0 0 1,
  0 0 1,0 0 1,
  0 0 1,0 0 1,
  0 0 1,0 0 1,
  0 0 1,0 0 1,
  0 0 1,0 0 1,
  0 0 1,0 0 1,
  0 0 1,0 0 1,
  0 0 1,0 0 1,
  0 0 1,0 0 1,
  0 0 1,0 0 1,
  0 0 1,0 0 1,
  0 0 1,0 0 1,
  0 0 1,0 0 1,
  0 0 1,0 0 1,
  0 0 1,0 0 1,
  0 0 1,0 0 1,
  0 0 1,0 0 1,
  0 0 1,0 0 1,
  0 0 1,0 0 1,
  0 0 1,0 0 1,
  0 0 1,0 0 1,
  0 0 1,0 0 1,
  0 0 1,0 0 1,
  0 0 1,0 0 1,
  0 0 1,0 0 1,
  0 0 1,0 0 1,
  0 0 1,0 0 1,
  0 0 1,0 0 1,
  0 0 1,0 0 1,
  0 0 1,0 0 1,
  0 0 1,0 0 1,
  0 0 1,0 0 1,
  0 0 1,0 0 1,
  0 0 1,0 0 1,
  0 0 1,0 0 1,
  0 0 1,0 0 1,
  0 0 1,0 0 1,
  0 0 1,0 0 1,
  0 0 1,0 0 1,
  0 0 1,0 0 1,
  0 0 1,0 0 1,
  0 0 1,0 0 1,
  0 0 1,0 0 1,
  0 0 1,0 0 1,
  0 0 1,0 0 1,
  0 0 1,0 0 1,
  0 0 1,0 0 1,
  0 0 1,0 0 1,
  0 0 1,0 0 1,
  0 0 1,0 0 1,
  0 0 1,0 0 1,
  0 0 1,0 0 1,
  0 0 1,0 0 1,
  0 0 1,0 0 1,
  0 0 1,0 0 1,
  0 0 1,0 0 1,
  0 0 1,0 0 1,
  0 0 1,0 0 1,
  0 0 1,0 0 1,
  0 0 1,0 0 1,
  0 0 1,0 0 1,
  0 0 1,0 0 1,
  0 0 1,0 0 1,
  0 0 1,0 0 1,
  0 0 1,0 0 1,
  0 0 1,0 0 1,
  0 0 1,0 0 1,
  0 0 1,0 0 1,
  0 0 1,0 0 1,
  0 0 1,0 0 1,
  0 0 1,0 0 1,
  0 0 1,0 0 1,
  0 0 1,0 0 1,
  0 0 1,0 0 1,
  0 0 1,0 0 1,
  0 0 1,0 0 1,
  0 0 1,0 0 1,
  0 0 1,0 0 1,
  0 0 1,0 0 1,
  0 0 1,0 0 1,
  0 0 1,0 0 1,
  0 0 1,0 0 1,
  0 0 1,0 0 1,
  0 0 1,0 0 1,
  0 0 1,0 0 1,
  0 0 1,0 0 1,
  0 0 1,0 0 1,
  0 0 1,0 0 1,
  0 0 1,0 0 1,
  0 0 1,0 0 1,
  0 0 1,0 0 1,
  0 0 1,0 0 1,
  0 0 1,0 0 1,
  0 0 1,0 0 1,
  0 0 1,0 0 1,
  0 0 1,0 0 1,
  0 0 1,0 0 1,
  0 0 1,0 0 1,
  0 0 1,0 0 1,
  0 0 1,0 0 1,
  0 0 1,0 0 1,
  0 0 1,0 0 1,
  0 0 1,0 0 1,
  0 0 1,0 0 1,
  0 0 1,0 0 1,
  0 0 1,0 0 1,
  0 0 1,0 0 1,
  0 0 1,0 0 1,
  0 0 1,0 0 1,
  0 0 1,0 0 1,
  0 0 1,0 0 1,
  0 0 1,0 0 1,
  0 0 1,0 0 1,
  0 0 1,0 0 1,
  0 0 1,0 0 1,
  0 0 1,0 0 1,
  0 0 1,0 0 1,
  0 0 1,0 0 1,
  0 0 1,0 0 1,
  0 0 1,0 0 1,
  0 0 1,0 0 1,
  0 0 1,0 0 1,
  0 0 1,0 0 1,
  0 0 1,0 0 1,
  0 0 1,0 0 1,
  0 0 1,0 0 1,
  0 0 1,0 0 1,
  0 0 1,0 0 1,
  0 0 1,0 0 1,
  0 0 1,0 0 1,
  0 0 1,0 0 1,
  0 0 1,0 0 1,
  0 0 1,0 0 1,
  0 0 1,0 0 1,
  0 0 1,0 0 1,
  0 0 1,0 0 1,
  0 0 1,0 0 1,
  0 0 1,0 0 1,
  0 0 1,0 0 1,
  0 0 1,0 0 1,
  0 0 1,0 0 1,
  0 0 1,0 0 1,
  0 0 1,0 0 1,
  0 0 1,0 0 1,
  0 0 1,0 0 1,
  0 0 1,0 0 1,
  0 0 1,0 0 1,
  0 0 1,0 0 1,
  0 0 1,0 0 1,
  0 0 1,0 0 1,
  0 0 1,0 0 1,
  0 0 1,0 0 1,
  0 0 1,0 0 1,
  0 0 1,0 0 1,
  0 0 1,0 0 1,
  0 0 1,0 0 1,
  0 0 1,0 0 1,
  0 0 1,0 0 1,
  0 0 1,0 0 1,
  0 0 1,0 0 1,
  0 0 1,0 0 1,
  0 0 1,0 0 1,
  0 0 1,0 0 1,
  0 0 1,0 0 1,
  0 0 1,0 0 1,
  0 0 1,0 0 1,
  0 0 1,0 0 1,
  0 0 1,0 0 1,
  0 0 1,0 0 1,
  0 0 1,0 0 1,
  0 0 1,0 0 1,
  0 0 1,0 0 1,
  0 0 1,0 0 1,
  0 0 1,0 0 1,
  0 0 1,0 0 1,
  0 0 1,0 0 1,
  0 0 1,0 0 1,
  0 0 1,0 0 1,
  0 0 1,0 0 1,
  0 0 1,0 0 1,
  0 0 1,0 0 1,
  0 0 1,0 0 1,
  0 0 1,0 0 1,
  0 0 1,0 0 1,
  0 0 1,0 0 1,
  0 0 1,0 0 1,
  0 0 1,0 0 1,
  0 0 1,0 0 1,
  0 0 1,0 0 1,
  0 0 1,0 0 1,
  0 0 1,0 0 1,
  0 0 1,0 0 1,
  0 0 1,0 0 1,
  0 0 1,0 0 1,
  0 0 1,0 0 1,
  0 0 1,0 0 1,
  0 0 1,0 0 1,
  0 0 1,0 0 1,
  0 0 1,0 0 1,
  0 0 1,0 0 1,
  0 0 1,0 0 1,
  0 0 1,0 0 1,
  0 0 1,0 0 1,
  0 0 1,0 0 1,
  0 0 1,0 0 1,
  0 0 1,0 0 1,
  0 0 1,0 0 1,
  0 0 1,0 0 1,
  0 0 1,0 0 1,
  0 0 1,0 0 1,
  0 0 1,0 0 1,
  0 0 1,0 0 1,
  0 0 1,0 0 1,
  0 0 1,0 0 1,
  0 0 1,0 0 1,
  0 0 1,0 0 1,
  0 0 1,0 0 1,
  0 0 1,0 0 1,
  0 0 1,0 0 1,
  0 0 1,0 0 1,
  0 0 1,0 0 1,
  0 0 1,0 0 1,
  0 0 1,0 0 1,
  0 0 1,0 0 1,
  0 0 1,0 0 1,
  0 0 1,0 0 1,
  0 0 1,0 0 1,
  0 0 1,0 0 1,
  0 0 1,0 0 1,
  0 0 1,0 0 1,
  0 0 1,0 0 1,
  0 0 1,0 0 1,
  0 0 1,0 0 1,
  0 0 1,0 0 1,
  0 0 1,0 0 1,
  0 0 1,0 0 1,
  0 0 1,0 0 1,
  0 0 1,0 0 1,
  0 0 1,0 0 1,
  0 0 1,0 0 1,
  0 0 1,0 0 1,
  0 0 1,0 0 1,
  0 0 1,0 0 1,
  0 0 1,0 0 1,
  0 0 1,0 0 1,
  0 0 1,0 0 1,
  0 0 1,0 0 1,
  0 0 1,0 0 1,
  0 0 1,0 0 1,
  0 0 1,0 0 1,
  0 0 1,0 0 1,
  0 0 1,0 0 1,
  0 0 1,0 0 1,
  0 0 1,0 0 1,
  0 0 1,0 0 1,
  0 0 1,0 0 1,
  0 0 1,0 0 1,
  0 0 1,0 0 1,
  0 0 1,0 0 1,
  0 0 1,0 0 1,
  0 0 1,0 0 1,
  0 0 1,0 0 1,
  0 0 1,0 0 1,
  0 0 1,0 0 1,
  0 0 1,0 0 1,
  0 0 1,0 0 1,
  0 0 1,0 0 1,
  0 0 1,0 0 1,
  0 0 1,0 0 1,
  0 0 1,0 0 1,
  0 0 1,0 0 1,
  0 0 1,0 0 1,
  0 0 1,0 0 1,
  0 0 1,0 0 1,
  0 0 1,0 0 1,
  0 0 1,0 0 1,
  0 0 1,0 0 1,
  0 0 1,0 0 1,
  0 0 1,0 0 1,
  0 0 1,0 0 1,
  0 0 1,0 0 1,
  0 0 1,0 0 1,
  0 0 1,0 0 1,
  0 0 1,0 0 1,
  0 0 1,0 0 1,
  0 0 1,0 0 1,
  0 0 1,0 0 1,
  0 0 1,0 0 1,
  0 0 1,0 0 1,
  0 0 1,0 0 1,
  0 0 1,0 0 1,
  0 0 1,0 0 1,
  0 0 1,0 0 1,
  0 0 1,0 0 1,
  0 0 1,0 0 1,
  0 0 1,0 0 1,
  0 0 1,0 0 1,
  0 0 1,0 0 1,
  0 0 1,0 0 1,
  0 0 1,0 0 1,
  0 0 1,0 0 1,
  0 0 1,0 0 1,
  0 0 1,0 0 1,
  0 0 1,0 0 1,
  0 0 1,0 0 1,
  0 0 1,0 0 1,
  0 0 1,0 0 1,
  0 0 1,0 0 1,
  0 0 1,0 0 1,
  0 0 1,0 0 1,
  0 0 1,0 0 1,
  0 0 1,0 0 1,
  0 0 1,0 0 1,
  0 0 1,0 0 1,
  0 0 1,0 0 1,
  0 0 1,0 0 1,
  0 0 1,0 0 1,
  0 0 1,0 0 1,
  0 0 1,0 0 1,
  0 0 1,0 0 1,
  0 0 1,0 0 1,
  0 0 1,0 0 1,
  0 0 1,0 0 1,
  0 0 1,0 0 1,
  0 0 1,0 0 1,
  0 0 1,0 0 1,
  0 0 1,0 0 1,
  0 0 1,0 0 1,
  0 0 1,0 0 1,
  0 0 1,0 0 1,
  0 0 1,0 0 1,
  0 0 1,0 0 1,
  0 0 1,0 0 1,
  0 0 1,0 0 1,
  0 0 1,0 0 1,
  0 0 1,0 0 1,
  0 0 1,0 0 1,
  0 0 1,0 0 1,
  0 0 1,0 0 1,
  0 0 1,0 0 1,
  0 0 1,0 0 1,
  0 0 1,0 0 1,
  0 0 1,0 0 1,
  0 0 1,0 0 1,
  0 0 1,0 0 1,
  0 0 1,0 0 1,
  0 0 1,0 0 1,
  0 0 1,0 0 1,
  0 0 1,0 0 1,
  0 0 1,0 0 1,
  0 0 1,0 0 1,
  0 0 1,0 0 1,
  0 0 1,0 0 1,
  0 0 1,0 0 1,
  0 0 1,0 0 1,
  0 0 1,0 0 1,
  0 0 1,0 0 1,
  0 0 1,0 0 1,
  0 0 1,0 0 1,
  0 0 1,0 0 1,
  0 0 1,0 0 1,
  0 0 1,0 0 1,
  0 0 1,0 0 1,
  0 0 1,0 0 1,
  0 0 1,0 0 1,
  0 0 1,0 0 1,
  0 0 1,0 0 1,
  0 0 1,0 0 1,
  0 0 1,0 0 1,
  0 0 1,0 0 1,
  0 0 1,0 0 1,
  0 0 1,0 0 1,
  0 0 1,0 0 1,
  0 0 1,0 0 1,
  0 0 1,0 0 1,
  0 0 1,0 0 1,
  0 0 1,0 0 1,
  0 0 1,0 0 1,
  0 0 1,0 0 1,
  0 0 1,0 0 1,
  0 0 1,0 0 1,
  0 0 1,0 0 1,
  0 0 1,0 0 1,
  0 0 1,0 0 1,
  0 0 1,0 0 1,
  0 0 1,0 0 1,
  0 0 1,0 0 1,
  0 0 1,0 0 1,
  0 0 1,0 0 1] }
}
}
] }
] }
