#VRML V2.0 utf8
DEF TXFM_1 Transform {
  center 0 0 0
  rotation 0 0 1 0
  scale 2.54 2.54 2.54
  scaleOrientation 0 0 1 0
  translation 0 0 0
 children [
DEF TXFM_2 Transform {
  center 0 0 0
  rotation 0 0 1 0
  scale 1 1 1
  scaleOrientation 0 0 1 0
  translation -0.78740157 1.2992126 0.31496063
 children [
DEF TXFM_3 Transform {
  center 0 0 0
  rotation 0 0 1 0
  scale 1 1 1
  scaleOrientation 0 0 1 0
  translation 0 0 0
 children [
DEF TXFM_4 Transform {
  center 0 0 0
  rotation 0 0 1 0
  scale 1 1 1
  scaleOrientation 0 0 1 0
  translation 0 0 0.11810999
 children [
DEF SHAPE_1 Shape {
 appearance DEF APP_1 Appearance {
  material Material {
   ambientIntensity 0.2
   diffuseColor 0.80000001 0.44999999 0.15000001
   emissiveColor 0 0 0
   shininess 0.30000001
   specularColor 0.2 0.2 0.2
   transparency 0
} }
 geometry DEF FACE_1 IndexedFaceSet {
  coord DEF COORD_1 Coordinate { point [
  -0.39369999 -0.39369999 0.11810999,0.39369999 -0.39369999 0.11810999,
  0.39369999 0.39369999 0.11810999,-0.39369999 0.39369999 0.11810999,
  -0.39369999 -0.39369999 -0.11810999,0.39369999 -0.39369999 -0.11810999,
  0.39369999 0.39369999 -0.11810999,-0.39369999 0.39369999 -0.11810999,
  -0.39369999 -0.39369999 0.11810999,-0.39369999 -0.39369999 -0.11810999,
  0.39369999 -0.39369999 -0.11810999,0.39369999 -0.39369999 0.11810999,
  -0.39369999 0.39369999 0.11810999,-0.39369999 0.39369999 -0.11810999,
  0.39369999 0.39369999 -0.11810999,0.39369999 0.39369999 0.11810999,
  -0.39369999 -0.39369999 -0.11810999,-0.39369999 -0.39369999 0.11810999,
  -0.39369999 0.39369999 0.11810999,-0.39369999 0.39369999 -0.11810999,
  0.39369999 -0.39369999 -0.11810999,0.39369999 -0.39369999 0.11810999,
  0.39369999 0.39369999 0.11810999,0.39369999 0.39369999 -0.11810999] }
 coordIndex [
  0,1,2,-1,0,2,3,-1,4,6,5,-1,4,7,6,-1,8,9,10,-1,8,10,11,-1,12,14,13,-1,12,15,14,-1,
  16,17,18,-1,16,18,19,-1,20,22,21,-1,20,23,22,-1]
  normalPerVertex TRUE
  normal DEF NORM_1 Normal { vector [
  0 0 1,0 0 1,
  0 0 1,0 0 1,
  0 0 -1,0 0 -1,
  0 0 -1,0 0 -1,
  0 -1 0,0 -1 0,
  0 -1 0,0 -1 0,
  0 1 0,0 1 0,
  0 1 0,0 1 0,
  -1 0 0,-1 0 0,
  -1 0 0,-1 0 0,
  1 0 0,1 0 0,
  1 0 0,1 0 0] }
}
}
] }
] }
] }
DEF TXFM_5 Transform {
  center 0 0 0
  rotation 0 0 1 0
  scale 1 1 1
  scaleOrientation 0 0 1 0
  translation 0.78740157 1.2992126 0.31496063
 children [
DEF TXFM_6 Transform {
  center 0 0 0
  rotation 0 0 1 0
  scale 1 1 1
  scaleOrientation 0 0 1 0
  translation 0 0 0
 children [
DEF TXFM_7 Transform {
  center 0 0 0
  rotation 0 0 1 0
  scale 1 1 1
  scaleOrientation 0 0 1 0
  translation 0 0 0.11810999
 children [
DEF SHAPE_2 Shape {
 appearance DEF APP_2 Appearance {
  material Material {
   ambientIntensity 0.2
   diffuseColor 0.80000001 0.44999999 0.15000001
   emissiveColor 0 0 0
   shininess 0.30000001
   specularColor 0.2 0.2 0.2
   transparency 0
} }
 geometry DEF FACE_2 IndexedFaceSet {
  coord DEF COORD_2 Coordinate { point [
  -0.39369999 -0.39369999 0.11810999,0.39369999 -0.39369999 0.11810999,
  0.39369999 0.39369999 0.11810999,-0.39369999 0.39369999 0.11810999,
  -0.39369999 -0.39369999 -0.11810999,0.39369999 -0.39369999 -0.11810999,
  0.39369999 0.39369999 -0.11810999,-0.39369999 0.39369999 -0.11810999,
  -0.39369999 -0.39369999 0.11810999,-0.39369999 -0.39369999 -0.11810999,
  0.39369999 -0.39369999 -0.11810999,0.39369999 -0.39369999 0.11810999,
  -0.39369999 0.39369999 0.11810999,-0.39369999 0.39369999 -0.11810999,
  0.39369999 0.39369999 -0.11810999,0.39369999 0.39369999 0.11810999,
  -0.39369999 -0.39369999 -0.11810999,-0.39369999 -0.39369999 0.11810999,
  -0.39369999 0.39369999 0.11810999,-0.39369999 0.39369999 -0.11810999,
  0.39369999 -0.39369999 -0.11810999,0.39369999 -0.39369999 0.11810999,
  0.39369999 0.39369999 0.11810999,0.39369999 0.39369999 -0.11810999] }
 coordIndex [
  0,1,2,-1,0,2,3,-1,4,6,5,-1,4,7,6,-1,8,9,10,-1,8,10,11,-1,12,14,13,-1,12,15,14,-1,
  16,17,18,-1,16,18,19,-1,20,22,21,-1,20,23,22,-1]
  normalPerVertex TRUE
  normal DEF NORM_2 Normal { vector [
  0 0 1,0 0 1,
  0 0 1,0 0 1,
  0 0 -1,0 0 -1,
  0 0 -1,0 0 -1,
  0 -1 0,0 -1 0,
  0 -1 0,0 -1 0,
  0 1 0,0 1 0,
  0 1 0,0 1 0,
  -1 0 0,-1 0 0,
  -1 0 0,-1 0 0,
  1 0 0,1 0 0,
  1 0 0,1 0 0] }
}
}
] }
] }
] }
DEF TXFM_8 Transform {
  center 0 0 0
  rotation 0 0 1 0
  scale 1 1 1
  scaleOrientation 0 0 1 0
  translation 0 -1.4566929 0.31496063
 children [
DEF TXFM_9 Transform {
  center 0 0 0
  rotation 0 0 1 0
  scale 1 1 1
  scaleOrientation 0 0 1 0
  translation 0 0 0
 children [
DEF TXFM_10 Transform {
  center 0 0 0
  rotation 0 0 1 0
  scale 1 1 1
  scaleOrientation 0 0 1 0
  translation 0 0 0.098429996
 children [
DEF SHAPE_3 Shape {
 appearance DEF APP_3 Appearance {
  material Material {
   ambientIntensity 0.2
   diffuseColor 0.69999999 0.69999999 0.72000003
   emissiveColor 0 0 0
   shininess 0.30000001
   specularColor 0.2 0.2 0.2
   transparency 0
} }
 geometry DEF FACE_3 IndexedFaceSet {
  coord DEF COORD_3 Coordinate { point [
  -0.23621999 -0.15748 0.098424997,0.23621999 -0.15748 0.098424997,
  0.23621999 0.15748 0.098424997,-0.23621999 0.15748 0.098424997,
  -0.23621999 -0.15748 -0.098424997,0.23621999 -0.15748 -0.098424997,
  0.23621999 0.15748 -0.098424997,-0.23621999 0.15748 -0.098424997,
  -0.23621999 -0.15748 0.098424997,-0.23621999 -0.15748 -0.098424997,
  0.23621999 -0.15748 -0.098424997,0.23621999 -0.15748 0.098424997,
  -0.23621999 0.15748 0.098424997,-0.23621999 0.15748 -0.098424997,
  0.23621999 0.15748 -0.098424997,0.23621999 0.15748 0.098424997,
  -0.23621999 -0.15748 -0.098424997,-0.23621999 -0.15748 0.098424997,
  -0.23621999 0.15748 0.098424997,-0.23621999 0.15748 -0.098424997,
  0.23621999 -0.15748 -0.098424997,0.23621999 -0.15748 0.098424997,
  0.23621999 0.15748 0.098424997,0.23621999 0.15748 -0.098424997] }
 coordIndex [
  0,1,2,-1,0,2,3,-1,4,6,5,-1,4,7,6,-1,8,9,10,-1,8,10,11,-1,12,14,13,-1,12,15,14,-1,
  16,17,18,-1,16,18,19,-1,20,22,21,-1,20,23,22,-1]
  normalPerVertex TRUE
  normal DEF NORM_3 Normal { vector [
  0 0 1,0 0 1,
  0 0 1,0 0 1,
  0 0 -1,0 0 -1,
  0 0 -1,0 0 -1,
  0 -1 0,0 -1 0,
  0 -1 0,0 -1 0,
  0 1 0,0 1 0,
  0 1 0,0 1 0,
  -1 0 0,-1 0 0,
  -1 0 0,-1 0 0,
  1 0 0,1 0 0,
  1 0 0,1 0 0] }
}
}
] }
] }
] }
DEF TXFM_11 Transform {
  center 0 0 0
  rotation 0 0 1 0
  scale 1 1 1
  scaleOrientation 0 0 1 0
  translation -0.90551181 -0.19685039 0.31496063
 children [
DEF TXFM_12 Transform {
  center 0 0 0
  rotation 0 0 1 0
  scale 1 1 1
  scaleOrientation 0 0 1 0
  translation 0 0 0
 children [
DEF TXFM_13 Transform {
  center 0 0 0
  rotation 0 0 1 0
  scale 1 1 1
  scaleOrientation 0 0 1 0
  translation 0 0 0.15748
 children [
DEF SHAPE_4 Shape {
 appearance DEF APP_4 Appearance {
  material Material {
   ambientIntensity 0.20000002
   diffuseColor 0.44999999 0.2 0.55000001
   emissiveColor 0 0 0
   shininess 0.30000001
   specularColor 0.2 0.2 0.2
   transparency 0
} }
 geometry DEF FACE_4 IndexedFaceSet {
  coord DEF COORD_4 Coordinate { point [
  -0.68897497 -0.68897497 0.15748,0.68897497 -0.68897497 0.15748,
  0.68897497 0.68897497 0.15748,-0.68897497 0.68897497 0.15748,
  -0.68897497 -0.68897497 -0.15748,0.68897497 -0.68897497 -0.15748,
  0.68897497 0.68897497 -0.15748,-0.68897497 0.68897497 -0.15748,
  -0.68897497 -0.68897497 0.15748,-0.68897497 -0.68897497 -0.15748,
  0.68897497 -0.68897497 -0.15748,0.68897497 -0.68897497 0.15748,
  -0.68897497 0.68897497 0.15748,-0.68897497 0.68897497 -0.15748,
  0.68897497 0.68897497 -0.15748,0.68897497 0.68897497 0.15748,
  -0.68897497 -0.68897497 -0.15748,-0.68897497 -0.68897497 0.15748,
  -0.68897497 0.68897497 0.15748,-0.68897497 0.68897497 -0.15748,
  0.68897497 -0.68897497 -0.15748,0.68897497 -0.68897497 0.15748,
  0.68897497 0.68897497 0.15748,0.68897497 0.68897497 -0.15748] }
 coordIndex [
  0,1,2,-1,0,2,3,-1,4,6,5,-1,4,7,6,-1,8,9,10,-1,8,10,11,-1,12,14,13,-1,12,15,14,-1,
  16,17,18,-1,16,18,19,-1,20,22,21,-1,20,23,22,-1]
  normalPerVertex TRUE
  normal DEF NORM_4 Normal { vector [
  0 0 1,0 0 1,
  0 0 1,0 0 1,
  0 0 -1,0 0 -1,
  0 0 -1,0 0 -1,
  0 -1 0,0 -1 0,
  0 -1 0,0 -1 0,
  0 1 0,0 1 0,
  0 1 0,0 1 0,
  -1 0 0,-1 0 0,
  -1 0 0,-1 0 0,
  1 0 0,1 0 0,
  1 0 0,1 0 0] }
}
}
] }
] }
] }
DEF TXFM_14 Transform {
  center 0 0 0
  rotation 0 0 1 0
  scale 1 1 1
  scaleOrientation 0 0 1 0
  translation 0.90551181 -0.19685039 0.31496063
 children [
DEF TXFM_15 Transform {
  center 0 0 0
  rotation 0 0 1 0
  scale 1 1 1
  scaleOrientation 0 0 1 0
  translation 0 0 0
 children [
DEF TXFM_16 Transform {
  center 0 0 0
  rotation 0 0 1 0
  scale 1 1 1
  scaleOrientation 0 0 1 0
  translation 0 0 0.15748
 children [
DEF SHAPE_5 Shape {
 appearance DEF APP_5 Appearance {
  material Material {
   ambientIntensity 0.20000002
   diffuseColor 0.44999999 0.2 0.55000001
   emissiveColor 0 0 0
   shininess 0.30000001
   specularColor 0.2 0.2 0.2
   transparency 0
} }
 geometry DEF FACE_5 IndexedFaceSet {
  coord DEF COORD_5 Coordinate { point [
  -0.68897497 -0.68897497 0.15748,0.68897497 -0.68897497 0.15748,
  0.68897497 0.68897497 0.15748,-0.68897497 0.68897497 0.15748,
  -0.68897497 -0.68897497 -0.15748,0.68897497 -0.68897497 -0.15748,
  0.68897497 0.68897497 -0.15748,-0.68897497 0.68897497 -0.15748,
  -0.68897497 -0.68897497 0.15748,-0.68897497 -0.68897497 -0.15748,
  0.68897497 -0.68897497 -0.15748,0.68897497 -0.68897497 0.15748,
  -0.68897497 0.68897497 0.15748,-0.68897497 0.68897497 -0.15748,
  0.68897497 0.68897497 -0.15748,0.68897497 0.68897497 0.15748,
  -0.68897497 -0.68897497 -0.15748,-0.68897497 -0.68897497 0.15748,
  -0.68897497 0.68897497 0.15748,-0.68897497 0.68897497 -0.15748,
  0.68897497 -0.68897497 -0.15748,0.68897497 -0.68897497 0.15748,
  0.68897497 0.68897497 0.15748,0.68897497 0.68897497 -0.15748] }
 coordIndex [
  0,1,2,-1,0,2,3,-1,4,6,5,-1,4,7,6,-1,8,9,10,-1,8,10,11,-1,12,14,13,-1,12,15,14,-1,
  16,17,18,-1,16,18,19,-1,20,22,21,-1,20,23,22,-1]
  normalPerVertex TRUE
  normal DEF NORM_5 Normal { vector [
  0 0 1,0 0 1,
  0 0 1,0 0 1,
  0 0 -1,0 0 -1,
  0 0 -1,0 0 -1,
  0 -1 0,0 -1 0,
  0 -1 0,0 -1 0,
  0 1 0,0 1 0,
  0 1 0,0 1 0,
  -1 0 0,-1 0 0,
  -1 0 0,-1 0 0,
  1 0 0,1 0 0,
  1 0 0,1 0 0] }
}
}
] }
] }
] }
DEF TXFM_17 Transform {
  center 0 0 0
  rotation 0 0 1 0
  scale 1 1 1
  scaleOrientation 0 0 1 0
  translation 0 0 0
 children [
DEF SHAPE_6 Shape {
 appearance DEF APP_6 Appearance {
  material Material {
   ambientIntensity 1
   diffuseColor 0 0 0
   emissiveColor 0 0 0
   shininess 0.0099999998
   specularColor 0.1 0.1 0.1
   transparency 0
} }
 geometry DEF FACE_6 IndexedFaceSet {
  coord DEF COORD_6 Coordinate { point [
  4.9212598 0 0.31003937,4.9202744 0.13929409 0.31003937,
  4.9045134 0.41743543 0.31003937,4.8730413 0.69424016 0.31003937,
  4.8259598 0.96882087 0.31003937,4.7634193 1.240298 0.31003937,
  4.6856201 1.507802 0.31003937,4.5928114 1.7704764 0.31003937,
  4.4852906 2.0274791 0.31003937,4.363402 2.2779874 0.31003937,
  4.2275358 2.5211984 0.31003937,4.078128 2.7563335 0.31003937,
  3.9156567 2.982639 0.31003937,3.7406421 3.1993906 0.31003937,
  3.5536453 3.4058929 0.31003937,3.355265 3.6014858 0.31003937,
  3.1461366 3.7855417 0.31003937,2.9269307 3.9574713 0.31003937,
  2.6983484 4.116724 0.31003937,2.4611228 4.2627898 0.31003937,
  2.2160134 4.3952004 0.31003937,1.9638055 4.5135319 0.31003937,
  1.7053067 4.6174051 0.31003937,1.4413457 4.7064874 0.31003937,
  1.1727673 4.7804937 0.31003937,0.90043228 4.8391862 0.31003937,
  0.62521299 4.8823776 0.31003937,0.34799094 4.9099291 0.31003937,
  0.069653937 4.9217528 0.31003937,-0.20890591 4.9178106 0.31003937,
  -0.48679685 4.898115 0.31003937,-0.76312835 4.8627295 0.31003937,
  -1.037015 4.8117669 0.31003937,-1.3075803 4.7453909 0.31003937,
  -1.5739567 4.6638142 0.31003937,-1.8352913 4.5672976 0.31003937,
  -2.0907469 4.4561508 0.31003937,-2.3395051 4.3307295 0.31003937,
  -2.5807693 4.1914354 0.31003937,-2.8137665 4.0387154 0.31003937,
  -3.0377504 3.8730575 0.31003937,-3.2520031 3.6949933 0.31003937,
  -3.455839 3.5050933 0.31003937,-3.6486051 3.303965 0.31003937,
  -3.8296831 3.0922531 0.31003937,-3.9984937 2.8706358 0.31003937,
  -4.1544957 2.6398232 0.31003937,-4.2971898 2.4005543 0.31003937,
  -4.4261189 2.1535957 0.31003937,-4.5408697 1.8997386 0.31003937,
  -4.6410744 1.6397961 0.31003937,-4.7264126 1.3746004 0.31003937,
  -4.7966106 1.105002 0.31003937,-4.8514437 0.83186339 0.31003937,
  -4.8907362 0.55606063 0.31003937,-4.9143618 0.27847638 0.31003937,
  -4.9222457 0 0.31003937,-4.9143618 -0.27847638 0.31003937,
  -4.8907362 -0.55606063 0.31003937,-4.8514437 -0.83186339 0.31003937,
  -4.7966106 -1.105002 0.31003937,-4.7264126 -1.3746004 0.31003937,
  -4.6410744 -1.6397961 0.31003937,-4.5408697 -1.8997386 0.31003937,
  -4.4261189 -2.1535957 0.31003937,-4.2971898 -2.4005543 0.31003937,
  -4.1544957 -2.6398232 0.31003937,-3.9984937 -2.8706358 0.31003937,
  -3.8296831 -3.0922531 0.31003937,-3.6486051 -3.303965 0.31003937,
  -3.455839 -3.5050933 0.31003937,-3.2520031 -3.6949933 0.31003937,
  -3.0377504 -3.8730575 0.31003937,-2.8137665 -4.0387154 0.31003937,
  -2.5807693 -4.1914354 0.31003937,-2.3395051 -4.3307295 0.31003937,
  -2.0907469 -4.4561508 0.31003937,-1.8352913 -4.5672976 0.31003937,
  -1.5739567 -4.6638142 0.31003937,-1.3075803 -4.7453909 0.31003937,
  -1.037015 -4.8117669 0.31003937,-0.76312835 -4.8627295 0.31003937,
  -0.48679685 -4.898115 0.31003937,-0.20890591 -4.9178106 0.31003937,
  0.069653937 -4.9217528 0.31003937,0.34799094 -4.9099291 0.31003937,
  0.62521299 -4.8823776 0.31003937,0.90043228 -4.8391862 0.31003937,
  1.1727673 -4.7804937 0.31003937,1.4413457 -4.7064874 0.31003937,
  1.7053067 -4.6174051 0.31003937,1.9638055 -4.5135319 0.31003937,
  2.2160134 -4.3952004 0.31003937,2.4611228 -4.2627898 0.31003937,
  2.6983484 -4.116724 0.31003937,2.9269307 -3.9574713 0.31003937,
  3.1461366 -3.7855417 0.31003937,3.355265 -3.6014858 0.31003937,
  3.5536453 -3.4058929 0.31003937,3.7406421 -3.1993906 0.31003937,
  3.9156567 -2.982639 0.31003937,4.078128 -2.7563335 0.31003937,
  4.2275358 -2.5211984 0.31003937,4.363402 -2.2779874 0.31003937,
  4.4852906 -2.0274791 0.31003937,4.5928114 -1.7704764 0.31003937,
  4.6856201 -1.507802 0.31003937,4.7634193 -1.240298 0.31003937,
  4.8259598 -0.96882087 0.31003937,4.8730413 -0.69424016 0.31003937,
  4.9045134 -0.41743543 0.31003937,4.9202744 -0.13929409 0.31003937,
  4.9212598 0 -0.31003937,4.9202744 0.13929409 -0.31003937,
  4.9045134 0.41743543 -0.31003937,4.8730413 0.69424016 -0.31003937,
  4.8259598 0.96882087 -0.31003937,4.7634193 1.240298 -0.31003937,
  4.6856201 1.507802 -0.31003937,4.5928114 1.7704764 -0.31003937,
  4.4852906 2.0274791 -0.31003937,4.363402 2.2779874 -0.31003937,
  4.2275358 2.5211984 -0.31003937,4.078128 2.7563335 -0.31003937,
  3.9156567 2.982639 -0.31003937,3.7406421 3.1993906 -0.31003937,
  3.5536453 3.4058929 -0.31003937,3.355265 3.6014858 -0.31003937,
  3.1461366 3.7855417 -0.31003937,2.9269307 3.9574713 -0.31003937,
  2.6983484 4.116724 -0.31003937,2.4611228 4.2627898 -0.31003937,
  2.2160134 4.3952004 -0.31003937,1.9638055 4.5135319 -0.31003937,
  1.7053067 4.6174051 -0.31003937,1.4413457 4.7064874 -0.31003937,
  1.1727673 4.7804937 -0.31003937,0.90043228 4.8391862 -0.31003937,
  0.62521299 4.8823776 -0.31003937,0.34799094 4.9099291 -0.31003937,
  0.069653937 4.9217528 -0.31003937,-0.20890591 4.9178106 -0.31003937,
  -0.48679685 4.898115 -0.31003937,-0.76312835 4.8627295 -0.31003937,
  -1.037015 4.8117669 -0.31003937,-1.3075803 4.7453909 -0.31003937,
  -1.5739567 4.6638142 -0.31003937,-1.8352913 4.5672976 -0.31003937,
  -2.0907469 4.4561508 -0.31003937,-2.3395051 4.3307295 -0.31003937,
  -2.5807693 4.1914354 -0.31003937,-2.8137665 4.0387154 -0.31003937,
  -3.0377504 3.8730575 -0.31003937,-3.2520031 3.6949933 -0.31003937,
  -3.455839 3.5050933 -0.31003937,-3.6486051 3.303965 -0.31003937,
  -3.8296831 3.0922531 -0.31003937,-3.9984937 2.8706358 -0.31003937,
  -4.1544957 2.6398232 -0.31003937,-4.2971898 2.4005543 -0.31003937,
  -4.4261189 2.1535957 -0.31003937,-4.5408697 1.8997386 -0.31003937,
  -4.6410744 1.6397961 -0.31003937,-4.7264126 1.3746004 -0.31003937,
  -4.7966106 1.105002 -0.31003937,-4.8514437 0.83186339 -0.31003937,
  -4.8907362 0.55606063 -0.31003937,-4.9143618 0.27847638 -0.31003937,
  -4.9222457 0 -0.31003937,-4.9143618 -0.27847638 -0.31003937,
  -4.8907362 -0.55606063 -0.31003937,-4.8514437 -0.83186339 -0.31003937,
  -4.7966106 -1.105002 -0.31003937,-4.7264126 -1.3746004 -0.31003937,
  -4.6410744 -1.6397961 -0.31003937,-4.5408697 -1.8997386 -0.31003937,
  -4.4261189 -2.1535957 -0.31003937,-4.2971898 -2.4005543 -0.31003937,
  -4.1544957 -2.6398232 -0.31003937,-3.9984937 -2.8706358 -0.31003937,
  -3.8296831 -3.0922531 -0.31003937,-3.6486051 -3.303965 -0.31003937,
  -3.455839 -3.5050933 -0.31003937,-3.2520031 -3.6949933 -0.31003937,
  -3.0377504 -3.8730575 -0.31003937,-2.8137665 -4.0387154 -0.31003937,
  -2.5807693 -4.1914354 -0.31003937,-2.3395051 -4.3307295 -0.31003937,
  -2.0907469 -4.4561508 -0.31003937,-1.8352913 -4.5672976 -0.31003937,
  -1.5739567 -4.6638142 -0.31003937,-1.3075803 -4.7453909 -0.31003937,
  -1.037015 -4.8117669 -0.31003937,-0.76312835 -4.8627295 -0.31003937,
  -0.48679685 -4.898115 -0.31003937,-0.20890591 -4.9178106 -0.31003937,
  0.069653937 -4.9217528 -0.31003937,0.34799094 -4.9099291 -0.31003937,
  0.62521299 -4.8823776 -0.31003937,0.90043228 -4.8391862 -0.31003937,
  1.1727673 -4.7804937 -0.31003937,1.4413457 -4.7064874 -0.31003937,
  1.7053067 -4.6174051 -0.31003937,1.9638055 -4.5135319 -0.31003937,
  2.2160134 -4.3952004 -0.31003937,2.4611228 -4.2627898 -0.31003937,
  2.6983484 -4.116724 -0.31003937,2.9269307 -3.9574713 -0.31003937,
  3.1461366 -3.7855417 -0.31003937,3.355265 -3.6014858 -0.31003937,
  3.5536453 -3.4058929 -0.31003937,3.7406421 -3.1993906 -0.31003937,
  3.9156567 -2.982639 -0.31003937,4.078128 -2.7563335 -0.31003937,
  4.2275358 -2.5211984 -0.31003937,4.363402 -2.2779874 -0.31003937,
  4.4852906 -2.0274791 -0.31003937,4.5928114 -1.7704764 -0.31003937,
  4.6856201 -1.507802 -0.31003937,4.7634193 -1.240298 -0.31003937,
  4.8259598 -0.96882087 -0.31003937,4.8730413 -0.69424016 -0.31003937,
  4.9045134 -0.41743543 -0.31003937,4.9202744 -0.13929409 -0.31003937] }
 coordIndex [
  56,57,55,-1,55,57,58,-1,55,58,54,-1,54,58,59,-1,54,59,53,-1,53,59,60,-1,53,60,52,-1,52,60,61,-1,
  52,61,51,-1,51,61,62,-1,51,62,50,-1,50,62,63,-1,50,63,49,-1,49,63,64,-1,49,64,48,-1,48,64,65,-1,
  48,65,47,-1,47,65,66,-1,47,66,46,-1,46,66,67,-1,46,67,45,-1,45,67,68,-1,45,68,44,-1,44,68,69,-1,
  44,69,43,-1,43,69,70,-1,43,70,42,-1,42,70,71,-1,42,71,41,-1,41,71,72,-1,41,72,40,-1,40,72,73,-1,
  40,73,39,-1,39,73,74,-1,39,74,38,-1,38,74,75,-1,38,75,37,-1,37,75,76,-1,37,76,36,-1,36,76,77,-1,
  36,77,35,-1,35,77,78,-1,35,78,34,-1,34,78,79,-1,34,79,33,-1,33,79,80,-1,33,80,32,-1,32,80,81,-1,
  32,81,31,-1,31,81,82,-1,31,82,30,-1,30,82,83,-1,30,83,29,-1,29,83,84,-1,29,84,28,-1,28,84,85,-1,
  28,85,27,-1,27,85,86,-1,27,86,26,-1,26,86,87,-1,26,87,25,-1,25,87,88,-1,25,88,24,-1,24,88,89,-1,
  24,89,23,-1,23,89,90,-1,23,90,22,-1,22,90,91,-1,22,91,21,-1,21,91,92,-1,21,92,20,-1,20,92,93,-1,
  20,93,19,-1,19,93,94,-1,19,94,18,-1,18,94,95,-1,18,95,17,-1,17,95,96,-1,17,96,16,-1,16,96,97,-1,
  16,97,15,-1,15,97,98,-1,15,98,14,-1,14,98,99,-1,14,99,13,-1,13,99,100,-1,13,100,12,-1,12,100,101,-1,
  12,101,11,-1,11,101,102,-1,11,102,10,-1,10,102,103,-1,10,103,9,-1,9,103,104,-1,9,104,8,-1,8,104,105,-1,
  8,105,7,-1,7,105,106,-1,7,106,6,-1,6,106,107,-1,6,107,5,-1,5,107,108,-1,5,108,4,-1,4,108,109,-1,
  4,109,3,-1,3,109,110,-1,3,110,2,-1,2,110,111,-1,2,111,1,-1,1,111,0,-1,169,168,167,-1,169,167,170,-1,
  170,167,166,-1,170,166,171,-1,171,166,165,-1,171,165,172,-1,172,165,164,-1,172,164,173,-1,173,164,163,-1,173,163,174,-1,
  174,163,162,-1,174,162,175,-1,175,162,161,-1,175,161,176,-1,176,161,160,-1,176,160,177,-1,177,160,159,-1,177,159,178,-1,
  178,159,158,-1,178,158,179,-1,179,158,157,-1,179,157,180,-1,180,157,156,-1,180,156,181,-1,181,156,155,-1,181,155,182,-1,
  182,155,154,-1,182,154,183,-1,183,154,153,-1,183,153,184,-1,184,153,152,-1,184,152,185,-1,185,152,151,-1,185,151,186,-1,
  186,151,150,-1,186,150,187,-1,187,150,149,-1,187,149,188,-1,188,149,148,-1,188,148,189,-1,189,148,147,-1,189,147,190,-1,
  190,147,146,-1,190,146,191,-1,191,146,145,-1,191,145,192,-1,192,145,144,-1,192,144,193,-1,193,144,143,-1,193,143,194,-1,
  194,143,142,-1,194,142,195,-1,195,142,141,-1,195,141,196,-1,196,141,140,-1,196,140,197,-1,197,140,139,-1,197,139,198,-1,
  198,139,138,-1,198,138,199,-1,199,138,137,-1,199,137,200,-1,200,137,136,-1,200,136,201,-1,201,136,135,-1,201,135,202,-1,
  202,135,134,-1,202,134,203,-1,203,134,133,-1,203,133,204,-1,204,133,132,-1,204,132,205,-1,205,132,131,-1,205,131,206,-1,
  206,131,130,-1,206,130,207,-1,207,130,129,-1,207,129,208,-1,208,129,128,-1,208,128,209,-1,209,128,127,-1,209,127,210,-1,
  210,127,126,-1,210,126,211,-1,211,126,125,-1,211,125,212,-1,212,125,124,-1,212,124,213,-1,213,124,123,-1,213,123,214,-1,
  214,123,122,-1,214,122,215,-1,215,122,121,-1,215,121,216,-1,216,121,120,-1,216,120,217,-1,217,120,119,-1,217,119,218,-1,
  218,119,118,-1,218,118,219,-1,219,118,117,-1,219,117,220,-1,220,117,116,-1,220,116,221,-1,221,116,115,-1,221,115,222,-1,
  222,115,114,-1,222,114,223,-1,223,114,113,-1,223,113,112,-1]
  normalPerVertex TRUE
  normal DEF NORM_6 Normal { vector [
  0 0 1,0 0 1,
  0 0 1,0 0 1,
  0 0 1,0 0 1,
  0 0 1,0 0 1,
  0 0 1,0 0 1,
  0 0 1,0 0 1,
  0 0 1,0 0 1,
  0 0 1,0 0 1,
  0 0 1,0 0 1,
  0 0 1,0 0 1,
  0 0 1,0 0 1,
  0 0 1,0 0 1,
  0 0 1,0 0 1,
  0 0 1,0 0 1,
  0 0 1,0 0 1,
  0 0 1,0 0 1,
  0 0 1,0 0 1,
  0 0 1,0 0 1,
  0 0 1,0 0 1,
  0 0 1,0 0 1,
  0 0 1,0 0 1,
  0 0 1,0 0 1,
  0 0 1,0 0 1,
  0 0 1,0 0 1,
  0 0 1,0 0 1,
  0 0 1,0 0 1,
  0 0 1,0 0 1,
  0 0 1,0 0 1,
  0 0 1,0 0 1,
  0 0 1,0 0 1,
  0 0 1,0 0 1,
  0 0 1,0 0 1,
  0 0 1,0 0 1,
  0 0 1,0 0 1,
  0 0 1,0 0 1,
  0 0 1,0 0 1,
  0 0 1,0 0 1,
  0 0 1,0 0 1,
  0 0 1,0 0 1,
  0 0 1,0 0 1,
  0 0 1,0 0 1,
  0 0 1,0 0 1,
  0 0 1,0 0 1,
  0 0 1,0 0 1,
  0 0 1,0 0 1,
  0 0 1,0 0 1,
  0 0 1,0 0 1,
  0 0 1,0 0 1,
  0 0 1,0 0 1,
  0 0 1,0 0 1,
  0 0 1,0 0 1,
  0 0 1,0 0 1,
  0 0 1,0 0 1,
  0 0 1,0 0 1,
  0 0 1,0 0 1,
  0 0 1,0 0 1,
  0 0 -1,0 0 -1,
  0 0 -1,0 0 -1,
  0 0 -1,0 0 -1,
  0 0 -1,0 0 -1,
  0 0 -1,0 0 -1,
  0 0 -1,0 0 -1,
  0 0 -1,0 0 -1,
  0 0 -1,0 0 -1,
  0 0 -1,0 0 -1,
  0 0 -1,0 0 -1,
  0 0 -1,0 0 -1,
  0 0 -1,0 0 -1,
  0 0 -1,0 0 -1,
  0 0 -1,0 0 -1,
  0 0 -1,0 0 -1,
  0 0 -1,0 0 -1,
  0 0 -1,0 0 -1,
  0 0 -1,0 0 -1,
  0 0 -1,0 0 -1,
  0 0 -1,0 0 -1,
  0 0 -1,0 0 -1,
  0 0 -1,0 0 -1,
  0 0 -1,0 0 -1,
  0 0 -1,0 0 -1,
  0 0 -1,0 0 -1,
  0 0 -1,0 0 -1,
  0 0 -1,0 0 -1,
  0 0 -1,0 0 -1,
  0 0 -1,0 0 -1,
  0 0 -1,0 0 -1,
  0 0 -1,0 0 -1,
  0 0 -1,0 0 -1,
  0 0 -1,0 0 -1,
  0 0 -1,0 0 -1,
  0 0 -1,0 0 -1,
  0 0 -1,0 0 -1,
  0 0 -1,0 0 -1,
  0 0 -1,0 0 -1,
  0 0 -1,0 0 -1,
  0 0 -1,0 0 -1,
  0 0 -1,0 0 -1,
  0 0 -1,0 0 -1,
  0 0 -1,0 0 -1,
  0 0 -1,0 0 -1,
  0 0 -1,0 0 -1,
  0 0 -1,0 0 -1,
  0 0 -1,0 0 -1,
  0 0 -1,0 0 -1,
  0 0 -1,0 0 -1,
  0 0 -1,0 0 -1,
  0 0 -1,0 0 -1,
  0 0 -1,0 0 -1,
  0 0 -1,0 0 -1,
  0 0 -1,0 0 -1,
  0 0 -1,0 0 -1,
  0 0 -1,0 0 -1] }
}
}
DEF SHAPE_7 Shape {
 appearance USE APP_6
 geometry DEF FACE_7 IndexedFaceSet {
  coord DEF COORD_7 Coordinate { point [
  4.9202744 0.13929409 0.31003937,4.9212598 0 0.31003937,
  4.9202744 0.13929409 -0.31003937,4.9202744 0.13929409 -0.31003937,
  4.9212598 0 0.31003937,4.9212598 0 -0.31003937,
  4.9045134 0.41743543 0.31003937,4.9202744 0.13929409 0.31003937,
  4.9045134 0.41743543 -0.31003937,4.9045134 0.41743543 -0.31003937,
  4.9202744 0.13929409 0.31003937,4.9202744 0.13929409 -0.31003937,
  4.8730413 0.69424016 0.31003937,4.9045134 0.41743543 0.31003937,
  4.8730413 0.69424016 -0.31003937,4.8730413 0.69424016 -0.31003937,
  4.9045134 0.41743543 0.31003937,4.9045134 0.41743543 -0.31003937,
  4.8259598 0.96882087 0.31003937,4.8730413 0.69424016 0.31003937,
  4.8259598 0.96882087 -0.31003937,4.8259598 0.96882087 -0.31003937,
  4.8730413 0.69424016 0.31003937,4.8730413 0.69424016 -0.31003937,
  4.7634193 1.240298 0.31003937,4.8259598 0.96882087 0.31003937,
  4.7634193 1.240298 -0.31003937,4.7634193 1.240298 -0.31003937,
  4.8259598 0.96882087 0.31003937,4.8259598 0.96882087 -0.31003937,
  4.6856201 1.507802 0.31003937,4.7634193 1.240298 0.31003937,
  4.6856201 1.507802 -0.31003937,4.6856201 1.507802 -0.31003937,
  4.7634193 1.240298 0.31003937,4.7634193 1.240298 -0.31003937,
  4.5928114 1.7704764 0.31003937,4.6856201 1.507802 0.31003937,
  4.5928114 1.7704764 -0.31003937,4.5928114 1.7704764 -0.31003937,
  4.6856201 1.507802 0.31003937,4.6856201 1.507802 -0.31003937,
  4.4852906 2.0274791 0.31003937,4.5928114 1.7704764 0.31003937,
  4.4852906 2.0274791 -0.31003937,4.4852906 2.0274791 -0.31003937,
  4.5928114 1.7704764 0.31003937,4.5928114 1.7704764 -0.31003937,
  4.363402 2.2779874 0.31003937,4.4852906 2.0274791 0.31003937,
  4.363402 2.2779874 -0.31003937,4.363402 2.2779874 -0.31003937,
  4.4852906 2.0274791 0.31003937,4.4852906 2.0274791 -0.31003937,
  4.2275358 2.5211984 0.31003937,4.363402 2.2779874 0.31003937,
  4.2275358 2.5211984 -0.31003937,4.2275358 2.5211984 -0.31003937,
  4.363402 2.2779874 0.31003937,4.363402 2.2779874 -0.31003937,
  4.078128 2.7563335 0.31003937,4.2275358 2.5211984 0.31003937,
  4.078128 2.7563335 -0.31003937,4.078128 2.7563335 -0.31003937,
  4.2275358 2.5211984 0.31003937,4.2275358 2.5211984 -0.31003937,
  3.9156567 2.982639 0.31003937,4.078128 2.7563335 0.31003937,
  3.9156567 2.982639 -0.31003937,3.9156567 2.982639 -0.31003937,
  4.078128 2.7563335 0.31003937,4.078128 2.7563335 -0.31003937,
  3.7406421 3.1993906 0.31003937,3.9156567 2.982639 0.31003937,
  3.7406421 3.1993906 -0.31003937,3.7406421 3.1993906 -0.31003937,
  3.9156567 2.982639 0.31003937,3.9156567 2.982639 -0.31003937,
  3.5536453 3.4058929 0.31003937,3.7406421 3.1993906 0.31003937,
  3.5536453 3.4058929 -0.31003937,3.5536453 3.4058929 -0.31003937,
  3.7406421 3.1993906 0.31003937,3.7406421 3.1993906 -0.31003937,
  3.355265 3.6014858 0.31003937,3.5536453 3.4058929 0.31003937,
  3.355265 3.6014858 -0.31003937,3.355265 3.6014858 -0.31003937,
  3.5536453 3.4058929 0.31003937,3.5536453 3.4058929 -0.31003937,
  3.1461366 3.7855417 0.31003937,3.355265 3.6014858 0.31003937,
  3.1461366 3.7855417 -0.31003937,3.1461366 3.7855417 -0.31003937,
  3.355265 3.6014858 0.31003937,3.355265 3.6014858 -0.31003937,
  2.9269307 3.9574713 0.31003937,3.1461366 3.7855417 0.31003937,
  2.9269307 3.9574713 -0.31003937,2.9269307 3.9574713 -0.31003937,
  3.1461366 3.7855417 0.31003937,3.1461366 3.7855417 -0.31003937,
  2.6983484 4.116724 0.31003937,2.9269307 3.9574713 0.31003937,
  2.6983484 4.116724 -0.31003937,2.6983484 4.116724 -0.31003937,
  2.9269307 3.9574713 0.31003937,2.9269307 3.9574713 -0.31003937,
  2.4611228 4.2627898 0.31003937,2.6983484 4.116724 0.31003937,
  2.4611228 4.2627898 -0.31003937,2.4611228 4.2627898 -0.31003937,
  2.6983484 4.116724 0.31003937,2.6983484 4.116724 -0.31003937,
  2.2160134 4.3952004 0.31003937,2.4611228 4.2627898 0.31003937,
  2.2160134 4.3952004 -0.31003937,2.2160134 4.3952004 -0.31003937,
  2.4611228 4.2627898 0.31003937,2.4611228 4.2627898 -0.31003937,
  1.9638055 4.5135319 0.31003937,2.2160134 4.3952004 0.31003937,
  1.9638055 4.5135319 -0.31003937,1.9638055 4.5135319 -0.31003937,
  2.2160134 4.3952004 0.31003937,2.2160134 4.3952004 -0.31003937,
  1.7053067 4.6174051 0.31003937,1.9638055 4.5135319 0.31003937,
  1.7053067 4.6174051 -0.31003937,1.7053067 4.6174051 -0.31003937,
  1.9638055 4.5135319 0.31003937,1.9638055 4.5135319 -0.31003937,
  1.4413457 4.7064874 0.31003937,1.7053067 4.6174051 0.31003937,
  1.4413457 4.7064874 -0.31003937,1.4413457 4.7064874 -0.31003937,
  1.7053067 4.6174051 0.31003937,1.7053067 4.6174051 -0.31003937,
  1.1727673 4.7804937 0.31003937,1.4413457 4.7064874 0.31003937,
  1.1727673 4.7804937 -0.31003937,1.1727673 4.7804937 -0.31003937,
  1.4413457 4.7064874 0.31003937,1.4413457 4.7064874 -0.31003937,
  0.90043228 4.8391862 0.31003937,1.1727673 4.7804937 0.31003937,
  0.90043228 4.8391862 -0.31003937,0.90043228 4.8391862 -0.31003937,
  1.1727673 4.7804937 0.31003937,1.1727673 4.7804937 -0.31003937,
  0.62521299 4.8823776 0.31003937,0.90043228 4.8391862 0.31003937,
  0.62521299 4.8823776 -0.31003937,0.62521299 4.8823776 -0.31003937,
  0.90043228 4.8391862 0.31003937,0.90043228 4.8391862 -0.31003937,
  0.34799094 4.9099291 0.31003937,0.62521299 4.8823776 0.31003937,
  0.34799094 4.9099291 -0.31003937,0.34799094 4.9099291 -0.31003937,
  0.62521299 4.8823776 0.31003937,0.62521299 4.8823776 -0.31003937,
  0.069653937 4.9217528 0.31003937,0.34799094 4.9099291 0.31003937,
  0.069653937 4.9217528 -0.31003937,0.069653937 4.9217528 -0.31003937,
  0.34799094 4.9099291 0.31003937,0.34799094 4.9099291 -0.31003937,
  -0.20890591 4.9178106 0.31003937,0.069653937 4.9217528 0.31003937,
  -0.20890591 4.9178106 -0.31003937,-0.20890591 4.9178106 -0.31003937,
  0.069653937 4.9217528 0.31003937,0.069653937 4.9217528 -0.31003937,
  -0.48679685 4.898115 0.31003937,-0.20890591 4.9178106 0.31003937,
  -0.48679685 4.898115 -0.31003937,-0.48679685 4.898115 -0.31003937,
  -0.20890591 4.9178106 0.31003937,-0.20890591 4.9178106 -0.31003937,
  -0.76312835 4.8627295 0.31003937,-0.48679685 4.898115 0.31003937,
  -0.76312835 4.8627295 -0.31003937,-0.76312835 4.8627295 -0.31003937,
  -0.48679685 4.898115 0.31003937,-0.48679685 4.898115 -0.31003937,
  -1.037015 4.8117669 0.31003937,-0.76312835 4.8627295 0.31003937,
  -1.037015 4.8117669 -0.31003937,-1.037015 4.8117669 -0.31003937,
  -0.76312835 4.8627295 0.31003937,-0.76312835 4.8627295 -0.31003937,
  -1.3075803 4.7453909 0.31003937,-1.037015 4.8117669 0.31003937,
  -1.3075803 4.7453909 -0.31003937,-1.3075803 4.7453909 -0.31003937,
  -1.037015 4.8117669 0.31003937,-1.037015 4.8117669 -0.31003937,
  -1.5739567 4.6638142 0.31003937,-1.3075803 4.7453909 0.31003937,
  -1.5739567 4.6638142 -0.31003937,-1.5739567 4.6638142 -0.31003937,
  -1.3075803 4.7453909 0.31003937,-1.3075803 4.7453909 -0.31003937,
  -1.8352913 4.5672976 0.31003937,-1.5739567 4.6638142 0.31003937,
  -1.8352913 4.5672976 -0.31003937,-1.8352913 4.5672976 -0.31003937,
  -1.5739567 4.6638142 0.31003937,-1.5739567 4.6638142 -0.31003937,
  -2.0907469 4.4561508 0.31003937,-1.8352913 4.5672976 0.31003937,
  -2.0907469 4.4561508 -0.31003937,-2.0907469 4.4561508 -0.31003937,
  -1.8352913 4.5672976 0.31003937,-1.8352913 4.5672976 -0.31003937,
  -2.3395051 4.3307295 0.31003937,-2.0907469 4.4561508 0.31003937,
  -2.3395051 4.3307295 -0.31003937,-2.3395051 4.3307295 -0.31003937,
  -2.0907469 4.4561508 0.31003937,-2.0907469 4.4561508 -0.31003937,
  -2.5807693 4.1914354 0.31003937,-2.3395051 4.3307295 0.31003937,
  -2.5807693 4.1914354 -0.31003937,-2.5807693 4.1914354 -0.31003937,
  -2.3395051 4.3307295 0.31003937,-2.3395051 4.3307295 -0.31003937,
  -2.8137665 4.0387154 0.31003937,-2.5807693 4.1914354 0.31003937,
  -2.8137665 4.0387154 -0.31003937,-2.8137665 4.0387154 -0.31003937,
  -2.5807693 4.1914354 0.31003937,-2.5807693 4.1914354 -0.31003937,
  -3.0377504 3.8730575 0.31003937,-2.8137665 4.0387154 0.31003937,
  -3.0377504 3.8730575 -0.31003937,-3.0377504 3.8730575 -0.31003937,
  -2.8137665 4.0387154 0.31003937,-2.8137665 4.0387154 -0.31003937,
  -3.2520031 3.6949933 0.31003937,-3.0377504 3.8730575 0.31003937,
  -3.2520031 3.6949933 -0.31003937,-3.2520031 3.6949933 -0.31003937,
  -3.0377504 3.8730575 0.31003937,-3.0377504 3.8730575 -0.31003937,
  -3.455839 3.5050933 0.31003937,-3.2520031 3.6949933 0.31003937,
  -3.455839 3.5050933 -0.31003937,-3.455839 3.5050933 -0.31003937,
  -3.2520031 3.6949933 0.31003937,-3.2520031 3.6949933 -0.31003937,
  -3.6486051 3.303965 0.31003937,-3.455839 3.5050933 0.31003937,
  -3.6486051 3.303965 -0.31003937,-3.6486051 3.303965 -0.31003937,
  -3.455839 3.5050933 0.31003937,-3.455839 3.5050933 -0.31003937,
  -3.8296831 3.0922531 0.31003937,-3.6486051 3.303965 0.31003937,
  -3.8296831 3.0922531 -0.31003937,-3.8296831 3.0922531 -0.31003937,
  -3.6486051 3.303965 0.31003937,-3.6486051 3.303965 -0.31003937,
  -3.9984937 2.8706358 0.31003937,-3.8296831 3.0922531 0.31003937,
  -3.9984937 2.8706358 -0.31003937,-3.9984937 2.8706358 -0.31003937,
  -3.8296831 3.0922531 0.31003937,-3.8296831 3.0922531 -0.31003937,
  -4.1544957 2.6398232 0.31003937,-3.9984937 2.8706358 0.31003937,
  -4.1544957 2.6398232 -0.31003937,-4.1544957 2.6398232 -0.31003937,
  -3.9984937 2.8706358 0.31003937,-3.9984937 2.8706358 -0.31003937,
  -4.2971898 2.4005543 0.31003937,-4.1544957 2.6398232 0.31003937,
  -4.2971898 2.4005543 -0.31003937,-4.2971898 2.4005543 -0.31003937,
  -4.1544957 2.6398232 0.31003937,-4.1544957 2.6398232 -0.31003937,
  -4.4261189 2.1535957 0.31003937,-4.2971898 2.4005543 0.31003937,
  -4.4261189 2.1535957 -0.31003937,-4.4261189 2.1535957 -0.31003937,
  -4.2971898 2.4005543 0.31003937,-4.2971898 2.4005543 -0.31003937,
  -4.5408697 1.8997386 0.31003937,-4.4261189 2.1535957 0.31003937,
  -4.5408697 1.8997386 -0.31003937,-4.5408697 1.8997386 -0.31003937,
  -4.4261189 2.1535957 0.31003937,-4.4261189 2.1535957 -0.31003937,
  -4.6410744 1.6397961 0.31003937,-4.5408697 1.8997386 0.31003937,
  -4.6410744 1.6397961 -0.31003937,-4.6410744 1.6397961 -0.31003937,
  -4.5408697 1.8997386 0.31003937,-4.5408697 1.8997386 -0.31003937,
  -4.7264126 1.3746004 0.31003937,-4.6410744 1.6397961 0.31003937,
  -4.7264126 1.3746004 -0.31003937,-4.7264126 1.3746004 -0.31003937,
  -4.6410744 1.6397961 0.31003937,-4.6410744 1.6397961 -0.31003937,
  -4.7966106 1.105002 0.31003937,-4.7264126 1.3746004 0.31003937,
  -4.7966106 1.105002 -0.31003937,-4.7966106 1.105002 -0.31003937,
  -4.7264126 1.3746004 0.31003937,-4.7264126 1.3746004 -0.31003937,
  -4.8514437 0.83186339 0.31003937,-4.7966106 1.105002 0.31003937,
  -4.8514437 0.83186339 -0.31003937,-4.8514437 0.83186339 -0.31003937,
  -4.7966106 1.105002 0.31003937,-4.7966106 1.105002 -0.31003937,
  -4.8907362 0.55606063 0.31003937,-4.8514437 0.83186339 0.31003937,
  -4.8907362 0.55606063 -0.31003937,-4.8907362 0.55606063 -0.31003937,
  -4.8514437 0.83186339 0.31003937,-4.8514437 0.83186339 -0.31003937,
  -4.9143618 0.27847638 0.31003937,-4.8907362 0.55606063 0.31003937,
  -4.9143618 0.27847638 -0.31003937,-4.9143618 0.27847638 -0.31003937,
  -4.8907362 0.55606063 0.31003937,-4.8907362 0.55606063 -0.31003937,
  -4.9222457 0 0.31003937,-4.9143618 0.27847638 0.31003937,
  -4.9222457 0 -0.31003937,-4.9222457 0 -0.31003937,
  -4.9143618 0.27847638 0.31003937,-4.9143618 0.27847638 -0.31003937,
  -4.9143618 -0.27847638 0.31003937,-4.9222457 0 0.31003937,
  -4.9143618 -0.27847638 -0.31003937,-4.9143618 -0.27847638 -0.31003937,
  -4.9222457 0 0.31003937,-4.9222457 0 -0.31003937,
  -4.8907362 -0.55606063 0.31003937,-4.9143618 -0.27847638 0.31003937,
  -4.8907362 -0.55606063 -0.31003937,-4.8907362 -0.55606063 -0.31003937,
  -4.9143618 -0.27847638 0.31003937,-4.9143618 -0.27847638 -0.31003937,
  -4.8514437 -0.83186339 0.31003937,-4.8907362 -0.55606063 0.31003937,
  -4.8514437 -0.83186339 -0.31003937,-4.8514437 -0.83186339 -0.31003937,
  -4.8907362 -0.55606063 0.31003937,-4.8907362 -0.55606063 -0.31003937,
  -4.7966106 -1.105002 0.31003937,-4.8514437 -0.83186339 0.31003937,
  -4.7966106 -1.105002 -0.31003937,-4.7966106 -1.105002 -0.31003937,
  -4.8514437 -0.83186339 0.31003937,-4.8514437 -0.83186339 -0.31003937,
  -4.7264126 -1.3746004 0.31003937,-4.7966106 -1.105002 0.31003937,
  -4.7264126 -1.3746004 -0.31003937,-4.7264126 -1.3746004 -0.31003937,
  -4.7966106 -1.105002 0.31003937,-4.7966106 -1.105002 -0.31003937,
  -4.6410744 -1.6397961 0.31003937,-4.7264126 -1.3746004 0.31003937,
  -4.6410744 -1.6397961 -0.31003937,-4.6410744 -1.6397961 -0.31003937,
  -4.7264126 -1.3746004 0.31003937,-4.7264126 -1.3746004 -0.31003937,
  -4.5408697 -1.8997386 0.31003937,-4.6410744 -1.6397961 0.31003937,
  -4.5408697 -1.8997386 -0.31003937,-4.5408697 -1.8997386 -0.31003937,
  -4.6410744 -1.6397961 0.31003937,-4.6410744 -1.6397961 -0.31003937,
  -4.4261189 -2.1535957 0.31003937,-4.5408697 -1.8997386 0.31003937,
  -4.4261189 -2.1535957 -0.31003937,-4.4261189 -2.1535957 -0.31003937,
  -4.5408697 -1.8997386 0.31003937,-4.5408697 -1.8997386 -0.31003937,
  -4.2971898 -2.4005543 0.31003937,-4.4261189 -2.1535957 0.31003937,
  -4.2971898 -2.4005543 -0.31003937,-4.2971898 -2.4005543 -0.31003937,
  -4.4261189 -2.1535957 0.31003937,-4.4261189 -2.1535957 -0.31003937,
  -4.1544957 -2.6398232 0.31003937,-4.2971898 -2.4005543 0.31003937,
  -4.1544957 -2.6398232 -0.31003937,-4.1544957 -2.6398232 -0.31003937,
  -4.2971898 -2.4005543 0.31003937,-4.2971898 -2.4005543 -0.31003937,
  -3.9984937 -2.8706358 0.31003937,-4.1544957 -2.6398232 0.31003937,
  -3.9984937 -2.8706358 -0.31003937,-3.9984937 -2.8706358 -0.31003937,
  -4.1544957 -2.6398232 0.31003937,-4.1544957 -2.6398232 -0.31003937,
  -3.8296831 -3.0922531 0.31003937,-3.9984937 -2.8706358 0.31003937,
  -3.8296831 -3.0922531 -0.31003937,-3.8296831 -3.0922531 -0.31003937,
  -3.9984937 -2.8706358 0.31003937,-3.9984937 -2.8706358 -0.31003937,
  -3.6486051 -3.303965 0.31003937,-3.8296831 -3.0922531 0.31003937,
  -3.6486051 -3.303965 -0.31003937,-3.6486051 -3.303965 -0.31003937,
  -3.8296831 -3.0922531 0.31003937,-3.8296831 -3.0922531 -0.31003937,
  -3.455839 -3.5050933 0.31003937,-3.6486051 -3.303965 0.31003937,
  -3.455839 -3.5050933 -0.31003937,-3.455839 -3.5050933 -0.31003937,
  -3.6486051 -3.303965 0.31003937,-3.6486051 -3.303965 -0.31003937,
  -3.2520031 -3.6949933 0.31003937,-3.455839 -3.5050933 0.31003937,
  -3.2520031 -3.6949933 -0.31003937,-3.2520031 -3.6949933 -0.31003937,
  -3.455839 -3.5050933 0.31003937,-3.455839 -3.5050933 -0.31003937,
  -3.0377504 -3.8730575 0.31003937,-3.2520031 -3.6949933 0.31003937,
  -3.0377504 -3.8730575 -0.31003937,-3.0377504 -3.8730575 -0.31003937,
  -3.2520031 -3.6949933 0.31003937,-3.2520031 -3.6949933 -0.31003937,
  -2.8137665 -4.0387154 0.31003937,-3.0377504 -3.8730575 0.31003937,
  -2.8137665 -4.0387154 -0.31003937,-2.8137665 -4.0387154 -0.31003937,
  -3.0377504 -3.8730575 0.31003937,-3.0377504 -3.8730575 -0.31003937,
  -2.5807693 -4.1914354 0.31003937,-2.8137665 -4.0387154 0.31003937,
  -2.5807693 -4.1914354 -0.31003937,-2.5807693 -4.1914354 -0.31003937,
  -2.8137665 -4.0387154 0.31003937,-2.8137665 -4.0387154 -0.31003937,
  -2.3395051 -4.3307295 0.31003937,-2.5807693 -4.1914354 0.31003937,
  -2.3395051 -4.3307295 -0.31003937,-2.3395051 -4.3307295 -0.31003937,
  -2.5807693 -4.1914354 0.31003937,-2.5807693 -4.1914354 -0.31003937,
  -2.0907469 -4.4561508 0.31003937,-2.3395051 -4.3307295 0.31003937,
  -2.0907469 -4.4561508 -0.31003937,-2.0907469 -4.4561508 -0.31003937,
  -2.3395051 -4.3307295 0.31003937,-2.3395051 -4.3307295 -0.31003937,
  -1.8352913 -4.5672976 0.31003937,-2.0907469 -4.4561508 0.31003937,
  -1.8352913 -4.5672976 -0.31003937,-1.8352913 -4.5672976 -0.31003937,
  -2.0907469 -4.4561508 0.31003937,-2.0907469 -4.4561508 -0.31003937,
  -1.5739567 -4.6638142 0.31003937,-1.8352913 -4.5672976 0.31003937,
  -1.5739567 -4.6638142 -0.31003937,-1.5739567 -4.6638142 -0.31003937,
  -1.8352913 -4.5672976 0.31003937,-1.8352913 -4.5672976 -0.31003937,
  -1.3075803 -4.7453909 0.31003937,-1.5739567 -4.6638142 0.31003937,
  -1.3075803 -4.7453909 -0.31003937,-1.3075803 -4.7453909 -0.31003937,
  -1.5739567 -4.6638142 0.31003937,-1.5739567 -4.6638142 -0.31003937,
  -1.037015 -4.8117669 0.31003937,-1.3075803 -4.7453909 0.31003937,
  -1.037015 -4.8117669 -0.31003937,-1.037015 -4.8117669 -0.31003937,
  -1.3075803 -4.7453909 0.31003937,-1.3075803 -4.7453909 -0.31003937,
  -0.76312835 -4.8627295 0.31003937,-1.037015 -4.8117669 0.31003937,
  -0.76312835 -4.8627295 -0.31003937,-0.76312835 -4.8627295 -0.31003937,
  -1.037015 -4.8117669 0.31003937,-1.037015 -4.8117669 -0.31003937,
  -0.48679685 -4.898115 0.31003937,-0.76312835 -4.8627295 0.31003937,
  -0.48679685 -4.898115 -0.31003937,-0.48679685 -4.898115 -0.31003937,
  -0.76312835 -4.8627295 0.31003937,-0.76312835 -4.8627295 -0.31003937,
  -0.20890591 -4.9178106 0.31003937,-0.48679685 -4.898115 0.31003937,
  -0.20890591 -4.9178106 -0.31003937,-0.20890591 -4.9178106 -0.31003937,
  -0.48679685 -4.898115 0.31003937,-0.48679685 -4.898115 -0.31003937,
  0.069653937 -4.9217528 0.31003937,-0.20890591 -4.9178106 0.31003937,
  0.069653937 -4.9217528 -0.31003937,0.069653937 -4.9217528 -0.31003937,
  -0.20890591 -4.9178106 0.31003937,-0.20890591 -4.9178106 -0.31003937,
  0.34799094 -4.9099291 0.31003937,0.069653937 -4.9217528 0.31003937,
  0.34799094 -4.9099291 -0.31003937,0.34799094 -4.9099291 -0.31003937,
  0.069653937 -4.9217528 0.31003937,0.069653937 -4.9217528 -0.31003937,
  0.62521299 -4.8823776 0.31003937,0.34799094 -4.9099291 0.31003937,
  0.62521299 -4.8823776 -0.31003937,0.62521299 -4.8823776 -0.31003937,
  0.34799094 -4.9099291 0.31003937,0.34799094 -4.9099291 -0.31003937,
  0.90043228 -4.8391862 0.31003937,0.62521299 -4.8823776 0.31003937,
  0.90043228 -4.8391862 -0.31003937,0.90043228 -4.8391862 -0.31003937,
  0.62521299 -4.8823776 0.31003937,0.62521299 -4.8823776 -0.31003937,
  1.1727673 -4.7804937 0.31003937,0.90043228 -4.8391862 0.31003937,
  1.1727673 -4.7804937 -0.31003937,1.1727673 -4.7804937 -0.31003937,
  0.90043228 -4.8391862 0.31003937,0.90043228 -4.8391862 -0.31003937,
  1.4413457 -4.7064874 0.31003937,1.1727673 -4.7804937 0.31003937,
  1.4413457 -4.7064874 -0.31003937,1.4413457 -4.7064874 -0.31003937,
  1.1727673 -4.7804937 0.31003937,1.1727673 -4.7804937 -0.31003937,
  1.7053067 -4.6174051 0.31003937,1.4413457 -4.7064874 0.31003937,
  1.7053067 -4.6174051 -0.31003937,1.7053067 -4.6174051 -0.31003937,
  1.4413457 -4.7064874 0.31003937,1.4413457 -4.7064874 -0.31003937,
  1.9638055 -4.5135319 0.31003937,1.7053067 -4.6174051 0.31003937,
  1.9638055 -4.5135319 -0.31003937,1.9638055 -4.5135319 -0.31003937,
  1.7053067 -4.6174051 0.31003937,1.7053067 -4.6174051 -0.31003937,
  2.2160134 -4.3952004 0.31003937,1.9638055 -4.5135319 0.31003937,
  2.2160134 -4.3952004 -0.31003937,2.2160134 -4.3952004 -0.31003937,
  1.9638055 -4.5135319 0.31003937,1.9638055 -4.5135319 -0.31003937,
  2.4611228 -4.2627898 0.31003937,2.2160134 -4.3952004 0.31003937,
  2.4611228 -4.2627898 -0.31003937,2.4611228 -4.2627898 -0.31003937,
  2.2160134 -4.3952004 0.31003937,2.2160134 -4.3952004 -0.31003937,
  2.6983484 -4.116724 0.31003937,2.4611228 -4.2627898 0.31003937,
  2.6983484 -4.116724 -0.31003937,2.6983484 -4.116724 -0.31003937,
  2.4611228 -4.2627898 0.31003937,2.4611228 -4.2627898 -0.31003937,
  2.9269307 -3.9574713 0.31003937,2.6983484 -4.116724 0.31003937,
  2.9269307 -3.9574713 -0.31003937,2.9269307 -3.9574713 -0.31003937,
  2.6983484 -4.116724 0.31003937,2.6983484 -4.116724 -0.31003937,
  3.1461366 -3.7855417 0.31003937,2.9269307 -3.9574713 0.31003937,
  3.1461366 -3.7855417 -0.31003937,3.1461366 -3.7855417 -0.31003937,
  2.9269307 -3.9574713 0.31003937,2.9269307 -3.9574713 -0.31003937,
  3.355265 -3.6014858 0.31003937,3.1461366 -3.7855417 0.31003937,
  3.355265 -3.6014858 -0.31003937,3.355265 -3.6014858 -0.31003937,
  3.1461366 -3.7855417 0.31003937,3.1461366 -3.7855417 -0.31003937,
  3.5536453 -3.4058929 0.31003937,3.355265 -3.6014858 0.31003937,
  3.5536453 -3.4058929 -0.31003937,3.5536453 -3.4058929 -0.31003937,
  3.355265 -3.6014858 0.31003937,3.355265 -3.6014858 -0.31003937,
  3.7406421 -3.1993906 0.31003937,3.5536453 -3.4058929 0.31003937,
  3.7406421 -3.1993906 -0.31003937,3.7406421 -3.1993906 -0.31003937,
  3.5536453 -3.4058929 0.31003937,3.5536453 -3.4058929 -0.31003937,
  3.9156567 -2.982639 0.31003937,3.7406421 -3.1993906 0.31003937,
  3.9156567 -2.982639 -0.31003937,3.9156567 -2.982639 -0.31003937,
  3.7406421 -3.1993906 0.31003937,3.7406421 -3.1993906 -0.31003937,
  4.078128 -2.7563335 0.31003937,3.9156567 -2.982639 0.31003937,
  4.078128 -2.7563335 -0.31003937,4.078128 -2.7563335 -0.31003937,
  3.9156567 -2.982639 0.31003937,3.9156567 -2.982639 -0.31003937,
  4.2275358 -2.5211984 0.31003937,4.078128 -2.7563335 0.31003937,
  4.2275358 -2.5211984 -0.31003937,4.2275358 -2.5211984 -0.31003937,
  4.078128 -2.7563335 0.31003937,4.078128 -2.7563335 -0.31003937,
  4.363402 -2.2779874 0.31003937,4.2275358 -2.5211984 0.31003937,
  4.363402 -2.2779874 -0.31003937,4.363402 -2.2779874 -0.31003937,
  4.2275358 -2.5211984 0.31003937,4.2275358 -2.5211984 -0.31003937,
  4.4852906 -2.0274791 0.31003937,4.363402 -2.2779874 0.31003937,
  4.4852906 -2.0274791 -0.31003937,4.4852906 -2.0274791 -0.31003937,
  4.363402 -2.2779874 0.31003937,4.363402 -2.2779874 -0.31003937,
  4.5928114 -1.7704764 0.31003937,4.4852906 -2.0274791 0.31003937,
  4.5928114 -1.7704764 -0.31003937,4.5928114 -1.7704764 -0.31003937,
  4.4852906 -2.0274791 0.31003937,4.4852906 -2.0274791 -0.31003937,
  4.6856201 -1.507802 0.31003937,4.5928114 -1.7704764 0.31003937,
  4.6856201 -1.507802 -0.31003937,4.6856201 -1.507802 -0.31003937,
  4.5928114 -1.7704764 0.31003937,4.5928114 -1.7704764 -0.31003937,
  4.7634193 -1.240298 0.31003937,4.6856201 -1.507802 0.31003937,
  4.7634193 -1.240298 -0.31003937,4.7634193 -1.240298 -0.31003937,
  4.6856201 -1.507802 0.31003937,4.6856201 -1.507802 -0.31003937,
  4.8259598 -0.96882087 0.31003937,4.7634193 -1.240298 0.31003937,
  4.8259598 -0.96882087 -0.31003937,4.8259598 -0.96882087 -0.31003937,
  4.7634193 -1.240298 0.31003937,4.7634193 -1.240298 -0.31003937,
  4.8730413 -0.69424016 0.31003937,4.8259598 -0.96882087 0.31003937,
  4.8730413 -0.69424016 -0.31003937,4.8730413 -0.69424016 -0.31003937,
  4.8259598 -0.96882087 0.31003937,4.8259598 -0.96882087 -0.31003937,
  4.9045134 -0.41743543 0.31003937,4.8730413 -0.69424016 0.31003937,
  4.9045134 -0.41743543 -0.31003937,4.9045134 -0.41743543 -0.31003937,
  4.8730413 -0.69424016 0.31003937,4.8730413 -0.69424016 -0.31003937,
  4.9202744 -0.13929409 0.31003937,4.9045134 -0.41743543 0.31003937,
  4.9202744 -0.13929409 -0.31003937,4.9202744 -0.13929409 -0.31003937,
  4.9045134 -0.41743543 0.31003937,4.9045134 -0.41743543 -0.31003937,
  4.9212598 0 0.31003937,4.9202744 -0.13929409 0.31003937,
  4.9212598 0 -0.31003937,4.9212598 0 -0.31003937,
  4.9202744 -0.13929409 0.31003937,4.9202744 -0.13929409 -0.31003937] }
 coordIndex [
  0,1,2,-1,3,4,5,-1,6,7,8,-1,9,10,11,-1,12,13,14,-1,15,16,17,-1,18,19,20,-1,21,22,23,-1,
  24,25,26,-1,27,28,29,-1,30,31,32,-1,33,34,35,-1,36,37,38,-1,39,40,41,-1,42,43,44,-1,45,46,47,-1,
  48,49,50,-1,51,52,53,-1,54,55,56,-1,57,58,59,-1,60,61,62,-1,63,64,65,-1,66,67,68,-1,69,70,71,-1,
  72,73,74,-1,75,76,77,-1,78,79,80,-1,81,82,83,-1,84,85,86,-1,87,88,89,-1,90,91,92,-1,93,94,95,-1,
  96,97,98,-1,99,100,101,-1,102,103,104,-1,105,106,107,-1,108,109,110,-1,111,112,113,-1,114,115,116,-1,117,118,119,-1,
  120,121,122,-1,123,124,125,-1,126,127,128,-1,129,130,131,-1,132,133,134,-1,135,136,137,-1,138,139,140,-1,141,142,143,-1,
  144,145,146,-1,147,148,149,-1,150,151,152,-1,153,154,155,-1,156,157,158,-1,159,160,161,-1,162,163,164,-1,165,166,167,-1,
  168,169,170,-1,171,172,173,-1,174,175,176,-1,177,178,179,-1,180,181,182,-1,183,184,185,-1,186,187,188,-1,189,190,191,-1,
  192,193,194,-1,195,196,197,-1,198,199,200,-1,201,202,203,-1,204,205,206,-1,207,208,209,-1,210,211,212,-1,213,214,215,-1,
  216,217,218,-1,219,220,221,-1,222,223,224,-1,225,226,227,-1,228,229,230,-1,231,232,233,-1,234,235,236,-1,237,238,239,-1,
  240,241,242,-1,243,244,245,-1,246,247,248,-1,249,250,251,-1,252,253,254,-1,255,256,257,-1,258,259,260,-1,261,262,263,-1,
  264,265,266,-1,267,268,269,-1,270,271,272,-1,273,274,275,-1,276,277,278,-1,279,280,281,-1,282,283,284,-1,285,286,287,-1,
  288,289,290,-1,291,292,293,-1,294,295,296,-1,297,298,299,-1,300,301,302,-1,303,304,305,-1,306,307,308,-1,309,310,311,-1,
  312,313,314,-1,315,316,317,-1,318,319,320,-1,321,322,323,-1,324,325,326,-1,327,328,329,-1,330,331,332,-1,333,334,335,-1,
  336,337,338,-1,339,340,341,-1,342,343,344,-1,345,346,347,-1,348,349,350,-1,351,352,353,-1,354,355,356,-1,357,358,359,-1,
  360,361,362,-1,363,364,365,-1,366,367,368,-1,369,370,371,-1,372,373,374,-1,375,376,377,-1,378,379,380,-1,381,382,383,-1,
  384,385,386,-1,387,388,389,-1,390,391,392,-1,393,394,395,-1,396,397,398,-1,399,400,401,-1,402,403,404,-1,405,406,407,-1,
  408,409,410,-1,411,412,413,-1,414,415,416,-1,417,418,419,-1,420,421,422,-1,423,424,425,-1,426,427,428,-1,429,430,431,-1,
  432,433,434,-1,435,436,437,-1,438,439,440,-1,441,442,443,-1,444,445,446,-1,447,448,449,-1,450,451,452,-1,453,454,455,-1,
  456,457,458,-1,459,460,461,-1,462,463,464,-1,465,466,467,-1,468,469,470,-1,471,472,473,-1,474,475,476,-1,477,478,479,-1,
  480,481,482,-1,483,484,485,-1,486,487,488,-1,489,490,491,-1,492,493,494,-1,495,496,497,-1,498,499,500,-1,501,502,503,-1,
  504,505,506,-1,507,508,509,-1,510,511,512,-1,513,514,515,-1,516,517,518,-1,519,520,521,-1,522,523,524,-1,525,526,527,-1,
  528,529,530,-1,531,532,533,-1,534,535,536,-1,537,538,539,-1,540,541,542,-1,543,544,545,-1,546,547,548,-1,549,550,551,-1,
  552,553,554,-1,555,556,557,-1,558,559,560,-1,561,562,563,-1,564,565,566,-1,567,568,569,-1,570,571,572,-1,573,574,575,-1,
  576,577,578,-1,579,580,581,-1,582,583,584,-1,585,586,587,-1,588,589,590,-1,591,592,593,-1,594,595,596,-1,597,598,599,-1,
  600,601,602,-1,603,604,605,-1,606,607,608,-1,609,610,611,-1,612,613,614,-1,615,616,617,-1,618,619,620,-1,621,622,623,-1,
  624,625,626,-1,627,628,629,-1,630,631,632,-1,633,634,635,-1,636,637,638,-1,639,640,641,-1,642,643,644,-1,645,646,647,-1,
  648,649,650,-1,651,652,653,-1,654,655,656,-1,657,658,659,-1,660,661,662,-1,663,664,665,-1,666,667,668,-1,669,670,671,-1]
  normalPerVertex TRUE
  normal DEF NORM_7 Normal { vector [
  0.99997498 0.0070743014 0,0.99997498 0.0070743014 0,
  0.99997498 0.0070743014 0,0.99997498 0.0070743014 0,
  0.99997498 0.0070743014 0,0.99997498 0.0070743014 0,
  0.99839837 0.056574763 0,0.99839837 0.056574763 0,
  0.99839837 0.056574763 0,0.99839837 0.056574763 0,
  0.99839837 0.056574763 0,0.99839837 0.056574763 0,
  0.99359842 0.11296981 0,0.99359842 0.11296981 0,
  0.99359842 0.11296981 0,0.99359842 0.11296981 0,
  0.99359842 0.11296981 0,0.99359842 0.11296981 0,
  0.98561597 0.16900049 0,0.98561597 0.16900049 0,
  0.98561597 0.16900049 0,0.98561597 0.16900049 0,
  0.98561597 0.16900049 0,0.98561597 0.16900049 0,
  0.97447608 0.22449134 0,0.97447608 0.22449134 0,
  0.97447608 0.22449134 0,0.97447608 0.22449134 0,
  0.97447608 0.22449134 0,0.97447608 0.22449134 0,
  0.96021466 0.27926297 0,0.96021466 0.27926297 0,
  0.96021466 0.27926297 0,0.96021466 0.27926297 0,
  0.96021466 0.27926297 0,0.96021466 0.27926297 0,
  0.94287757 0.33313944 0,0.94287757 0.33313944 0,
  0.94287757 0.33313944 0,0.94287757 0.33313944 0,
  0.94287757 0.33313944 0,0.94287757 0.33313944 0,
  0.92251983 0.38594968 0,0.92251983 0.38594968 0,
  0.92251983 0.38594968 0,0.92251983 0.38594968 0,
  0.92251983 0.38594968 0,0.92251983 0.38594968 0,
  0.89920728 0.43752289 0,0.89920728 0.43752289 0,
  0.89920728 0.43752289 0,0.89920728 0.43752289 0,
  0.89920728 0.43752289 0,0.89920728 0.43752289 0,
  0.87301364 0.4876958 0,0.87301364 0.4876958 0,
  0.87301364 0.4876958 0,0.87301364 0.4876958 0,
  0.87301364 0.4876958 0,0.87301364 0.4876958 0,
  0.8440247 0.53630431 0,0.8440247 0.53630431 0,
  0.8440247 0.53630431 0,0.8440247 0.53630431 0,
  0.8440247 0.53630431 0,0.8440247 0.53630431 0,
  0.81233137 0.58319614 0,0.81233137 0.58319614 0,
  0.81233137 0.58319614 0,0.81233137 0.58319614 0,
  0.81233137 0.58319614 0,0.81233137 0.58319614 0,
  0.77803594 0.62821977 0,0.77803594 0.62821977 0,
  0.77803594 0.62821977 0,0.77803594 0.62821977 0,
  0.77803594 0.62821977 0,0.77803594 0.62821977 0,
  0.74124752 0.67123179 0,0.74124752 0.67123179 0,
  0.74124752 0.67123179 0,0.74124752 0.67123179 0,
  0.74124752 0.67123179 0,0.74124752 0.67123179 0,
  0.70208636 0.71209181 0,0.70208636 0.71209181 0,
  0.70208636 0.71209181 0,0.70208636 0.71209181 0,
  0.70208636 0.71209181 0,0.70208636 0.71209181 0,
  0.66067434 0.75067264 0,0.66067434 0.75067264 0,
  0.66067434 0.75067264 0,0.66067434 0.75067264 0,
  0.66067434 0.75067264 0,0.66067434 0.75067264 0,
  0.61714733 0.78684762 0,0.61714733 0.78684762 0,
  0.61714733 0.78684762 0,0.61714733 0.78684762 0,
  0.61714733 0.78684762 0,0.61714733 0.78684762 0,
  0.57164246 0.82050284 0,0.57164246 0.82050284 0,
  0.57164246 0.82050284 0,0.57164246 0.82050284 0,
  0.57164246 0.82050284 0,0.57164246 0.82050284 0,
  0.5243077 0.85152888 0,0.5243077 0.85152888 0,
  0.5243077 0.85152888 0,0.5243077 0.85152888 0,
  0.5243077 0.85152888 0,0.5243077 0.85152888 0,
  0.47529211 0.87982806 0,0.47529211 0.87982806 0,
  0.47529211 0.87982806 0,0.47529211 0.87982806 0,
  0.47529211 0.87982806 0,0.47529211 0.87982806 0,
  0.42475479 0.90530844 0,0.42475479 0.90530844 0,
  0.42475479 0.90530844 0,0.42475479 0.90530844 0,
  0.42475479 0.90530844 0,0.42475479 0.90530844 0,
  0.37285604 0.9278892 0,0.37285604 0.9278892 0,
  0.37285604 0.9278892 0,0.37285604 0.9278892 0,
  0.37285604 0.9278892 0,0.37285604 0.9278892 0,
  0.31976394 0.94749724 0,0.31976394 0.94749724 0,
  0.31976394 0.94749724 0,0.31976394 0.94749724 0,
  0.31976394 0.94749724 0,0.31976394 0.94749724 0,
  0.26564786 0.96407013 0,0.26564786 0.96407013 0,
  0.26564786 0.96407013 0,0.26564786 0.96407013 0,
  0.26564786 0.96407013 0,0.26564786 0.96407013 0,
  0.21067868 0.97755537 0,0.21067868 0.97755537 0,
  0.21067868 0.97755537 0,0.21067868 0.97755537 0,
  0.21067868 0.97755537 0,0.21067868 0.97755537 0,
  0.15503673 0.98790871 0,0.15503673 0.98790871 0,
  0.15503673 0.98790871 0,0.15503673 0.98790871 0,
  0.15503673 0.98790871 0,0.15503673 0.98790871 0,
  0.098897283 0.99509765 0,0.098897283 0.99509765 0,
  0.098897283 0.99509765 0,0.098897283 0.99509765 0,
  0.098897283 0.99509765 0,0.098897283 0.99509765 0,
  0.042441243 0.99909896 0,0.042441243 0.99909896 0,
  0.042441243 0.99909896 0,0.042441243 0.99909896 0,
  0.042441243 0.99909896 0,0.042441243 0.99909896 0,
  -0.014150393 0.99989988 0,-0.014150393 0.99989988 0,
  -0.014150393 0.99989988 0,-0.014150393 0.99989988 0,
  -0.014150393 0.99989988 0,-0.014150393 0.99989988 0,
  -0.070698187 0.99749775 0,-0.070698187 0.99749775 0,
  -0.070698187 0.99749775 0,-0.070698187 0.99749775 0,
  -0.070698187 0.99749775 0,-0.070698187 0.99749775 0,
  -0.12701712 0.99190053 0,-0.12701712 0.99190053 0,
  -0.12701712 0.99190053 0,-0.12701712 0.99190053 0,
  -0.12701712 0.99190053 0,-0.12701712 0.99190053 0,
  -0.18293203 0.98312556 0,-0.18293203 0.98312556 0,
  -0.18293203 0.98312556 0,-0.18293203 0.98312556 0,
  -0.18293203 0.98312556 0,-0.18293203 0.98312556 0,
  -0.23825842 0.97120179 0,-0.23825842 0.97120179 0,
  -0.23825842 0.97120179 0,-0.23825842 0.97120179 0,
  -0.23825842 0.97120179 0,-0.23825842 0.97120179 0,
  -0.29282252 0.95616681 0,-0.29282252 0.95616681 0,
  -0.29282252 0.95616681 0,-0.29282252 0.95616681 0,
  -0.29282252 0.95616681 0,-0.29282252 0.95616681 0,
  -0.34644908 0.93806878 0,-0.34644908 0.93806878 0,
  -0.34644908 0.93806878 0,-0.34644908 0.93806878 0,
  -0.34644908 0.93806878 0,-0.34644908 0.93806878 0,
  -0.3989653 0.91696602 0,-0.3989653 0.91696602 0,
  -0.3989653 0.91696602 0,-0.3989653 0.91696602 0,
  -0.3989653 0.91696602 0,-0.3989653 0.91696602 0,
  -0.45020369 0.89292589 0,-0.45020369 0.89292589 0,
  -0.45020369 0.89292589 0,-0.45020369 0.89292589 0,
  -0.45020369 0.89292589 0,-0.45020369 0.89292589 0,
  -0.50000043 0.86602516 0,-0.50000043 0.86602516 0,
  -0.50000043 0.86602516 0,-0.50000043 0.86602516 0,
  -0.50000043 0.86602516 0,-0.50000043 0.86602516 0,
  -0.54819379 0.83635134 0,-0.54819379 0.83635134 0,
  -0.54819379 0.83635134 0,-0.54819379 0.83635134 0,
  -0.54819379 0.83635134 0,-0.54819379 0.83635134 0,
  -0.59463382 0.80399666 0,-0.59463382 0.80399666 0,
  -0.59463382 0.80399666 0,-0.59463382 0.80399666 0,
  -0.59463382 0.80399666 0,-0.59463382 0.80399666 0,
  -0.63916745 0.7690676 0,-0.63916745 0.7690676 0,
  -0.63916745 0.7690676 0,-0.63916745 0.7690676 0,
  -0.63916745 0.7690676 0,-0.63916745 0.7690676 0,
  -0.68165272 0.73167586 0,-0.68165272 0.73167586 0,
  -0.68165272 0.73167586 0,-0.68165272 0.73167586 0,
  -0.68165272 0.73167586 0,-0.68165272 0.73167586 0,
  -0.72195567 0.69193931 0,-0.72195567 0.69193931 0,
  -0.72195567 0.69193931 0,-0.72195567 0.69193931 0,
  -0.72195567 0.69193931 0,-0.72195567 0.69193931 0,
  -0.75994668 0.64998542 0,-0.75994668 0.64998542 0,
  -0.75994668 0.64998542 0,-0.75994668 0.64998542 0,
  -0.75994668 0.64998542 0,-0.75994668 0.64998542 0,
  -0.79550208 0.60595086 0,-0.79550208 0.60595086 0,
  -0.79550208 0.60595086 0,-0.79550208 0.60595086 0,
  -0.79550208 0.60595086 0,-0.79550208 0.60595086 0,
  -0.82850985 0.55997449 0,-0.82850985 0.55997449 0,
  -0.82850985 0.55997449 0,-0.82850985 0.55997449 0,
  -0.82850985 0.55997449 0,-0.82850985 0.55997449 0,
  -0.85886325 0.51220495 0,-0.85886325 0.51220495 0,
  -0.85886325 0.51220495 0,-0.85886325 0.51220495 0,
  -0.85886325 0.51220495 0,-0.85886325 0.51220495 0,
  -0.88646538 0.46279492 0,-0.88646538 0.46279492 0,
  -0.88646538 0.46279492 0,-0.88646538 0.46279492 0,
  -0.88646538 0.46279492 0,-0.88646538 0.46279492 0,
  -0.91122829 0.41190169 0,-0.91122829 0.41190169 0,
  -0.91122829 0.41190169 0,-0.91122829 0.41190169 0,
  -0.91122829 0.41190169 0,-0.91122829 0.41190169 0,
  -0.93307253 0.35968827 0,-0.93307253 0.35968827 0,
  -0.93307253 0.35968827 0,-0.93307253 0.35968827 0,
  -0.93307253 0.35968827 0,-0.93307253 0.35968827 0,
  -0.95192736 0.30632384 0,-0.95192736 0.30632384 0,
  -0.95192736 0.30632384 0,-0.95192736 0.30632384 0,
  -0.95192736 0.30632384 0,-0.95192736 0.30632384 0,
  -0.96773289 0.25197827 0,-0.96773289 0.25197827 0,
  -0.96773289 0.25197827 0,-0.96773289 0.25197827 0,
  -0.96773289 0.25197827 0,-0.96773289 0.25197827 0,
  -0.98043866 0.19682486 0,-0.98043866 0.19682486 0,
  -0.98043866 0.19682486 0,-0.98043866 0.19682486 0,
  -0.98043866 0.19682486 0,-0.98043866 0.19682486 0,
  -0.99000363 0.14104187 0,-0.99000363 0.14104187 0,
  -0.99000363 0.14104187 0,-0.99000363 0.14104187 0,
  -0.99000363 0.14104187 0,-0.99000363 0.14104187 0,
  -0.99639758 0.084804816 0,-0.99639758 0.084804816 0,
  -0.99639758 0.084804816 0,-0.99639758 0.084804816 0,
  -0.99639758 0.084804816 0,-0.99639758 0.084804816 0,
  -0.99959949 0.028299351 0,-0.99959949 0.028299351 0,
  -0.99959949 0.028299351 0,-0.99959949 0.028299351 0,
  -0.99959949 0.028299351 0,-0.99959949 0.028299351 0,
  -0.99959949 -0.028299351 0,-0.99959949 -0.028299351 0,
  -0.99959949 -0.028299351 0,-0.99959949 -0.028299351 0,
  -0.99959949 -0.028299351 0,-0.99959949 -0.028299351 0,
  -0.99639758 -0.084804816 0,-0.99639758 -0.084804816 0,
  -0.99639758 -0.084804816 0,-0.99639758 -0.084804816 0,
  -0.99639758 -0.084804816 0,-0.99639758 -0.084804816 0,
  -0.99000363 -0.14104187 0,-0.99000363 -0.14104187 0,
  -0.99000363 -0.14104187 0,-0.99000363 -0.14104187 0,
  -0.99000363 -0.14104187 0,-0.99000363 -0.14104187 0,
  -0.98043866 -0.19682486 0,-0.98043866 -0.19682486 0,
  -0.98043866 -0.19682486 0,-0.98043866 -0.19682486 0,
  -0.98043866 -0.19682486 0,-0.98043866 -0.19682486 0,
  -0.96773289 -0.25197827 0,-0.96773289 -0.25197827 0,
  -0.96773289 -0.25197827 0,-0.96773289 -0.25197827 0,
  -0.96773289 -0.25197827 0,-0.96773289 -0.25197827 0,
  -0.95192736 -0.30632384 0,-0.95192736 -0.30632384 0,
  -0.95192736 -0.30632384 0,-0.95192736 -0.30632384 0,
  -0.95192736 -0.30632384 0,-0.95192736 -0.30632384 0,
  -0.93307253 -0.35968827 0,-0.93307253 -0.35968827 0,
  -0.93307253 -0.35968827 0,-0.93307253 -0.35968827 0,
  -0.93307253 -0.35968827 0,-0.93307253 -0.35968827 0,
  -0.91122829 -0.41190169 0,-0.91122829 -0.41190169 0,
  -0.91122829 -0.41190169 0,-0.91122829 -0.41190169 0,
  -0.91122829 -0.41190169 0,-0.91122829 -0.41190169 0,
  -0.88646538 -0.46279492 0,-0.88646538 -0.46279492 0,
  -0.88646538 -0.46279492 0,-0.88646538 -0.46279492 0,
  -0.88646538 -0.46279492 0,-0.88646538 -0.46279492 0,
  -0.85886325 -0.51220495 0,-0.85886325 -0.51220495 0,
  -0.85886325 -0.51220495 0,-0.85886325 -0.51220495 0,
  -0.85886325 -0.51220495 0,-0.85886325 -0.51220495 0,
  -0.82850985 -0.55997449 0,-0.82850985 -0.55997449 0,
  -0.82850985 -0.55997449 0,-0.82850985 -0.55997449 0,
  -0.82850985 -0.55997449 0,-0.82850985 -0.55997449 0,
  -0.79550208 -0.60595086 0,-0.79550208 -0.60595086 0,
  -0.79550208 -0.60595086 0,-0.79550208 -0.60595086 0,
  -0.79550208 -0.60595086 0,-0.79550208 -0.60595086 0,
  -0.75994668 -0.64998542 0,-0.75994668 -0.64998542 0,
  -0.75994668 -0.64998542 0,-0.75994668 -0.64998542 0,
  -0.75994668 -0.64998542 0,-0.75994668 -0.64998542 0,
  -0.72195567 -0.69193931 0,-0.72195567 -0.69193931 0,
  -0.72195567 -0.69193931 0,-0.72195567 -0.69193931 0,
  -0.72195567 -0.69193931 0,-0.72195567 -0.69193931 0,
  -0.68165272 -0.73167586 0,-0.68165272 -0.73167586 0,
  -0.68165272 -0.73167586 0,-0.68165272 -0.73167586 0,
  -0.68165272 -0.73167586 0,-0.68165272 -0.73167586 0,
  -0.63916745 -0.7690676 0,-0.63916745 -0.7690676 0,
  -0.63916745 -0.7690676 0,-0.63916745 -0.7690676 0,
  -0.63916745 -0.7690676 0,-0.63916745 -0.7690676 0,
  -0.59463382 -0.80399666 0,-0.59463382 -0.80399666 0,
  -0.59463382 -0.80399666 0,-0.59463382 -0.80399666 0,
  -0.59463382 -0.80399666 0,-0.59463382 -0.80399666 0,
  -0.54819379 -0.83635134 0,-0.54819379 -0.83635134 0,
  -0.54819379 -0.83635134 0,-0.54819379 -0.83635134 0,
  -0.54819379 -0.83635134 0,-0.54819379 -0.83635134 0,
  -0.50000043 -0.86602516 0,-0.50000043 -0.86602516 0,
  -0.50000043 -0.86602516 0,-0.50000043 -0.86602516 0,
  -0.50000043 -0.86602516 0,-0.50000043 -0.86602516 0,
  -0.45020369 -0.89292589 0,-0.45020369 -0.89292589 0,
  -0.45020369 -0.89292589 0,-0.45020369 -0.89292589 0,
  -0.45020369 -0.89292589 0,-0.45020369 -0.89292589 0,
  -0.3989653 -0.91696602 0,-0.3989653 -0.91696602 0,
  -0.3989653 -0.91696602 0,-0.3989653 -0.91696602 0,
  -0.3989653 -0.91696602 0,-0.3989653 -0.91696602 0,
  -0.34644908 -0.93806878 0,-0.34644908 -0.93806878 0,
  -0.34644908 -0.93806878 0,-0.34644908 -0.93806878 0,
  -0.34644908 -0.93806878 0,-0.34644908 -0.93806878 0,
  -0.29282252 -0.95616681 0,-0.29282252 -0.95616681 0,
  -0.29282252 -0.95616681 0,-0.29282252 -0.95616681 0,
  -0.29282252 -0.95616681 0,-0.29282252 -0.95616681 0,
  -0.23825842 -0.97120179 0,-0.23825842 -0.97120179 0,
  -0.23825842 -0.97120179 0,-0.23825842 -0.97120179 0,
  -0.23825842 -0.97120179 0,-0.23825842 -0.97120179 0,
  -0.18293203 -0.98312556 0,-0.18293203 -0.98312556 0,
  -0.18293203 -0.98312556 0,-0.18293203 -0.98312556 0,
  -0.18293203 -0.98312556 0,-0.18293203 -0.98312556 0,
  -0.12701712 -0.99190053 0,-0.12701712 -0.99190053 0,
  -0.12701712 -0.99190053 0,-0.12701712 -0.99190053 0,
  -0.12701712 -0.99190053 0,-0.12701712 -0.99190053 0,
  -0.070698187 -0.99749775 0,-0.070698187 -0.99749775 0,
  -0.070698187 -0.99749775 0,-0.070698187 -0.99749775 0,
  -0.070698187 -0.99749775 0,-0.070698187 -0.99749775 0,
  -0.014150393 -0.99989988 0,-0.014150393 -0.99989988 0,
  -0.014150393 -0.99989988 0,-0.014150393 -0.99989988 0,
  -0.014150393 -0.99989988 0,-0.014150393 -0.99989988 0,
  0.042441243 -0.99909896 0,0.042441243 -0.99909896 0,
  0.042441243 -0.99909896 0,0.042441243 -0.99909896 0,
  0.042441243 -0.99909896 0,0.042441243 -0.99909896 0,
  0.098897283 -0.99509765 0,0.098897283 -0.99509765 0,
  0.098897283 -0.99509765 0,0.098897283 -0.99509765 0,
  0.098897283 -0.99509765 0,0.098897283 -0.99509765 0,
  0.15503673 -0.98790871 0,0.15503673 -0.98790871 0,
  0.15503673 -0.98790871 0,0.15503673 -0.98790871 0,
  0.15503673 -0.98790871 0,0.15503673 -0.98790871 0,
  0.21067868 -0.97755537 0,0.21067868 -0.97755537 0,
  0.21067868 -0.97755537 0,0.21067868 -0.97755537 0,
  0.21067868 -0.97755537 0,0.21067868 -0.97755537 0,
  0.26564786 -0.96407013 0,0.26564786 -0.96407013 0,
  0.26564786 -0.96407013 0,0.26564786 -0.96407013 0,
  0.26564786 -0.96407013 0,0.26564786 -0.96407013 0,
  0.31976394 -0.94749724 0,0.31976394 -0.94749724 0,
  0.31976394 -0.94749724 0,0.31976394 -0.94749724 0,
  0.31976394 -0.94749724 0,0.31976394 -0.94749724 0,
  0.37285604 -0.9278892 0,0.37285604 -0.9278892 0,
  0.37285604 -0.9278892 0,0.37285604 -0.9278892 0,
  0.37285604 -0.9278892 0,0.37285604 -0.9278892 0,
  0.42475479 -0.90530844 0,0.42475479 -0.90530844 0,
  0.42475479 -0.90530844 0,0.42475479 -0.90530844 0,
  0.42475479 -0.90530844 0,0.42475479 -0.90530844 0,
  0.47529211 -0.87982806 0,0.47529211 -0.87982806 0,
  0.47529211 -0.87982806 0,0.47529211 -0.87982806 0,
  0.47529211 -0.87982806 0,0.47529211 -0.87982806 0,
  0.5243077 -0.85152888 0,0.5243077 -0.85152888 0,
  0.5243077 -0.85152888 0,0.5243077 -0.85152888 0,
  0.5243077 -0.85152888 0,0.5243077 -0.85152888 0,
  0.57164246 -0.82050284 0,0.57164246 -0.82050284 0,
  0.57164246 -0.82050284 0,0.57164246 -0.82050284 0,
  0.57164246 -0.82050284 0,0.57164246 -0.82050284 0,
  0.61714733 -0.78684762 0,0.61714733 -0.78684762 0,
  0.61714733 -0.78684762 0,0.61714733 -0.78684762 0,
  0.61714733 -0.78684762 0,0.61714733 -0.78684762 0,
  0.66067434 -0.75067264 0,0.66067434 -0.75067264 0,
  0.66067434 -0.75067264 0,0.66067434 -0.75067264 0,
  0.66067434 -0.75067264 0,0.66067434 -0.75067264 0,
  0.70208636 -0.71209181 0,0.70208636 -0.71209181 0,
  0.70208636 -0.71209181 0,0.70208636 -0.71209181 0,
  0.70208636 -0.71209181 0,0.70208636 -0.71209181 0,
  0.74124752 -0.67123179 0,0.74124752 -0.67123179 0,
  0.74124752 -0.67123179 0,0.74124752 -0.67123179 0,
  0.74124752 -0.67123179 0,0.74124752 -0.67123179 0,
  0.77803594 -0.62821977 0,0.77803594 -0.62821977 0,
  0.77803594 -0.62821977 0,0.77803594 -0.62821977 0,
  0.77803594 -0.62821977 0,0.77803594 -0.62821977 0,
  0.81233137 -0.58319614 0,0.81233137 -0.58319614 0,
  0.81233137 -0.58319614 0,0.81233137 -0.58319614 0,
  0.81233137 -0.58319614 0,0.81233137 -0.58319614 0,
  0.8440247 -0.53630431 0,0.8440247 -0.53630431 0,
  0.8440247 -0.53630431 0,0.8440247 -0.53630431 0,
  0.8440247 -0.53630431 0,0.8440247 -0.53630431 0,
  0.87301364 -0.4876958 0,0.87301364 -0.4876958 0,
  0.87301364 -0.4876958 0,0.87301364 -0.4876958 0,
  0.87301364 -0.4876958 0,0.87301364 -0.4876958 0,
  0.89920728 -0.43752289 0,0.89920728 -0.43752289 0,
  0.89920728 -0.43752289 0,0.89920728 -0.43752289 0,
  0.89920728 -0.43752289 0,0.89920728 -0.43752289 0,
  0.92251983 -0.38594968 0,0.92251983 -0.38594968 0,
  0.92251983 -0.38594968 0,0.92251983 -0.38594968 0,
  0.92251983 -0.38594968 0,0.92251983 -0.38594968 0,
  0.94287757 -0.33313944 0,0.94287757 -0.33313944 0,
  0.94287757 -0.33313944 0,0.94287757 -0.33313944 0,
  0.94287757 -0.33313944 0,0.94287757 -0.33313944 0,
  0.96021466 -0.27926297 0,0.96021466 -0.27926297 0,
  0.96021466 -0.27926297 0,0.96021466 -0.27926297 0,
  0.96021466 -0.27926297 0,0.96021466 -0.27926297 0,
  0.97447608 -0.22449134 0,0.97447608 -0.22449134 0,
  0.97447608 -0.22449134 0,0.97447608 -0.22449134 0,
  0.97447608 -0.22449134 0,0.97447608 -0.22449134 0,
  0.98561597 -0.16900049 0,0.98561597 -0.16900049 0,
  0.98561597 -0.16900049 0,0.98561597 -0.16900049 0,
  0.98561597 -0.16900049 0,0.98561597 -0.16900049 0,
  0.99359842 -0.11296981 0,0.99359842 -0.11296981 0,
  0.99359842 -0.11296981 0,0.99359842 -0.11296981 0,
  0.99359842 -0.11296981 0,0.99359842 -0.11296981 0,
  0.99839837 -0.056574763 0,0.99839837 -0.056574763 0,
  0.99839837 -0.056574763 0,0.99839837 -0.056574763 0,
  0.99839837 -0.056574763 0,0.99839837 -0.056574763 0,
  0.99997498 -0.0070743014 0,0.99997498 -0.0070743014 0,
  0.99997498 -0.0070743014 0,0.99997498 -0.0070743014 0,
  0.99997498 -0.0070743014 0,0.99997498 -0.0070743014 0] }
}
}
] }
DEF TXFM_18 Transform {
  center 0 0 0
  rotation 0 0 1 0
  scale 1 1 1
  scaleOrientation 0 0 1 0
  translation 0 0 0
 children [
DEF SHAPE_8 Shape {
 appearance DEF APP_7 Appearance {
  material Material {
   ambientIntensity 1
   diffuseColor 0.75 0.61000001 0.23
   emissiveColor 0 0 0
   shininess 0.89999998
   specularColor 0.89999998 0.84399998 0.69199997
   transparency 0
} }
 geometry DEF FACE_8 IndexedFaceSet {
  coord DEF COORD_8 Coordinate { point [
  -3.0314961 3.1692913 0.31496063,-3.0314961 3.1889764 0.31496063,
  -3.1889764 3.1889764 0.31496063,-3.1889764 3.0314961 0.31496063,
  -3.0314961 3.0314961 0.31496063,-3.0314961 3.0511811 0.31496063,
  3.0511811 3.0511811 0.31496063,3.0511811 -3.0511811 0.31496063,
  -3.0511811 -3.0511811 0.31496063,-3.0511811 2.8149606 0.31496063,
  2.8149606 2.8149606 0.31496063,2.8149606 -2.8149606 0.31496063,
  -2.8149606 -2.8149606 0.31496063,-2.8149606 2.5787402 0.31496063,
  2.5787402 2.5787402 0.31496063,2.5787402 -2.5787402 0.31496063,
  -2.5787402 -2.5787402 0.31496063,-2.5787402 2.3425197 0.31496063,
  2.3425197 2.3425197 0.31496063,2.3425197 -2.3425197 0.31496063,
  -2.3425197 -2.3425197 0.31496063,-2.3425197 2.0866142 0.31496063,
  -2.3228346 2.0866142 0.31496063,-2.3228346 2.2440945 0.31496063,
  -2.480315 2.2440945 0.31496063,-2.480315 2.0866142 0.31496063,
  -2.4606299 2.0866142 0.31496063,-2.4606299 -2.4606299 0.31496063,
  -2.3425197 -2.4606299 0.31496063,2.3425197 -2.4606299 0.31496063,
  2.4606299 -2.4606299 0.31496063,2.4606299 2.4606299 0.31496063,
  -2.5787402 2.4606299 0.31496063,-2.6968504 2.4606299 0.31496063,
  -2.6968504 -2.6968504 0.31496063,-2.5787402 -2.6968504 0.31496063,
  2.5787402 -2.6968504 0.31496063,2.6968504 -2.6968504 0.31496063,
  2.6968504 2.6968504 0.31496063,-2.8149606 2.6968504 0.31496063,
  -2.9330709 2.6968504 0.31496063,-2.9330709 -2.9330709 0.31496063,
  -2.8149606 -2.9330709 0.31496063,2.8149606 -2.9330709 0.31496063,
  2.9330709 -2.9330709 0.31496063,2.9330709 2.9330709 0.31496063,
  -3.0511811 2.9330709 0.31496063,-3.1692913 2.9330709 0.31496063,
  -3.1692913 -3.1692913 0.31496063,-3.0511811 -3.1692913 0.31496063,
  3.0511811 -3.1692913 0.31496063,3.1692913 -3.1692913 0.31496063,
  3.1692913 3.1692913 0.31496063,1.1220472 1.2125984 0.31496063,
  0.98031496 1.2125984 0.31496063,0.98031496 1.0708661 0.31496063,
  1.1220472 1.0708661 0.31496063,0.49934409 -0.49179764 0.31496063,
  0.27559055 -0.49179764 0.31496063,0.27559055 -0.71555118 0.31496063,
  0.49934409 -0.71555118 0.31496063,-0.45275591 1.3700787 0.31496063,
  -0.59448819 1.3700787 0.31496063,-0.59448819 1.2283465 0.31496063,
  -0.45275591 1.2283465 0.31496063,-0.98031496 1.2125984 0.31496063,
  -1.1220472 1.2125984 0.31496063,-1.1220472 1.0708661 0.31496063,
  -0.98031496 1.0708661 0.31496063,-0.078739764 -1.4074803 0.31496063,
  -0.17716496 -1.4074803 0.31496063,-0.17716496 -1.5059055 0.31496063,
  -0.078739764 -1.5059055 0.31496063,0.17716496 -1.4074803 0.31496063,
  0.078739764 -1.4074803 0.31496063,0.078739764 -1.5059055 0.31496063,
  0.17716496 -1.5059055 0.31496063,-1.3676181 -0.57061969 0.31496063,
  -1.5354331 -0.57061969 0.31496063,-1.5354331 -0.73843465 0.31496063,
  -1.3676181 -0.73843465 0.31496063,1.5354331 -0.38385827 0.31496063,
  1.2992126 -0.38385827 0.31496063,1.2992126 -0.62007874 0.31496063,
  1.5354331 -0.62007874 0.31496063,-1.3676181 -0.26550157 0.31496063,
  -1.5354331 -0.26550157 0.31496063,-1.5354331 -0.43331654 0.31496063,
  -1.3676181 -0.43331654 0.31496063,-0.27559055 -0.078740157 0.31496063,
  -0.51181102 -0.078740157 0.31496063,-0.51181102 -0.31496063 0.31496063,
  -0.27559055 -0.31496063 0.31496063,0.49934409 -0.084973622 0.31496063,
  0.27559055 -0.084973622 0.31496063,0.27559055 -0.30872717 0.31496063,
  0.49934409 -0.30872717 0.31496063,-1.3676181 0.039615748 0.31496063,
  -1.5354331 0.039615748 0.31496063,-1.5354331 -0.12819921 0.31496063,
  -1.3676181 -0.12819921 0.31496063,1.5354331 0.22637795 0.31496063,
  1.2992126 0.22637795 0.31496063,1.2992126 -0.0098425197 0.31496063,
  1.5354331 -0.0098425197 0.31496063,0.49934409 0.32185039 0.31496063,
  0.27559055 0.32185039 0.31496063,0.27559055 0.09809685 0.31496063,
  0.49934409 0.09809685 0.31496063,-1.3676181 0.34473425 0.31496063,
  -1.5354331 0.34473425 0.31496063,-1.5354331 0.17691929 0.31496063,
  -1.3676181 0.17691929 0.31496063,0.59448819 1.2125984 0.31496063,
  0.45275591 1.2125984 0.31496063,0.45275591 1.0708661 0.31496063,
  0.59448819 1.0708661 0.31496063,-0.98031496 1.5275591 0.31496063,
  -1.1220472 1.5275591 0.31496063,-1.1220472 1.3858268 0.31496063,
  -0.98031496 1.3858268 0.31496063,0.59448819 1.5275591 0.31496063,
  0.45275591 1.5275591 0.31496063,0.45275591 1.3858268 0.31496063,
  0.59448819 1.3858268 0.31496063,1.1220472 1.5275591 0.31496063,
  0.98031496 1.5275591 0.31496063,0.98031496 1.3858268 0.31496063,
  1.1220472 1.3858268 0.31496063] }
 coordIndex [
  21,22,23,-1,21,23,26,-1,21,26,28,-1,21,28,20,-1,24,25,26,-1,24,26,23,-1,31,18,30,-1,30,18,19,-1,
  30,19,29,-1,29,19,20,-1,29,20,28,-1,32,33,35,-1,32,35,16,-1,32,16,17,-1,32,17,18,-1,32,18,31,-1,
  38,14,37,-1,37,14,15,-1,37,15,36,-1,36,15,16,-1,36,16,35,-1,39,40,42,-1,39,42,12,-1,39,12,13,-1,
  39,13,14,-1,39,14,38,-1,45,10,44,-1,44,10,11,-1,44,11,43,-1,43,11,12,-1,43,12,42,-1,46,47,49,-1,
  46,49,8,-1,46,8,9,-1,46,9,10,-1,46,10,45,-1,51,52,6,-1,6,52,0,-1,6,0,5,-1,5,0,1,-1,
  5,1,4,-1,4,1,2,-1,4,2,3,-1,54,55,56,-1,54,56,53,-1,58,59,60,-1,58,60,57,-1,62,63,64,-1,
  62,64,61,-1,66,67,68,-1,66,68,65,-1,7,8,50,-1,7,50,51,-1,7,51,6,-1,70,71,72,-1,70,72,69,-1,
  74,75,76,-1,74,76,73,-1,78,79,80,-1,78,80,77,-1,82,83,84,-1,82,84,81,-1,86,87,88,-1,86,88,85,-1,
  90,91,92,-1,90,92,89,-1,94,95,96,-1,94,96,93,-1,98,99,100,-1,98,100,97,-1,102,103,104,-1,102,104,101,-1,
  106,107,108,-1,106,108,105,-1,110,111,112,-1,110,112,109,-1,114,115,116,-1,114,116,113,-1,118,119,120,-1,118,120,117,-1,
  122,123,124,-1,122,124,121,-1,126,127,128,-1,126,128,125,-1,50,8,49,-1,49,47,48,-1,42,40,41,-1,28,26,27,-1,
  35,33,34,-1]
  normalPerVertex TRUE
  normal DEF NORM_8 Normal { vector [
  0 0 1,0 0 1,
  0 0 1,0 0 1,
  0 0 1,0 0 1,
  0 0 1,0 0 1,
  0 0 1,0 0 1,
  0 0 1,0 0 1,
  0 0 1,0 0 1,
  0 0 1,0 0 1,
  0 0 1,0 0 1,
  0 0 1,0 0 1,
  0 0 1,0 0 1,
  0 0 1,0 0 1,
  0 0 1,0 0 1,
  0 0 1,0 0 1,
  0 0 1,0 0 1,
  0 0 1,0 0 1,
  0 0 1,0 0 1,
  0 0 1,0 0 1,
  0 0 1,0 0 1,
  0 0 1,0 0 1,
  0 0 1,0 0 1,
  0 0 1,0 0 1,
  0 0 1,0 0 1,
  0 0 1,0 0 1,
  0 0 1,0 0 1,
  0 0 1,0 0 1,
  0 0 1,0 0 1,
  0 0 1,0 0 1,
  0 0 1,0 0 1,
  0 0 1,0 0 1,
  0 0 1,0 0 1,
  0 0 1,0 0 1,
  0 0 1,0 0 1,
  0 0 1,0 0 1,
  0 0 1,0 0 1,
  0 0 1,0 0 1,
  0 0 1,0 0 1,
  0 0 1,0 0 1,
  0 0 1,0 0 1,
  0 0 1,0 0 1,
  0 0 1,0 0 1,
  0 0 1,0 0 1,
  0 0 1,0 0 1,
  0 0 1,0 0 1,
  0 0 1,0 0 1,
  0 0 1,0 0 1,
  0 0 1,0 0 1,
  0 0 1,0 0 1,
  0 0 1,0 0 1,
  0 0 1,0 0 1,
  0 0 1,0 0 1,
  0 0 1,0 0 1,
  0 0 1,0 0 1,
  0 0 1,0 0 1,
  0 0 1,0 0 1,
  0 0 1,0 0 1,
  0 0 1,0 0 1,
  0 0 1,0 0 1,
  0 0 1,0 0 1,
  0 0 1,0 0 1,
  0 0 1,0 0 1,
  0 0 1,0 0 1,
  0 0 1,0 0 1,
  0 0 1,0 0 1,
  0 0 1] }
}
}
] }
DEF TXFM_19 Transform {
  center 0 0 0
  rotation 0 0 1 0
  scale 1 1 1
  scaleOrientation 0 0 1 0
  translation 0 0 0
 children [
DEF SHAPE_9 Shape {
 appearance DEF APP_8 Appearance {
  material Material {
   ambientIntensity 1
   diffuseColor 0.5 0.5 0.5
   emissiveColor 0 0 0
   shininess 0.69999999
   specularColor 0.80000001 0.80000001 0.80000001
   transparency 0
} }
 geometry DEF FACE_9 IndexedFaceSet {
  coord DEF COORD_9 Coordinate { point [
  0.49934409 -0.49179764 0.31988189,0.27559055 -0.49179764 0.31988189,
  0.27559055 -0.71555118 0.31988189,0.49934409 -0.71555118 0.31988189,
  0.17716496 -1.4074803 0.31988189,0.078739764 -1.4074803 0.31988189,
  0.078739764 -1.5059055 0.31988189,0.17716496 -1.5059055 0.31988189,
  -0.078739764 -1.4074803 0.31988189,-0.17716496 -1.4074803 0.31988189,
  -0.17716496 -1.5059055 0.31988189,-0.078739764 -1.5059055 0.31988189,
  -0.45275591 1.3700787 0.31988189,-0.59448819 1.3700787 0.31988189,
  -0.59448819 1.2283465 0.31988189,-0.45275591 1.2283465 0.31988189,
  -0.98031496 1.2125984 0.31988189,-1.1220472 1.2125984 0.31988189,
  -1.1220472 1.0708661 0.31988189,-0.98031496 1.0708661 0.31988189,
  -1.3676181 -0.57061969 0.31988189,-1.5354331 -0.57061969 0.31988189,
  -1.5354331 -0.73843465 0.31988189,-1.3676181 -0.73843465 0.31988189,
  1.5354331 -0.38385827 0.31988189,1.2992126 -0.38385827 0.31988189,
  1.2992126 -0.62007874 0.31988189,1.5354331 -0.62007874 0.31988189,
  -1.3676181 -0.26550157 0.31988189,-1.5354331 -0.26550157 0.31988189,
  -1.5354331 -0.43331654 0.31988189,-1.3676181 -0.43331654 0.31988189,
  -0.27559055 -0.078740157 0.31988189,-0.51181102 -0.078740157 0.31988189,
  -0.51181102 -0.31496063 0.31988189,-0.27559055 -0.31496063 0.31988189,
  0.49934409 -0.084973622 0.31988189,0.27559055 -0.084973622 0.31988189,
  0.27559055 -0.30872717 0.31988189,0.49934409 -0.30872717 0.31988189,
  -1.3676181 0.039615748 0.31988189,-1.5354331 0.039615748 0.31988189,
  -1.5354331 -0.12819921 0.31988189,-1.3676181 -0.12819921 0.31988189,
  1.5354331 0.22637795 0.31988189,1.2992126 0.22637795 0.31988189,
  1.2992126 -0.0098425197 0.31988189,1.5354331 -0.0098425197 0.31988189,
  0.49934409 0.32185039 0.31988189,0.27559055 0.32185039 0.31988189,
  0.27559055 0.09809685 0.31988189,0.49934409 0.09809685 0.31988189,
  -1.3676181 0.34473425 0.31988189,-1.5354331 0.34473425 0.31988189,
  -1.5354331 0.17691929 0.31988189,-1.3676181 0.17691929 0.31988189,
  0.59448819 1.2125984 0.31988189,0.45275591 1.2125984 0.31988189,
  0.45275591 1.0708661 0.31988189,0.59448819 1.0708661 0.31988189,
  1.1220472 1.2125984 0.31988189,0.98031496 1.2125984 0.31988189,
  0.98031496 1.0708661 0.31988189,1.1220472 1.0708661 0.31988189,
  -0.98031496 1.5275591 0.31988189,-1.1220472 1.5275591 0.31988189,
  -1.1220472 1.3858268 0.31988189,-0.98031496 1.3858268 0.31988189,
  0.59448819 1.5275591 0.31988189,0.45275591 1.5275591 0.31988189,
  0.45275591 1.3858268 0.31988189,0.59448819 1.3858268 0.31988189,
  1.1220472 1.5275591 0.31988189,0.98031496 1.5275591 0.31988189,
  0.98031496 1.3858268 0.31988189,1.1220472 1.3858268 0.31988189,
  -2.3228346 2.2440945 0.31988189,-2.480315 2.2440945 0.31988189,
  -2.480315 2.0866142 0.31988189,-2.3228346 2.0866142 0.31988189,
  -3.0314961 3.1889764 0.31988189,-3.1889764 3.1889764 0.31988189,
  -3.1889764 3.0314961 0.31988189,-3.0314961 3.0314961 0.31988189] }
 coordIndex [
  1,2,3,-1,1,3,0,-1,5,6,7,-1,5,7,4,-1,9,10,11,-1,9,11,8,-1,13,14,15,-1,13,15,12,-1,
  17,18,19,-1,17,19,16,-1,21,22,23,-1,21,23,20,-1,25,26,27,-1,25,27,24,-1,29,30,31,-1,29,31,28,-1,
  33,34,35,-1,33,35,32,-1,37,38,39,-1,37,39,36,-1,41,42,43,-1,41,43,40,-1,45,46,47,-1,45,47,44,-1,
  49,50,51,-1,49,51,48,-1,53,54,55,-1,53,55,52,-1,57,58,59,-1,57,59,56,-1,61,62,63,-1,61,63,60,-1,
  65,66,67,-1,65,67,64,-1,69,70,71,-1,69,71,68,-1,73,74,75,-1,73,75,72,-1,77,78,79,-1,77,79,76,-1,
  81,82,83,-1,81,83,80,-1]
  normalPerVertex TRUE
  normal DEF NORM_9 Normal { vector [
  0 0 1,0 0 1,
  0 0 1,0 0 1,
  0 0 1,0 0 1,
  0 0 1,0 0 1,
  0 0 1,0 0 1,
  0 0 1,0 0 1,
  0 0 1,0 0 1,
  0 0 1,0 0 1,
  0 0 1,0 0 1,
  0 0 1,0 0 1,
  0 0 1,0 0 1,
  0 0 1,0 0 1,
  0 0 1,0 0 1,
  0 0 1,0 0 1,
  0 0 1,0 0 1,
  0 0 1,0 0 1,
  0 0 1,0 0 1,
  0 0 1,0 0 1,
  0 0 1,0 0 1,
  0 0 1,0 0 1,
  0 0 1,0 0 1,
  0 0 1,0 0 1,
  0 0 1,0 0 1,
  0 0 1,0 0 1,
  0 0 1,0 0 1,
  0 0 1,0 0 1,
  0 0 1,0 0 1,
  0 0 1,0 0 1,
  0 0 1,0 0 1,
  0 0 1,0 0 1,
  0 0 1,0 0 1,
  0 0 1,0 0 1,
  0 0 1,0 0 1,
  0 0 1,0 0 1,
  0 0 1,0 0 1,
  0 0 1,0 0 1,
  0 0 1,0 0 1,
  0 0 1,0 0 1,
  0 0 1,0 0 1,
  0 0 1,0 0 1,
  0 0 1,0 0 1,
  0 0 1,0 0 1] }
}
}
] }
DEF TXFM_20 Transform {
  center 0 0 0
  rotation 0 0 1 0
  scale 1 1 1
  scaleOrientation 0 0 1 0
  translation 0 0 0
 children [
DEF SHAPE_10 Shape {
 appearance DEF APP_9 Appearance {
  material Material {
   ambientIntensity 1
   diffuseColor 0.078431375 0.2 0.14117648
   emissiveColor 0 0 0
   shininess 0.30000001
   specularColor 0.35490197 0.44 0.39882353
   transparency 0.17
} }
 geometry DEF FACE_10 IndexedFaceSet {
  coord DEF COORD_10 Coordinate { point [
  -1.3075803 4.7453909 0.31988189,-1.5739567 4.6638142 0.31988189,
  -1.8352913 4.5672976 0.31988189,-2.0907469 4.4561508 0.31988189,
  -2.3395051 4.3307295 0.31988189,-2.5807693 4.1914354 0.31988189,
  -2.8137665 4.0387154 0.31988189,-3.0377504 3.8730575 0.31988189,
  -3.2520031 3.6949933 0.31988189,-3.455839 3.5050933 0.31988189,
  -3.6486051 3.303965 0.31988189,-3.8296831 3.0922531 0.31988189,
  -3.875963 3.0314961 0.31988189,-3.9984937 2.8706358 0.31988189,
  -4.1544957 2.6398232 0.31988189,-4.2971898 2.4005543 0.31988189,
  -4.4261189 2.1535957 0.31988189,-4.4563965 2.0866142 0.31988189,
  -4.5408697 1.8997386 0.31988189,-4.6410744 1.6397961 0.31988189,
  -4.7228 1.3858268 0.31988189,-4.7264126 1.3746004 0.31988189,
  -4.7644941 1.2283465 0.31988189,-4.7966106 1.105002 0.31988189,
  -4.8034634 1.0708661 0.31988189,-4.8514437 0.83186339 0.31988189,
  -4.8907362 0.55606063 0.31988189,-4.9143618 0.27847638 0.31988189,
  -4.917237 0.17691929 0.31988189,-4.9194685 0.09809685 0.31988189,
  -4.9222457 0 0.31988189,-4.9186161 -0.12819921 0.31988189,
  -4.9143618 -0.27847638 0.31988189,-4.9011831 -0.43331654 0.31988189,
  -4.8907362 -0.55606063 0.31988189,-4.8647539 -0.73843465 0.31988189,
  -4.8514437 -0.83186339 0.31988189,-4.7966106 -1.105002 0.31988189,
  -4.7264126 -1.3746004 0.31988189,-4.6841594 -1.5059055 0.31988189,
  -4.6410744 -1.6397961 0.31988189,-4.5408697 -1.8997386 0.31988189,
  -4.4261189 -2.1535957 0.31988189,-4.2971898 -2.4005543 0.31988189,
  -4.1544957 -2.6398232 0.31988189,-3.9984937 -2.8706358 0.31988189,
  -3.8296831 -3.0922531 0.31988189,-3.6486051 -3.303965 0.31988189,
  -3.455839 -3.5050933 0.31988189,-3.2520031 -3.6949933 0.31988189,
  -3.0377504 -3.8730575 0.31988189,-2.8137665 -4.0387154 0.31988189,
  -2.5807693 -4.1914354 0.31988189,-2.3395051 -4.3307295 0.31988189,
  -2.0907469 -4.4561508 0.31988189,-1.8352913 -4.5672976 0.31988189,
  -1.5739567 -4.6638142 0.31988189,-1.3075803 -4.7453909 0.31988189,
  -1.037015 -4.8117669 0.31988189,-0.76312835 -4.8627295 0.31988189,
  -0.48679685 -4.898115 0.31988189,-0.20890591 -4.9178106 0.31988189,
  0.069653937 -4.9217528 0.31988189,0.34799094 -4.9099291 0.31988189,
  0.62521299 -4.8823776 0.31988189,0.90043228 -4.8391862 0.31988189,
  1.1727673 -4.7804937 0.31988189,1.4413457 -4.7064874 0.31988189,
  1.7053067 -4.6174051 0.31988189,1.9638055 -4.5135319 0.31988189,
  2.2160134 -4.3952004 0.31988189,2.4611228 -4.2627898 0.31988189,
  2.6983484 -4.116724 0.31988189,2.9269307 -3.9574713 0.31988189,
  3.1461366 -3.7855417 0.31988189,3.355265 -3.6014858 0.31988189,
  3.5536453 -3.4058929 0.31988189,3.7406421 -3.1993906 0.31988189,
  3.9156567 -2.982639 0.31988189,4.078128 -2.7563335 0.31988189,
  4.2275358 -2.5211984 0.31988189,4.363402 -2.2779874 0.31988189,
  4.4852906 -2.0274791 0.31988189,4.5928114 -1.7704764 0.31988189,
  4.6856201 -1.507802 0.31988189,4.7634193 -1.240298 0.31988189,
  4.8259598 -0.96882087 0.31988189,4.8730413 -0.69424016 0.31988189,
  4.9045134 -0.41743543 0.31988189,4.9202744 -0.13929409 0.31988189,
  4.9212598 0 0.31988189,4.9202744 0.13929409 0.31988189,
  4.9045134 0.41743543 0.31988189,4.8730413 0.69424016 0.31988189,
  4.8259598 0.96882087 0.31988189,4.7634193 1.240298 0.31988189,
  4.6856201 1.507802 0.31988189,4.5928114 1.7704764 0.31988189,
  4.4852906 2.0274791 0.31988189,4.363402 2.2779874 0.31988189,
  4.2275358 2.5211984 0.31988189,4.078128 2.7563335 0.31988189,
  3.9156567 2.982639 0.31988189,3.7406421 3.1993906 0.31988189,
  3.5536453 3.4058929 0.31988189,3.355265 3.6014858 0.31988189,
  3.1461366 3.7855417 0.31988189,2.9269307 3.9574713 0.31988189,
  2.6983484 4.116724 0.31988189,2.4611228 4.2627898 0.31988189,
  2.2160134 4.3952004 0.31988189,1.9638055 4.5135319 0.31988189,
  1.7053067 4.6174051 0.31988189,1.4413457 4.7064874 0.31988189,
  1.1727673 4.7804937 0.31988189,0.90043228 4.8391862 0.31988189,
  0.62521299 4.8823776 0.31988189,0.34799094 4.9099291 0.31988189,
  0.069653937 4.9217528 0.31988189,-0.20890591 4.9178106 0.31988189,
  -0.48679685 4.898115 0.31988189,-0.76312835 4.8627295 0.31988189,
  -1.037015 4.8117669 0.31988189,-1.1220472 1.3858268 0.31988189,
  -1.1220472 1.5275591 0.31988189,-0.98031496 1.5275591 0.31988189,
  -0.98031496 1.3858268 0.31988189,-1.1220472 1.2125984 0.31988189,
  -0.98031496 1.2125984 0.31988189,-0.98031496 1.0708661 0.31988189,
  -1.1220472 1.0708661 0.31988189,-0.27559055 -0.078740157 0.31988189,
  -0.27559055 -0.30872717 0.31988189,-0.27559055 -0.31496063 0.31988189,
  -0.51181102 -0.31496063 0.31988189,-0.51181102 -0.078740157 0.31988189,
  -0.45275591 1.3700787 0.31988189,-0.45275591 1.2283465 0.31988189,
  -0.59448819 1.2283465 0.31988189,-0.59448819 1.3700787 0.31988189,
  1.1220472 1.5275591 0.31988189,1.1220472 1.3858268 0.31988189,
  0.98031496 1.3858268 0.31988189,0.98031496 1.5275591 0.31988189,
  0.59448819 1.5275591 0.31988189,0.59448819 1.3858268 0.31988189,
  0.45275591 1.3858268 0.31988189,0.45275591 1.5275591 0.31988189,
  0.45275591 1.2125984 0.31988189,0.59448819 1.2125984 0.31988189,
  0.59448819 1.0708661 0.31988189,0.45275591 1.0708661 0.31988189,
  1.5354331 0.22637795 0.31988189,1.5354331 -0.0098425197 0.31988189,
  1.2992126 -0.0098425197 0.31988189,1.2992126 0.22637795 0.31988189,
  0.98031496 1.2125984 0.31988189,1.1220472 1.2125984 0.31988189,
  1.1220472 1.0708661 0.31988189,0.98031496 1.0708661 0.31988189,
  1.2992126 -0.38385827 0.31988189,1.5354331 -0.38385827 0.31988189,
  1.5354331 -0.62007874 0.31988189,1.2992126 -0.62007874 0.31988189,
  0.49934409 0.32185039 0.31988189,0.49934409 0.09809685 0.31988189,
  0.27559055 0.09809685 0.31988189,0.27559055 0.32185039 0.31988189,
  0.27559055 -0.084973622 0.31988189,0.49934409 -0.084973622 0.31988189,
  0.49934409 -0.30872717 0.31988189,0.27559055 -0.30872717 0.31988189,
  -0.078739764 -1.4074803 0.31988189,-0.078739764 -1.5059055 0.31988189,
  -0.17716496 -1.5059055 0.31988189,-0.17716496 -1.4074803 0.31988189,
  0.27559055 -0.71555118 0.31988189,0.27559055 -0.49179764 0.31988189,
  0.49934409 -0.49179764 0.31988189,0.49934409 -0.62007874 0.31988189,
  0.49934409 -0.71555118 0.31988189,0.17716496 -1.4074803 0.31988189,
  0.17716496 -1.5059055 0.31988189,0.078739764 -1.5059055 0.31988189,
  0.078739764 -1.4074803 0.31988189,-3.0314961 3.1889764 0.31988189,
  -3.0314961 3.0314961 0.31988189,-3.1889764 3.0314961 0.31988189,
  -3.1889764 3.1889764 0.31988189,-2.3228346 2.2440945 0.31988189,
  -2.3228346 2.0866142 0.31988189,-2.480315 2.0866142 0.31988189,
  -2.480315 2.2440945 0.31988189,-1.5354331 0.17691929 0.31988189,
  -1.5354331 0.34473425 0.31988189,-1.3676181 0.34473425 0.31988189,
  -1.3676181 0.17691929 0.31988189,-1.5354331 -0.12819921 0.31988189,
  -1.5354331 0.039615748 0.31988189,-1.3676181 0.039615748 0.31988189,
  -1.3676181 -0.0098425197 0.31988189,-1.3676181 -0.12819921 0.31988189,
  -1.5354331 -0.26550157 0.31988189,-1.3676181 -0.26550157 0.31988189,
  -1.3676181 -0.31496063 0.31988189,-1.3676181 -0.43331654 0.31988189,
  -1.5354331 -0.43331654 0.31988189,-1.5354331 -0.57061969 0.31988189,
  -1.3676181 -0.57061969 0.31988189,-1.3676181 -0.71555118 0.31988189,
  -1.3676181 -0.73843465 0.31988189,-1.5354331 -0.73843465 0.31988189] }
 coordIndex [
  57,58,0,-1,0,58,130,-1,0,130,124,-1,124,130,127,-1,124,127,123,-1,123,127,128,-1,123,128,126,-1,126,128,59,-1,
  126,59,125,-1,125,59,121,-1,125,121,122,-1,129,130,58,-1,129,58,59,-1,129,59,128,-1,57,0,195,-1,57,195,196,-1,
  57,196,199,-1,57,199,200,-1,57,200,201,-1,57,201,203,-1,57,203,204,-1,57,204,205,-1,57,205,208,-1,57,208,209,-1,
  57,209,210,-1,57,210,211,-1,57,211,56,-1,194,195,0,-1,194,0,1,-1,194,1,211,-1,194,211,207,-1,194,207,206,-1,
  194,206,202,-1,194,202,197,-1,194,197,198,-1,194,198,193,-1,133,134,60,-1,60,134,138,-1,60,138,121,-1,121,138,139,-1,
  121,139,120,-1,120,139,136,-1,120,136,119,-1,119,136,131,-1,119,131,61,-1,61,131,132,-1,61,132,133,-1,122,0,124,-1,
  122,124,125,-1,137,138,135,-1,137,135,131,-1,137,131,136,-1,182,63,181,-1,181,63,176,-1,181,176,167,-1,167,176,177,-1,
  167,177,171,-1,171,177,178,-1,171,178,170,-1,170,178,64,-1,170,64,169,-1,169,64,165,-1,169,165,166,-1,168,169,166,-1,
  168,166,167,-1,168,167,171,-1,184,181,117,-1,117,181,167,-1,117,167,151,-1,151,167,164,-1,151,164,150,-1,150,164,64,-1,
  150,64,149,-1,149,64,145,-1,149,145,146,-1,118,119,175,-1,118,175,172,-1,118,172,62,-1,118,62,183,-1,118,183,184,-1,
  118,184,117,-1,117,151,147,-1,147,151,148,-1,147,148,146,-1,146,148,149,-1,115,143,114,-1,114,143,140,-1,114,140,66,-1,
  66,140,141,-1,66,141,157,-1,157,141,142,-1,157,142,156,-1,156,142,143,-1,156,143,159,-1,159,143,115,-1,159,115,65,-1,
  65,115,116,-1,65,116,64,-1,64,116,144,-1,64,144,145,-1,176,63,180,-1,180,63,64,-1,180,64,179,-1,179,64,178,-1,
  183,62,63,-1,183,63,182,-1,174,175,119,-1,174,119,61,-1,174,61,62,-1,174,62,173,-1,66,157,158,-1,66,158,159,-1,
  66,159,65,-1,116,117,147,-1,116,147,144,-1,114,163,155,-1,155,163,160,-1,155,160,154,-1,154,160,161,-1,154,161,153,-1,
  153,161,68,-1,153,68,152,-1,152,68,112,-1,152,112,113,-1,90,91,89,-1,89,91,92,-1,89,92,88,-1,88,92,93,-1,
  88,93,87,-1,87,93,94,-1,87,94,86,-1,86,94,95,-1,86,95,85,-1,85,95,96,-1,85,96,84,-1,84,96,97,-1,
  84,97,83,-1,83,97,98,-1,83,98,82,-1,82,98,99,-1,82,99,81,-1,81,99,100,-1,81,100,80,-1,80,100,101,-1,
  80,101,79,-1,79,101,102,-1,79,102,78,-1,78,102,103,-1,78,103,77,-1,77,103,104,-1,77,104,76,-1,76,104,105,-1,
  76,105,75,-1,75,105,106,-1,75,106,74,-1,74,106,107,-1,74,107,73,-1,73,107,108,-1,73,108,72,-1,72,108,109,-1,
  72,109,71,-1,71,109,110,-1,71,110,70,-1,70,110,111,-1,70,111,69,-1,69,111,112,-1,69,112,68,-1,113,114,155,-1,
  113,155,152,-1,114,66,163,-1,163,66,67,-1,163,67,162,-1,162,67,68,-1,162,68,161,-1,185,7,188,-1,188,7,8,-1,
  188,8,187,-1,187,8,50,-1,187,50,186,-1,186,50,51,-1,186,51,185,-1,185,51,6,-1,185,6,7,-1,50,8,49,-1,
  49,8,9,-1,49,9,48,-1,48,9,10,-1,48,10,47,-1,47,10,11,-1,47,11,46,-1,46,11,12,-1,46,12,13,-1,
  46,13,45,-1,45,13,14,-1,45,14,44,-1,44,14,15,-1,44,15,43,-1,43,15,16,-1,43,16,42,-1,42,16,17,-1,
  42,17,18,-1,39,40,19,-1,19,40,41,-1,19,41,18,-1,18,41,42,-1,19,20,39,-1,39,20,21,-1,39,21,38,-1,
  38,21,22,-1,38,22,23,-1,37,38,23,-1,37,23,24,-1,37,24,25,-1,37,25,36,-1,33,34,26,-1,26,34,35,-1,
  26,35,25,-1,25,35,36,-1,29,31,28,-1,28,31,32,-1,28,32,27,-1,27,32,33,-1,27,33,26,-1,189,4,192,-1,
  192,4,5,-1,192,5,191,-1,191,5,53,-1,191,53,190,-1,190,53,54,-1,190,54,189,-1,189,54,3,-1,189,3,4,-1,
  52,53,5,-1,52,5,6,-1,52,6,51,-1,206,207,208,-1,206,208,205,-1,197,202,203,-1,197,203,201,-1,193,198,199,-1,
  193,199,196,-1,211,1,56,-1,56,1,2,-1,56,2,55,-1,55,2,3,-1,55,3,54,-1,31,29,30,-1,173,62,172,-1,
  165,64,164,-1,135,138,134,-1,121,59,60,-1,133,60,61,-1]
  normalPerVertex TRUE
  normal DEF NORM_10 Normal { vector [
  0 0 1,0 0 1,
  0 0 1,0 0 1,
  0 0 1,0 0 1,
  0 0 1,0 0 1,
  0 0 1,0 0 1,
  0 0 1,0 0 1,
  0 0 1,0 0 1,
  0 0 1,0 0 1,
  0 0 1,0 0 1,
  0 0 1,0 0 1,
  0 0 1,0 0 1,
  0 0 1,0 0 1,
  0 0 1,0 0 1,
  0 0 1,0 0 1,
  0 0 1,0 0 1,
  0 0 1,0 0 1,
  0 0 1,0 0 1,
  0 0 1,0 0 1,
  0 0 1,0 0 1,
  0 0 1,0 0 1,
  0 0 1,0 0 1,
  0 0 1,0 0 1,
  0 0 1,0 0 1,
  0 0 1,0 0 1,
  0 0 1,0 0 1,
  0 0 1,0 0 1,
  0 0 1,0 0 1,
  0 0 1,0 0 1,
  0 0 1,0 0 1,
  0 0 1,0 0 1,
  0 0 1,0 0 1,
  0 0 1,0 0 1,
  0 0 1,0 0 1,
  0 0 1,0 0 1,
  0 0 1,0 0 1,
  0 0 1,0 0 1,
  0 0 1,0 0 1,
  0 0 1,0 0 1,
  0 0 1,0 0 1,
  0 0 1,0 0 1,
  0 0 1,0 0 1,
  0 0 1,0 0 1,
  0 0 1,0 0 1,
  0 0 1,0 0 1,
  0 0 1,0 0 1,
  0 0 1,0 0 1,
  0 0 1,0 0 1,
  0 0 1,0 0 1,
  0 0 1,0 0 1,
  0 0 1,0 0 1,
  0 0 1,0 0 1,
  0 0 1,0 0 1,
  0 0 1,0 0 1,
  0 0 1,0 0 1,
  0 0 1,0 0 1,
  0 0 1,0 0 1,
  0 0 1,0 0 1,
  0 0 1,0 0 1,
  0 0 1,0 0 1,
  0 0 1,0 0 1,
  0 0 1,0 0 1,
  0 0 1,0 0 1,
  0 0 1,0 0 1,
  0 0 1,0 0 1,
  0 0 1,0 0 1,
  0 0 1,0 0 1,
  0 0 1,0 0 1,
  0 0 1,0 0 1,
  0 0 1,0 0 1,
  0 0 1,0 0 1,
  0 0 1,0 0 1,
  0 0 1,0 0 1,
  0 0 1,0 0 1,
  0 0 1,0 0 1,
  0 0 1,0 0 1,
  0 0 1,0 0 1,
  0 0 1,0 0 1,
  0 0 1,0 0 1,
  0 0 1,0 0 1,
  0 0 1,0 0 1,
  0 0 1,0 0 1,
  0 0 1,0 0 1,
  0 0 1,0 0 1,
  0 0 1,0 0 1,
  0 0 1,0 0 1,
  0 0 1,0 0 1,
  0 0 1,0 0 1,
  0 0 1,0 0 1,
  0 0 1,0 0 1,
  0 0 1,0 0 1,
  0 0 1,0 0 1,
  0 0 1,0 0 1,
  0 0 1,0 0 1,
  0 0 1,0 0 1,
  0 0 1,0 0 1,
  0 0 1,0 0 1,
  0 0 1,0 0 1,
  0 0 1,0 0 1,
  0 0 1,0 0 1,
  0 0 1,0 0 1,
  0 0 1,0 0 1,
  0 0 1,0 0 1,
  0 0 1,0 0 1,
  0 0 1,0 0 1,
  0 0 1,0 0 1,
  0 0 1,0 0 1] }
}
}
] }
DEF TXFM_21 Transform {
  center 0 0 0
  rotation 0 0 1 0
  scale 1 1 1
  scaleOrientation 0 0 1 0
  translation 0 0 0
 children [
DEF SHAPE_11 Shape {
 appearance USE APP_7
 geometry DEF FACE_11 IndexedFaceSet {
  coord DEF COORD_11 Coordinate { point [
  -1.3385827 0.62992126 -0.31496063,-2.2047244 0.62992126 -0.31496063,
  -2.2047244 -0.62992126 -0.31496063,-1.3385827 -0.62992126 -0.31496063,
  -0.15748031 0.62992126 -0.31496063,-1.023622 0.62992126 -0.31496063,
  -1.023622 -0.62992126 -0.31496063,-0.15748031 -0.62992126 -0.31496063,
  1.023622 0.62992126 -0.31496063,0.15748031 0.62992126 -0.31496063,
  0.15748031 -0.62992126 -0.31496063,1.023622 -0.62992126 -0.31496063,
  2.2047244 0.62992126 -0.31496063,1.3385827 0.62992126 -0.31496063,
  1.3385827 -0.62992126 -0.31496063,2.2047244 -0.62992126 -0.31496063] }
 coordIndex [
  2,1,3,-1,3,1,0,-1,6,5,7,-1,7,5,4,-1,10,9,11,-1,11,9,8,-1,14,13,15,-1,15,13,12,-1]
  normalPerVertex TRUE
  normal DEF NORM_11 Normal { vector [
  0 0 -1,0 0 -1,
  0 0 -1,0 0 -1,
  0 0 -1,0 0 -1,
  0 0 -1,0 0 -1,
  0 0 -1,0 0 -1,
  0 0 -1,0 0 -1,
  0 0 -1,0 0 -1,
  0 0 -1,0 0 -1] }
}
}
] }
DEF TXFM_22 Transform {
  center 0 0 0
  rotation 0 0 1 0
  scale 1 1 1
  scaleOrientation 0 0 1 0
  translation 0 0 0
 children [
DEF SHAPE_12 Shape {
 appearance USE APP_8
 geometry DEF FACE_12 IndexedFaceSet {
  coord DEF COORD_12 Coordinate { point [
  -1.3385827 0.62992126 -0.31988189,-2.2047244 0.62992126 -0.31988189,
  -2.2047244 -0.62992126 -0.31988189,-1.3385827 -0.62992126 -0.31988189,
  -0.15748031 0.62992126 -0.31988189,-1.023622 0.62992126 -0.31988189,
  -1.023622 -0.62992126 -0.31988189,-0.15748031 -0.62992126 -0.31988189,
  1.023622 0.62992126 -0.31988189,0.15748031 0.62992126 -0.31988189,
  0.15748031 -0.62992126 -0.31988189,1.023622 -0.62992126 -0.31988189,
  2.2047244 0.62992126 -0.31988189,1.3385827 0.62992126 -0.31988189,
  1.3385827 -0.62992126 -0.31988189,2.2047244 -0.62992126 -0.31988189] }
 coordIndex [
  2,1,3,-1,3,1,0,-1,6,5,7,-1,7,5,4,-1,10,9,11,-1,11,9,8,-1,14,13,15,-1,15,13,12,-1]
  normalPerVertex TRUE
  normal DEF NORM_12 Normal { vector [
  0 0 -1,0 0 -1,
  0 0 -1,0 0 -1,
  0 0 -1,0 0 -1,
  0 0 -1,0 0 -1,
  0 0 -1,0 0 -1,
  0 0 -1,0 0 -1,
  0 0 -1,0 0 -1,
  0 0 -1,0 0 -1] }
}
}
] }
DEF TXFM_23 Transform {
  center 0 0 0
  rotation 0 0 1 0
  scale 1 1 1
  scaleOrientation 0 0 1 0
  translation 0 0 0
 children [
DEF SHAPE_13 Shape {
 appearance DEF APP_10 Appearance {
  material Material {
   ambientIntensity 1
   diffuseColor 0.078431375 0.2 0.14117648
   emissiveColor 0 0 0
   shininess 0.30000001
   specularColor 0.35490197 0.44 0.39882353
   transparency 0.17
} }
 geometry DEF FACE_13 IndexedFaceSet {
  coord DEF COORD_13 Coordinate { point [
  -1.3385827 0.62992126 -0.31988189,-1.3385827 -0.62992126 -0.31988189,
  -2.2047244 -0.62992126 -0.31988189,-2.2047244 0.62992126 -0.31988189,
  -0.15748031 0.62992126 -0.31988189,-0.15748031 -0.62992126 -0.31988189,
  -1.023622 -0.62992126 -0.31988189,-1.023622 0.62992126 -0.31988189,
  2.2160134 -4.3952004 -0.31988189,2.4611228 -4.2627898 -0.31988189,
  2.6983484 -4.116724 -0.31988189,2.9269307 -3.9574713 -0.31988189,
  3.1461366 -3.7855417 -0.31988189,3.355265 -3.6014858 -0.31988189,
  3.5536453 -3.4058929 -0.31988189,3.7406421 -3.1993906 -0.31988189,
  3.9156567 -2.982639 -0.31988189,4.078128 -2.7563335 -0.31988189,
  4.2275358 -2.5211984 -0.31988189,4.363402 -2.2779874 -0.31988189,
  4.4852906 -2.0274791 -0.31988189,4.5928114 -1.7704764 -0.31988189,
  4.6856201 -1.507802 -0.31988189,4.7634193 -1.240298 -0.31988189,
  4.8259598 -0.96882087 -0.31988189,4.8730413 -0.69424016 -0.31988189,
  4.9045134 -0.41743543 -0.31988189,4.9202744 -0.13929409 -0.31988189,
  4.9212598 0 -0.31988189,4.9202744 0.13929409 -0.31988189,
  4.9045134 0.41743543 -0.31988189,4.8730413 0.69424016 -0.31988189,
  4.8259598 0.96882087 -0.31988189,4.7634193 1.240298 -0.31988189,
  4.6856201 1.507802 -0.31988189,4.5928114 1.7704764 -0.31988189,
  4.4852906 2.0274791 -0.31988189,4.363402 2.2779874 -0.31988189,
  4.2275358 2.5211984 -0.31988189,4.078128 2.7563335 -0.31988189,
  3.9156567 2.982639 -0.31988189,3.7406421 3.1993906 -0.31988189,
  3.5536453 3.4058929 -0.31988189,3.355265 3.6014858 -0.31988189,
  3.1461366 3.7855417 -0.31988189,2.9269307 3.9574713 -0.31988189,
  2.6983484 4.116724 -0.31988189,2.4611228 4.2627898 -0.31988189,
  2.2160134 4.3952004 -0.31988189,1.9638055 4.5135319 -0.31988189,
  1.7053067 4.6174051 -0.31988189,1.4413457 4.7064874 -0.31988189,
  1.1727673 4.7804937 -0.31988189,0.90043228 4.8391862 -0.31988189,
  0.62521299 4.8823776 -0.31988189,0.34799094 4.9099291 -0.31988189,
  0.069653937 4.9217528 -0.31988189,-0.20890591 4.9178106 -0.31988189,
  -0.48679685 4.898115 -0.31988189,-0.76312835 4.8627295 -0.31988189,
  -1.037015 4.8117669 -0.31988189,-1.3075803 4.7453909 -0.31988189,
  -1.5739567 4.6638142 -0.31988189,-1.8352913 4.5672976 -0.31988189,
  -2.0907469 4.4561508 -0.31988189,-2.3395051 4.3307295 -0.31988189,
  -2.5807693 4.1914354 -0.31988189,-2.8137665 4.0387154 -0.31988189,
  -3.0377504 3.8730575 -0.31988189,-3.2520031 3.6949933 -0.31988189,
  -3.455839 3.5050933 -0.31988189,-3.6486051 3.303965 -0.31988189,
  -3.8296831 3.0922531 -0.31988189,-3.9984937 2.8706358 -0.31988189,
  -4.1544957 2.6398232 -0.31988189,-4.2971898 2.4005543 -0.31988189,
  -4.4261189 2.1535957 -0.31988189,-4.5408697 1.8997386 -0.31988189,
  -4.6410744 1.6397961 -0.31988189,-4.7264126 1.3746004 -0.31988189,
  -4.7966106 1.105002 -0.31988189,-4.8514437 0.83186339 -0.31988189,
  -4.8907362 0.55606063 -0.31988189,-4.9143618 0.27847638 -0.31988189,
  -4.9222457 0 -0.31988189,-4.9143618 -0.27847638 -0.31988189,
  -4.8907362 -0.55606063 -0.31988189,-4.8802138 -0.62992126 -0.31988189,
  -4.8514437 -0.83186339 -0.31988189,-4.7966106 -1.105002 -0.31988189,
  -4.7264126 -1.3746004 -0.31988189,-4.6410744 -1.6397961 -0.31988189,
  -4.5408697 -1.8997386 -0.31988189,-4.4261189 -2.1535957 -0.31988189,
  -4.2971898 -2.4005543 -0.31988189,-4.1544957 -2.6398232 -0.31988189,
  -3.9984937 -2.8706358 -0.31988189,-3.8296831 -3.0922531 -0.31988189,
  -3.6486051 -3.303965 -0.31988189,-3.455839 -3.5050933 -0.31988189,
  -3.2520031 -3.6949933 -0.31988189,-3.0377504 -3.8730575 -0.31988189,
  -2.8137665 -4.0387154 -0.31988189,-2.5807693 -4.1914354 -0.31988189,
  -2.3395051 -4.3307295 -0.31988189,-2.0907469 -4.4561508 -0.31988189,
  -1.8352913 -4.5672976 -0.31988189,-1.5739567 -4.6638142 -0.31988189,
  -1.3075803 -4.7453909 -0.31988189,-1.037015 -4.8117669 -0.31988189,
  -0.76312835 -4.8627295 -0.31988189,-0.48679685 -4.898115 -0.31988189,
  -0.20890591 -4.9178106 -0.31988189,0.069653937 -4.9217528 -0.31988189,
  0.34799094 -4.9099291 -0.31988189,0.62521299 -4.8823776 -0.31988189,
  0.90043228 -4.8391862 -0.31988189,1.1727673 -4.7804937 -0.31988189,
  1.4413457 -4.7064874 -0.31988189,1.7053067 -4.6174051 -0.31988189,
  1.9638055 -4.5135319 -0.31988189,2.2047244 0.62992126 -0.31988189,
  2.2047244 -0.62992126 -0.31988189,1.3385827 -0.62992126 -0.31988189,
  1.3385827 0.62992126 -0.31988189,1.023622 0.62992126 -0.31988189,
  1.023622 -0.62992126 -0.31988189,0.15748031 -0.62992126 -0.31988189,
  0.15748031 0.62992126 -0.31988189] }
 coordIndex [
  1,0,108,-1,108,0,61,-1,61,0,62,-1,62,0,63,-1,63,0,64,-1,64,0,3,-1,2,1,105,-1,105,1,106,-1,
  106,1,107,-1,107,1,108,-1,105,104,2,-1,2,104,65,-1,65,104,66,-1,66,104,103,-1,88,87,81,-1,88,81,89,-1,
  89,81,80,-1,89,80,90,-1,90,80,79,-1,90,79,91,-1,91,79,78,-1,91,78,92,-1,92,78,77,-1,92,77,93,-1,
  93,77,76,-1,93,76,94,-1,94,76,75,-1,94,75,95,-1,95,75,74,-1,95,74,96,-1,96,74,73,-1,96,73,97,-1,
  97,73,72,-1,97,72,98,-1,98,72,71,-1,98,71,99,-1,99,71,70,-1,99,70,100,-1,100,70,69,-1,100,69,101,-1,
  101,69,68,-1,101,68,102,-1,102,68,67,-1,102,67,103,-1,103,67,66,-1,85,84,83,-1,85,83,86,-1,86,83,82,-1,
  86,82,87,-1,87,82,81,-1,5,4,113,-1,113,4,56,-1,56,4,57,-1,57,4,58,-1,58,4,59,-1,59,4,7,-1,
  6,5,110,-1,110,5,111,-1,111,5,112,-1,112,5,113,-1,110,109,6,-1,6,109,60,-1,60,109,61,-1,61,109,108,-1,
  64,3,65,-1,65,3,2,-1,29,28,27,-1,29,27,30,-1,30,27,26,-1,30,26,31,-1,31,26,25,-1,31,25,32,-1,
  32,25,24,-1,32,24,33,-1,33,24,23,-1,33,23,34,-1,34,23,22,-1,34,22,35,-1,35,22,21,-1,35,21,36,-1,
  36,21,20,-1,36,20,37,-1,37,20,19,-1,37,19,38,-1,38,19,18,-1,38,18,39,-1,39,18,17,-1,39,17,40,-1,
  40,17,16,-1,40,16,41,-1,41,16,15,-1,41,15,42,-1,42,15,14,-1,42,14,43,-1,43,14,13,-1,43,13,44,-1,
  44,13,12,-1,44,12,45,-1,45,12,11,-1,45,11,46,-1,46,11,10,-1,46,10,47,-1,47,10,9,-1,47,9,48,-1,
  48,9,8,-1,48,8,121,-1,121,8,122,-1,48,121,49,-1,49,121,50,-1,50,121,51,-1,51,121,124,-1,53,52,125,-1,
  125,52,117,-1,117,52,118,-1,118,52,123,-1,123,52,124,-1,124,52,51,-1,123,122,118,-1,118,122,119,-1,119,122,120,-1,
  120,122,8,-1,54,53,125,-1,54,125,55,-1,55,125,128,-1,55,128,56,-1,56,128,127,-1,56,127,113,-1,113,127,114,-1,
  127,126,114,-1,114,126,115,-1,115,126,116,-1,116,126,117,-1,117,126,125,-1,59,7,60,-1,60,7,6,-1]
  normalPerVertex TRUE
  normal DEF NORM_13 Normal { vector [
  0 0 -1,0 0 -1,
  0 0 -1,0 0 -1,
  0 0 -1,0 0 -1,
  0 0 -1,0 0 -1,
  0 0 -1,0 0 -1,
  0 0 -1,0 0 -1,
  0 0 -1,0 0 -1,
  0 0 -1,0 0 -1,
  0 0 -1,0 0 -1,
  0 0 -1,0 0 -1,
  0 0 -1,0 0 -1,
  0 0 -1,0 0 -1,
  0 0 -1,0 0 -1,
  0 0 -1,0 0 -1,
  0 0 -1,0 0 -1,
  0 0 -1,0 0 -1,
  0 0 -1,0 0 -1,
  0 0 -1,0 0 -1,
  0 0 -1,0 0 -1,
  0 0 -1,0 0 -1,
  0 0 -1,0 0 -1,
  0 0 -1,0 0 -1,
  0 0 -1,0 0 -1,
  0 0 -1,0 0 -1,
  0 0 -1,0 0 -1,
  0 0 -1,0 0 -1,
  0 0 -1,0 0 -1,
  0 0 -1,0 0 -1,
  0 0 -1,0 0 -1,
  0 0 -1,0 0 -1,
  0 0 -1,0 0 -1,
  0 0 -1,0 0 -1,
  0 0 -1,0 0 -1,
  0 0 -1,0 0 -1,
  0 0 -1,0 0 -1,
  0 0 -1,0 0 -1,
  0 0 -1,0 0 -1,
  0 0 -1,0 0 -1,
  0 0 -1,0 0 -1,
  0 0 -1,0 0 -1,
  0 0 -1,0 0 -1,
  0 0 -1,0 0 -1,
  0 0 -1,0 0 -1,
  0 0 -1,0 0 -1,
  0 0 -1,0 0 -1,
  0 0 -1,0 0 -1,
  0 0 -1,0 0 -1,
  0 0 -1,0 0 -1,
  0 0 -1,0 0 -1,
  0 0 -1,0 0 -1,
  0 0 -1,0 0 -1,
  0 0 -1,0 0 -1,
  0 0 -1,0 0 -1,
  0 0 -1,0 0 -1,
  0 0 -1,0 0 -1,
  0 0 -1,0 0 -1,
  0 0 -1,0 0 -1,
  0 0 -1,0 0 -1,
  0 0 -1,0 0 -1,
  0 0 -1,0 0 -1,
  0 0 -1,0 0 -1,
  0 0 -1,0 0 -1,
  0 0 -1,0 0 -1,
  0 0 -1,0 0 -1,
  0 0 -1] }
}
}
] }
DEF TXFM_24 Transform {
  center 0 0 0
  rotation 0 0 1 0
  scale 1 1 1
  scaleOrientation 0 0 1 0
  translation 0 0 0
 children [
DEF SHAPE_14 Shape {
 appearance DEF APP_11 Appearance {
  material Material {
   ambientIntensity 0.72857141
   diffuseColor 0.96078432 0.96078432 0.96078432
   emissiveColor 0 0 0
   shininess 0.02
   specularColor 0.96470588 0.96470588 0.96470588
   transparency 0
} }
 geometry DEF FACE_14 IndexedFaceSet {
  coord DEF COORD_14 Coordinate { point [
  -1.2046693 -2.7747173 0.34448819,-1.2070555 -2.7731224 0.34448819,
  -1.2074673 -2.7731224 0.34448819,-1.2082465 -2.7726783 0.34448819,
  -1.2102772 -2.7720012 0.34448819,-1.2012445 -2.7629693 0.34448819,
  -1.1996488 -2.7605807 0.34448819,-1.1978886 -2.7583134 0.34448819,
  -1.1847654 -2.7320665 0.34448819,-1.1845287 -2.7312012 0.34448819,
  -1.1842378 -2.7309106 0.34448819,-1.183678 -2.7280953 0.34448819,
  -1.1829193 -2.7253252 0.34448819,-1.1830496 -2.724935 0.34448819,
  -1.1828744 -2.7240555 0.34448819,-1.1828744 -2.6978087 0.34448819,
  -1.1830496 -2.6969287 0.34448819,-1.1829193 -2.6965386 0.34448819,
  -1.1836783 -2.6937677 0.34448819,-1.1842378 -2.6909535 0.34448819,
  -1.1845287 -2.6906626 0.34448819,-1.1847654 -2.6897976 0.34448819,
  -1.197889 -2.6635512 0.34448819,-1.1996472 -2.6612854 0.34448819,
  -1.2012445 -2.6588953 0.34448819,-1.2143681 -2.645772 0.34448819,
  -1.2167567 -2.6441756 0.34448819,-1.2190236 -2.6424165 0.34448819,
  -1.2452701 -2.6292933 0.34448819,-1.246135 -2.6290563 0.34448819,
  -1.246426 -2.6287654 0.34448819,-1.2492429 -2.6282051 0.34448819,
  -1.252011 -2.6274469 0.34448819,-1.2524016 -2.6275768 0.34448819,
  -1.2532811 -2.627402 0.34448819,-1.3451449 -2.627402 0.34448819,
  -1.352 -2.6287654 0.34448819,-1.3616949 -2.6384602 0.34448819,
  -1.3630583 -2.6453154 0.34448819,-1.3630583 -2.7586354 0.34448819,
  -1.3630583 -2.9029925 0.34448819,-1.3630583 -2.9209059 0.34448819,
  -1.3616949 -2.927761 0.34448819,-1.352 -2.9374559 0.34448819,
  -1.3451449 -2.9388193 0.34448819,-1.2401579 -2.9388193 0.34448819,
  -1.2392783 -2.9386441 0.34448819,-1.2388882 -2.9387744 0.34448819,
  -1.2361181 -2.9380157 0.34448819,-1.2333028 -2.9374559 0.34448819,
  -1.2330122 -2.937165 0.34448819,-1.2321469 -2.9369283 0.34448819,
  -1.2059 -2.9238047 0.34448819,-1.2036346 -2.9220465 0.34448819,
  -1.2012441 -2.9204492 0.34448819,-1.1881209 -2.9073256 0.34448819,
  -1.1865244 -2.9049358 0.34448819,-1.1847657 -2.9026701 0.34448819,
  -1.1716421 -2.8764236 0.34448819,-1.1714055 -2.8755583 0.34448819,
  -1.1711146 -2.8752677 0.34448819,-1.1705551 -2.8724531 0.34448819,
  -1.1697961 -2.8696827 0.34448819,-1.1699264 -2.8692921 0.34448819,
  -1.1697512 -2.8684126 0.34448819,-1.1697512 -2.8290425 0.34448819,
  -1.1699264 -2.8281626 0.34448819,-1.1697961 -2.8277728 0.34448819,
  -1.1705547 -2.8250024 0.34448819,-1.1711146 -2.8221874 0.34448819,
  -1.1714055 -2.8218965 0.34448819,-1.1716421 -2.8210315 0.34448819,
  -1.1847654 -2.7947846 0.34448819,-1.1865276 -2.7925142 0.34448819,
  -1.1881213 -2.7901291 0.34448819,-1.2012445 -2.7770059 0.34448819,
  -1.2019902 -2.7765075 0.34448819,-1.202174 -2.7761394 0.34448819,
  -1.3272315 -2.7586354 0.34448819,-1.3272315 -2.6632287 0.34448819,
  -1.2575094 -2.6632287 0.34448819,-1.2376453 -2.673161 0.34448819,
  -1.2286331 -2.6821736 0.34448819,-1.2187012 -2.702037 0.34448819,
  -1.2187012 -2.7198268 0.34448819,-1.2286335 -2.7396909 0.34448819,
  -1.2376457 -2.7487031 0.34448819,-1.2575094 -2.7586354 0.34448819,
  -1.3272315 -2.7944622 0.34448819,-1.2561882 -2.7944622 0.34448819,
  -1.2235874 -2.8053291 0.34448819,-1.2155106 -2.8134059 0.34448819,
  -1.205578 -2.8332709 0.34448819,-1.205578 -2.8641843 0.34448819,
  -1.2155098 -2.8840472 0.34448819,-1.2245224 -2.8930602 0.34448819,
  -1.244387 -2.9029925 0.34448819,-1.3272315 -2.9029925 0.34448819,
  -0.94116732 -2.7885319 0.34448819,-0.94343307 -2.7867736 0.34448819,
  -0.96967953 -2.7736504 0.34448819,-0.97157165 -2.7731319 0.34448819,
  -0.97334567 -2.7722941 0.34448819,-1.0239323 -2.7596472 0.34448819,
  -1.0458193 -2.7487035 0.34448819,-1.0548323 -2.7396909 0.34448819,
  -1.0647642 -2.7198264 0.34448819,-1.0647642 -2.702037 0.34448819,
  -1.0548319 -2.6821724 0.34448819,-1.0458193 -2.6731602 0.34448819,
  -1.0259559 -2.6632287 0.34448819,-0.96747402 -2.6632287 0.34448819,
  -0.93086181 -2.6754327 0.34448819,-0.92392756 -2.6763071 0.34448819,
  -0.91166417 -2.6701756 0.34448819,-0.90732874 -2.6571689 0.34448819,
  -0.91346063 -2.6449055 0.34448819,-0.91953268 -2.6414445 0.34448819,
  -0.95890276 -2.6283213 0.34448819,-0.96175118 -2.6279618 0.34448819,
  -0.96456732 -2.627402 0.34448819,-1.0301843 -2.627402 0.34448819,
  -1.0310642 -2.6275768 0.34448819,-1.0314543 -2.6274469 0.34448819,
  -1.0342252 -2.6282055 0.34448819,-1.0370394 -2.6287654 0.34448819,
  -1.0373303 -2.6290559 0.34448819,-1.0381953 -2.6292929 0.34448819,
  -1.0644417 -2.6424165 0.34448819,-1.0667075 -2.6441744 0.34448819,
  -1.0690976 -2.645772 0.34448819,-1.0822209 -2.6588957 0.34448819,
  -1.0838173 -2.6612839 0.34448819,-1.0855764 -2.6635512 0.34448819,
  -1.0986996 -2.6897976 0.34448819,-1.0989366 -2.6906622 0.34448819,
  -1.0992276 -2.6909535 0.34448819,-1.0997878 -2.6937701 0.34448819,
  -1.1005461 -2.6965386 0.34448819,-1.1004161 -2.6969287 0.34448819,
  -1.1005909 -2.6978087 0.34448819,-1.1005909 -2.7240555 0.34448819,
  -1.1004161 -2.724935 0.34448819,-1.1005461 -2.7253252 0.34448819,
  -1.0997878 -2.7280953 0.34448819,-1.0992276 -2.7309106 0.34448819,
  -1.098937 -2.7312012 0.34448819,-1.0987 -2.7320665 0.34448819,
  -1.0855764 -2.7583134 0.34448819,-1.0838185 -2.7605787 0.34448819,
  -1.0822209 -2.7629693 0.34448819,-1.0690972 -2.7760925 0.34448819,
  -1.0667079 -2.777689 0.34448819,-1.0644417 -2.7794476 0.34448819,
  -1.0381953 -2.7925713 0.34448819,-1.0363024 -2.7930894 0.34448819,
  -1.0345291 -2.7939272 0.34448819,-0.98394173 -2.8065744 0.34448819,
  -0.96205512 -2.8175177 0.34448819,-0.95304291 -2.8265299 0.34448819,
  -0.94311063 -2.8463941 0.34448819,-0.94311063 -2.8641843 0.34448819,
  -0.95304252 -2.8840472 0.34448819,-0.96205472 -2.8930598 0.34448819,
  -0.9819189 -2.9029925 0.34448819,-1.0404008 -2.9029925 0.34448819,
  -1.077013 -2.8907886 0.34448819,-1.0839472 -2.8899142 0.34448819,
  -1.0962106 -2.8960457 0.34448819,-1.1005461 -2.9090524 0.34448819,
  -1.0944146 -2.9213157 0.34448819,-1.0883421 -2.9247768 0.34448819,
  -1.048972 -2.9379 0.34448819,-1.046124 -2.9382591 0.34448819,
  -1.0433075 -2.9388193 0.34448819,-0.97769055 -2.9388193 0.34448819,
  -0.97681102 -2.9386441 0.34448819,-0.97642047 -2.9387744 0.34448819,
  -0.97365236 -2.9380157 0.34448819,-0.97083543 -2.9374559 0.34448819,
  -0.97054449 -2.9371646 0.34448819,-0.96967953 -2.936928 0.34448819,
  -0.94343307 -2.9238047 0.34448819,-0.94116614 -2.9220453 0.34448819,
  -0.93877756 -2.9204492 0.34448819,-0.92565394 -2.907326 0.34448819,
  -0.92405669 -2.9049354 0.34448819,-0.92229843 -2.9026701 0.34448819,
  -0.9091748 -2.8764236 0.34448819,-0.90893819 -2.8755583 0.34448819,
  -0.90864724 -2.8752677 0.34448819,-0.9080878 -2.8724531 0.34448819,
  -0.90732874 -2.8696827 0.34448819,-0.90745906 -2.8692921 0.34448819,
  -0.90728386 -2.8684126 0.34448819,-0.90728386 -2.8421657 0.34448819,
  -0.90745906 -2.8412858 0.34448819,-0.90732874 -2.8408961 0.34448819,
  -0.9080874 -2.8381256 0.34448819,-0.90864724 -2.8353106 0.34448819,
  -0.90893819 -2.8350197 0.34448819,-0.9091748 -2.8341547 0.34448819,
  -0.92229803 -2.8079079 0.34448819,-0.92405827 -2.8056402 0.34448819,
  -0.92565394 -2.803252 0.34448819,-0.93877756 -2.7901287 0.34448819,
  0.75413622 -2.8942028 0.34448819,0.75573189 -2.8918142 0.34448819,
  0.75749213 -2.8895469 0.34448819,0.77061535 -2.8633 0.34448819,
  0.77113346 -2.8614075 0.34448819,0.77197165 -2.8596335 0.34448819,
  0.78509449 -2.8071406 0.34448819,0.78520118 -2.8049488 0.34448819,
  0.78562953 -2.8027957 0.34448819,0.78562953 -2.7634256 0.34448819,
  0.78520118 -2.761272 0.34448819,0.78509449 -2.7590807 0.34448819,
  0.77197165 -2.7065878 0.34448819,0.77113346 -2.7048134 0.34448819,
  0.77061535 -2.7029213 0.34448819,0.75749213 -2.6766744 0.34448819,
  0.75573189 -2.6744067 0.34448819,0.75413622 -2.6720185 0.34448819,
  0.72788937 -2.645772 0.34448819,0.72714331 -2.6452732 0.34448819,
  0.72695945 -2.6449055 0.34448819,0.72446614 -2.6434843 0.34448819,
  0.72207835 -2.6418886 0.34448819,0.72166654 -2.6418886 0.34448819,
  0.7208874 -2.6414445 0.34448819,0.68151732 -2.6283213 0.34448819,
  0.6786689 -2.6279618 0.34448819,0.67585276 -2.627402 0.34448819,
  0.61023583 -2.627402 0.34448819,0.60338071 -2.6287654 0.34448819,
  0.59368583 -2.6384602 0.34448819,0.59232244 -2.6453154 0.34448819,
  0.59232244 -2.9029925 0.34448819,0.59232244 -2.9209059 0.34448819,
  0.59368583 -2.927761 0.34448819,0.60338071 -2.9374559 0.34448819,
  0.61023583 -2.9388193 0.34448819,0.67585276 -2.9388193 0.34448819,
  0.6786689 -2.9382591 0.34448819,0.68151732 -2.9379 0.34448819,
  0.7208874 -2.9247768 0.34448819,0.72166654 -2.9243327 0.34448819,
  0.72207835 -2.9243327 0.34448819,0.72446614 -2.9227366 0.34448819,
  0.72695945 -2.9213157 0.34448819,0.72714331 -2.9209476 0.34448819,
  0.72788937 -2.9204492 0.34448819,0.74980276 -2.7656311 0.34448819,
  0.74980276 -2.8005898 0.34448819,0.73769055 -2.8490378 0.34448819,
  0.72674724 -2.8709248 0.34448819,0.70554646 -2.8921256 0.34448819,
  0.67294606 -2.9029925 0.34448819,0.62814921 -2.9029925 0.34448819,
  0.62814921 -2.6632287 0.34448819,0.67294606 -2.6632287 0.34448819,
  0.70554646 -2.6740953 0.34448819,0.72674724 -2.6952961 0.34448819,
  0.73769055 -2.7171831 0.34448819,1.357811 -2.9073256 0.34448819,
  1.3594055 -2.9049386 0.34448819,1.3611661 -2.9026705 0.34448819,
  1.3742898 -2.876424 0.34448819,1.3748079 -2.8745315 0.34448819,
  1.3756465 -2.8727571 0.34448819,1.3887693 -2.8202638 0.34448819,
  1.388876 -2.818072 0.34448819,1.3893043 -2.8159189 0.34448819,
  1.3893043 -2.7503024 0.34448819,1.388876 -2.7481488 0.34448819,
  1.3887693 -2.7459575 0.34448819,1.3756465 -2.6934642 0.34448819,
  1.3748079 -2.6916894 0.34448819,1.3742898 -2.6897972 0.34448819,
  1.3611661 -2.6635508 0.34448819,1.3594055 -2.6612823 0.34448819,
  1.357811 -2.6588957 0.34448819,1.3446878 -2.645772 0.34448819,
  1.3422972 -2.6441744 0.34448819,1.3400319 -2.6424165 0.34448819,
  1.313785 -2.6292929 0.34448819,1.3129197 -2.6290559 0.34448819,
  1.3126291 -2.6287654 0.34448819,1.3098138 -2.6282051 0.34448819,
  1.3070437 -2.6274469 0.34448819,1.3066535 -2.6275768 0.34448819,
  1.305774 -2.627402 0.34448819,1.2795276 -2.627402 0.34448819,
  1.2786476 -2.6275768 0.34448819,1.2782579 -2.6274469 0.34448819,
  1.2754874 -2.6282051 0.34448819,1.2726724 -2.6287654 0.34448819,
  1.2723815 -2.6290559 0.34448819,1.2715165 -2.6292929 0.34448819,
  1.2452697 -2.6424161 0.34448819,1.243002 -2.644176 0.34448819,
  1.2406138 -2.645772 0.34448819,1.2274906 -2.6588957 0.34448819,
  1.2258937 -2.661285 0.34448819,1.2241354 -2.6635512 0.34448819,
  1.2110118 -2.6897972 0.34448819,1.2104933 -2.691689 0.34448819,
  1.2096551 -2.6934642 0.34448819,1.1965319 -2.7459579 0.34448819,
  1.1964248 -2.7481504 0.34448819,1.1959972 -2.7503024 0.34448819,
  1.1959972 -2.7525079 0.34448819,1.1959972 -2.8159189 0.34448819,
  1.1964248 -2.8180705 0.34448819,1.1965319 -2.8202634 0.34448819,
  1.2096551 -2.8727571 0.34448819,1.2104933 -2.8745319 0.34448819,
  1.2110118 -2.876424 0.34448819,1.2241354 -2.9026701 0.34448819,
  1.2258937 -2.9049358 0.34448819,1.2274906 -2.9073256 0.34448819,
  1.2406138 -2.9204492 0.34448819,1.243002 -2.9220449 0.34448819,
  1.2452697 -2.9238051 0.34448819,1.2715165 -2.9369283 0.34448819,
  1.2723815 -2.937165 0.34448819,1.2726724 -2.9374559 0.34448819,
  1.2754874 -2.9380157 0.34448819,1.2782579 -2.9387744 0.34448819,
  1.2786476 -2.9386441 0.34448819,1.2795276 -2.9388193 0.34448819,
  1.305774 -2.9388193 0.34448819,1.3066535 -2.9386441 0.34448819,
  1.3070437 -2.9387744 0.34448819,1.3098138 -2.9380157 0.34448819,
  1.3126291 -2.9374559 0.34448819,1.3129197 -2.937165 0.34448819,
  1.313785 -2.9369283 0.34448819,1.3400319 -2.9238047 0.34448819,
  1.3422972 -2.9220465 0.34448819,1.3446878 -2.9204492 0.34448819,
  1.3534776 -2.7525079 0.34448819,1.3534776 -2.813713 0.34448819,
  1.3413654 -2.8621614 0.34448819,1.330422 -2.8840476 0.34448819,
  1.3214094 -2.8930602 0.34448819,1.3015449 -2.9029925 0.34448819,
  1.2837559 -2.9029925 0.34448819,1.2638917 -2.8930602 0.34448819,
  1.2548791 -2.8840476 0.34448819,1.243935 -2.8621594 0.34448819,
  1.231824 -2.813713 0.34448819,1.231824 -2.7525079 0.34448819,
  1.243935 -2.7040614 0.34448819,1.2548791 -2.6821732 0.34448819,
  1.2638917 -2.6731606 0.34448819,1.2837559 -2.6632287 0.34448819,
  1.3015449 -2.6632287 0.34448819,1.3214094 -2.6731606 0.34448819,
  1.330422 -2.6821732 0.34448819,1.3413654 -2.7040594 0.34448819,
  1.5402134 -2.6353787 0.34448819,1.51495 -2.6732732 0.34448819,
  1.4920138 -2.6962094 0.34448819,1.4683669 -2.7080331 0.34448819,
  1.4628453 -2.7123185 0.34448819,1.4585094 -2.7253252 0.34448819,
  1.4646409 -2.7375882 0.34448819,1.4776476 -2.741924 0.34448819,
  1.484389 -2.740078 0.34448819,1.5106358 -2.7269543 0.34448819,
  1.5129012 -2.7251961 0.34448819,1.5152917 -2.7235988 0.34448819,
  1.5372047 -2.7016854 0.34448819,1.5372047 -2.9029925 0.34448819,
  1.476378 -2.9029925 0.34448819,1.4695228 -2.9043559 0.34448819,
  1.459828 -2.9140508 0.34448819,1.459828 -2.927761 0.34448819,
  1.4695228 -2.9374559 0.34448819,1.476378 -2.9388193 0.34448819,
  1.6338583 -2.9388193 0.34448819,1.6407134 -2.9374559 0.34448819,
  1.6504083 -2.927761 0.34448819,1.6504083 -2.9140508 0.34448819,
  1.6407134 -2.9043559 0.34448819,1.6338583 -2.9029925 0.34448819,
  1.5730315 -2.9029925 0.34448819,1.5730315 -2.6453154 0.34448819,
  1.5716681 -2.6384602 0.34448819,1.5703638 -2.6371559 0.34448819,
  1.5700024 -2.6353476 0.34448819,1.5656618 -2.6324539 0.34448819,
  1.5619732 -2.6287654 0.34448819,1.5601287 -2.6287654 0.34448819,
  1.5585945 -2.6277425 0.34448819,1.5534807 -2.6287654 0.34448819,
  1.548263 -2.6287654 0.34448819,1.5469583 -2.6300697 0.34448819,
  1.5451504 -2.6304315 0.34448819,0.050496063 -2.6424799 0.34448819,
  0.043310236 -2.6308031 0.34448819,0.029972835 -2.6276276 0.34448819,
  0.018296063 -2.6348134 0.34448819,0.01538189 -2.6411661 0.34448819,
  -0.033792126 -2.8476953 0.34448819,-0.067993307 -2.7194398 0.34448819,
  -0.071077165 -2.7131677 0.34448819,-0.073190157 -2.7119441 0.34448819,
  -0.07441378 -2.7098307 0.34448819,-0.078913386 -2.7086307 0.34448819,
  -0.08294252 -2.706298 0.34448819,-0.085301969 -2.7069272 0.34448819,
  -0.087661417 -2.706298 0.34448819,-0.091691732 -2.7086307 0.34448819,
  -0.096189764 -2.7098307 0.34448819,-0.097413386 -2.7119433 0.34448819,
  -0.099526772 -2.7131673 0.34448819,-0.10261063 -2.7194398 0.34448819,
  -0.1368126 -2.8476957 0.34448819,-0.18598583 -2.6411661 0.34448819,
  -0.1889 -2.6348134 0.34448819,-0.20057677 -2.6276276 0.34448819,
  -0.21391417 -2.6308031 0.34448819,-0.2211 -2.6424799 0.34448819,
  -0.22083858 -2.6494646 0.34448819,-0.15522205 -2.9250551 0.34448819,
  -0.15230787 -2.9314079 0.34448819,-0.15002598 -2.9328122 0.34448819,
  -0.14868346 -2.9351307 0.34448819,-0.14440394 -2.9362717 0.34448819,
  -0.1406311 -2.9385937 0.34448819,-0.1380248 -2.9379728 0.34448819,
  -0.13543622 -2.9386634 0.34448819,-0.13160354 -2.9364441 0.34448819,
  -0.1272937 -2.9354181 0.34448819,-0.12588937 -2.9331358 0.34448819,
  -0.12357087 -2.9317937 0.34448819,-0.12048701 -2.9255217 0.34448819,
  -0.085302362 -2.7935783 0.34448819,-0.050117323 -2.9255213 0.34448819,
  -0.047033465 -2.9317937 0.34448819,-0.044715354 -2.9331358 0.34448819,
  -0.04331063 -2.9354181 0.34448819,-0.039001181 -2.9364441 0.34448819,
  -0.03516811 -2.9386634 0.34448819,-0.032579921 -2.9379728 0.34448819,
  -0.029973228 -2.9385937 0.34448819,-0.026200787 -2.9362717 0.34448819,
  -0.021920866 -2.9351307 0.34448819,-0.02057874 -2.9328122 0.34448819,
  -0.018296457 -2.9314079 0.34448819,-0.015382283 -2.9250551 0.34448819,
  0.050234646 -2.6494646 0.34448819,-1.4792252 -2.6441744 0.34448819,
  -1.4814906 -2.6424165 0.34448819,-1.5077374 -2.6292929 0.34448819,
  -1.5086028 -2.6290559 0.34448819,-1.5088933 -2.6287654 0.34448819,
  -1.5117087 -2.6282051 0.34448819,-1.5144787 -2.6274469 0.34448819,
  -1.5148689 -2.6275768 0.34448819,-1.5157484 -2.627402 0.34448819,
  -1.6207354 -2.627402 0.34448819,-1.6275906 -2.6287654 0.34448819,
  -1.6372854 -2.6384602 0.34448819,-1.6386488 -2.6453154 0.34448819,
  -1.6386488 -2.7717591 0.34448819,-1.6386488 -2.9209059 0.34448819,
  -1.6372854 -2.927761 0.34448819,-1.6275906 -2.9374559 0.34448819,
  -1.6138803 -2.9374559 0.34448819,-1.6041854 -2.927761 0.34448819,
  -1.602822 -2.9209059 0.34448819,-1.602822 -2.8075858 0.34448819,
  -1.5157484 -2.8075858 0.34448819,-1.5148689 -2.8074106 0.34448819,
  -1.5144783 -2.8075409 0.34448819,-1.5117102 -2.8067823 0.34448819,
  -1.5088933 -2.8062224 0.34448819,-1.5086024 -2.8059311 0.34448819,
  -1.5077374 -2.8056945 0.34448819,-1.4814906 -2.7925709 0.34448819,
  -1.4792236 -2.7908114 0.34448819,-1.476835 -2.7892154 0.34448819,
  -1.4637118 -2.7760921 0.34448819,-1.4621181 -2.7737067 0.34448819,
  -1.4603559 -2.7714366 0.34448819,-1.4472327 -2.7451898 0.34448819,
  -1.4469961 -2.7443244 0.34448819,-1.4467051 -2.7440339 0.34448819,
  -1.4461453 -2.7412185 0.34448819,-1.4453866 -2.7384484 0.34448819,
  -1.4455169 -2.7380583 0.34448819,-1.4453417 -2.7371787 0.34448819,
  -1.4453417 -2.6978087 0.34448819,-1.4455169 -2.6969287 0.34448819,
  -1.4453866 -2.6965386 0.34448819,-1.4461457 -2.6937677 0.34448819,
  -1.4467051 -2.6909535 0.34448819,-1.4469961 -2.6906626 0.34448819,
  -1.4472327 -2.6897976 0.34448819,-1.4603563 -2.6635512 0.34448819,
  -1.462115 -2.661285 0.34448819,-1.4637114 -2.6588957 0.34448819,
  -1.4768346 -2.645772 0.34448819,-1.4811685 -2.702037 0.34448819,
  -1.4811685 -2.73295 0.34448819,-1.4911012 -2.752815 0.34448819,
  -1.5001126 -2.7618264 0.34448819,-1.5199768 -2.7717591 0.34448819,
  -1.602822 -2.7717591 0.34448819,-1.602822 -2.6632287 0.34448819,
  -1.5199776 -2.6632287 0.34448819,-1.500113 -2.6731606 0.34448819,
  -1.4911004 -2.6821736 0.34448819,-0.44796614 -2.7586354 0.34448819,
  -0.44796614 -2.6453154 0.34448819,-0.44932953 -2.6384602 0.34448819,
  -0.45902441 -2.6287654 0.34448819,-0.47273465 -2.6287654 0.34448819,
  -0.48242953 -2.6384602 0.34448819,-0.48379291 -2.6453154 0.34448819,
  -0.48379291 -2.9209059 0.34448819,-0.48242953 -2.927761 0.34448819,
  -0.47273465 -2.9374559 0.34448819,-0.45902441 -2.9374559 0.34448819,
  -0.44932953 -2.927761 0.34448819,-0.44796614 -2.9209059 0.34448819,
  -0.44796614 -2.7944622 0.34448819,-0.3263126 -2.7944622 0.34448819,
  -0.3263126 -2.9209059 0.34448819,-0.32494921 -2.927761 0.34448819,
  -0.31525433 -2.9374559 0.34448819,-0.30154409 -2.9374559 0.34448819,
  -0.29184921 -2.927761 0.34448819,-0.29048583 -2.9209059 0.34448819,
  -0.29048583 -2.6453154 0.34448819,-0.29184921 -2.6384602 0.34448819,
  -0.30154409 -2.6287654 0.34448819,-0.31525433 -2.6287654 0.34448819,
  -0.32494921 -2.6384602 0.34448819,-0.3263126 -2.6453154 0.34448819,
  -0.3263126 -2.7586354 0.34448819,0.49691575 -2.6453154 0.34448819,
  0.49555236 -2.6384602 0.34448819,0.48585748 -2.6287654 0.34448819,
  0.47214724 -2.6287654 0.34448819,0.46245236 -2.6384602 0.34448819,
  0.46108898 -2.6453154 0.34448819,0.46108898 -2.9209059 0.34448819,
  0.46245236 -2.927761 0.34448819,0.47214724 -2.9374559 0.34448819,
  0.48585748 -2.9374559 0.34448819,0.49555236 -2.927761 0.34448819,
  0.49691575 -2.9209059 0.34448819,-0.58056299 -2.8090638 0.34448819,
  -0.59025787 -2.7993689 0.34448819,-0.59711299 -2.7980055 0.34448819,
  -0.80708701 -2.7980055 0.34448819,-0.81394213 -2.7993689 0.34448819,
  -0.82363701 -2.8090638 0.34448819,-0.82363701 -2.822774 0.34448819,
  -0.81394213 -2.8324689 0.34448819,-0.80708701 -2.8338323 0.34448819,
  -0.59711299 -2.8338323 0.34448819,-0.59025787 -2.8324689 0.34448819,
  -0.58056299 -2.822774 0.34448819,0.3643189 -2.8090638 0.34448819,
  0.35462402 -2.7993689 0.34448819,0.3477689 -2.7980055 0.34448819,
  0.13779488 -2.7980055 0.34448819,0.13093976 -2.7993689 0.34448819,
  0.12124488 -2.8090638 0.34448819,0.12124488 -2.822774 0.34448819,
  0.13093976 -2.8324689 0.34448819,0.13779488 -2.8338323 0.34448819,
  0.3477689 -2.8338323 0.34448819,0.35462402 -2.8324689 0.34448819,
  0.3643189 -2.822774 0.34448819,1.1123504 -2.8090638 0.34448819,
  1.1026555 -2.7993689 0.34448819,1.0958004 -2.7980055 0.34448819,
  0.88582638 -2.7980055 0.34448819,0.87897126 -2.7993689 0.34448819,
  0.86927638 -2.8090638 0.34448819,0.86927638 -2.822774 0.34448819,
  0.87897126 -2.8324689 0.34448819,0.88582638 -2.8338323 0.34448819,
  1.0958004 -2.8338323 0.34448819,1.1026555 -2.8324689 0.34448819,
  1.1123504 -2.822774 0.34448819,-0.14844803 -1.3646606 0.34448819,
  -0.15002638 -1.3670224 0.34448819,-0.15176654 -1.369265 0.34448819,
  -0.16114055 -1.3880126 0.34448819,-0.16165354 -1.3898846 0.34448819,
  -0.16248189 -1.391639 0.34448819,-0.17185551 -1.4291343 0.34448819,
  -0.17196142 -1.4313008 0.34448819,-0.17238465 -1.4334311 0.34448819,
  -0.17238465 -1.4615524 0.34448819,-0.17196142 -1.4636823 0.34448819,
  -0.17185551 -1.4658492 0.34448819,-0.16248189 -1.5033445 0.34448819,
  -0.16165354 -1.5050984 0.34448819,-0.16114055 -1.5069709 0.34448819,
  -0.15176654 -1.5257185 0.34448819,-0.1500248 -1.527963 0.34448819,
  -0.14844803 -1.5303224 0.34448819,-0.12970039 -1.5490705 0.34448819,
  -0.12896299 -1.549563 0.34448819,-0.12878071 -1.5499276 0.34448819,
  -0.1263126 -1.5513343 0.34448819,-0.12395276 -1.5529114 0.34448819,
  -0.12354606 -1.5529114 0.34448819,-0.1227752 -1.5533508 0.34448819,
  -0.094653937 -1.5627244 0.34448819,-0.091837008 -1.5630791 0.34448819,
  -0.089051575 -1.5636335 0.34448819,-0.070303937 -1.5636335 0.34448819,
  -0.067519291 -1.5630795 0.34448819,-0.064701575 -1.5627244 0.34448819,
  -0.036579921 -1.5533508 0.34448819,-0.035809055 -1.5529114 0.34448819,
  -0.035401969 -1.5529114 0.34448819,-0.03304252 -1.5513343 0.34448819,
  -0.030574016 -1.5499276 0.34448819,-0.030392126 -1.549563 0.34448819,
  -0.029654724 -1.5490705 0.34448819,-0.020280709 -1.5396965 0.34448819,
  -0.016440157 -1.5339488 0.34448819,-0.016440551 -1.520389 0.34448819,
  -0.026029134 -1.5108008 0.34448819,-0.039588976 -1.5108012 0.34448819,
  -0.04533622 -1.5146421 0.34448819,-0.051752362 -1.5210583 0.34448819,
  -0.073179134 -1.5282004 0.34448819,-0.086176378 -1.5282004 0.34448819,
  -0.10760276 -1.5210583 0.34448819,-0.12136024 -1.5073008 0.34448819,
  -0.12857913 -1.492863 0.34448819,-0.13695157 -1.459372 0.34448819,
  -0.13695157 -1.435611 0.34448819,-0.12857913 -1.4021201 0.34448819,
  -0.12136063 -1.3876827 0.34448819,-0.10760354 -1.3739256 0.34448819,
  -0.086175984 -1.3667831 0.34448819,-0.073179134 -1.3667831 0.34448819,
  -0.051752756 -1.3739252 0.34448819,-0.04533622 -1.3803417 0.34448819,
  -0.039588583 -1.3841823 0.34448819,-0.02602874 -1.3841823 0.34448819,
  -0.016440551 -1.3745941 0.34448819,-0.016440551 -1.3610343 0.34448819,
  -0.020281102 -1.3552866 0.34448819,-0.029654724 -1.345913 0.34448819,
  -0.030392126 -1.3454201 0.34448819,-0.030574016 -1.3450563 0.34448819,
  -0.033043307 -1.3436488 0.34448819,-0.035402362 -1.3420724 0.34448819,
  -0.035808661 -1.3420724 0.34448819,-0.036579528 -1.3416331 0.34448819,
  -0.064701575 -1.3322591 0.34448819,-0.067519291 -1.3319035 0.34448819,
  -0.070303937 -1.33135 0.34448819,-0.089051575 -1.33135 0.34448819,
  -0.09183622 -1.3319035 0.34448819,-0.094654331 -1.3322591 0.34448819,
  -0.12277559 -1.3416331 0.34448819,-0.12354646 -1.3420724 0.34448819,
  -0.12395276 -1.3420724 0.34448819,-0.12631063 -1.3436476 0.34448819,
  -0.1287811 -1.3450563 0.34448819,-0.12896339 -1.3454205 0.34448819,
  -0.12970039 -1.3459134 0.34448819,0.083684252 -1.339239 0.34448819,
  0.065909449 -1.3659008 0.34448819,0.050435039 -1.3813752 0.34448819,
  0.034259449 -1.3894634 0.34448819,0.028798031 -1.3937012 0.34448819,
  0.024510236 -1.4065654 0.34448819,0.030574016 -1.4186937 0.34448819,
  0.043438189 -1.4229815 0.34448819,0.050105118 -1.4211555 0.34448819,
  0.068852756 -1.4117823 0.34448819,0.071096063 -1.4100409 0.34448819,
  0.07345748 -1.4084634 0.34448819,0.080708661 -1.4012118 0.34448819,
  0.080708661 -1.5282004 0.34448819,0.042182283 -1.5282004 0.34448819,
  0.035402362 -1.5295488 0.34448819,0.025814173 -1.539137 0.34448819,
  0.025814173 -1.5526969 0.34448819,0.035402362 -1.562285 0.34448819,
  0.042182283 -1.5636335 0.34448819,0.15466811 -1.5636335 0.34448819,
  0.16144803 -1.562285 0.34448819,0.17103622 -1.5526969 0.34448819,
  0.17103622 -1.539137 0.34448819,0.16144803 -1.5295488 0.34448819,
  0.15466811 -1.5282004 0.34448819,0.11614173 -1.5282004 0.34448819,
  0.11614173 -1.3490665 0.34448819,0.11479331 -1.3422866 0.34448819,
  0.11350315 -1.3409965 0.34448819,0.11314567 -1.3392083 0.34448819,
  0.10885315 -1.3363465 0.34448819,0.10520512 -1.3326984 0.34448819,
  0.1033811 -1.3326984 0.34448819,0.10186339 -1.3316866 0.34448819,
  0.096804724 -1.3326984 0.34448819,0.091645276 -1.3326984 0.34448819,
  0.090355118 -1.3339882 0.34448819,0.088566929 -1.3343461 0.34448819,
  0.29527559 -1.6968504 0.34448819,0.30431535 -1.6950524 0.34448819,
  0.31709961 -1.6822681 0.34448819,0.31889764 -1.6732283 0.34448819,
  0.31889764 -1.2401575 0.34448819,0.31709961 -1.2311177 0.34448819,
  0.30431535 -1.2183335 0.34448819,0.29527559 -1.2165354 0.34448819,
  -0.29527559 -1.2165354 0.34448819,-0.30431535 -1.2183335 0.34448819,
  -0.31709961 -1.2311177 0.34448819,-0.31889764 -1.2401575 0.34448819,
  -0.31889764 -1.6496063 0.34448819,-0.31889764 -1.6732283 0.34448819,
  -0.31709961 -1.6822681 0.34448819,-0.30431535 -1.6950524 0.34448819,
  -0.29527559 -1.6968504 0.34448819,0.27165354 -1.2637795 0.34448819,
  0.27165354 -1.6496063 0.34448819,-0.27165354 -1.6496063 0.34448819,
  -0.27165354 -1.2637795 0.34448819,-1.170722 0.025314567 0.34448819,
  -1.176013 0.038087402 0.34448819,-1.185789 0.047863386 0.34448819,
  -1.1985618 0.053154331 0.34448819,-1.212387 0.053154331 0.34448819,
  -1.2251598 0.047863386 0.34448819,-1.2349358 0.038087402 0.34448819,
  -1.2402268 0.025314567 0.34448819,-1.2409075 0.018401969 0.34448819,
  -1.2409075 -0.30030787 0.34448819,-1.2402268 -0.30722047 0.34448819,
  -1.2397398 -0.30839685 0.34448819,-1.2396492 -0.30966693 0.34448819,
  -1.2371665 -0.31615394 0.34448819,-1.2184193 -0.35364921 0.34448819,
  -1.2165469 -0.35662402 0.34448819,-1.2161886 -0.35748858 0.34448819,
  -1.2153898 -0.35846181 0.34448819,-1.2147189 -0.35952756 0.34448819,
  -1.2140122 -0.36014055 0.34448819,-1.2117819 -0.36285787 0.34448819,
  -1.1930343 -0.38160591 0.34448819,-1.1903165 -0.38383661 0.34448819,
  -1.1897035 -0.38454331 0.34448819,-1.1886398 -0.38521299 0.34448819,
  -1.1876654 -0.3860126 0.34448819,-1.1867996 -0.38637126 0.34448819,
  -1.1838252 -0.38824331 0.34448819,-1.1463303 -0.40699094 0.34448819,
  -1.1398429 -0.40947362 0.34448819,-1.1385732 -0.40956378 0.34448819,
  -1.1373965 -0.41005118 0.34448819,-1.1304839 -0.41073189 0.34448819,
  -1.0554933 -0.41073189 0.34448819,-1.0485807 -0.41005118 0.34448819,
  -1.0474043 -0.40956378 0.34448819,-1.0461343 -0.40947362 0.34448819,
  -1.0396472 -0.40699094 0.34448819,-1.002152 -0.3882437 0.34448819,
  -0.99917638 -0.38637008 0.34448819,-0.9983122 -0.3860126 0.34448819,
  -0.99733976 -0.38521417 0.34448819,-0.99627362 -0.38454331 0.34448819,
  -0.99566063 -0.38383583 0.34448819,-0.99294291 -0.38160591 0.34448819,
  -0.97419528 -0.36285787 0.34448819,-0.97196535 -0.36014055 0.34448819,
  -0.97125827 -0.35952756 0.34448819,-0.97058819 -0.3584622 0.34448819,
  -0.96978858 -0.35748858 0.34448819,-0.96943031 -0.35662283 0.34448819,
  -0.96755827 -0.35364921 0.34448819,-0.94881063 -0.31615433 0.34448819,
  -0.94632795 -0.30966693 0.34448819,-0.9462378 -0.30839685 0.34448819,
  -0.94575039 -0.30722047 0.34448819,-0.94506969 -0.30030787 0.34448819,
  -0.94506969 0.018401969 0.34448819,-0.94575039 0.025314567 0.34448819,
  -0.95104134 0.038087402 0.34448819,-0.96081732 0.047863386 0.34448819,
  -0.97359016 0.053154331 0.34448819,-0.98741535 0.053154331 0.34448819,
  -1.0001882 0.047863386 0.34448819,-1.0099642 0.038087402 0.34448819,
  -1.0152551 0.025314567 0.34448819,-1.0159358 0.018401969 0.34448819,
  -1.0159358 -0.29194291 0.34448819,-1.0283713 -0.31681378 0.34448819,
  -1.0389874 -0.32743031 0.34448819,-1.0638575 -0.33986575 0.34448819,
  -1.1221189 -0.33986575 0.34448819,-1.1469898 -0.32743031 0.34448819,
  -1.1576059 -0.31681417 0.34448819,-1.1700413 -0.29194331 0.34448819,
  -1.1700413 0.018401969 0.34448819,-0.72876969 0.038056693 0.34448819,
  -0.7643189 -0.015266142 0.34448819,-0.7952685 -0.046215748 0.34448819,
  -0.82761969 -0.062391732 0.34448819,-0.83349803 -0.066091732 0.34448819,
  -0.8425563 -0.07653622 0.34448819,-0.84692835 -0.089652362 0.34448819,
  -0.84594843 -0.10344291 0.34448819,-0.83976575 -0.11580827 0.34448819,
  -0.82932126 -0.12486654 0.34448819,-0.81620512 -0.12923858 0.34448819,
  -0.80241457 -0.12825866 0.34448819,-0.79592756 -0.12577598 0.34448819,
  -0.75843228 -0.10702874 0.34448819,-0.75545669 -0.10515512 0.34448819,
  -0.75459252 -0.10479764 0.34448819,-0.75361969 -0.10399882 0.34448819,
  -0.75255394 -0.10332835 0.34448819,-0.75194134 -0.10262165 0.34448819,
  -0.74922323 -0.10039134 0.34448819,-0.73472087 -0.085888976 0.34448819,
  -0.73472087 -0.33986575 0.34448819,-0.81177362 -0.33986575 0.34448819,
  -0.81868622 -0.34054646 0.34448819,-0.83145906 -0.3458374 0.34448819,
  -0.84123504 -0.35561339 0.34448819,-0.84652598 -0.36838622 0.34448819,
  -0.84652598 -0.38221142 0.34448819,-0.84123504 -0.39498425 0.34448819,
  -0.83145906 -0.40476024 0.34448819,-0.81868622 -0.41005118 0.34448819,
  -0.81177362 -0.41073189 0.34448819,-0.58680197 -0.41073189 0.34448819,
  -0.57988937 -0.41005118 0.34448819,-0.56711654 -0.40476024 0.34448819,
  -0.55734055 -0.39498425 0.34448819,-0.55204961 -0.38221142 0.34448819,
  -0.55204961 -0.36838622 0.34448819,-0.55734055 -0.35561339 0.34448819,
  -0.56711654 -0.3458374 0.34448819,-0.57988937 -0.34054646 0.34448819,
  -0.58680197 -0.33986575 0.34448819,-0.66385472 -0.33986575 0.34448819,
  -0.66385472 0.018401969 0.34448819,-0.66385748 0.018426772 0.34448819,
  -0.66385472 0.018438976 0.34448819,-0.6638622 0.018475197 0.34448819,
  -0.66453543 0.025314567 0.34448819,-0.66587835 0.028556299 0.34448819,
  -0.66656614 0.031996063 0.34448819,-0.66849843 0.034881496 0.34448819,
  -0.66982638 0.038087402 0.34448819,-0.67230591 0.040566929 0.34448819,
  -0.67425906 0.043483465 0.34448819,-0.67714961 0.04541063 0.34448819,
  -0.67960236 0.047863386 0.34448819,-0.68284134 0.049205118 0.34448819,
  -0.6857622 0.051152362 0.34448819,-0.68916929 0.051826378 0.34448819,
  -0.6923752 0.053154331 0.34448819,-0.69588346 0.053154331 0.34448819,
  -0.6993248 0.053835039 0.34448819,-0.70272835 0.053154331 0.34448819,
  -0.70620039 0.053154331 0.34448819,-0.70944213 0.051811811 0.34448819,
  -0.7128815 0.051123622 0.34448819,-0.71576614 0.049192126 0.34448819,
  -0.71897323 0.047863386 0.34448819,-0.72145394 0.045383071 0.34448819,
  -0.7243689 0.043430709 0.34448819,-0.72872362 0.038113386 0.34448819,
  -0.72874921 0.038087402 0.34448819,-0.72875433 0.038075984 0.34448819,
  -0.15748031 -0.96850394 0.34448819,-0.14844055 -0.96670591 0.34448819,
  -0.1356563 -0.95392165 0.34448819,-0.13385827 -0.94488189 0.34448819,
  -0.13385827 0.5511811 0.34448819,-0.1356563 0.56022087 0.34448819,
  -0.14844055 0.57300512 0.34448819,-0.15748031 0.57480315 0.34448819,
  -1.6535433 0.57480315 0.34448819,-1.6625831 0.57300512 0.34448819,
  -1.6753673 0.56022087 0.34448819,-1.6771654 0.5511811 0.34448819,
  -1.6771654 -0.92125984 0.34448819,-1.6771654 -0.94488189 0.34448819,
  -1.6753673 -0.95392165 0.34448819,-1.6625831 -0.96670591 0.34448819,
  -1.6535433 -0.96850394 0.34448819,-0.18110236 0.52755906 0.34448819,
  -0.18110236 -0.92125984 0.34448819,-1.6299213 -0.92125984 0.34448819,
  -1.6299213 0.52755906 0.34448819,0.64030157 0.025314567 0.34448819,
  0.63501063 0.038087402 0.34448819,0.62523465 0.047863386 0.34448819,
  0.61246181 0.053154331 0.34448819,0.59863661 0.053154331 0.34448819,
  0.58586378 0.047863386 0.34448819,0.5760878 0.038087402 0.34448819,
  0.57079685 0.025314567 0.34448819,0.57011614 0.018401969 0.34448819,
  0.57011614 -0.30030787 0.34448819,0.57079685 -0.30722047 0.34448819,
  0.57128386 -0.30839685 0.34448819,0.57137441 -0.30966693 0.34448819,
  0.57385709 -0.31615394 0.34448819,0.59260433 -0.35364921 0.34448819,
  0.59447677 -0.35662402 0.34448819,0.59483504 -0.35748858 0.34448819,
  0.59563386 -0.35846181 0.34448819,0.59630472 -0.35952756 0.34448819,
  0.59701142 -0.36014055 0.34448819,0.59924173 -0.36285787 0.34448819,
  0.61798937 -0.38160591 0.34448819,0.62070709 -0.38383661 0.34448819,
  0.62132008 -0.38454331 0.34448819,0.62238386 -0.38521299 0.34448819,
  0.62335827 -0.3860126 0.34448819,0.62422402 -0.38637126 0.34448819,
  0.62719843 -0.38824331 0.34448819,0.66469331 -0.40699094 0.34448819,
  0.67118071 -0.40947362 0.34448819,0.67245039 -0.40956378 0.34448819,
  0.67362717 -0.41005118 0.34448819,0.68053976 -0.41073189 0.34448819,
  0.75553031 -0.41073189 0.34448819,0.76244291 -0.41005118 0.34448819,
  0.76361929 -0.40956378 0.34448819,0.76488937 -0.40947362 0.34448819,
  0.77137638 -0.40699094 0.34448819,0.80887165 -0.3882437 0.34448819,
  0.81184724 -0.38637008 0.34448819,0.81271142 -0.3860126 0.34448819,
  0.81368386 -0.38521417 0.34448819,0.81475 -0.38454331 0.34448819,
  0.81536299 -0.38383583 0.34448819,0.81808071 -0.38160591 0.34448819,
  0.83682835 -0.36285787 0.34448819,0.83905827 -0.36014055 0.34448819,
  0.83976535 -0.35952756 0.34448819,0.84043543 -0.3584622 0.34448819,
  0.84123504 -0.35748858 0.34448819,0.84159331 -0.35662283 0.34448819,
  0.84346535 -0.35364921 0.34448819,0.86221299 -0.31615433 0.34448819,
  0.86469567 -0.30966693 0.34448819,0.86478583 -0.30839685 0.34448819,
  0.86527323 -0.30722047 0.34448819,0.86595394 -0.30030787 0.34448819,
  0.86595394 0.018401969 0.34448819,0.86527323 0.025314567 0.34448819,
  0.85998228 0.038087402 0.34448819,0.8502063 0.047863386 0.34448819,
  0.83743346 0.053154331 0.34448819,0.82360827 0.053154331 0.34448819,
  0.81083543 0.047863386 0.34448819,0.80105945 0.038087402 0.34448819,
  0.7957685 0.025314567 0.34448819,0.7950878 0.018401969 0.34448819,
  0.7950878 -0.29194291 0.34448819,0.78265236 -0.31681378 0.34448819,
  0.77203622 -0.32743031 0.34448819,0.74716614 -0.33986575 0.34448819,
  0.68890472 -0.33986575 0.34448819,0.66403386 -0.32743031 0.34448819,
  0.65341772 -0.31681417 0.34448819,0.64098228 -0.29194331 0.34448819,
  0.64098228 0.018401969 0.34448819,1.2025724 0.03134685 0.34448819,
  1.1650772 0.050094094 0.34448819,1.1585902 0.052576772 0.34448819,
  1.1573201 0.052667323 0.34448819,1.1561437 0.053154331 0.34448819,
  1.1492311 0.053835039 0.34448819,1.0554929 0.053835039 0.34448819,
  1.0485803 0.053154331 0.34448819,1.0474035 0.052667323 0.34448819,
  1.0461339 0.052576772 0.34448819,1.0396465 0.050094094 0.34448819,
  1.0021516 0.031346457 0.34448819,0.99917638 0.029474016 0.34448819,
  0.99831181 0.029115748 0.34448819,0.99733858 0.028317323 0.34448819,
  0.99627323 0.027646457 0.34448819,0.99565984 0.02693937 0.34448819,
  0.99294252 0.024709055 0.34448819,0.97419488 0.005961811 0.34448819,
  0.96978858 0.00059251969 0.34448819,0.96449803 -0.012180709 0.34448819,
  0.96449803 -0.026005906 0.34448819,0.96978858 -0.038779134 0.34448819,
  0.97956417 -0.048554724 0.34448819,0.9923374 -0.053845276 0.34448819,
  1.0061626 -0.053845276 0.34448819,1.0189358 -0.048554724 0.34448819,
  1.0243051 -0.044148425 0.34448819,1.038987 -0.029466142 0.34448819,
  1.0638579 -0.017031102 0.34448819,1.1408669 -0.017031102 0.34448819,
  1.1657366 -0.029466142 0.34448819,1.1763531 -0.040082677 0.34448819,
  1.1887886 -0.06495315 0.34448819,1.1887886 -0.088333465 0.34448819,
  1.1745047 -0.13118543 0.34448819,0.95544724 -0.3502437 0.34448819,
  0.95104094 -0.35561299 0.34448819,0.95104094 -0.35561339 0.34448819,
  0.94575 -0.36838622 0.34448819,0.94575 -0.38221142 0.34448819,
  0.94824882 -0.3882437 0.34448819,0.95104094 -0.39498465 0.34448819,
  0.96081654 -0.40476024 0.34448819,0.96400669 -0.4060815 0.34448819,
  0.97358976 -0.41005118 0.34448819,0.98050236 -0.41073189 0.34448819,
  1.2242217 -0.41073189 0.34448819,1.2311343 -0.41005118 0.34448819,
  1.2439071 -0.40476024 0.34448819,1.2536831 -0.39498425 0.34448819,
  1.258974 -0.38221142 0.34448819,1.258974 -0.36838622 0.34448819,
  1.2536831 -0.35561339 0.34448819,1.2439071 -0.3458374 0.34448819,
  1.2311343 -0.34054646 0.34448819,1.2242217 -0.33986575 0.34448819,
  1.0660457 -0.33986575 0.34448819,1.2305291 -0.17538189 0.34448819,
  1.2349354 -0.1700126 0.34448819,1.2354224 -0.16883661 0.34448819,
  1.2362571 -0.16787441 0.34448819,1.2390886 -0.1615315 0.34448819,
  1.2578362 -0.10528898 0.34448819,1.2586154 -0.10186181 0.34448819,
  1.258974 -0.10099646 0.34448819,1.2590972 -0.099741732 0.34448819,
  1.2593764 -0.098515748 0.34448819,1.2593098 -0.097583071 0.34448819,
  1.2596547 -0.094083858 0.34448819,1.2596547 -0.056588583 0.34448819,
  1.258974 -0.049675984 0.34448819,1.2584866 -0.048499213 0.34448819,
  1.2583965 -0.047229528 0.34448819,1.2559138 -0.040742126 0.34448819,
  1.2371661 -0.0032472441 0.34448819,1.2352933 -0.00027204724 0.34448819,
  1.2349354 0.00059251969 0.34448819,1.2341366 0.001565748 0.34448819,
  1.2334661 0.0026311024 0.34448819,1.2327587 0.0032444882 0.34448819,
  1.2305287 0.005961811 0.34448819,1.2117815 0.024709449 0.34448819,
  1.2090634 0.026940157 0.34448819,1.2084508 0.027646457 0.34448819,
  1.207385 0.028317323 0.34448819,1.2064122 0.029115748 0.34448819,
  1.205548 0.029473622 0.34448819,1.6535433 -0.96850394 0.34448819,
  1.6625831 -0.96670591 0.34448819,1.6753673 -0.95392165 0.34448819,
  1.6771654 -0.94488189 0.34448819,1.6771654 0.5511811 0.34448819,
  1.6753673 0.56022087 0.34448819,1.6625831 0.57300512 0.34448819,
  1.6535433 0.57480315 0.34448819,0.15748031 0.57480315 0.34448819,
  0.14844055 0.57300512 0.34448819,0.1356563 0.56022087 0.34448819,
  0.13385827 0.5511811 0.34448819,0.13385827 -0.92125984 0.34448819,
  0.13385827 -0.94488189 0.34448819,0.1356563 -0.95392165 0.34448819,
  0.14844055 -0.96670591 0.34448819,0.15748031 -0.96850394 0.34448819,
  1.6299213 0.52755906 0.34448819,1.6299213 -0.92125984 0.34448819,
  0.18110236 -0.92125984 0.34448819,0.18110236 0.52755906 0.34448819,
  -1.0285016 1.5011807 0.34448819,-1.0333114 1.5127925 0.34448819,
  -1.0421984 1.5216795 0.34448819,-1.0538102 1.5264894 0.34448819,
  -1.0663787 1.5264894 0.34448819,-1.0779906 1.5216795 0.34448819,
  -1.0868776 1.5127925 0.34448819,-1.0916874 1.5011807 0.34448819,
  -1.0923063 1.4948965 0.34448819,-1.0923063 1.2051602 0.34448819,
  -1.0916874 1.198876 0.34448819,-1.0912449 1.1978075 0.34448819,
  -1.0911626 1.1966524 0.34448819,-1.0889055 1.1907547 0.34448819,
  -1.0718622 1.1566681 0.34448819,-1.0701598 1.1539638 0.34448819,
  -1.0698343 1.1531776 0.34448819,-1.0691087 1.1522933 0.34448819,
  -1.0684984 1.151324 0.34448819,-1.0678555 1.1507665 0.34448819,
  -1.0658283 1.1482965 0.34448819,-1.048785 1.1312531 0.34448819,
  -1.0463154 1.1292264 0.34448819,-1.0457575 1.1285831 0.34448819,
  -1.0447886 1.1279732 0.34448819,-1.0439039 1.1272472 0.34448819,
  -1.0431181 1.126922 0.34448819,-1.0404134 1.1252193 0.34448819,
  -1.0063268 1.108176 0.34448819,-1.0004295 1.1059193 0.34448819,
  -0.99927559 1.1058374 0.34448819,-0.99820551 1.1053941 0.34448819,
  -0.99192126 1.1047752 0.34448819,-0.92374803 1.1047752 0.34448819,
  -0.91746378 1.1053941 0.34448819,-0.91639528 1.105837 0.34448819,
  -0.91524016 1.1059189 0.34448819,-0.90934252 1.108176 0.34448819,
  -0.87525591 1.1252193 0.34448819,-0.87255157 1.126922 0.34448819,
  -0.87176535 1.1272472 0.34448819,-0.8708811 1.1279732 0.34448819,
  -0.86991181 1.1285831 0.34448819,-0.86935433 1.1292264 0.34448819,
  -0.86688425 1.1312531 0.34448819,-0.84984094 1.1482965 0.34448819,
  -0.84781417 1.1507665 0.34448819,-0.84717087 1.151324 0.34448819,
  -0.84656102 1.1522933 0.34448819,-0.84583504 1.1531776 0.34448819,
  -0.84550984 1.1539638 0.34448819,-0.84380709 1.1566681 0.34448819,
  -0.82676378 1.1907547 0.34448819,-0.82450709 1.196652 0.34448819,
  -0.8244252 1.1978063 0.34448819,-0.82398189 1.198876 0.34448819,
  -0.82336299 1.2051602 0.34448819,-0.82336299 1.4948965 0.34448819,
  -0.82398189 1.5011807 0.34448819,-0.82879173 1.5127925 0.34448819,
  -0.83767874 1.5216795 0.34448819,-0.84929055 1.5264894 0.34448819,
  -0.86185906 1.5264894 0.34448819,-0.87347087 1.5216795 0.34448819,
  -0.88235787 1.5127925 0.34448819,-0.88716772 1.5011807 0.34448819,
  -0.88778661 1.4948965 0.34448819,-0.88778661 1.2127642 0.34448819,
  -0.89909134 1.1901547 0.34448819,-0.90874252 1.1805035 0.34448819,
  -0.93135197 1.1691988 0.34448819,-0.98431732 1.1691988 0.34448819,
  -1.0069268 1.1805035 0.34448819,-1.016578 1.1901547 0.34448819,
  -1.0278827 1.2127642 0.34448819,-1.0278827 1.4948965 0.34448819,
  -0.51734646 1.1252193 0.34448819,-0.51464213 1.126922 0.34448819,
  -0.51385591 1.1272472 0.34448819,-0.51297165 1.1279732 0.34448819,
  -0.51200236 1.1285831 0.34448819,-0.51144488 1.1292264 0.34448819,
  -0.5089748 1.1312531 0.34448819,-0.4919315 1.1482965 0.34448819,
  -0.48990472 1.1507665 0.34448819,-0.48926142 1.151324 0.34448819,
  -0.48865157 1.1522933 0.34448819,-0.48792559 1.1531776 0.34448819,
  -0.48760039 1.1539638 0.34448819,-0.48589764 1.1566681 0.34448819,
  -0.46885433 1.1907547 0.34448819,-0.46659764 1.196652 0.34448819,
  -0.46651575 1.1978063 0.34448819,-0.46607244 1.198876 0.34448819,
  -0.46545354 1.2051602 0.34448819,-0.46545354 1.2903768 0.34448819,
  -0.46607244 1.296661 0.34448819,-0.46651575 1.2977311 0.34448819,
  -0.46659764 1.298885 0.34448819,-0.46885433 1.3047823 0.34448819,
  -0.48589764 1.3388689 0.34448819,-0.48760039 1.3415736 0.34448819,
  -0.48792559 1.3423594 0.34448819,-0.48865157 1.3432441 0.34448819,
  -0.48926142 1.344213 0.34448819,-0.48990472 1.3447709 0.34448819,
  -0.4919315 1.3472406 0.34448819,-0.5089748 1.3642839 0.34448819,
  -0.51144488 1.366311 0.34448819,-0.51200236 1.3669539 0.34448819,
  -0.51297165 1.3675642 0.34448819,-0.51385591 1.3682898 0.34448819,
  -0.51464213 1.3686154 0.34448819,-0.51734646 1.3703177 0.34448819,
  -0.54971063 1.3865 0.34448819,-0.47342362 1.4736846 0.34448819,
  -0.47148189 1.4764012 0.34448819,-0.47088228 1.4770004 0.34448819,
  -0.47064685 1.4775689 0.34448819,-0.46975118 1.4788217 0.34448819,
  -0.4680752 1.4837776 0.34448819,-0.46607244 1.4886122 0.34448819,
  -0.46607244 1.4896992 0.34448819,-0.46572441 1.490728 0.34448819,
  -0.46607244 1.4959496 0.34448819,-0.46607244 1.5011807 0.34448819,
  -0.46648819 1.5021843 0.34448819,-0.46656024 1.5032681 0.34448819,
  -0.46888071 1.5079594 0.34448819,-0.47088228 1.5127925 0.34448819,
  -0.47165039 1.5135606 0.34448819,-0.47213189 1.5145343 0.34448819,
  -0.47606929 1.5179795 0.34448819,-0.47976929 1.5216795 0.34448819,
  -0.48077323 1.5220957 0.34448819,-0.48159055 1.5228106 0.34448819,
  -0.48654646 1.524487 0.34448819,-0.4913811 1.5264894 0.34448819,
  -0.49291457 1.5266406 0.34448819,-0.49349685 1.5268374 0.34448819,
  -0.49434291 1.5267811 0.34448819,-0.49766535 1.5271083 0.34448819,
  -0.71922835 1.5271083 0.34448819,-0.7255126 1.5264894 0.34448819,
  -0.73712441 1.5216795 0.34448819,-0.74601142 1.5127925 0.34448819,
  -0.75082126 1.5011807 0.34448819,-0.75082126 1.4886122 0.34448819,
  -0.74601142 1.4770004 0.34448819,-0.73712441 1.4681134 0.34448819,
  -0.7255126 1.4633035 0.34448819,-0.71922835 1.4626846 0.34448819,
  -0.56865276 1.4626846 0.34448819,-0.64121024 1.3797618 0.34448819,
  -0.64315236 1.3770457 0.34448819,-0.64375157 1.3764461 0.34448819,
  -0.6439874 1.375878 0.34448819,-0.64488268 1.3746248 0.34448819,
  -0.64655906 1.3696693 0.34448819,-0.64856142 1.3648343 0.34448819,
  -0.64856142 1.3637476 0.34448819,-0.64890945 1.3627185 0.34448819,
  -0.64856142 1.3574972 0.34448819,-0.64856142 1.3522657 0.34448819,
  -0.64814606 1.3512626 0.34448819,-0.64807362 1.3501783 0.34448819,
  -0.64575354 1.3454874 0.34448819,-0.64375157 1.3406539 0.34448819,
  -0.64298386 1.3398862 0.34448819,-0.64250197 1.3389122 0.34448819,
  -0.63856496 1.3354673 0.34448819,-0.63486457 1.3317669 0.34448819,
  -0.63386102 1.3313512 0.34448819,-0.63304331 1.3306358 0.34448819,
  -0.6280878 1.3289598 0.34448819,-0.62325276 1.3269571 0.34448819,
  -0.62171969 1.3268063 0.34448819,-0.62113701 1.3266091 0.34448819,
  -0.62029134 1.3266657 0.34448819,-0.6169685 1.3263382 0.34448819,
  -0.57344252 1.3263382 0.34448819,-0.55083307 1.3150335 0.34448819,
  -0.54118189 1.3053823 0.34448819,-0.52987717 1.2827728 0.34448819,
  -0.52987717 1.2127642 0.34448819,-0.54118189 1.1901547 0.34448819,
  -0.55083307 1.1805035 0.34448819,-0.57344252 1.1691988 0.34448819,
  -0.66049449 1.1691988 0.34448819,-0.68310394 1.1805035 0.34448819,
  -0.69645118 1.1938508 0.34448819,-0.70133228 1.1978567 0.34448819,
  -0.71294409 1.2026665 0.34448819,-0.7255126 1.2026665 0.34448819,
  -0.73712441 1.1978567 0.34448819,-0.74601142 1.1889697 0.34448819,
  -0.75082126 1.1773579 0.34448819,-0.75082126 1.1647894 0.34448819,
  -0.74601142 1.1531776 0.34448819,-0.74200551 1.1482965 0.34448819,
  -0.7249622 1.1312531 0.34448819,-0.72249252 1.1292264 0.34448819,
  -0.72193465 1.1285831 0.34448819,-0.72096575 1.1279732 0.34448819,
  -0.7200811 1.1272472 0.34448819,-0.71929528 1.126922 0.34448819,
  -0.71659055 1.1252193 0.34448819,-0.68250394 1.108176 0.34448819,
  -0.67660669 1.1059193 0.34448819,-0.67545276 1.1058374 0.34448819,
  -0.67438268 1.1053941 0.34448819,-0.66809843 1.1047752 0.34448819,
  -0.56583858 1.1047752 0.34448819,-0.55955433 1.1053941 0.34448819,
  -0.55848583 1.105837 0.34448819,-0.55733071 1.1059189 0.34448819,
  -0.55143307 1.108176 0.34448819,-0.33464567 0.82283465 0.34448819,
  -0.32560591 0.82463268 0.34448819,-0.31282165 0.83741693 0.34448819,
  -0.31102362 0.84645669 0.34448819,-0.31102362 1.7519685 0.34448819,
  -0.31282165 1.7610083 0.34448819,-0.32560591 1.7737925 0.34448819,
  -0.33464567 1.7755906 0.34448819,-1.2401575 1.7755906 0.34448819,
  -1.2491972 1.7737925 0.34448819,-1.2619815 1.7610083 0.34448819,
  -1.2637795 1.7519685 0.34448819,-1.2637795 0.87007874 0.34448819,
  -1.2637795 0.84645669 0.34448819,-1.2619815 0.83741693 0.34448819,
  -1.2491972 0.82463268 0.34448819,-1.2401575 0.82283465 0.34448819,
  -0.35826772 1.7283465 0.34448819,-0.35826772 0.87007874 0.34448819,
  -1.2165354 0.87007874 0.34448819,-1.2165354 1.7283465 0.34448819,
  0.54630157 1.5011807 0.34448819,0.54149173 1.5127925 0.34448819,
  0.53260472 1.5216795 0.34448819,0.52099291 1.5264894 0.34448819,
  0.50842441 1.5264894 0.34448819,0.4968126 1.5216795 0.34448819,
  0.48792559 1.5127925 0.34448819,0.48311575 1.5011807 0.34448819,
  0.48249685 1.4948965 0.34448819,0.48249685 1.2051602 0.34448819,
  0.48311575 1.198876 0.34448819,0.48355827 1.1978075 0.34448819,
  0.48364055 1.1966524 0.34448819,0.48589764 1.1907547 0.34448819,
  0.50294094 1.1566681 0.34448819,0.50464331 1.1539638 0.34448819,
  0.5049689 1.1531776 0.34448819,0.50569449 1.1522933 0.34448819,
  0.50630472 1.151324 0.34448819,0.50694764 1.1507665 0.34448819,
  0.5089748 1.1482965 0.34448819,0.52601811 1.1312531 0.34448819,
  0.5284878 1.1292264 0.34448819,0.52904567 1.1285831 0.34448819,
  0.53001457 1.1279732 0.34448819,0.53089921 1.1272472 0.34448819,
  0.53168504 1.126922 0.34448819,0.53438976 1.1252193 0.34448819,
  0.56847638 1.108176 0.34448819,0.57437362 1.1059193 0.34448819,
  0.57552756 1.1058374 0.34448819,0.57659764 1.1053941 0.34448819,
  0.58288189 1.1047752 0.34448819,0.65105512 1.1047752 0.34448819,
  0.65733937 1.1053941 0.34448819,0.65840787 1.105837 0.34448819,
  0.65956299 1.1059189 0.34448819,0.66546063 1.108176 0.34448819,
  0.69954724 1.1252193 0.34448819,0.70225157 1.126922 0.34448819,
  0.7030378 1.1272472 0.34448819,0.70392205 1.1279732 0.34448819,
  0.70489134 1.1285831 0.34448819,0.70544882 1.1292264 0.34448819,
  0.7079189 1.1312531 0.34448819,0.7249622 1.1482965 0.34448819,
  0.72698898 1.1507665 0.34448819,0.72763228 1.151324 0.34448819,
  0.72824213 1.1522933 0.34448819,0.72896811 1.1531776 0.34448819,
  0.72929331 1.1539638 0.34448819,0.73099606 1.1566681 0.34448819,
  0.74803937 1.1907547 0.34448819,0.75029606 1.196652 0.34448819,
  0.75037795 1.1978063 0.34448819,0.75082126 1.198876 0.34448819,
  0.75144016 1.2051602 0.34448819,0.75144016 1.4948965 0.34448819,
  0.75082126 1.5011807 0.34448819,0.74601142 1.5127925 0.34448819,
  0.73712441 1.5216795 0.34448819,0.7255126 1.5264894 0.34448819,
  0.71294409 1.5264894 0.34448819,0.70133228 1.5216795 0.34448819,
  0.69244528 1.5127925 0.34448819,0.68763543 1.5011807 0.34448819,
  0.68701654 1.4948965 0.34448819,0.68701654 1.2127642 0.34448819,
  0.67571181 1.1901547 0.34448819,0.66606063 1.1805035 0.34448819,
  0.64345118 1.1691988 0.34448819,0.59048583 1.1691988 0.34448819,
  0.56787638 1.1805035 0.34448819,0.5582252 1.1901547 0.34448819,
  0.54692047 1.2127642 0.34448819,0.54692047 1.4948965 0.34448819,
  0.8410252 1.2619291 0.34448819,0.84065906 1.2603189 0.34448819,
  0.8410252 1.2551693 0.34448819,0.8410252 1.2500059 0.34448819,
  0.84146811 1.2489362 0.34448819,0.84155039 1.2477819 0.34448819,
  0.84385906 1.2431642 0.34448819,0.84583504 1.2383941 0.34448819,
  0.84665315 1.237576 0.34448819,0.84717087 1.2365406 0.34448819,
  0.85107126 1.2331579 0.34448819,0.85472205 1.2295071 0.34448819,
  0.85579134 1.2290642 0.34448819,0.85666575 1.2283059 0.34448819,
  0.86156339 1.2266732 0.34448819,0.86633386 1.2246972 0.34448819,
  0.86797598 1.2245358 0.34448819,0.86858937 1.2243311 0.34448819,
  0.86943858 1.2243917 0.34448819,0.87261811 1.2240783 0.34448819,
  1.0108394 1.2240783 0.34448819,1.0108394 1.136987 0.34448819,
  1.0114583 1.1307028 0.34448819,1.0162681 1.1190909 0.34448819,
  1.0251551 1.1102039 0.34448819,1.0367669 1.1053941 0.34448819,
  1.0493354 1.1053941 0.34448819,1.0609472 1.1102039 0.34448819,
  1.0698343 1.1190909 0.34448819,1.0746441 1.1307028 0.34448819,
  1.075263 1.136987 0.34448819,1.075263 1.2240783 0.34448819,
  1.0941811 1.2240783 0.34448819,1.1004654 1.2246972 0.34448819,
  1.1120772 1.2295071 0.34448819,1.1209642 1.2383941 0.34448819,
  1.125774 1.2500059 0.34448819,1.125774 1.2625744 0.34448819,
  1.1209642 1.2741862 0.34448819,1.1120772 1.2830732 0.34448819,
  1.1004654 1.2878831 0.34448819,1.0941811 1.288502 0.34448819,
  1.075263 1.288502 0.34448819,1.075263 1.3755933 0.34448819,
  1.0746441 1.3818776 0.34448819,1.0698343 1.3934894 0.34448819,
  1.0609472 1.4023764 0.34448819,1.0493354 1.4071862 0.34448819,
  1.0367669 1.4071862 0.34448819,1.0251551 1.4023764 0.34448819,
  1.0162681 1.3934894 0.34448819,1.0114583 1.3818776 0.34448819,
  1.0108394 1.3755933 0.34448819,1.0108394 1.288502 0.34448819,
  0.91730945 1.288502 0.34448819,0.98839331 1.5017535 0.34448819,
  0.9897937 1.507911 0.34448819,0.98890236 1.520448 0.34448819,
  0.98328189 1.5316894 0.34448819,0.97378701 1.539924 0.34448819,
  0.96186339 1.5438988 0.34448819,0.94932638 1.5430075 0.34448819,
  0.93808504 1.537387 0.34448819,0.92985039 1.5278921 0.34448819,
  0.92727598 1.522126 0.34448819,0.84205945 1.2664764 0.34448819,
  0.84135079 1.2633606 0.34448819,0.8410252 1.2625744 0.34448819,
  1.2401575 0.82283465 0.34448819,1.2491972 0.82463268 0.34448819,
  1.2619815 0.83741693 0.34448819,1.2637795 0.84645669 0.34448819,
  1.2637795 1.7519685 0.34448819,1.2619815 1.7610083 0.34448819,
  1.2491972 1.7737925 0.34448819,1.2401575 1.7755906 0.34448819,
  0.33464567 1.7755906 0.34448819,0.32560591 1.7737925 0.34448819,
  0.31282165 1.7610083 0.34448819,0.31102362 1.7519685 0.34448819,
  0.31102362 0.87007874 0.34448819,0.31102362 0.84645669 0.34448819,
  0.31282165 0.83741693 0.34448819,0.32560591 0.82463268 0.34448819,
  0.33464567 0.82283465 0.34448819,1.2165354 1.7283465 0.34448819,
  1.2165354 0.87007874 0.34448819,0.35826772 0.87007874 0.34448819,
  0.35826772 1.7283465 0.34448819,1.9291339 1.988189 0.34448819,
  1.9366669 1.9896874 0.34448819,1.9473205 2.0003409 0.34448819,
  1.9488189 2.007874 0.34448819,1.9488189 2.480315 0.34448819,
  1.9473205 2.487848 0.34448819,1.9366669 2.4985016 0.34448819,
  1.9291339 2.5 0.34448819,-1.9291339 2.5 0.34448819,
  -1.9366669 2.4985016 0.34448819,-1.9473205 2.487848 0.34448819,
  -1.9488189 2.480315 0.34448819,-1.9488189 2.0275591 0.34448819,
  -1.9488189 2.007874 0.34448819,-1.9473205 2.0003409 0.34448819,
  -1.9366669 1.9896874 0.34448819,-1.9291339 1.988189 0.34448819,
  1.9094488 2.4606299 0.34448819,1.9094488 2.0275591 0.34448819,
  -1.9094488 2.0275591 0.34448819,-1.9094488 2.4606299 0.34448819,
  0.34660669 2.9693862 0.34448819,0.34634961 2.9693008 0.34448819,
  0.34495669 2.9695776 0.34448819,0.28496417 2.9695776 0.34448819,
  0.28357087 2.9693008 0.34448819,0.28295433 2.9695059 0.34448819,
  0.27857441 2.9683067 0.34448819,0.27411654 2.9674197 0.34448819,
  0.2736563 2.9669598 0.34448819,0.27228701 2.9665846 0.34448819,
  0.24229094 2.9515862 0.34448819,0.23870079 2.9488004 0.34448819,
  0.23492402 2.9462764 0.34448819,0.21992598 2.9312787 0.34448819,
  0.21740118 2.9275008 0.34448819,0.21461614 2.9239118 0.34448819,
  0.19961811 2.8939157 0.34448819,0.19924291 2.8925465 0.34448819,
  0.19878307 2.8920862 0.34448819,0.19789606 2.8876283 0.34448819,
  0.19669685 2.8832484 0.34448819,0.19690197 2.8826319 0.34448819,
  0.1966252 2.8812386 0.34448819,0.1966252 2.8745472 0.34448819,
  0.1966252 2.7912496 0.34448819,0.19690197 2.7898567 0.34448819,
  0.19669685 2.7892398 0.34448819,0.19789606 2.7848602 0.34448819,
  0.19878307 2.780402 0.34448819,0.19924291 2.7799421 0.34448819,
  0.19961811 2.7785724 0.34448819,0.21461614 2.7485764 0.34448819,
  0.21740315 2.7449854 0.34448819,0.21992598 2.7412098 0.34448819,
  0.23492402 2.7262114 0.34448819,0.23870118 2.7236878 0.34448819,
  0.24229134 2.7209012 0.34448819,0.2722874 2.7059031 0.34448819,
  0.27365669 2.7055283 0.34448819,0.27411654 2.7050685 0.34448819,
  0.27857362 2.7041819 0.34448819,0.28295472 2.7029823 0.34448819,
  0.28357087 2.7031878 0.34448819,0.28496417 2.7029106 0.34448819,
  0.34495669 2.7029106 0.34448819,0.34634882 2.7031878 0.34448819,
  0.34696614 2.7029819 0.34448819,0.35135 2.7041827 0.34448819,
  0.35580433 2.7050685 0.34448819,0.35626378 2.7055283 0.34448819,
  0.35763346 2.7059031 0.34448819,0.36139173 2.7077823 0.34448819,
  0.36410551 2.7050685 0.34448819,0.38580079 2.7050685 0.34448819,
  0.40114173 2.7204094 0.34448819,0.40329961 2.7312571 0.34448819,
  0.40329961 3.0462177 0.34448819,0.40114173 3.0570654 0.34448819,
  0.38580079 3.0724063 0.34448819,0.36410551 3.0724063 0.34448819,
  0.34876457 3.0570654 0.34448819,0.34660669 3.0462177 0.34448819,
  0.34660669 2.9087138 0.34448819,0.34660669 2.7637744 0.34448819,
  0.33826496 2.7596035 0.34448819,0.29165591 2.7596035 0.34448819,
  0.27175906 2.769552 0.34448819,0.26326614 2.7780449 0.34448819,
  0.25331811 2.7979413 0.34448819,0.25331811 2.8745472 0.34448819,
  0.26326575 2.8944429 0.34448819,0.27175945 2.9029366 0.34448819,
  0.2916563 2.9128846 0.34448819,0.33826457 2.9128846 0.34448819,
  0.13117559 3.0420673 0.34448819,0.1311752 3.0420677 0.34448819,
  0.12503071 3.0512638 0.34448819,0.11003307 3.0662618 0.34448819,
  0.10083661 3.0724063 0.34448819,0.079141339 3.0724063 0.34448819,
  0.079140157 3.0724055 0.34448819,0.069945276 3.0662618 0.34448819,
  0.05494685 3.0512638 0.34448819,0.048801969 3.0420677 0.34448819,
  0.048801969 3.0420669 0.34448819,0.048801969 3.0203717 0.34448819,
  0.05494685 3.0111756 0.34448819,0.069945276 2.9961776 0.34448819,
  0.079140157 2.9900343 0.34448819,0.079141339 2.9900331 0.34448819,
  0.079141732 2.9900331 0.34448819,0.10083661 2.9900331 0.34448819,
  0.11003307 2.9961776 0.34448819,0.12503071 3.0111756 0.34448819,
  0.13117559 3.020372 0.34448819,-0.0018350394 2.9444669 0.34448819,
  -0.01237126 2.9634323 0.34448819,-0.03323189 2.9693921 0.34448819,
  -0.05219685 2.9588559 0.34448819,-0.057251969 2.9490185 0.34448819,
  -0.094464961 2.8187732 0.34448819,-0.1236622 2.8917661 0.34448819,
  -0.12969449 2.9010366 0.34448819,-0.13003661 2.9011835 0.34448819,
  -0.13018307 2.9015256 0.34448819,-0.13996299 2.9054374 0.34448819,
  -0.14963543 2.9095827 0.34448819,-0.1499811 2.9094445 0.34448819,
  -0.15032677 2.9095827 0.34448819,-0.16000669 2.9054346 0.34448819,
  -0.16977913 2.9015252 0.34448819,-0.16992598 2.9011835 0.34448819,
  -0.17026772 2.9010366 0.34448819,-0.1763 2.8917661 0.34448819,
  -0.20549764 2.8187732 0.34448819,-0.24271024 2.9490185 0.34448819,
  -0.24776535 2.9588559 0.34448819,-0.26673031 2.9693921 0.34448819,
  -0.28759094 2.9634319 0.34448819,-0.29812717 2.9444669 0.34448819,
  -0.29722205 2.9334437 0.34448819,-0.23722953 2.7234697 0.34448819,
  -0.23217441 2.7136323 0.34448819,-0.23051811 2.7127122 0.34448819,
  -0.22977165 2.7109705 0.34448819,-0.22124213 2.7075587 0.34448819,
  -0.21320945 2.7030961 0.34448819,-0.2113874 2.7036169 0.34448819,
  -0.20962795 2.702913 0.34448819,-0.20118504 2.7065319 0.34448819,
  -0.19234882 2.7090559 0.34448819,-0.19142835 2.710713 0.34448819,
  -0.18968701 2.7114591 0.34448819,-0.18365472 2.7207295 0.34448819,
  -0.1499811 2.8049138 0.34448819,-0.11630748 2.7207295 0.34448819,
  -0.1102752 2.7114591 0.34448819,-0.10853386 2.710713 0.34448819,
  -0.10761339 2.7090563 0.34448819,-0.098779528 2.7065323 0.34448819,
  -0.090334252 2.702913 0.34448819,-0.088575197 2.7036169 0.34448819,
  -0.086752756 2.7030961 0.34448819,-0.078722047 2.7075579 0.34448819,
  -0.070190551 2.7109701 0.34448819,-0.069444094 2.7127122 0.34448819,
  -0.067787795 2.7136323 0.34448819,-0.062732677 2.7234697 0.34448819,
  -0.0027401575 2.9334437 0.34448819,-0.4965878 2.9645996 0.34448819,
  -0.4965878 3.0462177 0.34448819,-0.49874567 3.0570654 0.34448819,
  -0.51408661 3.0724063 0.34448819,-0.53578189 3.0724063 0.34448819,
  -0.55112283 3.0570654 0.34448819,-0.55328071 3.0462177 0.34448819,
  -0.55328071 2.7312571 0.34448819,-0.55112283 2.7204094 0.34448819,
  -0.53578189 2.7050685 0.34448819,-0.51408661 2.7050685 0.34448819,
  -0.49874567 2.7204094 0.34448819,-0.4965878 2.7312571 0.34448819,
  -0.4965878 2.8994933 0.34448819,-0.49314488 2.9029366 0.34448819,
  -0.47324803 2.9128846 0.34448819,-0.4416378 2.9128846 0.34448819,
  -0.42607756 2.9051047 0.34448819,-0.41829764 2.8895449 0.34448819,
  -0.41829764 2.7312571 0.34448819,-0.41613976 2.7204094 0.34448819,
  -0.40079882 2.7050685 0.34448819,-0.37910354 2.7050685 0.34448819,
  -0.3637626 2.7204094 0.34448819,-0.36160472 2.7312571 0.34448819,
  -0.36160472 2.8962366 0.34448819,-0.36188189 2.8976299 0.34448819,
  -0.36167638 2.8982461 0.34448819,-0.36287598 2.9026272 0.34448819,
  -0.3637626 2.9070843 0.34448819,-0.36422244 2.9075441 0.34448819,
  -0.36459724 2.9089134 0.34448819,-0.37959528 2.9389094 0.34448819,
  -0.3830563 2.9433689 0.34448819,-0.38353504 2.9448051 0.34448819,
  -0.38513504 2.9460472 0.34448819,-0.38637677 2.9476469 0.34448819,
  -0.38781339 2.948126 0.34448819,-0.39227244 2.9515866 0.34448819,
  -0.4222685 2.966585 0.34448819,-0.42363858 2.9669602 0.34448819,
  -0.42409803 2.9674197 0.34448819,-0.42855512 2.9683063 0.34448819,
  -0.43293622 2.9695059 0.34448819,-0.43355276 2.9693008 0.34448819,
  -0.43494567 2.9695776 0.34448819,-0.47994016 2.9695776 0.34448819,
  -0.48133346 2.9693008 0.34448819,-0.48195 2.9695059 0.34448819,
  -0.48632992 2.9683067 0.34448819,-0.4907878 2.9674197 0.34448819,
  -0.49124803 2.9669598 0.34448819,-0.49261732 2.9665846 0.34448819,
  0.11833543 2.9412311 0.34448819,0.11617756 2.9520787 0.34448819,
  0.10083661 2.9674197 0.34448819,0.079141339 2.9674197 0.34448819,
  0.063800394 2.9520787 0.34448819,0.06164252 2.9412311 0.34448819,
  0.06164252 2.7312571 0.34448819,0.063800394 2.7204094 0.34448819,
  0.079141339 2.7050685 0.34448819,0.10083661 2.7050685 0.34448819,
  0.11617756 2.7204094 0.34448819,0.11833543 2.7312571 0.34448819,
  0.56612126 2.7571028 0.34448819,0.56612008 2.7571039 0.34448819,
  0.55997677 2.7662988 0.34448819,0.54497874 2.7812972 0.34448819,
  0.53578268 2.7874421 0.34448819,0.53578228 2.7874421 0.34448819,
  0.51408701 2.7874421 0.34448819,0.50489055 2.7812976 0.34448819,
  0.48989213 2.7662992 0.34448819,0.48374764 2.7571028 0.34448819,
  0.48374764 2.7571024 0.34448819,0.48374764 2.7354071 0.34448819,
  0.48989252 2.726211 0.34448819,0.50489094 2.711213 0.34448819,
  0.51408583 2.7050697 0.34448819,0.51408701 2.7050685 0.34448819,
  0.5140874 2.7050685 0.34448819,0.53578228 2.7050685 0.34448819,
  0.54497874 2.711213 0.34448819,0.55997638 2.726211 0.34448819,
  0.56612126 2.7354075 0.34448819,0.56612126 2.9220823 0.34448819,
  0.56612087 2.9220827 0.34448819,0.55997638 2.9312787 0.34448819,
  0.54497874 2.9462768 0.34448819,0.53578228 2.9524213 0.34448819,
  0.51408701 2.9524213 0.34448819,0.51408583 2.9524205 0.34448819,
  0.50489094 2.9462768 0.34448819,0.48989252 2.9312787 0.34448819,
  0.48374764 2.9220827 0.34448819,0.48374764 2.9220819 0.34448819,
  0.48374764 2.9003866 0.34448819,0.48989252 2.8911906 0.34448819,
  0.50489094 2.8761925 0.34448819,0.51408583 2.8700492 0.34448819,
  0.51408701 2.870048 0.34448819,0.5140874 2.870048 0.34448819,
  0.53578228 2.870048 0.34448819,0.54497874 2.8761925 0.34448819,
  0.55997638 2.8911906 0.34448819,0.56612126 2.900387 0.34448819] }
 coordIndex [
  16,17,18,-1,16,18,11,-1,16,11,13,-1,16,13,14,-1,16,14,15,-1,7,8,21,-1,21,8,9,-1,21,9,20,-1,
  20,9,10,-1,20,10,19,-1,19,10,11,-1,19,11,18,-1,4,5,24,-1,24,5,6,-1,24,6,23,-1,23,6,7,-1,
  23,7,22,-1,22,7,21,-1,81,82,27,-1,27,82,83,-1,27,83,26,-1,26,83,91,-1,26,91,25,-1,25,91,4,-1,
  25,4,24,-1,56,57,72,-1,72,57,58,-1,72,58,71,-1,71,58,59,-1,71,59,70,-1,70,59,60,-1,70,60,69,-1,
  69,60,61,-1,69,61,68,-1,68,61,63,-1,68,63,66,-1,66,63,64,-1,66,64,65,-1,75,54,74,-1,74,54,55,-1,
  74,55,73,-1,73,55,56,-1,73,56,72,-1,75,76,54,-1,54,76,77,-1,54,77,53,-1,53,77,0,-1,53,0,92,-1,
  92,0,1,-1,92,1,2,-1,93,94,52,-1,93,52,53,-1,93,53,92,-1,95,96,45,-1,95,45,46,-1,95,46,47,-1,
  95,47,48,-1,95,48,49,-1,95,49,50,-1,95,50,51,-1,95,51,52,-1,95,52,94,-1,97,88,79,-1,97,79,35,-1,
  97,35,44,-1,97,44,45,-1,97,45,96,-1,38,42,37,-1,37,42,43,-1,37,43,36,-1,36,43,44,-1,36,44,35,-1,
  42,38,39,-1,42,39,40,-1,42,40,41,-1,92,2,3,-1,92,3,4,-1,92,4,91,-1,84,85,90,-1,84,90,91,-1,
  84,91,83,-1,86,87,89,-1,86,89,90,-1,86,90,85,-1,78,79,88,-1,78,88,89,-1,78,89,87,-1,81,27,28,-1,
  81,28,29,-1,81,29,30,-1,81,30,31,-1,81,31,32,-1,81,32,33,-1,81,33,34,-1,81,34,80,-1,34,35,79,-1,
  34,79,80,-1,112,113,117,-1,117,113,114,-1,117,114,116,-1,116,114,115,-1,112,117,118,-1,112,118,119,-1,112,119,120,-1,
  112,120,111,-1,110,111,120,-1,110,120,121,-1,110,121,122,-1,110,122,123,-1,110,123,124,-1,110,124,125,-1,110,125,126,-1,
  110,126,127,-1,110,127,109,-1,103,104,154,-1,154,104,105,-1,154,105,153,-1,153,105,106,-1,153,106,129,-1,129,106,107,-1,
  129,107,128,-1,128,107,108,-1,128,108,127,-1,127,108,109,-1,186,187,202,-1,202,187,188,-1,202,188,201,-1,201,188,189,-1,
  201,189,200,-1,200,189,190,-1,200,190,199,-1,199,190,191,-1,199,191,198,-1,198,191,193,-1,198,193,196,-1,196,193,194,-1,
  196,194,195,-1,183,184,205,-1,205,184,185,-1,205,185,204,-1,204,185,186,-1,204,186,203,-1,203,186,202,-1,158,159,99,-1,
  99,159,160,-1,99,160,98,-1,98,160,183,-1,98,183,205,-1,161,162,182,-1,161,182,183,-1,161,183,160,-1,163,164,175,-1,
  163,175,176,-1,163,176,177,-1,163,177,178,-1,163,178,179,-1,163,179,180,-1,163,180,181,-1,163,181,182,-1,163,182,162,-1,
  165,166,172,-1,165,172,173,-1,165,173,174,-1,165,174,175,-1,165,175,164,-1,167,168,170,-1,167,170,171,-1,167,171,172,-1,
  167,172,166,-1,158,99,100,-1,158,100,101,-1,158,101,102,-1,158,102,157,-1,103,154,155,-1,103,155,156,-1,103,156,157,-1,
  103,157,102,-1,129,130,151,-1,129,151,152,-1,129,152,153,-1,140,142,139,-1,139,142,144,-1,139,144,137,-1,137,144,145,-1,
  137,145,136,-1,136,145,146,-1,136,146,135,-1,135,146,147,-1,135,147,134,-1,134,147,148,-1,134,148,133,-1,133,148,149,-1,
  133,149,132,-1,132,149,150,-1,132,150,131,-1,131,150,151,-1,131,151,130,-1,253,206,223,-1,223,206,207,-1,223,207,222,-1,
  222,207,208,-1,222,208,221,-1,221,208,209,-1,221,209,220,-1,220,209,210,-1,220,210,219,-1,219,210,211,-1,219,211,218,-1,
  218,211,212,-1,218,212,217,-1,217,212,213,-1,217,213,216,-1,216,213,214,-1,216,214,215,-1,264,253,223,-1,264,223,224,-1,
  264,224,225,-1,264,225,226,-1,264,226,263,-1,263,226,227,-1,263,227,228,-1,263,228,229,-1,263,229,230,-1,263,230,262,-1,
  262,230,231,-1,262,231,232,-1,262,232,233,-1,262,233,261,-1,261,233,260,-1,260,233,234,-1,260,234,259,-1,259,234,242,-1,
  259,242,243,-1,251,252,255,-1,255,252,206,-1,255,206,254,-1,254,206,253,-1,248,249,256,-1,256,249,250,-1,256,250,255,-1,
  255,250,251,-1,244,245,257,-1,257,245,246,-1,257,246,256,-1,256,246,247,-1,256,247,248,-1,243,244,257,-1,243,257,258,-1,
  243,258,259,-1,237,240,236,-1,236,240,241,-1,236,241,235,-1,235,241,242,-1,235,242,234,-1,238,239,240,-1,238,240,237,-1,
  342,265,282,-1,282,265,266,-1,282,266,281,-1,281,266,267,-1,281,267,280,-1,280,267,268,-1,280,268,279,-1,279,268,269,-1,
  279,269,278,-1,278,269,270,-1,278,270,277,-1,277,270,271,-1,277,271,276,-1,276,271,272,-1,276,272,275,-1,275,272,273,-1,
  275,273,274,-1,359,360,285,-1,285,360,361,-1,285,361,284,-1,284,361,342,-1,284,342,283,-1,283,342,282,-1,359,285,286,-1,
  359,286,287,-1,359,287,288,-1,359,288,289,-1,359,289,290,-1,359,290,291,-1,359,291,292,-1,359,292,358,-1,357,358,292,-1,
  357,292,293,-1,357,293,294,-1,357,294,295,-1,357,295,296,-1,357,296,297,-1,357,297,298,-1,357,298,299,-1,357,299,356,-1,
  356,299,355,-1,355,299,300,-1,355,300,354,-1,354,300,301,-1,354,301,302,-1,354,302,353,-1,353,302,303,-1,353,303,352,-1,
  352,303,321,-1,352,321,322,-1,343,344,340,-1,343,340,341,-1,343,341,265,-1,343,265,342,-1,339,340,344,-1,339,344,345,-1,
  339,345,346,-1,339,346,338,-1,346,347,332,-1,346,332,333,-1,346,333,334,-1,346,334,335,-1,346,335,336,-1,346,336,337,-1,
  346,337,338,-1,348,349,325,-1,348,325,326,-1,348,326,327,-1,348,327,328,-1,348,328,329,-1,348,329,330,-1,348,330,331,-1,
  348,331,332,-1,348,332,347,-1,322,323,351,-1,351,323,324,-1,351,324,350,-1,350,324,325,-1,350,325,349,-1,311,314,310,-1,
  310,314,315,-1,310,315,309,-1,309,315,316,-1,309,316,308,-1,308,316,317,-1,308,317,307,-1,307,317,318,-1,307,318,306,-1,
  306,318,319,-1,306,319,305,-1,305,319,320,-1,305,320,304,-1,304,320,321,-1,304,321,303,-1,312,313,314,-1,312,314,311,-1,
  388,389,390,-1,388,390,391,-1,388,391,392,-1,388,392,393,-1,388,393,394,-1,388,394,395,-1,388,395,396,-1,388,396,397,-1,
  388,397,398,-1,388,398,399,-1,388,399,400,-1,388,400,362,-1,388,362,374,-1,388,374,375,-1,388,375,382,-1,388,382,387,-1,
  386,387,383,-1,386,383,384,-1,386,384,385,-1,378,380,377,-1,377,380,381,-1,377,381,376,-1,376,381,382,-1,376,382,375,-1,
  371,372,363,-1,363,372,373,-1,363,373,362,-1,362,373,374,-1,364,365,369,-1,364,369,370,-1,364,370,371,-1,364,371,363,-1,
  368,369,365,-1,368,365,366,-1,368,366,367,-1,454,401,402,-1,454,402,403,-1,454,403,404,-1,454,404,405,-1,454,405,453,-1,
  405,406,447,-1,405,447,448,-1,405,448,449,-1,405,449,450,-1,405,450,451,-1,405,451,452,-1,405,452,453,-1,406,407,441,-1,
  406,441,442,-1,406,442,443,-1,406,443,444,-1,406,444,445,-1,406,445,446,-1,406,446,447,-1,441,407,408,-1,441,408,409,-1,
  441,409,410,-1,441,410,411,-1,441,411,412,-1,441,412,413,-1,441,413,440,-1,440,413,414,-1,440,414,415,-1,440,415,416,-1,
  440,416,417,-1,440,417,418,-1,440,418,419,-1,440,419,439,-1,419,420,434,-1,419,434,435,-1,419,435,436,-1,419,436,437,-1,
  419,437,438,-1,419,438,439,-1,420,421,427,-1,420,427,428,-1,420,428,429,-1,420,429,430,-1,420,430,431,-1,420,431,432,-1,
  420,432,433,-1,420,433,434,-1,427,421,422,-1,427,422,423,-1,427,423,424,-1,427,424,426,-1,515,516,456,-1,456,516,507,-1,
  456,507,455,-1,455,507,484,-1,455,484,506,-1,506,484,485,-1,506,485,486,-1,515,456,457,-1,515,457,458,-1,515,458,459,-1,
  515,459,460,-1,515,460,461,-1,515,461,462,-1,515,462,463,-1,515,463,514,-1,514,463,513,-1,513,463,464,-1,513,464,472,-1,
  472,464,465,-1,472,465,471,-1,471,465,466,-1,471,466,470,-1,470,466,467,-1,470,467,468,-1,510,511,476,-1,476,511,512,-1,
  476,512,475,-1,475,512,513,-1,475,513,474,-1,474,513,473,-1,497,498,499,-1,497,499,492,-1,497,492,494,-1,497,494,495,-1,
  497,495,496,-1,488,489,502,-1,502,489,490,-1,502,490,501,-1,501,490,491,-1,501,491,500,-1,500,491,492,-1,500,492,499,-1,
  506,486,505,-1,505,486,487,-1,505,487,504,-1,504,487,488,-1,504,488,503,-1,503,488,502,-1,508,509,483,-1,508,483,484,-1,
  508,484,507,-1,510,476,477,-1,510,477,478,-1,510,478,479,-1,510,479,480,-1,510,480,481,-1,510,481,482,-1,510,482,483,-1,
  510,483,509,-1,542,543,533,-1,533,543,544,-1,533,544,531,-1,531,544,517,-1,531,517,530,-1,530,517,518,-1,530,518,529,-1,
  529,518,519,-1,529,519,528,-1,528,519,520,-1,528,520,527,-1,527,520,521,-1,527,521,526,-1,526,521,522,-1,526,522,525,-1,
  525,522,523,-1,525,523,524,-1,542,534,541,-1,541,534,535,-1,541,535,540,-1,540,535,536,-1,540,536,539,-1,539,536,537,-1,
  539,537,538,-1,550,552,549,-1,549,552,553,-1,549,553,548,-1,548,553,554,-1,548,554,547,-1,547,554,555,-1,547,555,546,-1,
  546,555,556,-1,546,556,545,-1,562,564,561,-1,561,564,565,-1,561,565,560,-1,560,565,566,-1,560,566,559,-1,559,566,567,-1,
  559,567,558,-1,558,567,568,-1,558,568,557,-1,574,576,573,-1,573,576,577,-1,573,577,572,-1,572,577,578,-1,572,578,571,-1,
  571,578,579,-1,571,579,570,-1,570,579,580,-1,570,580,569,-1,586,588,585,-1,585,588,589,-1,585,589,584,-1,584,589,590,-1,
  584,590,583,-1,583,590,591,-1,583,591,582,-1,582,591,592,-1,582,592,581,-1,656,657,653,-1,656,653,654,-1,656,654,655,-1,
  653,657,658,-1,653,658,659,-1,653,659,660,-1,653,660,661,-1,653,661,662,-1,653,662,663,-1,653,663,652,-1,663,664,650,-1,
  663,650,651,-1,663,651,652,-1,648,649,666,-1,666,649,650,-1,666,650,665,-1,665,650,664,-1,648,666,667,-1,648,667,668,-1,
  648,668,669,-1,648,669,647,-1,646,647,669,-1,646,669,670,-1,646,670,671,-1,646,671,672,-1,646,672,673,-1,646,673,645,-1,
  645,673,674,-1,645,674,675,-1,645,675,676,-1,645,676,644,-1,593,594,609,-1,593,609,610,-1,593,610,611,-1,593,611,643,-1,
  593,643,644,-1,593,644,676,-1,703,704,705,-1,703,705,706,-1,703,706,707,-1,703,707,708,-1,703,708,709,-1,703,709,710,-1,
  703,710,711,-1,703,711,712,-1,703,712,713,-1,703,713,714,-1,703,714,715,-1,703,715,677,-1,703,677,689,-1,703,689,690,-1,
  703,690,697,-1,703,697,702,-1,701,702,698,-1,701,698,699,-1,701,699,700,-1,693,695,692,-1,692,695,696,-1,692,696,691,-1,
  691,696,697,-1,691,697,690,-1,677,678,686,-1,677,686,687,-1,677,687,688,-1,677,688,689,-1,679,680,684,-1,679,684,685,-1,
  679,685,686,-1,679,686,678,-1,683,684,680,-1,683,680,681,-1,683,681,682,-1,629,630,634,-1,634,630,631,-1,634,631,633,-1,
  633,631,632,-1,634,635,624,-1,634,624,625,-1,634,625,626,-1,634,626,627,-1,634,627,628,-1,634,628,629,-1,622,623,637,-1,
  637,623,624,-1,637,624,636,-1,636,624,635,-1,621,622,637,-1,621,637,638,-1,621,638,639,-1,621,639,620,-1,639,640,618,-1,
  639,618,619,-1,639,619,620,-1,641,642,614,-1,641,614,615,-1,641,615,616,-1,641,616,617,-1,641,617,618,-1,641,618,640,-1,
  642,643,611,-1,642,611,612,-1,642,612,613,-1,642,613,614,-1,601,603,600,-1,600,603,604,-1,600,604,599,-1,599,604,605,-1,
  599,605,598,-1,598,605,606,-1,598,606,597,-1,597,606,607,-1,597,607,596,-1,596,607,608,-1,596,608,595,-1,595,608,609,-1,
  595,609,594,-1,733,716,723,-1,723,716,717,-1,723,717,722,-1,722,717,718,-1,722,718,721,-1,721,718,719,-1,721,719,720,-1,
  733,723,736,-1,736,723,724,-1,736,724,735,-1,735,724,732,-1,735,732,716,-1,734,735,716,-1,734,716,733,-1,727,730,726,-1,
  726,730,731,-1,726,731,725,-1,725,731,732,-1,725,732,724,-1,728,729,730,-1,728,730,727,-1,762,763,739,-1,739,763,764,-1,
  739,764,738,-1,738,764,811,-1,738,811,737,-1,737,811,812,-1,859,860,855,-1,859,855,857,-1,859,857,858,-1,833,834,855,-1,
  855,834,845,-1,855,845,854,-1,854,845,846,-1,854,846,853,-1,853,846,847,-1,853,847,852,-1,852,847,848,-1,852,848,851,-1,
  851,848,849,-1,851,849,850,-1,855,860,861,-1,855,861,862,-1,855,862,863,-1,855,863,864,-1,855,864,865,-1,855,865,866,-1,
  855,866,867,-1,855,867,868,-1,855,868,869,-1,855,869,870,-1,855,870,871,-1,855,871,872,-1,855,872,873,-1,855,873,874,-1,
  855,874,875,-1,855,875,876,-1,855,876,877,-1,855,877,878,-1,855,878,879,-1,855,879,880,-1,855,880,881,-1,855,881,882,-1,
  855,882,883,-1,855,883,884,-1,855,884,885,-1,855,885,813,-1,855,813,833,-1,839,841,838,-1,838,841,842,-1,838,842,837,-1,
  837,842,843,-1,837,843,836,-1,836,843,844,-1,836,844,835,-1,835,844,845,-1,835,845,834,-1,813,814,826,-1,813,826,827,-1,
  813,827,828,-1,813,828,829,-1,813,829,830,-1,813,830,831,-1,813,831,832,-1,813,832,833,-1,815,816,823,-1,815,823,824,-1,
  815,824,825,-1,815,825,826,-1,815,826,814,-1,819,820,818,-1,818,820,821,-1,818,821,817,-1,817,821,822,-1,817,822,816,-1,
  816,822,823,-1,795,796,789,-1,795,789,790,-1,795,790,791,-1,795,791,792,-1,795,792,793,-1,795,793,794,-1,797,798,783,-1,
  797,783,784,-1,797,784,785,-1,797,785,786,-1,797,786,787,-1,797,787,788,-1,797,788,789,-1,797,789,796,-1,780,781,799,-1,
  799,781,782,-1,799,782,798,-1,798,782,783,-1,799,800,776,-1,799,776,777,-1,799,777,778,-1,799,778,779,-1,799,779,780,-1,
  775,776,800,-1,775,800,801,-1,775,801,802,-1,775,802,803,-1,775,803,804,-1,775,804,805,-1,775,805,806,-1,775,806,774,-1,
  806,807,770,-1,806,770,771,-1,806,771,772,-1,806,772,773,-1,806,773,774,-1,808,809,765,-1,808,765,766,-1,808,766,767,-1,
  808,767,768,-1,808,768,769,-1,808,769,770,-1,808,770,807,-1,765,809,810,-1,765,810,811,-1,765,811,764,-1,739,740,758,-1,
  739,758,759,-1,739,759,760,-1,739,760,761,-1,739,761,762,-1,755,756,741,-1,741,756,757,-1,741,757,740,-1,740,757,758,-1,
  741,742,751,-1,741,751,752,-1,741,752,753,-1,741,753,754,-1,741,754,755,-1,743,744,748,-1,743,748,749,-1,743,749,750,-1,
  743,750,751,-1,743,751,742,-1,747,748,744,-1,747,744,745,-1,747,745,746,-1,903,886,893,-1,893,886,887,-1,893,887,892,-1,
  892,887,888,-1,892,888,891,-1,891,888,889,-1,891,889,890,-1,903,893,906,-1,906,893,894,-1,906,894,905,-1,905,894,902,-1,
  905,902,886,-1,904,905,886,-1,904,886,903,-1,897,900,896,-1,896,900,901,-1,896,901,895,-1,895,901,902,-1,895,902,894,-1,
  898,899,900,-1,898,900,897,-1,932,933,909,-1,909,933,934,-1,909,934,908,-1,908,934,981,-1,908,981,907,-1,907,981,982,-1,
  965,966,959,-1,965,959,960,-1,965,960,961,-1,965,961,962,-1,965,962,963,-1,965,963,964,-1,967,968,953,-1,967,953,954,-1,
  967,954,955,-1,967,955,956,-1,967,956,957,-1,967,957,958,-1,967,958,959,-1,967,959,966,-1,950,951,969,-1,969,951,952,-1,
  969,952,968,-1,968,952,953,-1,969,970,946,-1,969,946,947,-1,969,947,948,-1,969,948,949,-1,969,949,950,-1,945,946,970,-1,
  945,970,971,-1,945,971,972,-1,945,972,973,-1,945,973,974,-1,945,974,975,-1,945,975,976,-1,945,976,944,-1,976,977,940,-1,
  976,940,941,-1,976,941,942,-1,976,942,943,-1,976,943,944,-1,978,979,935,-1,978,935,936,-1,978,936,937,-1,978,937,938,-1,
  978,938,939,-1,978,939,940,-1,978,940,977,-1,935,979,980,-1,935,980,981,-1,935,981,934,-1,909,910,928,-1,909,928,929,-1,
  909,929,930,-1,909,930,931,-1,909,931,932,-1,925,926,911,-1,911,926,927,-1,911,927,910,-1,910,927,928,-1,911,912,921,-1,
  911,921,922,-1,911,922,923,-1,911,923,924,-1,911,924,925,-1,913,914,918,-1,913,918,919,-1,913,919,920,-1,913,920,921,-1,
  913,921,912,-1,917,918,914,-1,917,914,915,-1,917,915,916,-1,983,984,1014,-1,983,1014,1015,-1,983,1015,1016,-1,983,1016,1041,-1,
  983,1041,1070,-1,1014,984,985,-1,1014,985,986,-1,1014,986,987,-1,1014,987,988,-1,1014,988,1013,-1,1012,1013,988,-1,1012,988,989,-1,
  1012,989,990,-1,1012,990,991,-1,1012,991,992,-1,1012,992,993,-1,1012,993,1011,-1,993,994,1008,-1,993,1008,1009,-1,993,1009,1010,-1,
  993,1010,1011,-1,1008,994,995,-1,1008,995,996,-1,1008,996,997,-1,1008,997,998,-1,1008,998,999,-1,1008,999,1000,-1,1008,1000,1007,-1,
  1006,1007,1000,-1,1006,1000,1001,-1,1006,1001,1002,-1,1006,1002,1005,-1,1003,1004,1005,-1,1003,1005,1002,-1,1047,1048,1054,-1,1054,1048,1049,-1,
  1054,1049,1053,-1,1053,1049,1051,-1,1053,1051,1052,-1,1043,1044,1058,-1,1058,1044,1045,-1,1058,1045,1057,-1,1057,1045,1046,-1,1057,1046,1056,-1,
  1056,1046,1047,-1,1056,1047,1055,-1,1055,1047,1054,-1,1058,1059,1043,-1,1043,1059,1060,-1,1043,1060,1042,-1,1042,1060,1061,-1,1042,1061,1062,-1,
  1063,1064,1041,-1,1063,1041,1042,-1,1063,1042,1062,-1,1041,1064,1065,-1,1041,1065,1066,-1,1041,1066,1067,-1,1041,1067,1068,-1,1041,1068,1069,-1,
  1041,1069,1070,-1,1016,1017,1041,-1,1041,1017,1018,-1,1041,1018,1040,-1,1040,1018,1029,-1,1040,1029,1030,-1,1018,1019,1026,-1,1018,1026,1027,-1,
  1018,1027,1028,-1,1018,1028,1029,-1,1024,1025,1021,-1,1021,1025,1026,-1,1020,1026,1019,-1,1022,1023,1024,-1,1022,1024,1021,-1,1040,1030,1039,-1,
  1039,1030,1031,-1,1039,1031,1038,-1,1038,1031,1032,-1,1038,1032,1037,-1,1037,1032,1033,-1,1037,1033,1036,-1,1036,1033,1034,-1,1036,1034,1035,-1,
  1088,1071,1078,-1,1078,1071,1072,-1,1078,1072,1077,-1,1077,1072,1073,-1,1077,1073,1076,-1,1076,1073,1074,-1,1076,1074,1075,-1,1088,1078,1091,-1,
  1091,1078,1079,-1,1091,1079,1090,-1,1090,1079,1087,-1,1090,1087,1071,-1,1089,1090,1071,-1,1089,1071,1088,-1,1082,1085,1081,-1,1081,1085,1086,-1,
  1081,1086,1080,-1,1080,1086,1087,-1,1080,1087,1079,-1,1083,1084,1085,-1,1083,1085,1082,-1,1117,1118,1094,-1,1094,1118,1119,-1,1094,1119,1093,-1,
  1093,1119,1166,-1,1093,1166,1092,-1,1092,1166,1167,-1,1150,1151,1144,-1,1150,1144,1145,-1,1150,1145,1146,-1,1150,1146,1147,-1,1150,1147,1148,-1,
  1150,1148,1149,-1,1152,1153,1138,-1,1152,1138,1139,-1,1152,1139,1140,-1,1152,1140,1141,-1,1152,1141,1142,-1,1152,1142,1143,-1,1152,1143,1144,-1,
  1152,1144,1151,-1,1135,1136,1154,-1,1154,1136,1137,-1,1154,1137,1153,-1,1153,1137,1138,-1,1154,1155,1131,-1,1154,1131,1132,-1,1154,1132,1133,-1,
  1154,1133,1134,-1,1154,1134,1135,-1,1130,1131,1155,-1,1130,1155,1156,-1,1130,1156,1157,-1,1130,1157,1158,-1,1130,1158,1159,-1,1130,1159,1160,-1,
  1130,1160,1161,-1,1130,1161,1129,-1,1161,1162,1125,-1,1161,1125,1126,-1,1161,1126,1127,-1,1161,1127,1128,-1,1161,1128,1129,-1,1163,1164,1120,-1,
  1163,1120,1121,-1,1163,1121,1122,-1,1163,1122,1123,-1,1163,1123,1124,-1,1163,1124,1125,-1,1163,1125,1162,-1,1120,1164,1165,-1,1120,1165,1166,-1,
  1120,1166,1119,-1,1094,1095,1113,-1,1094,1113,1114,-1,1094,1114,1115,-1,1094,1115,1116,-1,1094,1116,1117,-1,1110,1111,1096,-1,1096,1111,1112,-1,
  1096,1112,1095,-1,1095,1112,1113,-1,1096,1097,1106,-1,1096,1106,1107,-1,1096,1107,1108,-1,1096,1108,1109,-1,1096,1109,1110,-1,1098,1099,1103,-1,
  1098,1103,1104,-1,1098,1104,1105,-1,1098,1105,1106,-1,1098,1106,1097,-1,1102,1103,1099,-1,1102,1099,1100,-1,1102,1100,1101,-1,1250,1251,1256,-1,
  1256,1251,1252,-1,1256,1252,1254,-1,1254,1252,1253,-1,1215,1216,1214,-1,1214,1216,1217,-1,1214,1217,1213,-1,1213,1217,1218,-1,1213,1218,1219,-1,
  1210,1211,1220,-1,1220,1211,1212,-1,1220,1212,1219,-1,1219,1212,1213,-1,1221,1222,1208,-1,1221,1208,1209,-1,1221,1209,1210,-1,1221,1210,1220,-1,
  1223,1224,1207,-1,1223,1207,1208,-1,1223,1208,1222,-1,1207,1224,1225,-1,1207,1225,1226,-1,1207,1226,1227,-1,1207,1227,1228,-1,1207,1228,1229,-1,
  1207,1229,1230,-1,1207,1230,1231,-1,1207,1231,1232,-1,1207,1232,1233,-1,1207,1233,1206,-1,1244,1245,1262,-1,1244,1262,1263,-1,1244,1263,1264,-1,
  1244,1264,1265,-1,1244,1265,1266,-1,1244,1266,1267,-1,1244,1267,1268,-1,1244,1268,1269,-1,1244,1269,1270,-1,1244,1270,1271,-1,1244,1271,1272,-1,
  1244,1272,1273,-1,1244,1273,1206,-1,1244,1206,1233,-1,1244,1233,1234,-1,1244,1234,1243,-1,1238,1240,1237,-1,1237,1240,1241,-1,1237,1241,1236,-1,
  1236,1241,1242,-1,1236,1242,1235,-1,1235,1242,1243,-1,1235,1243,1234,-1,1275,1168,1205,-1,1205,1168,1169,-1,1205,1169,1204,-1,1204,1169,1170,-1,
  1204,1170,1203,-1,1203,1170,1171,-1,1203,1171,1202,-1,1202,1171,1172,-1,1202,1172,1201,-1,1201,1172,1173,-1,1201,1173,1200,-1,1200,1173,1174,-1,
  1200,1174,1199,-1,1199,1174,1175,-1,1199,1175,1198,-1,1198,1175,1176,-1,1198,1176,1197,-1,1197,1176,1177,-1,1197,1177,1196,-1,1196,1177,1178,-1,
  1196,1178,1195,-1,1195,1178,1179,-1,1195,1179,1194,-1,1194,1179,1180,-1,1194,1180,1193,-1,1193,1180,1181,-1,1193,1181,1192,-1,1192,1181,1182,-1,
  1192,1182,1191,-1,1191,1182,1183,-1,1191,1183,1190,-1,1190,1183,1184,-1,1190,1184,1189,-1,1189,1184,1185,-1,1189,1185,1188,-1,1188,1185,1186,-1,
  1188,1186,1187,-1,1274,1275,1205,-1,1274,1205,1206,-1,1274,1206,1273,-1,1168,1275,1276,-1,1168,1276,1277,-1,1168,1277,1278,-1,1168,1278,1308,-1,
  1278,1279,1304,-1,1278,1304,1305,-1,1278,1305,1306,-1,1278,1306,1307,-1,1278,1307,1308,-1,1280,1281,1299,-1,1280,1299,1300,-1,1280,1300,1301,-1,
  1280,1301,1302,-1,1280,1302,1303,-1,1280,1303,1304,-1,1280,1304,1279,-1,1299,1281,1282,-1,1299,1282,1283,-1,1299,1283,1284,-1,1299,1284,1298,-1,
  1284,1285,1292,-1,1284,1292,1293,-1,1284,1293,1294,-1,1284,1294,1295,-1,1284,1295,1296,-1,1284,1296,1297,-1,1284,1297,1298,-1,1288,1290,1287,-1,
  1287,1290,1291,-1,1287,1291,1286,-1,1286,1291,1292,-1,1286,1292,1285,-1,1245,1246,1260,-1,1245,1260,1261,-1,1245,1261,1262,-1,1247,1248,1259,-1,
  1247,1259,1260,-1,1247,1260,1246,-1,1256,1257,1250,-1,1250,1257,1258,-1,1250,1258,1249,-1,1249,1258,1259,-1,1249,1259,1248,-1,1326,1309,1316,-1,
  1316,1309,1310,-1,1316,1310,1315,-1,1315,1310,1311,-1,1315,1311,1314,-1,1314,1311,1312,-1,1314,1312,1313,-1,1326,1316,1329,-1,1329,1316,1317,-1,
  1329,1317,1328,-1,1328,1317,1325,-1,1328,1325,1309,-1,1327,1328,1309,-1,1327,1309,1326,-1,1320,1323,1319,-1,1319,1323,1324,-1,1319,1324,1318,-1,
  1318,1324,1325,-1,1318,1325,1317,-1,1321,1322,1323,-1,1321,1323,1320,-1,1355,1356,1332,-1,1332,1356,1357,-1,1332,1357,1331,-1,1331,1357,1404,-1,
  1331,1404,1330,-1,1330,1404,1405,-1,1388,1389,1382,-1,1388,1382,1383,-1,1388,1383,1384,-1,1388,1384,1385,-1,1388,1385,1386,-1,1388,1386,1387,-1,
  1390,1391,1376,-1,1390,1376,1377,-1,1390,1377,1378,-1,1390,1378,1379,-1,1390,1379,1380,-1,1390,1380,1381,-1,1390,1381,1382,-1,1390,1382,1389,-1,
  1373,1374,1392,-1,1392,1374,1375,-1,1392,1375,1391,-1,1391,1375,1376,-1,1392,1393,1369,-1,1392,1369,1370,-1,1392,1370,1371,-1,1392,1371,1372,-1,
  1392,1372,1373,-1,1368,1369,1393,-1,1368,1393,1394,-1,1368,1394,1395,-1,1368,1395,1396,-1,1368,1396,1397,-1,1368,1397,1398,-1,1368,1398,1399,-1,
  1368,1399,1367,-1,1399,1400,1363,-1,1399,1363,1364,-1,1399,1364,1365,-1,1399,1365,1366,-1,1399,1366,1367,-1,1401,1402,1358,-1,1401,1358,1359,-1,
  1401,1359,1360,-1,1401,1360,1361,-1,1401,1361,1362,-1,1401,1362,1363,-1,1401,1363,1400,-1,1358,1402,1403,-1,1358,1403,1404,-1,1358,1404,1357,-1,
  1332,1333,1351,-1,1332,1351,1352,-1,1332,1352,1353,-1,1332,1353,1354,-1,1332,1354,1355,-1,1348,1349,1334,-1,1334,1349,1350,-1,1334,1350,1333,-1,
  1333,1350,1351,-1,1334,1335,1344,-1,1334,1344,1345,-1,1334,1345,1346,-1,1334,1346,1347,-1,1334,1347,1348,-1,1336,1337,1341,-1,1336,1341,1342,-1,
  1336,1342,1343,-1,1336,1343,1344,-1,1336,1344,1335,-1,1340,1341,1337,-1,1340,1337,1338,-1,1340,1338,1339,-1,1472,1473,1410,-1,1410,1473,1406,-1,
  1410,1406,1408,-1,1408,1406,1407,-1,1461,1462,1463,-1,1461,1463,1464,-1,1461,1464,1465,-1,1461,1465,1466,-1,1461,1466,1467,-1,1461,1467,1468,-1,
  1461,1468,1469,-1,1461,1469,1470,-1,1461,1470,1460,-1,1470,1471,1412,-1,1470,1412,1413,-1,1470,1413,1414,-1,1470,1414,1415,-1,1470,1415,1416,-1,
  1470,1416,1417,-1,1470,1417,1418,-1,1470,1418,1419,-1,1470,1419,1420,-1,1470,1420,1421,-1,1470,1421,1422,-1,1470,1422,1423,-1,1470,1423,1424,-1,
  1470,1424,1425,-1,1470,1425,1460,-1,1471,1472,1410,-1,1471,1410,1411,-1,1471,1411,1412,-1,1457,1458,1428,-1,1428,1458,1459,-1,1428,1459,1426,-1,
  1426,1459,1460,-1,1426,1460,1425,-1,1457,1429,1456,-1,1456,1429,1430,-1,1456,1430,1455,-1,1455,1430,1431,-1,1455,1431,1454,-1,1454,1431,1432,-1,
  1454,1432,1453,-1,1453,1432,1433,-1,1453,1433,1452,-1,1452,1433,1434,-1,1452,1434,1451,-1,1451,1434,1435,-1,1451,1435,1450,-1,1450,1435,1436,-1,
  1450,1436,1449,-1,1449,1436,1437,-1,1449,1437,1448,-1,1448,1437,1438,-1,1448,1438,1447,-1,1447,1438,1439,-1,1447,1439,1446,-1,1446,1439,1440,-1,
  1446,1440,1445,-1,1445,1440,1441,-1,1445,1441,1444,-1,1444,1441,1442,-1,1444,1442,1443,-1,1491,1474,1481,-1,1481,1474,1475,-1,1481,1475,1480,-1,
  1480,1475,1476,-1,1480,1476,1479,-1,1479,1476,1477,-1,1479,1477,1478,-1,1491,1481,1494,-1,1494,1481,1482,-1,1494,1482,1493,-1,1493,1482,1490,-1,
  1493,1490,1474,-1,1492,1493,1474,-1,1492,1474,1491,-1,1485,1488,1484,-1,1484,1488,1489,-1,1484,1489,1483,-1,1483,1489,1490,-1,1483,1490,1482,-1,
  1486,1487,1488,-1,1486,1488,1485,-1,1512,1495,1502,-1,1502,1495,1496,-1,1502,1496,1501,-1,1501,1496,1497,-1,1501,1497,1500,-1,1500,1497,1498,-1,
  1500,1498,1499,-1,1512,1502,1515,-1,1515,1502,1503,-1,1515,1503,1514,-1,1514,1503,1511,-1,1514,1511,1495,-1,1513,1514,1495,-1,1513,1495,1512,-1,
  1506,1509,1505,-1,1505,1509,1510,-1,1505,1510,1504,-1,1504,1510,1511,-1,1504,1511,1503,-1,1507,1508,1509,-1,1507,1509,1506,-1,1529,1530,1548,-1,
  1548,1530,1531,-1,1548,1531,1547,-1,1547,1531,1532,-1,1547,1532,1546,-1,1546,1532,1533,-1,1546,1533,1545,-1,1545,1533,1534,-1,1545,1534,1544,-1,
  1544,1534,1535,-1,1544,1535,1543,-1,1543,1535,1537,-1,1543,1537,1541,-1,1541,1537,1538,-1,1541,1538,1539,-1,1578,1579,1562,-1,1578,1562,1516,-1,
  1578,1516,1517,-1,1578,1517,1518,-1,1578,1518,1589,-1,1588,1589,1518,-1,1588,1518,1519,-1,1588,1519,1520,-1,1588,1520,1521,-1,1588,1521,1522,-1,
  1588,1522,1523,-1,1588,1523,1524,-1,1588,1524,1525,-1,1588,1525,1587,-1,1551,1552,1526,-1,1526,1552,1585,-1,1526,1585,1525,-1,1525,1585,1586,-1,
  1525,1586,1587,-1,1582,1583,1553,-1,1553,1583,1584,-1,1553,1584,1552,-1,1552,1584,1585,-1,1548,1549,1529,-1,1529,1549,1550,-1,1529,1550,1528,-1,
  1528,1550,1551,-1,1528,1551,1527,-1,1527,1551,1526,-1,1567,1568,1575,-1,1575,1568,1569,-1,1575,1569,1574,-1,1574,1569,1570,-1,1574,1570,1573,-1,
  1573,1570,1571,-1,1573,1571,1572,-1,1575,1576,1563,-1,1575,1563,1564,-1,1575,1564,1565,-1,1575,1565,1566,-1,1575,1566,1567,-1,1562,1563,1576,-1,
  1562,1576,1577,-1,1562,1577,1516,-1,1579,1580,1560,-1,1579,1560,1561,-1,1579,1561,1562,-1,1581,1582,1553,-1,1581,1553,1554,-1,1581,1554,1555,-1,
  1581,1555,1556,-1,1581,1556,1557,-1,1581,1557,1558,-1,1581,1558,1559,-1,1581,1559,1560,-1,1581,1560,1580,-1,1715,1716,1680,-1,1680,1716,1717,-1,
  1680,1717,1679,-1,1679,1717,1665,-1,1679,1665,1678,-1,1678,1665,1666,-1,1678,1666,1677,-1,1677,1666,1667,-1,1677,1667,1676,-1,1676,1667,1668,-1,
  1676,1668,1675,-1,1675,1668,1669,-1,1675,1669,1674,-1,1674,1669,1670,-1,1674,1670,1673,-1,1673,1670,1671,-1,1673,1671,1672,-1,1695,1688,1694,-1,
  1694,1688,1689,-1,1694,1689,1693,-1,1693,1689,1691,-1,1693,1691,1692,-1,1606,1607,1594,-1,1594,1607,1608,-1,1594,1608,1593,-1,1593,1608,1609,-1,
  1593,1609,1592,-1,1592,1609,1610,-1,1592,1610,1591,-1,1599,1602,1598,-1,1598,1602,1603,-1,1598,1603,1597,-1,1597,1603,1604,-1,1597,1604,1596,-1,
  1595,1606,1594,-1,1600,1601,1602,-1,1664,1611,1612,-1,1664,1612,1613,-1,1664,1613,1614,-1,1664,1614,1615,-1,1664,1615,1663,-1,1615,1616,1656,-1,
  1615,1656,1657,-1,1615,1657,1658,-1,1615,1658,1659,-1,1615,1659,1660,-1,1615,1660,1661,-1,1615,1661,1662,-1,1615,1662,1663,-1,1616,1617,1651,-1,
  1616,1651,1652,-1,1616,1652,1653,-1,1616,1653,1654,-1,1616,1654,1655,-1,1616,1655,1656,-1,1651,1617,1618,-1,1651,1618,1619,-1,1651,1619,1620,-1,
  1651,1620,1621,-1,1651,1621,1622,-1,1651,1622,1623,-1,1651,1623,1650,-1,1650,1623,1624,-1,1650,1624,1625,-1,1650,1625,1626,-1,1650,1626,1627,-1,
  1650,1627,1628,-1,1650,1628,1629,-1,1650,1629,1649,-1,1629,1630,1645,-1,1629,1645,1646,-1,1629,1646,1647,-1,1629,1647,1648,-1,1629,1648,1649,-1,
  1630,1631,1637,-1,1630,1637,1638,-1,1630,1638,1639,-1,1630,1639,1640,-1,1630,1640,1641,-1,1630,1641,1642,-1,1630,1642,1643,-1,1630,1643,1644,-1,
  1630,1644,1645,-1,1637,1631,1632,-1,1637,1632,1633,-1,1637,1633,1634,-1,1637,1634,1636,-1,1696,1697,1687,-1,1696,1687,1688,-1,1696,1688,1695,-1,
  1687,1697,1698,-1,1687,1698,1699,-1,1687,1699,1700,-1,1687,1700,1701,-1,1687,1701,1702,-1,1687,1702,1703,-1,1687,1703,1686,-1,1703,1704,1683,-1,
  1703,1683,1685,-1,1703,1685,1686,-1,1704,1705,1683,-1,1683,1705,1706,-1,1683,1706,1682,-1,1682,1706,1707,-1,1682,1707,1708,-1,1680,1681,1710,-1,
  1710,1681,1682,-1,1710,1682,1709,-1,1709,1682,1708,-1,1680,1710,1711,-1,1680,1711,1712,-1,1680,1712,1713,-1,1680,1713,1714,-1,1680,1714,1715,-1,
  1723,1725,1722,-1,1722,1725,1726,-1,1722,1726,1721,-1,1721,1726,1727,-1,1721,1727,1720,-1,1720,1727,1728,-1,1720,1728,1719,-1,1719,1728,1729,-1,
  1719,1729,1718,-1,1750,1731,1732,-1,1750,1732,1749,-1,1749,1732,1733,-1,1749,1733,1748,-1,1748,1733,1734,-1,1736,1746,1735,-1,1735,1746,1747,-1,
  1735,1747,1748,-1,1744,1736,1743,-1,1743,1736,1737,-1,1743,1737,1742,-1,1742,1737,1738,-1,1742,1738,1739,-1,1740,1741,1742,-1,1767,1768,1755,-1,
  1755,1768,1769,-1,1755,1769,1754,-1,1754,1769,1770,-1,1754,1770,1753,-1,1753,1770,1771,-1,1753,1771,1752,-1,1760,1763,1759,-1,1759,1763,1764,-1,
  1759,1764,1758,-1,1758,1764,1765,-1,1758,1765,1757,-1,1756,1767,1755,-1,1761,1762,1763,-1,1725,1723,1724,-1,1685,1683,1684,-1,1691,1689,1690,-1,
  1636,1634,1635,-1,1543,1541,1542,-1,1537,1535,1536,-1,1541,1539,1540,-1,1428,1426,1427,-1,1457,1428,1429,-1,1410,1408,1409,-1,1256,1254,1255,-1,
  1290,1288,1289,-1,1240,1238,1239,-1,1050,1051,1049,-1,841,839,840,-1,856,857,855,-1,603,601,602,-1,695,693,694,-1,702,697,698,-1,
  588,586,587,-1,576,574,575,-1,564,562,563,-1,552,550,551,-1,533,531,532,-1,542,533,534,-1,493,494,492,-1,470,468,469,-1,
  513,472,473,-1,426,424,425,-1,380,378,379,-1,387,382,383,-1,352,322,351,-1,144,142,143,-1,142,140,141,-1,139,137,138,-1,
  170,168,169,-1,193,191,192,-1,198,196,197,-1,63,61,62,-1,68,66,67,-1,12,13,11,-1]
  normalPerVertex TRUE
  normal DEF NORM_14 Normal { vector [
  0 0 1,0 0 1,
  0 0 1,0 0 1,
  0 0 1,0 0 1,
  0 0 1,0 0 1,
  0 0 1,0 0 1,
  0 0 1,0 0 1,
  0 0 1,0 0 1,
  0 0 1,0 0 1,
  0 0 1,0 0 1,
  0 0 1,0 0 1,
  0 0 1,0 0 1,
  0 0 1,0 0 1,
  0 0 1,0 0 1,
  0 0 1,0 0 1,
  0 0 1,0 0 1,
  0 0 1,0 0 1,
  0 0 1,0 0 1,
  0 0 1,0 0 1,
  0 0 1,0 0 1,
  0 0 1,0 0 1,
  0 0 1,0 0 1,
  0 0 1,0 0 1,
  0 0 1,0 0 1,
  0 0 1,0 0 1,
  0 0 1,0 0 1,
  0 0 1,0 0 1,
  0 0 1,0 0 1,
  0 0 1,0 0 1,
  0 0 1,0 0 1,
  0 0 1,0 0 1,
  0 0 1,0 0 1,
  0 0 1,0 0 1,
  0 0 1,0 0 1,
  0 0 1,0 0 1,
  0 0 1,0 0 1,
  0 0 1,0 0 1,
  0 0 1,0 0 1,
  0 0 1,0 0 1,
  0 0 1,0 0 1,
  0 0 1,0 0 1,
  0 0 1,0 0 1,
  0 0 1,0 0 1,
  0 0 1,0 0 1,
  0 0 1,0 0 1,
  0 0 1,0 0 1,
  0 0 1,0 0 1,
  0 0 1,0 0 1,
  0 0 1,0 0 1,
  0 0 1,0 0 1,
  0 0 1,0 0 1,
  0 0 1,0 0 1,
  0 0 1,0 0 1,
  0 0 1,0 0 1,
  0 0 1,0 0 1,
  0 0 1,0 0 1,
  0 0 1,0 0 1,
  0 0 1,0 0 1,
  0 0 1,0 0 1,
  0 0 1,0 0 1,
  0 0 1,0 0 1,
  0 0 1,0 0 1,
  0 0 1,0 0 1,
  0 0 1,0 0 1,
  0 0 1,0 0 1,
  0 0 1,0 0 1,
  0 0 1,0 0 1,
  0 0 1,0 0 1,
  0 0 1,0 0 1,
  0 0 1,0 0 1,
  0 0 1,0 0 1,
  0 0 1,0 0 1,
  0 0 1,0 0 1,
  0 0 1,0 0 1,
  0 0 1,0 0 1,
  0 0 1,0 0 1,
  0 0 1,0 0 1,
  0 0 1,0 0 1,
  0 0 1,0 0 1,
  0 0 1,0 0 1,
  0 0 1,0 0 1,
  0 0 1,0 0 1,
  0 0 1,0 0 1,
  0 0 1,0 0 1,
  0 0 1,0 0 1,
  0 0 1,0 0 1,
  0 0 1,0 0 1,
  0 0 1,0 0 1,
  0 0 1,0 0 1,
  0 0 1,0 0 1,
  0 0 1,0 0 1,
  0 0 1,0 0 1,
  0 0 1,0 0 1,
  0 0 1,0 0 1,
  0 0 1,0 0 1,
  0 0 1,0 0 1,
  0 0 1,0 0 1,
  0 0 1,0 0 1,
  0 0 1,0 0 1,
  0 0 1,0 0 1,
  0 0 1,0 0 1,
  0 0 1,0 0 1,
  0 0 1,0 0 1,
  0 0 1,0 0 1,
  0 0 1,0 0 1,
  0 0 1,0 0 1,
  0 0 1,0 0 1,
  0 0 1,0 0 1,
  0 0 1,0 0 1,
  0 0 1,0 0 1,
  0 0 1,0 0 1,
  0 0 1,0 0 1,
  0 0 1,0 0 1,
  0 0 1,0 0 1,
  0 0 1,0 0 1,
  0 0 1,0 0 1,
  0 0 1,0 0 1,
  0 0 1,0 0 1,
  0 0 1,0 0 1,
  0 0 1,0 0 1,
  0 0 1,0 0 1,
  0 0 1,0 0 1,
  0 0 1,0 0 1,
  0 0 1,0 0 1,
  0 0 1,0 0 1,
  0 0 1,0 0 1,
  0 0 1,0 0 1,
  0 0 1,0 0 1,
  0 0 1,0 0 1,
  0 0 1,0 0 1,
  0 0 1,0 0 1,
  0 0 1,0 0 1,
  0 0 1,0 0 1,
  0 0 1,0 0 1,
  0 0 1,0 0 1,
  0 0 1,0 0 1,
  0 0 1,0 0 1,
  0 0 1,0 0 1,
  0 0 1,0 0 1,
  0 0 1,0 0 1,
  0 0 1,0 0 1,
  0 0 1,0 0 1,
  0 0 1,0 0 1,
  0 0 1,0 0 1,
  0 0 1,0 0 1,
  0 0 1,0 0 1,
  0 0 1,0 0 1,
  0 0 1,0 0 1,
  0 0 1,0 0 1,
  0 0 1,0 0 1,
  0 0 1,0 0 1,
  0 0 1,0 0 1,
  0 0 1,0 0 1,
  0 0 1,0 0 1,
  0 0 1,0 0 1,
  0 0 1,0 0 1,
  0 0 1,0 0 1,
  0 0 1,0 0 1,
  0 0 1,0 0 1,
  0 0 1,0 0 1,
  0 0 1,0 0 1,
  0 0 1,0 0 1,
  0 0 1,0 0 1,
  0 0 1,0 0 1,
  0 0 1,0 0 1,
  0 0 1,0 0 1,
  0 0 1,0 0 1,
  0 0 1,0 0 1,
  0 0 1,0 0 1,
  0 0 1,0 0 1,
  0 0 1,0 0 1,
  0 0 1,0 0 1,
  0 0 1,0 0 1,
  0 0 1,0 0 1,
  0 0 1,0 0 1,
  0 0 1,0 0 1,
  0 0 1,0 0 1,
  0 0 1,0 0 1,
  0 0 1,0 0 1,
  0 0 1,0 0 1,
  0 0 1,0 0 1,
  0 0 1,0 0 1,
  0 0 1,0 0 1,
  0 0 1,0 0 1,
  0 0 1,0 0 1,
  0 0 1,0 0 1,
  0 0 1,0 0 1,
  0 0 1,0 0 1,
  0 0 1,0 0 1,
  0 0 1,0 0 1,
  0 0 1,0 0 1,
  0 0 1,0 0 1,
  0 0 1,0 0 1,
  0 0 1,0 0 1,
  0 0 1,0 0 1,
  0 0 1,0 0 1,
  0 0 1,0 0 1,
  0 0 1,0 0 1,
  0 0 1,0 0 1,
  0 0 1,0 0 1,
  0 0 1,0 0 1,
  0 0 1,0 0 1,
  0 0 1,0 0 1,
  0 0 1,0 0 1,
  0 0 1,0 0 1,
  0 0 1,0 0 1,
  0 0 1,0 0 1,
  0 0 1,0 0 1,
  0 0 1,0 0 1,
  0 0 1,0 0 1,
  0 0 1,0 0 1,
  0 0 1,0 0 1,
  0 0 1,0 0 1,
  0 0 1,0 0 1,
  0 0 1,0 0 1,
  0 0 1,0 0 1,
  0 0 1,0 0 1,
  0 0 1,0 0 1,
  0 0 1,0 0 1,
  0 0 1,0 0 1,
  0 0 1,0 0 1,
  0 0 1,0 0 1,
  0 0 1,0 0 1,
  0 0 1,0 0 1,
  0 0 1,0 0 1,
  0 0 1,0 0 1,
  0 0 1,0 0 1,
  0 0 1,0 0 1,
  0 0 1,0 0 1,
  0 0 1,0 0 1,
  0 0 1,0 0 1,
  0 0 1,0 0 1,
  0 0 1,0 0 1,
  0 0 1,0 0 1,
  0 0 1,0 0 1,
  0 0 1,0 0 1,
  0 0 1,0 0 1,
  0 0 1,0 0 1,
  0 0 1,0 0 1,
  0 0 1,0 0 1,
  0 0 1,0 0 1,
  0 0 1,0 0 1,
  0 0 1,0 0 1,
  0 0 1,0 0 1,
  0 0 1,0 0 1,
  0 0 1,0 0 1,
  0 0 1,0 0 1,
  0 0 1,0 0 1,
  0 0 1,0 0 1,
  0 0 1,0 0 1,
  0 0 1,0 0 1,
  0 0 1,0 0 1,
  0 0 1,0 0 1,
  0 0 1,0 0 1,
  0 0 1,0 0 1,
  0 0 1,0 0 1,
  0 0 1,0 0 1,
  0 0 1,0 0 1,
  0 0 1,0 0 1,
  0 0 1,0 0 1,
  0 0 1,0 0 1,
  0 0 1,0 0 1,
  0 0 1,0 0 1,
  0 0 1,0 0 1,
  0 0 1,0 0 1,
  0 0 1,0 0 1,
  0 0 1,0 0 1,
  0 0 1,0 0 1,
  0 0 1,0 0 1,
  0 0 1,0 0 1,
  0 0 1,0 0 1,
  0 0 1,0 0 1,
  0 0 1,0 0 1,
  0 0 1,0 0 1,
  0 0 1,0 0 1,
  0 0 1,0 0 1,
  0 0 1,0 0 1,
  0 0 1,0 0 1,
  0 0 1,0 0 1,
  0 0 1,0 0 1,
  0 0 1,0 0 1,
  0 0 1,0 0 1,
  0 0 1,0 0 1,
  0 0 1,0 0 1,
  0 0 1,0 0 1,
  0 0 1,0 0 1,
  0 0 1,0 0 1,
  0 0 1,0 0 1,
  0 0 1,0 0 1,
  0 0 1,0 0 1,
  0 0 1,0 0 1,
  0 0 1,0 0 1,
  0 0 1,0 0 1,
  0 0 1,0 0 1,
  0 0 1,0 0 1,
  0 0 1,0 0 1,
  0 0 1,0 0 1,
  0 0 1,0 0 1,
  0 0 1,0 0 1,
  0 0 1,0 0 1,
  0 0 1,0 0 1,
  0 0 1,0 0 1,
  0 0 1,0 0 1,
  0 0 1,0 0 1,
  0 0 1,0 0 1,
  0 0 1,0 0 1,
  0 0 1,0 0 1,
  0 0 1,0 0 1,
  0 0 1,0 0 1,
  0 0 1,0 0 1,
  0 0 1,0 0 1,
  0 0 1,0 0 1,
  0 0 1,0 0 1,
  0 0 1,0 0 1,
  0 0 1,0 0 1,
  0 0 1,0 0 1,
  0 0 1,0 0 1,
  0 0 1,0 0 1,
  0 0 1,0 0 1,
  0 0 1,0 0 1,
  0 0 1,0 0 1,
  0 0 1,0 0 1,
  0 0 1,0 0 1,
  0 0 1,0 0 1,
  0 0 1,0 0 1,
  0 0 1,0 0 1,
  0 0 1,0 0 1,
  0 0 1,0 0 1,
  0 0 1,0 0 1,
  0 0 1,0 0 1,
  0 0 1,0 0 1,
  0 0 1,0 0 1,
  0 0 1,0 0 1,
  0 0 1,0 0 1,
  0 0 1,0 0 1,
  0 0 1,0 0 1,
  0 0 1,0 0 1,
  0 0 1,0 0 1,
  0 0 1,0 0 1,
  0 0 1,0 0 1,
  0 0 1,0 0 1,
  0 0 1,0 0 1,
  0 0 1,0 0 1,
  0 0 1,0 0 1,
  0 0 1,0 0 1,
  0 0 1,0 0 1,
  0 0 1,0 0 1,
  0 0 1,0 0 1,
  0 0 1,0 0 1,
  0 0 1,0 0 1,
  0 0 1,0 0 1,
  0 0 1,0 0 1,
  0 0 1,0 0 1,
  0 0 1,0 0 1,
  0 0 1,0 0 1,
  0 0 1,0 0 1,
  0 0 1,0 0 1,
  0 0 1,0 0 1,
  0 0 1,0 0 1,
  0 0 1,0 0 1,
  0 0 1,0 0 1,
  0 0 1,0 0 1,
  0 0 1,0 0 1,
  0 0 1,0 0 1,
  0 0 1,0 0 1,
  0 0 1,0 0 1,
  0 0 1,0 0 1,
  0 0 1,0 0 1,
  0 0 1,0 0 1,
  0 0 1,0 0 1,
  0 0 1,0 0 1,
  0 0 1,0 0 1,
  0 0 1,0 0 1,
  0 0 1,0 0 1,
  0 0 1,0 0 1,
  0 0 1,0 0 1,
  0 0 1,0 0 1,
  0 0 1,0 0 1,
  0 0 1,0 0 1,
  0 0 1,0 0 1,
  0 0 1,0 0 1,
  0 0 1,0 0 1,
  0 0 1,0 0 1,
  0 0 1,0 0 1,
  0 0 1,0 0 1,
  0 0 1,0 0 1,
  0 0 1,0 0 1,
  0 0 1,0 0 1,
  0 0 1,0 0 1,
  0 0 1,0 0 1,
  0 0 1,0 0 1,
  0 0 1,0 0 1,
  0 0 1,0 0 1,
  0 0 1,0 0 1,
  0 0 1,0 0 1,
  0 0 1,0 0 1,
  0 0 1,0 0 1,
  0 0 1,0 0 1,
  0 0 1,0 0 1,
  0 0 1,0 0 1,
  0 0 1,0 0 1,
  0 0 1,0 0 1,
  0 0 1,0 0 1,
  0 0 1,0 0 1,
  0 0 1,0 0 1,
  0 0 1,0 0 1,
  0 0 1,0 0 1,
  0 0 1,0 0 1,
  0 0 1,0 0 1,
  0 0 1,0 0 1,
  0 0 1,0 0 1,
  0 0 1,0 0 1,
  0 0 1,0 0 1,
  0 0 1,0 0 1,
  0 0 1,0 0 1,
  0 0 1,0 0 1,
  0 0 1,0 0 1,
  0 0 1,0 0 1,
  0 0 1,0 0 1,
  0 0 1,0 0 1,
  0 0 1,0 0 1,
  0 0 1,0 0 1,
  0 0 1,0 0 1,
  0 0 1,0 0 1,
  0 0 1,0 0 1,
  0 0 1,0 0 1,
  0 0 1,0 0 1,
  0 0 1,0 0 1,
  0 0 1,0 0 1,
  0 0 1,0 0 1,
  0 0 1,0 0 1,
  0 0 1,0 0 1,
  0 0 1,0 0 1,
  0 0 1,0 0 1,
  0 0 1,0 0 1,
  0 0 1,0 0 1,
  0 0 1,0 0 1,
  0 0 1,0 0 1,
  0 0 1,0 0 1,
  0 0 1,0 0 1,
  0 0 1,0 0 1,
  0 0 1,0 0 1,
  0 0 1,0 0 1,
  0 0 1,0 0 1,
  0 0 1,0 0 1,
  0 0 1,0 0 1,
  0 0 1,0 0 1,
  0 0 1,0 0 1,
  0 0 1,0 0 1,
  0 0 1,0 0 1,
  0 0 1,0 0 1,
  0 0 1,0 0 1,
  0 0 1,0 0 1,
  0 0 1,0 0 1,
  0 0 1,0 0 1,
  0 0 1,0 0 1,
  0 0 1,0 0 1,
  0 0 1,0 0 1,
  0 0 1,0 0 1,
  0 0 1,0 0 1,
  0 0 1,0 0 1,
  0 0 1,0 0 1,
  0 0 1,0 0 1,
  0 0 1,0 0 1,
  0 0 1,0 0 1,
  0 0 1,0 0 1,
  0 0 1,0 0 1,
  0 0 1,0 0 1,
  0 0 1,0 0 1,
  0 0 1,0 0 1,
  0 0 1,0 0 1,
  0 0 1,0 0 1,
  0 0 1,0 0 1,
  0 0 1,0 0 1,
  0 0 1,0 0 1,
  0 0 1,0 0 1,
  0 0 1,0 0 1,
  0 0 1,0 0 1,
  0 0 1,0 0 1,
  0 0 1,0 0 1,
  0 0 1,0 0 1,
  0 0 1,0 0 1,
  0 0 1,0 0 1,
  0 0 1,0 0 1,
  0 0 1,0 0 1,
  0 0 1,0 0 1,
  0 0 1,0 0 1,
  0 0 1,0 0 1,
  0 0 1,0 0 1,
  0 0 1,0 0 1,
  0 0 1,0 0 1,
  0 0 1,0 0 1,
  0 0 1,0 0 1,
  0 0 1,0 0 1,
  0 0 1,0 0 1,
  0 0 1,0 0 1,
  0 0 1,0 0 1,
  0 0 1,0 0 1,
  0 0 1,0 0 1,
  0 0 1,0 0 1,
  0 0 1,0 0 1,
  0 0 1,0 0 1,
  0 0 1,0 0 1,
  0 0 1,0 0 1,
  0 0 1,0 0 1,
  0 0 1,0 0 1,
  0 0 1,0 0 1,
  0 0 1,0 0 1,
  0 0 1,0 0 1,
  0 0 1,0 0 1,
  0 0 1,0 0 1,
  0 0 1,0 0 1,
  0 0 1,0 0 1,
  0 0 1,0 0 1,
  0 0 1,0 0 1,
  0 0 1,0 0 1,
  0 0 1,0 0 1,
  0 0 1,0 0 1,
  0 0 1,0 0 1,
  0 0 1,0 0 1,
  0 0 1,0 0 1,
  0 0 1,0 0 1,
  0 0 1,0 0 1,
  0 0 1,0 0 1,
  0 0 1,0 0 1,
  0 0 1,0 0 1,
  0 0 1,0 0 1,
  0 0 1,0 0 1,
  0 0 1,0 0 1,
  0 0 1,0 0 1,
  0 0 1,0 0 1,
  0 0 1,0 0 1,
  0 0 1,0 0 1,
  0 0 1,0 0 1,
  0 0 1,0 0 1,
  0 0 1,0 0 1,
  0 0 1,0 0 1,
  0 0 1,0 0 1,
  0 0 1,0 0 1,
  0 0 1,0 0 1,
  0 0 1,0 0 1,
  0 0 1,0 0 1,
  0 0 1,0 0 1,
  0 0 1,0 0 1,
  0 0 1,0 0 1,
  0 0 1,0 0 1,
  0 0 1,0 0 1,
  0 0 1,0 0 1,
  0 0 1,0 0 1,
  0 0 1,0 0 1,
  0 0 1,0 0 1,
  0 0 1,0 0 1,
  0 0 1,0 0 1,
  0 0 1,0 0 1,
  0 0 1,0 0 1,
  0 0 1,0 0 1,
  0 0 1,0 0 1,
  0 0 1,0 0 1,
  0 0 1,0 0 1,
  0 0 1,0 0 1,
  0 0 1,0 0 1,
  0 0 1,0 0 1,
  0 0 1,0 0 1,
  0 0 1,0 0 1,
  0 0 1,0 0 1,
  0 0 1,0 0 1,
  0 0 1,0 0 1,
  0 0 1,0 0 1,
  0 0 1,0 0 1,
  0 0 1,0 0 1,
  0 0 1,0 0 1,
  0 0 1,0 0 1,
  0 0 1,0 0 1,
  0 0 1,0 0 1,
  0 0 1,0 0 1,
  0 0 1,0 0 1,
  0 0 1,0 0 1,
  0 0 1,0 0 1,
  0 0 1,0 0 1,
  0 0 1,0 0 1,
  0 0 1,0 0 1,
  0 0 1,0 0 1,
  0 0 1,0 0 1,
  0 0 1,0 0 1,
  0 0 1,0 0 1,
  0 0 1,0 0 1,
  0 0 1,0 0 1,
  0 0 1,0 0 1,
  0 0 1,0 0 1,
  0 0 1,0 0 1,
  0 0 1,0 0 1,
  0 0 1,0 0 1,
  0 0 1,0 0 1,
  0 0 1,0 0 1,
  0 0 1,0 0 1,
  0 0 1,0 0 1,
  0 0 1,0 0 1,
  0 0 1,0 0 1,
  0 0 1,0 0 1,
  0 0 1,0 0 1,
  0 0 1,0 0 1,
  0 0 1,0 0 1,
  0 0 1,0 0 1,
  0 0 1,0 0 1,
  0 0 1,0 0 1,
  0 0 1,0 0 1,
  0 0 1,0 0 1,
  0 0 1,0 0 1,
  0 0 1,0 0 1,
  0 0 1,0 0 1,
  0 0 1,0 0 1,
  0 0 1,0 0 1,
  0 0 1,0 0 1,
  0 0 1,0 0 1,
  0 0 1,0 0 1,
  0 0 1,0 0 1,
  0 0 1,0 0 1,
  0 0 1,0 0 1,
  0 0 1,0 0 1,
  0 0 1,0 0 1,
  0 0 1,0 0 1,
  0 0 1,0 0 1,
  0 0 1,0 0 1,
  0 0 1,0 0 1,
  0 0 1,0 0 1,
  0 0 1,0 0 1,
  0 0 1,0 0 1,
  0 0 1,0 0 1,
  0 0 1,0 0 1,
  0 0 1,0 0 1,
  0 0 1,0 0 1,
  0 0 1,0 0 1,
  0 0 1,0 0 1,
  0 0 1,0 0 1,
  0 0 1,0 0 1,
  0 0 1,0 0 1,
  0 0 1,0 0 1,
  0 0 1,0 0 1,
  0 0 1,0 0 1,
  0 0 1,0 0 1,
  0 0 1,0 0 1,
  0 0 1,0 0 1,
  0 0 1,0 0 1,
  0 0 1,0 0 1,
  0 0 1,0 0 1,
  0 0 1,0 0 1,
  0 0 1,0 0 1,
  0 0 1,0 0 1,
  0 0 1,0 0 1,
  0 0 1,0 0 1,
  0 0 1,0 0 1,
  0 0 1,0 0 1,
  0 0 1,0 0 1,
  0 0 1,0 0 1,
  0 0 1,0 0 1,
  0 0 1,0 0 1,
  0 0 1,0 0 1,
  0 0 1,0 0 1,
  0 0 1,0 0 1,
  0 0 1,0 0 1,
  0 0 1,0 0 1,
  0 0 1,0 0 1,
  0 0 1,0 0 1,
  0 0 1,0 0 1,
  0 0 1,0 0 1,
  0 0 1,0 0 1,
  0 0 1,0 0 1,
  0 0 1,0 0 1,
  0 0 1,0 0 1,
  0 0 1,0 0 1,
  0 0 1,0 0 1,
  0 0 1,0 0 1,
  0 0 1,0 0 1,
  0 0 1,0 0 1,
  0 0 1,0 0 1,
  0 0 1,0 0 1,
  0 0 1,0 0 1,
  0 0 1,0 0 1,
  0 0 1,0 0 1,
  0 0 1,0 0 1,
  0 0 1,0 0 1,
  0 0 1,0 0 1,
  0 0 1,0 0 1,
  0 0 1,0 0 1,
  0 0 1,0 0 1,
  0 0 1,0 0 1,
  0 0 1,0 0 1,
  0 0 1,0 0 1,
  0 0 1,0 0 1,
  0 0 1,0 0 1,
  0 0 1,0 0 1,
  0 0 1,0 0 1,
  0 0 1,0 0 1,
  0 0 1,0 0 1,
  0 0 1,0 0 1,
  0 0 1,0 0 1,
  0 0 1,0 0 1,
  0 0 1,0 0 1,
  0 0 1,0 0 1,
  0 0 1,0 0 1,
  0 0 1,0 0 1,
  0 0 1,0 0 1,
  0 0 1,0 0 1,
  0 0 1,0 0 1,
  0 0 1,0 0 1,
  0 0 1,0 0 1,
  0 0 1,0 0 1,
  0 0 1,0 0 1,
  0 0 1,0 0 1,
  0 0 1,0 0 1,
  0 0 1,0 0 1,
  0 0 1,0 0 1,
  0 0 1,0 0 1,
  0 0 1,0 0 1,
  0 0 1,0 0 1,
  0 0 1,0 0 1,
  0 0 1,0 0 1,
  0 0 1,0 0 1,
  0 0 1,0 0 1,
  0 0 1,0 0 1,
  0 0 1,0 0 1,
  0 0 1,0 0 1,
  0 0 1,0 0 1,
  0 0 1,0 0 1,
  0 0 1,0 0 1,
  0 0 1,0 0 1,
  0 0 1,0 0 1,
  0 0 1,0 0 1,
  0 0 1,0 0 1,
  0 0 1,0 0 1,
  0 0 1,0 0 1,
  0 0 1,0 0 1,
  0 0 1,0 0 1,
  0 0 1,0 0 1,
  0 0 1,0 0 1,
  0 0 1,0 0 1,
  0 0 1,0 0 1,
  0 0 1,0 0 1,
  0 0 1,0 0 1,
  0 0 1,0 0 1,
  0 0 1,0 0 1,
  0 0 1,0 0 1,
  0 0 1,0 0 1,
  0 0 1,0 0 1,
  0 0 1,0 0 1,
  0 0 1,0 0 1,
  0 0 1,0 0 1,
  0 0 1,0 0 1,
  0 0 1,0 0 1,
  0 0 1,0 0 1,
  0 0 1,0 0 1,
  0 0 1,0 0 1,
  0 0 1,0 0 1,
  0 0 1,0 0 1,
  0 0 1,0 0 1,
  0 0 1,0 0 1,
  0 0 1,0 0 1,
  0 0 1,0 0 1,
  0 0 1,0 0 1,
  0 0 1,0 0 1,
  0 0 1,0 0 1,
  0 0 1,0 0 1,
  0 0 1,0 0 1,
  0 0 1,0 0 1,
  0 0 1,0 0 1,
  0 0 1,0 0 1,
  0 0 1,0 0 1,
  0 0 1,0 0 1,
  0 0 1,0 0 1,
  0 0 1,0 0 1,
  0 0 1,0 0 1,
  0 0 1,0 0 1,
  0 0 1,0 0 1,
  0 0 1,0 0 1,
  0 0 1,0 0 1,
  0 0 1,0 0 1,
  0 0 1,0 0 1,
  0 0 1,0 0 1,
  0 0 1,0 0 1,
  0 0 1,0 0 1,
  0 0 1,0 0 1,
  0 0 1,0 0 1,
  0 0 1,0 0 1,
  0 0 1,0 0 1,
  0 0 1,0 0 1,
  0 0 1,0 0 1,
  0 0 1,0 0 1,
  0 0 1,0 0 1,
  0 0 1,0 0 1,
  0 0 1,0 0 1,
  0 0 1,0 0 1,
  0 0 1,0 0 1,
  0 0 1,0 0 1,
  0 0 1,0 0 1,
  0 0 1,0 0 1,
  0 0 1,0 0 1,
  0 0 1,0 0 1,
  0 0 1,0 0 1,
  0 0 1,0 0 1,
  0 0 1,0 0 1,
  0 0 1,0 0 1,
  0 0 1,0 0 1,
  0 0 1,0 0 1,
  0 0 1,0 0 1,
  0 0 1,0 0 1,
  0 0 1,0 0 1,
  0 0 1,0 0 1,
  0 0 1,0 0 1,
  0 0 1,0 0 1,
  0 0 1,0 0 1,
  0 0 1,0 0 1,
  0 0 1,0 0 1,
  0 0 1,0 0 1,
  0 0 1,0 0 1,
  0 0 1,0 0 1,
  0 0 1,0 0 1,
  0 0 1,0 0 1,
  0 0 1,0 0 1,
  0 0 1,0 0 1,
  0 0 1,0 0 1,
  0 0 1,0 0 1,
  0 0 1,0 0 1,
  0 0 1,0 0 1,
  0 0 1,0 0 1,
  0 0 1,0 0 1,
  0 0 1,0 0 1,
  0 0 1,0 0 1,
  0 0 1,0 0 1,
  0 0 1,0 0 1,
  0 0 1,0 0 1,
  0 0 1,0 0 1,
  0 0 1,0 0 1,
  0 0 1,0 0 1,
  0 0 1,0 0 1,
  0 0 1,0 0 1,
  0 0 1,0 0 1,
  0 0 1,0 0 1,
  0 0 1,0 0 1,
  0 0 1,0 0 1,
  0 0 1,0 0 1,
  0 0 1,0 0 1,
  0 0 1,0 0 1,
  0 0 1,0 0 1,
  0 0 1,0 0 1,
  0 0 1,0 0 1,
  0 0 1,0 0 1,
  0 0 1,0 0 1,
  0 0 1,0 0 1,
  0 0 1,0 0 1,
  0 0 1,0 0 1,
  0 0 1,0 0 1,
  0 0 1,0 0 1,
  0 0 1,0 0 1,
  0 0 1,0 0 1,
  0 0 1,0 0 1,
  0 0 1,0 0 1,
  0 0 1,0 0 1,
  0 0 1,0 0 1,
  0 0 1,0 0 1,
  0 0 1,0 0 1,
  0 0 1,0 0 1,
  0 0 1,0 0 1,
  0 0 1,0 0 1,
  0 0 1,0 0 1,
  0 0 1,0 0 1,
  0 0 1,0 0 1,
  0 0 1,0 0 1,
  0 0 1,0 0 1,
  0 0 1,0 0 1,
  0 0 1,0 0 1,
  0 0 1,0 0 1,
  0 0 1,0 0 1,
  0 0 1,0 0 1,
  0 0 1,0 0 1,
  0 0 1,0 0 1,
  0 0 1,0 0 1,
  0 0 1,0 0 1,
  0 0 1,0 0 1,
  0 0 1,0 0 1,
  0 0 1,0 0 1,
  0 0 1,0 0 1,
  0 0 1,0 0 1,
  0 0 1,0 0 1,
  0 0 1,0 0 1,
  0 0 1,0 0 1,
  0 0 1,0 0 1,
  0 0 1,0 0 1] }
}
}
] }
DEF TXFM_25 Transform {
  center 0 0 0
  rotation 0 0 1 0
  scale 1 1 1
  scaleOrientation 0 0 1 0
  translation 0 0 0
 children [
DEF SHAPE_15 Shape {
 appearance DEF APP_12 Appearance {
  material Material {
   ambientIntensity 0.72857141
   diffuseColor 0.96078432 0.96078432 0.96078432
   emissiveColor 0 0 0
   shininess 0.02
   specularColor 0.96470588 0.96470588 0.96470588
   transparency 0
} }
 geometry DEF FACE_15 IndexedFaceSet {
  coord DEF COORD_15 Coordinate { point [
  0.57037756 -2.7514638 -0.34448819,0.57890039 -2.7599866 -0.34448819,
  0.59095315 -2.7599866 -0.34448819,0.59947598 -2.7514638 -0.34448819,
  0.6006748 -2.7454374 -0.34448819,0.6006748 -2.524965 -0.34448819,
  0.6524185 -2.524965 -0.34448819,0.65844488 -2.5237661 -0.34448819,
  0.66696772 -2.5152433 -0.34448819,0.66696772 -2.5031906 -0.34448819,
  0.65844488 -2.4946677 -0.34448819,0.6524185 -2.4934689 -0.34448819,
  0.51743543 -2.4934689 -0.34448819,0.51140906 -2.4946677 -0.34448819,
  0.50288622 -2.5031906 -0.34448819,0.50288622 -2.5152433 -0.34448819,
  0.51140906 -2.5237661 -0.34448819,0.51743543 -2.524965 -0.34448819,
  0.56917874 -2.524965 -0.34448819,0.56917874 -2.7454374 -0.34448819,
  0.43859331 -2.6936937 -0.34448819,0.45750118 -2.7504177 -0.34448819,
  0.46054409 -2.7557555 -0.34448819,0.4713248 -2.7611461 -0.34448819,
  0.48275906 -2.7573346 -0.34448819,0.48814921 -2.7465539 -0.34448819,
  0.48738071 -2.7404575 -0.34448819,0.40864055 -2.504237 -0.34448819,
  0.40559764 -2.4988988 -0.34448819,0.40454528 -2.4983724 -0.34448819,
  0.4040189 -2.4973197 -0.34448819,0.39927953 -2.4957398 -0.34448819,
  0.39481693 -2.4935087 -0.34448819,0.39370118 -2.4938803 -0.34448819,
  0.39258465 -2.4935083 -0.34448819,0.38811811 -2.4957413 -0.34448819,
  0.38338268 -2.4973201 -0.34448819,0.3828563 -2.4983724 -0.34448819,
  0.38180394 -2.4988988 -0.34448819,0.37876102 -2.5042366 -0.34448819,
  0.32610748 -2.6621976 -0.34448819,0.30002087 -2.7404575 -0.34448819,
  0.29925236 -2.7465535 -0.34448819,0.30464252 -2.7573343 -0.34448819,
  0.31607677 -2.7611457 -0.34448819,0.32685748 -2.7557555 -0.34448819,
  0.32990039 -2.7504173 -0.34448819,0.34880827 -2.6936937 -0.34448819,
  0.42809449 -2.6621976 -0.34448819,0.35930709 -2.6621976 -0.34448819,
  0.39370039 -2.5590161 -0.34448819,0.041693307 -2.7514638 -0.34448819,
  0.050216142 -2.7599866 -0.34448819,0.062268898 -2.7599866 -0.34448819,
  0.070791732 -2.7514638 -0.34448819,0.071990551 -2.7454374 -0.34448819,
  0.071990551 -2.5092169 -0.34448819,0.070791732 -2.5031906 -0.34448819,
  0.068812598 -2.5012114 -0.34448819,0.067856299 -2.4985811 -0.34448819,
  0.064717323 -2.4971161 -0.34448819,0.062268898 -2.4946677 -0.34448819,
  0.059470472 -2.4946677 -0.34448819,0.056934252 -2.4934843 -0.34448819,
  0.053679528 -2.4946677 -0.34448819,0.050216142 -2.4946677 -0.34448819,
  0.048237008 -2.4966465 -0.34448819,0.045606693 -2.4976031 -0.34448819,
  0.041972047 -2.5025571 -0.34448819,-0.022498031 -2.6407063 -0.34448819,
  -0.086967323 -2.5025575 -0.34448819,-0.090601969 -2.4976031 -0.34448819,
  -0.093232677 -2.4966465 -0.34448819,-0.095211417 -2.4946677 -0.34448819,
  -0.098674803 -2.4946677 -0.34448819,-0.10192953 -2.4934843 -0.34448819,
  -0.10446575 -2.4946677 -0.34448819,-0.10726417 -2.4946677 -0.34448819,
  -0.10971299 -2.4971161 -0.34448819,-0.11285157 -2.4985811 -0.34448819,
  -0.11380827 -2.5012114 -0.34448819,-0.11578701 -2.5031906 -0.34448819,
  -0.11698583 -2.5092169 -0.34448819,-0.11698583 -2.7454374 -0.34448819,
  -0.11578701 -2.7514638 -0.34448819,-0.10726417 -2.7599866 -0.34448819,
  -0.095211417 -2.7599866 -0.34448819,-0.086688583 -2.7514638 -0.34448819,
  -0.085489764 -2.7454374 -0.34448819,-0.085489764 -2.5802016 -0.34448819,
  -0.03676811 -2.6846055 -0.34448819,-0.034367323 -2.6878776 -0.34448819,
  -0.034111417 -2.6885815 -0.34448819,-0.033715748 -2.6887661 -0.34448819,
  -0.033133465 -2.6895594 -0.34448819,-0.028071654 -2.6914 -0.34448819,
  -0.02318937 -2.6936783 -0.34448819,-0.022497638 -2.6934268 -0.34448819,
  -0.021805906 -2.6936783 -0.34448819,-0.016924016 -2.6914 -0.34448819,
  -0.011861811 -2.6895594 -0.34448819,-0.011280315 -2.6887661 -0.34448819,
  -0.010883858 -2.6885815 -0.34448819,-0.010627953 -2.6878772 -0.34448819,
  -0.0082271654 -2.6846051 -0.34448819,0.040494488 -2.5802016 -0.34448819,
  0.040494488 -2.7454374 -0.34448819,-0.2138252 -2.6936937 -0.34448819,
  -0.19491732 -2.7504177 -0.34448819,-0.19187441 -2.7557555 -0.34448819,
  -0.1810937 -2.7611461 -0.34448819,-0.16965945 -2.7573346 -0.34448819,
  -0.16426929 -2.7465539 -0.34448819,-0.1650378 -2.7404575 -0.34448819,
  -0.24377795 -2.504237 -0.34448819,-0.24682087 -2.4988988 -0.34448819,
  -0.24787323 -2.4983724 -0.34448819,-0.24839961 -2.4973197 -0.34448819,
  -0.25313898 -2.4957398 -0.34448819,-0.25760157 -2.4935087 -0.34448819,
  -0.25871732 -2.4938803 -0.34448819,-0.25983386 -2.4935083 -0.34448819,
  -0.26430039 -2.4957413 -0.34448819,-0.26903583 -2.4973201 -0.34448819,
  -0.2695622 -2.4983724 -0.34448819,-0.27061457 -2.4988988 -0.34448819,
  -0.27365748 -2.5042366 -0.34448819,-0.32631102 -2.6621976 -0.34448819,
  -0.35239764 -2.7404575 -0.34448819,-0.35316614 -2.7465535 -0.34448819,
  -0.34777598 -2.7573343 -0.34448819,-0.33634173 -2.7611457 -0.34448819,
  -0.32556102 -2.7557555 -0.34448819,-0.32251811 -2.7504173 -0.34448819,
  -0.30361024 -2.6936937 -0.34448819,-0.22432402 -2.6621976 -0.34448819,
  -0.29311142 -2.6621976 -0.34448819,-0.25871811 -2.5590161 -0.34448819,
  0.82104567 -2.6936937 -0.34448819,0.83995354 -2.7504177 -0.34448819,
  0.84299646 -2.7557555 -0.34448819,0.85377717 -2.7611461 -0.34448819,
  0.86521142 -2.7573346 -0.34448819,0.87060157 -2.7465539 -0.34448819,
  0.86983307 -2.7404575 -0.34448819,0.79109291 -2.504237 -0.34448819,
  0.78805 -2.4988988 -0.34448819,0.78699764 -2.4983724 -0.34448819,
  0.78647126 -2.4973197 -0.34448819,0.78173189 -2.4957398 -0.34448819,
  0.77726929 -2.4935087 -0.34448819,0.77615354 -2.4938803 -0.34448819,
  0.77503701 -2.4935083 -0.34448819,0.77057047 -2.4957413 -0.34448819,
  0.76583504 -2.4973201 -0.34448819,0.76530866 -2.4983724 -0.34448819,
  0.7642563 -2.4988988 -0.34448819,0.76121339 -2.5042366 -0.34448819,
  0.70855984 -2.6621976 -0.34448819,0.68247323 -2.7404575 -0.34448819,
  0.68170472 -2.7465535 -0.34448819,0.68709488 -2.7573343 -0.34448819,
  0.69852913 -2.7611457 -0.34448819,0.70930984 -2.7557555 -0.34448819,
  0.71235276 -2.7504173 -0.34448819,0.73126063 -2.6936937 -0.34448819,
  0.81054685 -2.6621976 -0.34448819,0.74175945 -2.6621976 -0.34448819,
  0.77615276 -2.5590161 -0.34448819,1.0573677 -2.7611854 -0.34448819,
  1.0633941 -2.7599866 -0.34448819,1.0719169 -2.7514638 -0.34448819,
  1.0731157 -2.7454374 -0.34448819,1.0731157 -2.5092169 -0.34448819,
  1.0719169 -2.5031906 -0.34448819,1.0633941 -2.4946677 -0.34448819,
  1.0573677 -2.4934689 -0.34448819,1.0011248 -2.4934689 -0.34448819,
  0.99864764 -2.4939614 -0.34448819,0.99614488 -2.4942772 -0.34448819,
  0.96239921 -2.5055256 -0.34448819,0.96171417 -2.5059161 -0.34448819,
  0.96135236 -2.5059161 -0.34448819,0.95925157 -2.5073197 -0.34448819,
  0.95706102 -2.5085685 -0.34448819,0.95689921 -2.5088913 -0.34448819,
  0.95624331 -2.5093299 -0.34448819,0.93374646 -2.5318272 -0.34448819,
  0.93234528 -2.5339236 -0.34448819,0.93079646 -2.5359197 -0.34448819,
  0.91954803 -2.5584173 -0.34448819,0.91909252 -2.5600803 -0.34448819,
  0.91835551 -2.5616406 -0.34448819,0.90710669 -2.6066346 -0.34448819,
  0.9070126 -2.6085622 -0.34448819,0.90663661 -2.6104543 -0.34448819,
  0.90663661 -2.6123937 -0.34448819,0.90663661 -2.6442 -0.34448819,
  0.9070126 -2.6460917 -0.34448819,0.90710669 -2.6480197 -0.34448819,
  0.91835551 -2.6930138 -0.34448819,0.91909252 -2.6945736 -0.34448819,
  0.91954803 -2.696237 -0.34448819,0.93079646 -2.7187346 -0.34448819,
  0.93234528 -2.7207303 -0.34448819,0.93374646 -2.7228272 -0.34448819,
  0.95624331 -2.7453244 -0.34448819,0.95689921 -2.7457626 -0.34448819,
  0.95706102 -2.7460858 -0.34448819,0.95925157 -2.7473343 -0.34448819,
  0.96135236 -2.7487382 -0.34448819,0.96171417 -2.7487382 -0.34448819,
  0.96239921 -2.7491287 -0.34448819,0.99614488 -2.7603772 -0.34448819,
  0.99864764 -2.7606925 -0.34448819,1.0011248 -2.7611854 -0.34448819,
  1.0416197 -2.524965 -0.34448819,1.0416197 -2.7296894 -0.34448819,
  1.0036799 -2.7296894 -0.34448819,0.97588622 -2.7204248 -0.34448819,
  0.95782441 -2.702363 -0.34448819,0.94849213 -2.6836992 -0.34448819,
  0.93813268 -2.6422602 -0.34448819,0.93813268 -2.6123937 -0.34448819,
  0.94849213 -2.5709547 -0.34448819,0.95782441 -2.5522909 -0.34448819,
  0.97588622 -2.5342291 -0.34448819,1.0036799 -2.524965 -0.34448819,
  -1.0011252 -2.598937 -0.34448819,-1.0667622 -2.5004815 -0.34448819,
  -1.0711024 -2.4961323 -0.34448819,-1.0829217 -2.4937685 -0.34448819,
  -1.09295 -2.5004539 -0.34448819,-1.0953138 -2.5122732 -0.34448819,
  -1.0929685 -2.5179524 -0.34448819,-1.020052 -2.6273272 -0.34448819,
  -1.0929685 -2.736702 -0.34448819,-1.0953138 -2.7423811 -0.34448819,
  -1.09295 -2.7542004 -0.34448819,-1.0829217 -2.7608858 -0.34448819,
  -1.0711024 -2.758522 -0.34448819,-1.0667622 -2.7541728 -0.34448819,
  -1.0011252 -2.6557173 -0.34448819,-0.93548819 -2.7541728 -0.34448819,
  -0.93114803 -2.758522 -0.34448819,-0.91932874 -2.7608858 -0.34448819,
  -0.90930039 -2.7542 -0.34448819,-0.90693661 -2.7423811 -0.34448819,
  -0.90928189 -2.736702 -0.34448819,-0.98219843 -2.6273272 -0.34448819,
  -0.90928189 -2.5179524 -0.34448819,-0.90693661 -2.5122732 -0.34448819,
  -0.90930039 -2.5004543 -0.34448819,-0.91932874 -2.4937685 -0.34448819,
  -0.93114803 -2.4961323 -0.34448819,-0.93548819 -2.5004815 -0.34448819,
  -0.46449331 -2.7514638 -0.34448819,-0.45597047 -2.7599866 -0.34448819,
  -0.44391772 -2.7599866 -0.34448819,-0.43539488 -2.7514638 -0.34448819,
  -0.43419606 -2.7454374 -0.34448819,-0.43419606 -2.524965 -0.34448819,
  -0.38245236 -2.524965 -0.34448819,-0.37642598 -2.5237661 -0.34448819,
  -0.36790315 -2.5152433 -0.34448819,-0.36790315 -2.5031906 -0.34448819,
  -0.37642598 -2.4946677 -0.34448819,-0.38245236 -2.4934689 -0.34448819,
  -0.51743543 -2.4934689 -0.34448819,-0.52346181 -2.4946677 -0.34448819,
  -0.53198465 -2.5031906 -0.34448819,-0.53198465 -2.5152433 -0.34448819,
  -0.52346181 -2.5237661 -0.34448819,-0.51743543 -2.524965 -0.34448819,
  -0.46569213 -2.524965 -0.34448819,-0.46569213 -2.7454374 -0.34448819,
  -0.6107252 -2.7514638 -0.34448819,-0.60220236 -2.7599866 -0.34448819,
  -0.59014961 -2.7599866 -0.34448819,-0.58162677 -2.7514638 -0.34448819,
  -0.58042795 -2.7454374 -0.34448819,-0.58042795 -2.5092169 -0.34448819,
  -0.58162677 -2.5031906 -0.34448819,-0.59014961 -2.4946677 -0.34448819,
  -0.59617598 -2.4934689 -0.34448819,-0.68616457 -2.4934689 -0.34448819,
  -0.68693858 -2.4936224 -0.34448819,-0.68728071 -2.4935087 -0.34448819,
  -0.68971417 -2.4941748 -0.34448819,-0.69219094 -2.4946677 -0.34448819,
  -0.69244646 -2.4949228 -0.34448819,-0.69320709 -2.4951315 -0.34448819,
  -0.71570433 -2.5063799 -0.34448819,-0.71769803 -2.5079268 -0.34448819,
  -0.71979764 -2.5093299 -0.34448819,-0.73104606 -2.5205787 -0.34448819,
  -0.73244843 -2.5226776 -0.34448819,-0.73399567 -2.5246713 -0.34448819,
  -0.74524449 -2.5471685 -0.34448819,-0.74545315 -2.5479295 -0.34448819,
  -0.74570827 -2.548185 -0.34448819,-0.74620079 -2.5506602 -0.34448819,
  -0.74686732 -2.5530949 -0.34448819,-0.74675315 -2.5534374 -0.34448819,
  -0.74690709 -2.5542114 -0.34448819,-0.74690709 -2.5579291 -0.34448819,
  -0.74690709 -2.5879571 -0.34448819,-0.74675315 -2.5887307 -0.34448819,
  -0.74686732 -2.5890736 -0.34448819,-0.74620079 -2.5915079 -0.34448819,
  -0.74570827 -2.5939835 -0.34448819,-0.74545315 -2.5942386 -0.34448819,
  -0.74524449 -2.595 -0.34448819,-0.73399567 -2.6174972 -0.34448819,
  -0.73244685 -2.6194929 -0.34448819,-0.73104567 -2.6215898 -0.34448819,
  -0.71979764 -2.6328382 -0.34448819,-0.71769961 -2.6342398 -0.34448819,
  -0.71570472 -2.6357882 -0.34448819,-0.69320748 -2.647037 -0.34448819,
  -0.69244646 -2.6472453 -0.34448819,-0.69219094 -2.6475008 -0.34448819,
  -0.68971575 -2.6479929 -0.34448819,-0.6872811 -2.6486598 -0.34448819,
  -0.68693858 -2.6485453 -0.34448819,-0.68616457 -2.6486996 -0.34448819,
  -0.68266575 -2.6486996 -0.34448819,-0.74406024 -2.7364063 -0.34448819,
  -0.74653425 -2.7420311 -0.34448819,-0.74443937 -2.7539008 -0.34448819,
  -0.73456535 -2.7608126 -0.34448819,-0.72269567 -2.7587177 -0.34448819,
  -0.71825787 -2.7544685 -0.34448819,-0.64421969 -2.6486996 -0.34448819,
  -0.61192402 -2.6486996 -0.34448819,-0.61192402 -2.7454374 -0.34448819,
  -0.61192402 -2.524965 -0.34448819,-0.61192402 -2.6172035 -0.34448819,
  -0.68244685 -2.6172035 -0.34448819,-0.69933346 -2.6087598 -0.34448819,
  -0.70696772 -2.601126 -0.34448819,-0.71541102 -2.584239 -0.34448819,
  -0.71541102 -2.5579291 -0.34448819,-0.70696772 -2.5410425 -0.34448819,
  -0.69933268 -2.5334075 -0.34448819,-0.68244685 -2.524965 -0.34448819,
  -0.81664843 -2.5092169 -0.34448819,-0.81784724 -2.5031906 -0.34448819,
  -0.82637008 -2.4946677 -0.34448819,-0.83842283 -2.4946677 -0.34448819,
  -0.84694567 -2.5031906 -0.34448819,-0.84814449 -2.5092169 -0.34448819,
  -0.84814449 -2.7454374 -0.34448819,-0.84694567 -2.7514638 -0.34448819,
  -0.83842283 -2.7599866 -0.34448819,-0.82637008 -2.7599866 -0.34448819,
  -0.81784724 -2.7514638 -0.34448819,-0.81664843 -2.7454374 -0.34448819,
  1.1811024 -3.8425197 -0.34448819,1.1901421 -3.8407217 -0.34448819,
  1.2029264 -3.8279374 -0.34448819,1.2047244 -3.8188976 -0.34448819,
  1.2047244 -1.4566929 -0.34448819,1.2029264 -1.4476531 -0.34448819,
  1.1901421 -1.4348689 -0.34448819,1.1811024 -1.4330709 -0.34448819,
  -1.1811024 -1.4330709 -0.34448819,-1.1901421 -1.4348689 -0.34448819,
  -1.2029264 -1.4476531 -0.34448819,-1.2047244 -1.4566929 -0.34448819,
  -1.2047244 -3.7952756 -0.34448819,-1.2047244 -3.8188976 -0.34448819,
  -1.2029264 -3.8279374 -0.34448819,-1.1901421 -3.8407217 -0.34448819,
  -1.1811024 -3.8425197 -0.34448819,1.1574803 -1.480315 -0.34448819,
  1.1574803 -3.7952756 -0.34448819,-1.1574803 -3.7952756 -0.34448819,
  -1.1574803 -1.480315 -0.34448819,-1.7125988 -1.1671657 -0.34448819,
  -1.7057437 -1.1658024 -0.34448819,-1.6960488 -1.1561075 -0.34448819,
  -1.6946854 -1.1492524 -0.34448819,-1.6946854 -0.87366181 -0.34448819,
  -1.6960488 -0.86680669 -0.34448819,-1.7057437 -0.85711181 -0.34448819,
  -1.7125988 -0.85574843 -0.34448819,-1.7782157 -0.85574843 -0.34448819,
  -1.7810323 -0.85630827 -0.34448819,-1.7838803 -0.85666772 -0.34448819,
  -1.8232504 -0.86979094 -0.34448819,-1.8240295 -0.87023504 -0.34448819,
  -1.8244413 -0.87023504 -0.34448819,-1.826828 -0.87182992 -0.34448819,
  -1.8293228 -0.87325197 -0.34448819,-1.8295071 -0.87362008 -0.34448819,
  -1.8302524 -0.8741185 -0.34448819,-1.8564992 -0.90036535 -0.34448819,
  -1.8580961 -0.90275472 -0.34448819,-1.8598543 -0.90502087 -0.34448819,
  -1.872978 -0.93126772 -0.34448819,-1.8734961 -0.93315866 -0.34448819,
  -1.8743346 -0.93493425 -0.34448819,-1.8874579 -0.98742756 -0.34448819,
  -1.887565 -0.98962008 -0.34448819,-1.8879925 -0.99177205 -0.34448819,
  -1.8879925 -0.99397756 -0.34448819,-1.8879925 -1.0311421 -0.34448819,
  -1.887565 -1.0332937 -0.34448819,-1.8874579 -1.0354866 -0.34448819,
  -1.8743346 -1.0879799 -0.34448819,-1.8734961 -1.0897551 -0.34448819,
  -1.872978 -1.0916465 -0.34448819,-1.8598543 -1.1178933 -0.34448819,
  -1.8580961 -1.1201591 -0.34448819,-1.8564992 -1.1225488 -0.34448819,
  -1.8302524 -1.1487957 -0.34448819,-1.8295071 -1.1492937 -0.34448819,
  -1.8293228 -1.1496622 -0.34448819,-1.826828 -1.1510839 -0.34448819,
  -1.8244413 -1.1526791 -0.34448819,-1.8240295 -1.1526791 -0.34448819,
  -1.8232504 -1.1531232 -0.34448819,-1.7838803 -1.1662465 -0.34448819,
  -1.7810323 -1.1666055 -0.34448819,-1.7782157 -1.1671657 -0.34448819,
  -1.7305122 -0.8915752 -0.34448819,-1.7305122 -1.131339 -0.34448819,
  -1.7753091 -1.131339 -0.34448819,-1.8079091 -1.1204724 -0.34448819,
  -1.8291106 -1.0992705 -0.34448819,-1.8400543 -1.0773831 -0.34448819,
  -1.8521657 -1.0289362 -0.34448819,-1.8521657 -0.99397756 -0.34448819,
  -1.8400543 -0.94553071 -0.34448819,-1.8291106 -0.92364331 -0.34448819,
  -1.8079091 -0.90244134 -0.34448819,-1.7753091 -0.8915752 -0.34448819,
  -1.4529783 -0.87252087 -0.34448819,-1.4552437 -0.87076299 -0.34448819,
  -1.4814906 -0.85763937 -0.34448819,-1.4823559 -0.85740236 -0.34448819,
  -1.4826465 -0.85711181 -0.34448819,-1.4854618 -0.85655157 -0.34448819,
  -1.4882319 -0.85579331 -0.34448819,-1.488622 -0.85592323 -0.34448819,
  -1.4895016 -0.85574843 -0.34448819,-1.5551185 -0.85574843 -0.34448819,
  -1.557935 -0.85630827 -0.34448819,-1.5607831 -0.85666772 -0.34448819,
  -1.6001531 -0.86979094 -0.34448819,-1.6062256 -0.87325197 -0.34448819,
  -1.6123571 -0.88551535 -0.34448819,-1.6080217 -0.89852205 -0.34448819,
  -1.5957583 -0.90465354 -0.34448819,-1.588824 -0.90377913 -0.34448819,
  -1.5522118 -0.8915752 -0.34448819,-1.4937307 -0.8915752 -0.34448819,
  -1.4738661 -0.90150709 -0.34448819,-1.4648535 -0.91052008 -0.34448819,
  -1.4549217 -0.93038346 -0.34448819,-1.4549217 -0.94817323 -0.34448819,
  -1.4648543 -0.96803819 -0.34448819,-1.473865 -0.97704882 -0.34448819,
  -1.4957555 -0.98799409 -0.34448819,-1.5463398 -1.0006406 -0.34448819,
  -1.548113 -1.001478 -0.34448819,-1.5500059 -1.0019965 -0.34448819,
  -1.5762528 -1.0151197 -0.34448819,-1.5785232 -1.0168815 -0.34448819,
  -1.5809083 -1.0184756 -0.34448819,-1.5940315 -1.0315988 -0.34448819,
  -1.595628 -1.033987 -0.34448819,-1.597387 -1.0362543 -0.34448819,
  -1.6105106 -1.0625012 -0.34448819,-1.6107476 -1.0633657 -0.34448819,
  -1.6110386 -1.0636571 -0.34448819,-1.6115988 -1.0664736 -0.34448819,
  -1.6123571 -1.0692421 -0.34448819,-1.6122272 -1.0696323 -0.34448819,
  -1.612402 -1.0705122 -0.34448819,-1.612402 -1.0967591 -0.34448819,
  -1.6122272 -1.0976386 -0.34448819,-1.6123571 -1.0980291 -0.34448819,
  -1.6115988 -1.100798 -0.34448819,-1.6110386 -1.1036142 -0.34448819,
  -1.610748 -1.1039047 -0.34448819,-1.6105106 -1.1047705 -0.34448819,
  -1.597387 -1.1310165 -0.34448819,-1.5956287 -1.1332823 -0.34448819,
  -1.5940319 -1.135672 -0.34448819,-1.5809087 -1.1487957 -0.34448819,
  -1.5785205 -1.1503913 -0.34448819,-1.5762528 -1.1521516 -0.34448819,
  -1.5500059 -1.1652748 -0.34448819,-1.5491409 -1.1655114 -0.34448819,
  -1.54885 -1.1658024 -0.34448819,-1.546035 -1.1663622 -0.34448819,
  -1.5432646 -1.1671209 -0.34448819,-1.5428748 -1.1669906 -0.34448819,
  -1.5419949 -1.1671657 -0.34448819,-1.4763783 -1.1671657 -0.34448819,
  -1.4735622 -1.1666055 -0.34448819,-1.4707138 -1.1662465 -0.34448819,
  -1.4313437 -1.1531232 -0.34448819,-1.4252717 -1.1496622 -0.34448819,
  -1.4191398 -1.1373988 -0.34448819,-1.4234752 -1.1243921 -0.34448819,
  -1.4357386 -1.1182606 -0.34448819,-1.4426728 -1.119135 -0.34448819,
  -1.479285 -1.131339 -0.34448819,-1.5377665 -1.131339 -0.34448819,
  -1.5576307 -1.1214067 -0.34448819,-1.5666433 -1.1123941 -0.34448819,
  -1.5765752 -1.0925299 -0.34448819,-1.5765752 -1.0747406 -0.34448819,
  -1.5666429 -1.054876 -0.34448819,-1.5576315 -1.0458646 -0.34448819,
  -1.5357429 -1.0349201 -0.34448819,-1.4851567 -1.0222736 -0.34448819,
  -1.4833839 -1.0214358 -0.34448819,-1.4814906 -1.0209177 -0.34448819,
  -1.4552437 -1.0077941 -0.34448819,-1.4529768 -1.0060346 -0.34448819,
  -1.4505882 -1.0044386 -0.34448819,-1.437465 -0.99131535 -0.34448819,
  -1.4358713 -0.98892992 -0.34448819,-1.4341091 -0.98665984 -0.34448819,
  -1.4209858 -0.96041299 -0.34448819,-1.4207492 -0.95954764 -0.34448819,
  -1.4204583 -0.95925709 -0.34448819,-1.4198984 -0.95644173 -0.34448819,
  -1.4191398 -0.95367165 -0.34448819,-1.4192701 -0.9532815 -0.34448819,
  -1.4190949 -0.95240197 -0.34448819,-1.4190949 -0.92615512 -0.34448819,
  -1.4192701 -0.9252752 -0.34448819,-1.4191398 -0.92488504 -0.34448819,
  -1.4198988 -0.92211417 -0.34448819,-1.4204583 -0.9193 -0.34448819,
  -1.4207492 -0.91900906 -0.34448819,-1.4209858 -0.91814409 -0.34448819,
  -1.4341094 -0.89189764 -0.34448819,-1.4358681 -0.8896315 -0.34448819,
  -1.4374646 -0.88724213 -0.34448819,-1.4505878 -0.8741185 -0.34448819,
  -0.79573504 -0.87366181 -0.34448819,-0.79709843 -0.86680669 -0.34448819,
  -0.80679331 -0.85711181 -0.34448819,-0.82050354 -0.85711181 -0.34448819,
  -0.83019843 -0.86680669 -0.34448819,-0.83156181 -0.87366181 -0.34448819,
  -0.83156181 -1.131339 -0.34448819,-0.94488189 -1.131339 -0.34448819,
  -0.95173701 -1.1327024 -0.34448819,-0.96143189 -1.1423972 -0.34448819,
  -0.96143189 -1.1561075 -0.34448819,-0.95173701 -1.1658024 -0.34448819,
  -0.94488189 -1.1671657 -0.34448819,-0.81364843 -1.1671657 -0.34448819,
  -0.80679331 -1.1658024 -0.34448819,-0.79709843 -1.1561075 -0.34448819,
  -0.79573504 -1.1492524 -0.34448819,-0.53851457 -1.1225492 -0.34448819,
  -0.5369189 -1.1201606 -0.34448819,-0.53515866 -1.1178933 -0.34448819,
  -0.52203543 -1.0916465 -0.34448819,-0.52151732 -1.0897539 -0.34448819,
  -0.52067913 -1.0879799 -0.34448819,-0.5075563 -1.035487 -0.34448819,
  -0.50744961 -1.0332953 -0.34448819,-0.50702126 -1.0311421 -0.34448819,
  -0.50702126 -0.99177205 -0.34448819,-0.50744961 -0.9896185 -0.34448819,
  -0.5075563 -0.98742717 -0.34448819,-0.52067913 -0.93493425 -0.34448819,
  -0.52151732 -0.93315984 -0.34448819,-0.52203543 -0.93126772 -0.34448819,
  -0.53515866 -0.90502087 -0.34448819,-0.5369189 -0.90275315 -0.34448819,
  -0.53851457 -0.90036496 -0.34448819,-0.56476142 -0.8741185 -0.34448819,
  -0.56550748 -0.87361969 -0.34448819,-0.56569134 -0.87325197 -0.34448819,
  -0.56818465 -0.87183071 -0.34448819,-0.57057244 -0.87023504 -0.34448819,
  -0.57098425 -0.87023504 -0.34448819,-0.57176339 -0.86979094 -0.34448819,
  -0.61113346 -0.85666772 -0.34448819,-0.61398189 -0.85630827 -0.34448819,
  -0.61679803 -0.85574843 -0.34448819,-0.64304488 -0.85574843 -0.34448819,
  -0.64586142 -0.85630827 -0.34448819,-0.64870945 -0.85666772 -0.34448819,
  -0.68807953 -0.86979094 -0.34448819,-0.68885866 -0.87023504 -0.34448819,
  -0.68927047 -0.87023504 -0.34448819,-0.69165827 -0.87183031 -0.34448819,
  -0.69415197 -0.87325197 -0.34448819,-0.69433622 -0.87361969 -0.34448819,
  -0.69508189 -0.8741185 -0.34448819,-0.70820512 -0.88724213 -0.34448819,
  -0.71208819 -0.89305354 -0.34448819,-0.71208819 -0.90676417 -0.34448819,
  -0.70239331 -0.91645866 -0.34448819,-0.68868268 -0.91645866 -0.34448819,
  -0.68287126 -0.9125752 -0.34448819,-0.67273819 -0.90244134 -0.34448819,
  -0.64013819 -0.8915752 -0.34448819,-0.61970472 -0.8915752 -0.34448819,
  -0.58710433 -0.90244173 -0.34448819,-0.56590354 -0.92364252 -0.34448819,
  -0.55496024 -0.94552953 -0.34448819,-0.54284803 -0.99397756 -0.34448819,
  -0.54284803 -1.0289362 -0.34448819,-0.55496024 -1.0773843 -0.34448819,
  -0.56590354 -1.0992713 -0.34448819,-0.58710433 -1.120472 -0.34448819,
  -0.61970472 -1.131339 -0.34448819,-0.64013819 -1.131339 -0.34448819,
  -0.67273819 -1.1204724 -0.34448819,-0.68287126 -1.110339 -0.34448819,
  -0.68868268 -1.1064555 -0.34448819,-0.70239331 -1.1064555 -0.34448819,
  -0.71208819 -1.11615 -0.34448819,-0.71208819 -1.1298606 -0.34448819,
  -0.70820512 -1.135672 -0.34448819,-0.69508189 -1.1487957 -0.34448819,
  -0.69433622 -1.1492941 -0.34448819,-0.69415197 -1.1496622 -0.34448819,
  -0.69165827 -1.1510835 -0.34448819,-0.68927047 -1.1526791 -0.34448819,
  -0.68885866 -1.1526791 -0.34448819,-0.68807953 -1.1531232 -0.34448819,
  -0.64870945 -1.1662465 -0.34448819,-0.64586142 -1.1666055 -0.34448819,
  -0.64304488 -1.1671657 -0.34448819,-0.61679803 -1.1671657 -0.34448819,
  -0.61398189 -1.1666055 -0.34448819,-0.61113346 -1.1662465 -0.34448819,
  -0.57176339 -1.1531232 -0.34448819,-0.57098425 -1.1526791 -0.34448819,
  -0.57057244 -1.1526791 -0.34448819,-0.56818465 -1.1510831 -0.34448819,
  -0.56569134 -1.1496622 -0.34448819,-0.56550748 -1.1492941 -0.34448819,
  -0.56476142 -1.1487957 -0.34448819,-0.22866339 0.94875591 -0.34448819,
  -0.21332244 0.93341496 -0.34448819,-0.19162717 0.93341496 -0.34448819,
  -0.17628622 0.94875591 -0.34448819,-0.17412835 0.95960354 -0.34448819,
  -0.17412835 1.2462177 -0.34448819,-0.11248622 1.2462177 -0.34448819,
  -0.10163858 1.2483756 -0.34448819,-0.086297638 1.2637165 -0.34448819,
  -0.086297638 1.2854118 -0.34448819,-0.10163858 1.3007528 -0.34448819,
  -0.11248622 1.3029106 -0.34448819,-0.29246378 1.3029106 -0.34448819,
  -0.30331142 1.3007528 -0.34448819,-0.31865236 1.2854118 -0.34448819,
  -0.31865236 1.2637165 -0.34448819,-0.30331142 1.2483756 -0.34448819,
  -0.29246378 1.2462177 -0.34448819,-0.23082126 1.2462177 -0.34448819,
  -0.23082126 0.95960354 -0.34448819,-0.2784374 -0.87252087 -0.34448819,
  -0.28070276 -0.87076299 -0.34448819,-0.30694961 -0.85763937 -0.34448819,
  -0.30781496 -0.85740236 -0.34448819,-0.30810551 -0.85711181 -0.34448819,
  -0.31092087 -0.85655157 -0.34448819,-0.31369094 -0.85579331 -0.34448819,
  -0.3140811 -0.85592323 -0.34448819,-0.31496063 -0.85574843 -0.34448819,
  -0.38057756 -0.85574843 -0.34448819,-0.38339409 -0.85630827 -0.34448819,
  -0.38624213 -0.85666772 -0.34448819,-0.4256122 -0.86979094 -0.34448819,
  -0.43168465 -0.87325197 -0.34448819,-0.43781614 -0.88551535 -0.34448819,
  -0.43348071 -0.89852205 -0.34448819,-0.42121732 -0.90465354 -0.34448819,
  -0.41428307 -0.90377913 -0.34448819,-0.37767087 -0.8915752 -0.34448819,
  -0.31918976 -0.8915752 -0.34448819,-0.2993252 -0.90150709 -0.34448819,
  -0.2903126 -0.91052008 -0.34448819,-0.28038071 -0.93038346 -0.34448819,
  -0.28038071 -0.94817323 -0.34448819,-0.29031339 -0.96803819 -0.34448819,
  -0.29932402 -0.97704882 -0.34448819,-0.32121457 -0.98799409 -0.34448819,
  -0.37179882 -1.0006406 -0.34448819,-0.37357205 -1.001478 -0.34448819,
  -0.37546496 -1.0019965 -0.34448819,-0.40171181 -1.0151197 -0.34448819,
  -0.40398228 -1.0168815 -0.34448819,-0.40636732 -1.0184756 -0.34448819,
  -0.41949055 -1.0315988 -0.34448819,-0.42108701 -1.033987 -0.34448819,
  -0.42284606 -1.0362543 -0.34448819,-0.43596969 -1.0625012 -0.34448819,
  -0.43620669 -1.0633657 -0.34448819,-0.43649764 -1.0636571 -0.34448819,
  -0.43705787 -1.0664736 -0.34448819,-0.43781614 -1.0692421 -0.34448819,
  -0.43768622 -1.0696323 -0.34448819,-0.43786102 -1.0705122 -0.34448819,
  -0.43786102 -1.0967591 -0.34448819,-0.43768622 -1.0976386 -0.34448819,
  -0.43781614 -1.0980291 -0.34448819,-0.43705787 -1.100798 -0.34448819,
  -0.43649764 -1.1036142 -0.34448819,-0.43620709 -1.1039047 -0.34448819,
  -0.43596969 -1.1047705 -0.34448819,-0.42284606 -1.1310165 -0.34448819,
  -0.4210878 -1.1332823 -0.34448819,-0.41949094 -1.135672 -0.34448819,
  -0.40636772 -1.1487957 -0.34448819,-0.40397953 -1.1503913 -0.34448819,
  -0.40171181 -1.1521516 -0.34448819,-0.37546496 -1.1652748 -0.34448819,
  -0.3746 -1.1655114 -0.34448819,-0.37430906 -1.1658024 -0.34448819,
  -0.37149409 -1.1663622 -0.34448819,-0.36872362 -1.1671209 -0.34448819,
  -0.36833386 -1.1669906 -0.34448819,-0.36745394 -1.1671657 -0.34448819,
  -0.3018374 -1.1671657 -0.34448819,-0.29902126 -1.1666055 -0.34448819,
  -0.29617283 -1.1662465 -0.34448819,-0.25680276 -1.1531232 -0.34448819,
  -0.25073071 -1.1496622 -0.34448819,-0.24459882 -1.1373988 -0.34448819,
  -0.24893425 -1.1243921 -0.34448819,-0.26119764 -1.1182606 -0.34448819,
  -0.26813189 -1.119135 -0.34448819,-0.30474409 -1.131339 -0.34448819,
  -0.36322559 -1.131339 -0.34448819,-0.38308976 -1.1214067 -0.34448819,
  -0.39210236 -1.1123941 -0.34448819,-0.40203425 -1.0925299 -0.34448819,
  -0.40203425 -1.0747406 -0.34448819,-0.39210197 -1.054876 -0.34448819,
  -0.38309055 -1.0458646 -0.34448819,-0.36120197 -1.0349201 -0.34448819,
  -0.31061575 -1.0222736 -0.34448819,-0.30884291 -1.0214358 -0.34448819,
  -0.30694961 -1.0209177 -0.34448819,-0.28070276 -1.0077941 -0.34448819,
  -0.27843583 -1.0060346 -0.34448819,-0.27604724 -1.0044386 -0.34448819,
  -0.26292402 -0.99131535 -0.34448819,-0.26133031 -0.98892992 -0.34448819,
  -0.25956811 -0.98665984 -0.34448819,-0.24644488 -0.96041299 -0.34448819,
  -0.24620827 -0.95954764 -0.34448819,-0.24591732 -0.95925709 -0.34448819,
  -0.24535748 -0.95644173 -0.34448819,-0.24459882 -0.95367165 -0.34448819,
  -0.24472913 -0.9532815 -0.34448819,-0.24455394 -0.95240197 -0.34448819,
  -0.24455394 -0.92615512 -0.34448819,-0.24472913 -0.9252752 -0.34448819,
  -0.24459882 -0.92488504 -0.34448819,-0.24535787 -0.92211417 -0.34448819,
  -0.24591732 -0.9193 -0.34448819,-0.24620827 -0.91900906 -0.34448819,
  -0.24644488 -0.91814409 -0.34448819,-0.2595685 -0.89189764 -0.34448819,
  -0.26132717 -0.8896315 -0.34448819,-0.26292362 -0.88724213 -0.34448819,
  -0.27604685 -0.8741185 -0.34448819,0.38057717 -1.1671657 -0.34448819,
  0.38743228 -1.1658024 -0.34448819,0.39712717 -1.1561075 -0.34448819,
  0.39849055 -1.1492524 -0.34448819,0.39849055 -0.87366181 -0.34448819,
  0.39712717 -0.86680669 -0.34448819,0.38743228 -0.85711181 -0.34448819,
  0.38057717 -0.85574843 -0.34448819,0.31496024 -0.85574843 -0.34448819,
  0.3121437 -0.85630827 -0.34448819,0.30929567 -0.85666772 -0.34448819,
  0.26992559 -0.86979094 -0.34448819,0.26914646 -0.87023504 -0.34448819,
  0.26873465 -0.87023504 -0.34448819,0.26634803 -0.87182992 -0.34448819,
  0.26385315 -0.87325197 -0.34448819,0.2636689 -0.87362008 -0.34448819,
  0.26292362 -0.8741185 -0.34448819,0.23667677 -0.90036535 -0.34448819,
  0.23507992 -0.90275472 -0.34448819,0.23332165 -0.90502087 -0.34448819,
  0.22019803 -0.93126772 -0.34448819,0.21967992 -0.93315866 -0.34448819,
  0.21884134 -0.93493425 -0.34448819,0.20571811 -0.98742756 -0.34448819,
  0.20561102 -0.98962008 -0.34448819,0.20518346 -0.99177205 -0.34448819,
  0.20518346 -0.99397756 -0.34448819,0.20518346 -1.0311421 -0.34448819,
  0.20561102 -1.0332937 -0.34448819,0.20571811 -1.0354866 -0.34448819,
  0.21884134 -1.0879799 -0.34448819,0.21967992 -1.0897551 -0.34448819,
  0.22019803 -1.0916465 -0.34448819,0.23332165 -1.1178933 -0.34448819,
  0.23507992 -1.1201591 -0.34448819,0.23667677 -1.1225488 -0.34448819,
  0.26292362 -1.1487957 -0.34448819,0.2636689 -1.1492937 -0.34448819,
  0.26385315 -1.1496622 -0.34448819,0.26634803 -1.1510839 -0.34448819,
  0.26873465 -1.1526791 -0.34448819,0.26914646 -1.1526791 -0.34448819,
  0.26992559 -1.1531232 -0.34448819,0.30929567 -1.1662465 -0.34448819,
  0.3121437 -1.1666055 -0.34448819,0.31496024 -1.1671657 -0.34448819,
  0.36266378 -0.8915752 -0.34448819,0.36266378 -1.131339 -0.34448819,
  0.31786693 -1.131339 -0.34448819,0.28526693 -1.1204724 -0.34448819,
  0.26406535 -1.0992705 -0.34448819,0.25312165 -1.0773831 -0.34448819,
  0.24101024 -1.0289362 -0.34448819,0.24101024 -0.99397756 -0.34448819,
  0.25312165 -0.94553071 -0.34448819,0.26406535 -0.92364331 -0.34448819,
  0.28526693 -0.90244134 -0.34448819,0.31786693 -0.8915752 -0.34448819,
  0.9444248 -1.1225492 -0.34448819,0.94602047 -1.1201606 -0.34448819,
  0.94778071 -1.1178933 -0.34448819,0.96090394 -1.0916465 -0.34448819,
  0.96142205 -1.0897539 -0.34448819,0.96226024 -1.0879799 -0.34448819,
  0.97538307 -1.035487 -0.34448819,0.97548976 -1.0332953 -0.34448819,
  0.97591811 -1.0311421 -0.34448819,0.97591811 -0.99177205 -0.34448819,
  0.97548976 -0.9896185 -0.34448819,0.97538307 -0.98742717 -0.34448819,
  0.96226024 -0.93493425 -0.34448819,0.96142205 -0.93315984 -0.34448819,
  0.96090394 -0.93126772 -0.34448819,0.94778071 -0.90502087 -0.34448819,
  0.94602047 -0.90275315 -0.34448819,0.9444248 -0.90036496 -0.34448819,
  0.91817795 -0.8741185 -0.34448819,0.91743189 -0.87361969 -0.34448819,
  0.91724803 -0.87325197 -0.34448819,0.91475472 -0.87183071 -0.34448819,
  0.91236693 -0.87023504 -0.34448819,0.91195512 -0.87023504 -0.34448819,
  0.91117598 -0.86979094 -0.34448819,0.87180591 -0.85666772 -0.34448819,
  0.86895748 -0.85630827 -0.34448819,0.86614134 -0.85574843 -0.34448819,
  0.82677126 -0.85574843 -0.34448819,0.82589134 -0.85592323 -0.34448819,
  0.82550157 -0.85579331 -0.34448819,0.8227311 -0.85655157 -0.34448819,
  0.81991614 -0.85711181 -0.34448819,0.8196252 -0.85740236 -0.34448819,
  0.81876024 -0.85763937 -0.34448819,0.79251339 -0.8707626 -0.34448819,
  0.78699173 -0.87504803 -0.34448819,0.78265591 -0.88805472 -0.34448819,
  0.7887874 -0.90031772 -0.34448819,0.80179409 -0.90465354 -0.34448819,
  0.80853543 -0.90280748 -0.34448819,0.83099961 -0.8915752 -0.34448819,
  0.86323465 -0.8915752 -0.34448819,0.89583504 -0.90244173 -0.34448819,
  0.91703583 -0.92364252 -0.34448819,0.92797913 -0.94552953 -0.34448819,
  0.94009134 -0.99397756 -0.34448819,0.94009134 -1.0289362 -0.34448819,
  0.92797913 -1.0773843 -0.34448819,0.91703583 -1.0992713 -0.34448819,
  0.89583504 -1.120472 -0.34448819,0.86323465 -1.131339 -0.34448819,
  0.84280118 -1.131339 -0.34448819,0.81020118 -1.1204724 -0.34448819,
  0.80531457 -1.1155854 -0.34448819,0.80531457 -1.0490555 -0.34448819,
  0.83989449 -1.0490555 -0.34448819,0.84674961 -1.0476921 -0.34448819,
  0.85644449 -1.0379972 -0.34448819,0.85644449 -1.024287 -0.34448819,
  0.84674961 -1.0145921 -0.34448819,0.83989449 -1.0132287 -0.34448819,
  0.78740118 -1.0132287 -0.34448819,0.78054606 -1.0145921 -0.34448819,
  0.77085118 -1.024287 -0.34448819,0.7694878 -1.0311421 -0.34448819,
  0.7694878 -1.1230055 -0.34448819,0.77085118 -1.1298606 -0.34448819,
  0.77473425 -1.135672 -0.34448819,0.78785748 -1.1487957 -0.34448819,
  0.78860315 -1.1492941 -0.34448819,0.7887874 -1.1496622 -0.34448819,
  0.7912811 -1.1510835 -0.34448819,0.7936689 -1.1526791 -0.34448819,
  0.79408071 -1.1526791 -0.34448819,0.79485984 -1.1531232 -0.34448819,
  0.83422992 -1.1662465 -0.34448819,0.83707795 -1.1666055 -0.34448819,
  0.83989449 -1.1671657 -0.34448819,0.86614134 -1.1671657 -0.34448819,
  0.86895748 -1.1666055 -0.34448819,0.87180591 -1.1662465 -0.34448819,
  0.91117598 -1.1531232 -0.34448819,0.91195512 -1.1526791 -0.34448819,
  0.91236693 -1.1526791 -0.34448819,0.91475472 -1.1510831 -0.34448819,
  0.91724803 -1.1496622 -0.34448819,0.91743189 -1.1492941 -0.34448819,
  0.91817795 -1.1487957 -0.34448819,1.4270193 -0.87311299 -0.34448819,
  1.4266 -0.87940118 -0.34448819,1.4270193 -0.88012913 -0.34448819,
  1.4270193 -0.88051693 -0.34448819,1.4275457 -0.88104331 -0.34448819,
  1.4300882 -0.88545787 -0.34448819,1.4959717 -0.96075315 -0.34448819,
  1.4951831 -0.96091024 -0.34448819,1.4947933 -0.96078031 -0.34448819,
  1.4920228 -0.96153858 -0.34448819,1.4892079 -0.96209882 -0.34448819,
  1.4889169 -0.96238937 -0.34448819,1.488052 -0.96262638 -0.34448819,
  1.4618051 -0.97574961 -0.34448819,1.4595346 -0.97751142 -0.34448819,
  1.4571496 -0.97910551 -0.34448819,1.4440264 -0.99222874 -0.34448819,
  1.4424299 -0.99461693 -0.34448819,1.4406709 -0.99688425 -0.34448819,
  1.4275472 -1.0231311 -0.34448819,1.4273102 -1.0239957 -0.34448819,
  1.4270193 -1.024287 -0.34448819,1.4264591 -1.0271035 -0.34448819,
  1.4257008 -1.029872 -0.34448819,1.4258307 -1.0302622 -0.34448819,
  1.4256559 -1.0311421 -0.34448819,1.4256559 -1.0967591 -0.34448819,
  1.4258307 -1.0976386 -0.34448819,1.4257008 -1.0980291 -0.34448819,
  1.4264591 -1.100798 -0.34448819,1.4270193 -1.1036142 -0.34448819,
  1.4273098 -1.1039047 -0.34448819,1.4275472 -1.1047705 -0.34448819,
  1.4406709 -1.1310165 -0.34448819,1.4424291 -1.1332823 -0.34448819,
  1.444026 -1.135672 -0.34448819,1.4571492 -1.1487957 -0.34448819,
  1.4595374 -1.1503913 -0.34448819,1.4618051 -1.1521516 -0.34448819,
  1.488052 -1.1652748 -0.34448819,1.4889169 -1.1655114 -0.34448819,
  1.4892079 -1.1658024 -0.34448819,1.4920228 -1.1663622 -0.34448819,
  1.4947933 -1.1671209 -0.34448819,1.4951831 -1.1669906 -0.34448819,
  1.496063 -1.1671657 -0.34448819,1.5748031 -1.1671657 -0.34448819,
  1.5756827 -1.1669906 -0.34448819,1.5760732 -1.1671209 -0.34448819,
  1.5788413 -1.1663622 -0.34448819,1.5816583 -1.1658024 -0.34448819,
  1.5819492 -1.165511 -0.34448819,1.5828142 -1.1652744 -0.34448819,
  1.6090606 -1.1521512 -0.34448819,1.6113276 -1.1503917 -0.34448819,
  1.6137161 -1.1487957 -0.34448819,1.6268398 -1.1356724 -0.34448819,
  1.6307232 -1.129861 -0.34448819,1.6307232 -1.1161504 -0.34448819,
  1.6210283 -1.1064555 -0.34448819,1.6073177 -1.1064555 -0.34448819,
  1.6015063 -1.110339 -0.34448819,1.590439 -1.1214063 -0.34448819,
  1.5705748 -1.131339 -0.34448819,1.5002913 -1.131339 -0.34448819,
  1.4804272 -1.1214067 -0.34448819,1.4714146 -1.1123941 -0.34448819,
  1.4614827 -1.0925299 -0.34448819,1.4614827 -1.0353705 -0.34448819,
  1.471415 -1.0155059 -0.34448819,1.4804264 -1.0064945 -0.34448819,
  1.5002913 -0.9965622 -0.34448819,1.5354331 -0.9965622 -0.34448819,
  1.5404287 -0.9955685 -0.34448819,1.5411724 -0.99561811 -0.34448819,
  1.5414642 -0.9953626 -0.34448819,1.5422882 -0.99519882 -0.34448819,
  1.5467441 -0.99074291 -0.34448819,1.5514906 -0.98658976 -0.34448819,
  1.5515327 -0.98595394 -0.34448819,1.5519831 -0.98550394 -0.34448819,
  1.5519831 -0.9792 -0.34448819,1.5524024 -0.97290945 -0.34448819,
  1.5519831 -0.9721811 -0.34448819,1.5519831 -0.9717937 -0.34448819,
  1.5514563 -0.97126693 -0.34448819,1.5489142 -0.96685276 -0.34448819,
  1.4830461 -0.8915752 -0.34448819,1.6141732 -0.8915752 -0.34448819,
  1.6210283 -0.89021181 -0.34448819,1.6307232 -0.88051693 -0.34448819,
  1.6307232 -0.86680669 -0.34448819,1.6210283 -0.85711181 -0.34448819,
  1.6141732 -0.85574843 -0.34448819,1.4435693 -0.85574843 -0.34448819,
  1.4385728 -0.85674173 -0.34448819,1.4378299 -0.85669252 -0.34448819,
  1.4375378 -0.85694764 -0.34448819,1.4367142 -0.85711181 -0.34448819,
  1.4322567 -0.8615689 -0.34448819,1.4275122 -0.86572087 -0.34448819,
  1.4274697 -0.86635591 -0.34448819,1.4270193 -0.86680669 -0.34448819,
  1.9257071 -0.87311299 -0.34448819,1.9252878 -0.87940118 -0.34448819,
  1.9257071 -0.88012913 -0.34448819,1.9257071 -0.88051693 -0.34448819,
  1.9262335 -0.88104331 -0.34448819,1.928776 -0.88545787 -0.34448819,
  1.9946594 -0.96075315 -0.34448819,1.9938709 -0.96091024 -0.34448819,
  1.9934811 -0.96078031 -0.34448819,1.9907106 -0.96153858 -0.34448819,
  1.9878957 -0.96209882 -0.34448819,1.9876047 -0.96238937 -0.34448819,
  1.9867398 -0.96262638 -0.34448819,1.9604929 -0.97574961 -0.34448819,
  1.9582224 -0.97751142 -0.34448819,1.9558374 -0.97910551 -0.34448819,
  1.9427142 -0.99222874 -0.34448819,1.9411177 -0.99461693 -0.34448819,
  1.9393587 -0.99688425 -0.34448819,1.926235 -1.0231311 -0.34448819,
  1.925998 -1.0239957 -0.34448819,1.9257071 -1.024287 -0.34448819,
  1.9251469 -1.0271035 -0.34448819,1.9243886 -1.029872 -0.34448819,
  1.9245185 -1.0302622 -0.34448819,1.9243437 -1.0311421 -0.34448819,
  1.9243437 -1.0967591 -0.34448819,1.9245185 -1.0976386 -0.34448819,
  1.9243886 -1.0980291 -0.34448819,1.9251469 -1.100798 -0.34448819,
  1.9257071 -1.1036142 -0.34448819,1.9259976 -1.1039047 -0.34448819,
  1.926235 -1.1047705 -0.34448819,1.9393587 -1.1310165 -0.34448819,
  1.9411169 -1.1332823 -0.34448819,1.9427138 -1.135672 -0.34448819,
  1.955837 -1.1487957 -0.34448819,1.9582252 -1.1503913 -0.34448819,
  1.9604929 -1.1521516 -0.34448819,1.9867398 -1.1652748 -0.34448819,
  1.9876047 -1.1655114 -0.34448819,1.9878957 -1.1658024 -0.34448819,
  1.9907106 -1.1663622 -0.34448819,1.9934811 -1.1671209 -0.34448819,
  1.9938709 -1.1669906 -0.34448819,1.9947508 -1.1671657 -0.34448819,
  2.0734909 -1.1671657 -0.34448819,2.0743705 -1.1669906 -0.34448819,
  2.074761 -1.1671209 -0.34448819,2.0775291 -1.1663622 -0.34448819,
  2.0803461 -1.1658024 -0.34448819,2.080637 -1.165511 -0.34448819,
  2.081502 -1.1652744 -0.34448819,2.1077484 -1.1521512 -0.34448819,
  2.1100154 -1.1503917 -0.34448819,2.1124039 -1.1487957 -0.34448819,
  2.1255276 -1.1356724 -0.34448819,2.129411 -1.129861 -0.34448819,
  2.129411 -1.1161504 -0.34448819,2.1197161 -1.1064555 -0.34448819,
  2.1060055 -1.1064555 -0.34448819,2.1001941 -1.110339 -0.34448819,
  2.0891268 -1.1214063 -0.34448819,2.0692626 -1.131339 -0.34448819,
  1.9989791 -1.131339 -0.34448819,1.979115 -1.1214067 -0.34448819,
  1.9701024 -1.1123941 -0.34448819,1.9601705 -1.0925299 -0.34448819,
  1.9601705 -1.0353705 -0.34448819,1.9701028 -1.0155059 -0.34448819,
  1.9791142 -1.0064945 -0.34448819,1.9989791 -0.9965622 -0.34448819,
  2.0341209 -0.9965622 -0.34448819,2.0391165 -0.9955685 -0.34448819,
  2.0398602 -0.99561811 -0.34448819,2.040152 -0.9953626 -0.34448819,
  2.040976 -0.99519882 -0.34448819,2.0454319 -0.99074291 -0.34448819,
  2.0501783 -0.98658976 -0.34448819,2.0502205 -0.98595394 -0.34448819,
  2.0506709 -0.98550394 -0.34448819,2.0506709 -0.9792 -0.34448819,
  2.0510902 -0.97290945 -0.34448819,2.0506709 -0.9721811 -0.34448819,
  2.0506709 -0.9717937 -0.34448819,2.0501441 -0.97126693 -0.34448819,
  2.047602 -0.96685276 -0.34448819,1.9817339 -0.8915752 -0.34448819,
  2.112861 -0.8915752 -0.34448819,2.1197161 -0.89021181 -0.34448819,
  2.129411 -0.88051693 -0.34448819,2.129411 -0.86680669 -0.34448819,
  2.1197161 -0.85711181 -0.34448819,2.112861 -0.85574843 -0.34448819,
  1.9422571 -0.85574843 -0.34448819,1.9372606 -0.85674173 -0.34448819,
  1.9365177 -0.85669252 -0.34448819,1.9362256 -0.85694764 -0.34448819,
  1.935402 -0.85711181 -0.34448819,1.9309445 -0.8615689 -0.34448819,
  1.9262 -0.86572087 -0.34448819,1.9261575 -0.86635591 -0.34448819,
  1.9257071 -0.86680669 -0.34448819,-1.9879772 -1.0884256 -0.34448819,
  -1.9658134 -1.1549173 -0.34448819,-1.9623524 -1.1609894 -0.34448819,
  -1.950089 -1.1671209 -0.34448819,-1.9370823 -1.1627854 -0.34448819,
  -1.9309508 -1.1505224 -0.34448819,-1.9318252 -1.1435878 -0.34448819,
  -2.0236886 -0.86799724 -0.34448819,-2.0271496 -0.8619248 -0.34448819,
  -2.0283472 -0.86132598 -0.34448819,-2.0289457 -0.86012874 -0.34448819,
  -2.0343343 -0.85833228 -0.34448819,-2.039413 -0.85579331 -0.34448819,
  -2.0406827 -0.85621614 -0.34448819,-2.0419524 -0.85579331 -0.34448819,
  -2.0470315 -0.85833228 -0.34448819,-2.0524197 -0.86012874 -0.34448819,
  -2.0530185 -0.86132598 -0.34448819,-2.0542157 -0.8619248 -0.34448819,
  -2.0576768 -0.86799724 -0.34448819,-2.1192106 -1.0525988 -0.34448819,
  -2.1495406 -1.1435878 -0.34448819,-2.150415 -1.150522 -0.34448819,
  -2.1442835 -1.1627854 -0.34448819,-2.1312768 -1.1671209 -0.34448819,
  -2.1190134 -1.1609894 -0.34448819,-2.1155524 -1.1549169 -0.34448819,
  -2.0933886 -1.0884256 -0.34448819,-1.9999193 -1.0525988 -0.34448819,
  -2.0814461 -1.0525988 -0.34448819,-2.0406831 -0.93030827 -0.34448819,
  1.8813854 -0.87239173 -0.34448819,1.8752539 -0.86012874 -0.34448819,
  1.8622472 -0.85579331 -0.34448819,1.8499839 -0.8619248 -0.34448819,
  1.8465228 -0.86799685 -0.34448819,1.7716531 -1.0926055 -0.34448819,
  1.6967839 -0.86799724 -0.34448819,1.6933228 -0.8619248 -0.34448819,
  1.6810594 -0.85579331 -0.34448819,1.6680528 -0.86012874 -0.34448819,
  1.6619213 -0.87239213 -0.34448819,1.6627957 -0.87932638 -0.34448819,
  1.7546594 -1.1549169 -0.34448819,1.7581205 -1.1609894 -0.34448819,
  1.7593177 -1.1615878 -0.34448819,1.7599165 -1.1627854 -0.34448819,
  1.7653047 -1.1645815 -0.34448819,1.7703839 -1.1671209 -0.34448819,
  1.7716535 -1.1666976 -0.34448819,1.7729232 -1.1671209 -0.34448819,
  1.778002 -1.1645815 -0.34448819,1.7833906 -1.1627854 -0.34448819,
  1.783989 -1.1615878 -0.34448819,1.7851866 -1.1609894 -0.34448819,
  1.7886476 -1.1549169 -0.34448819,1.880511 -0.87932638 -0.34448819,
  1.6556425 1.2745642 -0.34448819,1.6534846 1.2854118 -0.34448819,
  1.6381437 1.3007528 -0.34448819,1.6164484 1.3007528 -0.34448819,
  1.6011075 1.2854118 -0.34448819,1.5989496 1.2745642 -0.34448819,
  1.5989496 0.95960354 -0.34448819,1.6011075 0.94875591 -0.34448819,
  1.6164484 0.93341496 -0.34448819,1.6381437 0.93341496 -0.34448819,
  1.6534846 0.94875591 -0.34448819,1.6556425 0.95960354 -0.34448819,
  1.1623543 0.93125709 -0.34448819,1.173202 0.93341496 -0.34448819,
  1.1885429 0.94875591 -0.34448819,1.1907008 0.95960354 -0.34448819,
  1.1907008 1.2745642 -0.34448819,1.1885429 1.2854118 -0.34448819,
  1.173202 1.3007528 -0.34448819,1.1623543 1.3029106 -0.34448819,
  1.0123732 1.3029106 -0.34448819,1.0015256 1.3007528 -0.34448819,
  0.98618465 1.2854118 -0.34448819,0.98618465 1.2637165 -0.34448819,
  1.0015256 1.2483756 -0.34448819,1.0123732 1.2462177 -0.34448819,
  1.1340079 1.2462177 -0.34448819,1.1340079 1.1529295 -0.34448819,
  1.0573677 1.1529295 -0.34448819,1.0465201 1.1507717 -0.34448819,
  1.0311791 1.1354307 -0.34448819,1.0311791 1.1137354 -0.34448819,
  1.0465201 1.0983945 -0.34448819,1.0573677 1.0962366 -0.34448819,
  1.1340079 1.0962366 -0.34448819,1.1340079 0.98795 -0.34448819,
  1.0123732 0.98795 -0.34448819,1.0015256 0.98579213 -0.34448819,
  0.98618465 0.97045118 -0.34448819,0.98618465 0.94875591 -0.34448819,
  1.0015256 0.93341496 -0.34448819,1.0123732 0.93125709 -0.34448819,
  0.65274094 -1.1561075 -0.34448819,0.66243583 -1.1658024 -0.34448819,
  0.67614606 -1.1658024 -0.34448819,0.68584094 -1.1561075 -0.34448819,
  0.68720433 -1.1492524 -0.34448819,0.68720433 -0.87366181 -0.34448819,
  0.68584094 -0.86680669 -0.34448819,0.68410118 -0.86506693 -0.34448819,
  0.68345394 -0.86269331 -0.34448819,0.67942559 -0.86039134 -0.34448819,
  0.67614606 -0.85711181 -0.34448819,0.67368583 -0.85711181 -0.34448819,
  0.67155 -0.85589134 -0.34448819,0.6670752 -0.85711181 -0.34448819,
  0.66243583 -0.85711181 -0.34448819,0.66069606 -0.85885118 -0.34448819,
  0.65832283 -0.85949882 -0.34448819,0.6537378 -0.86477402 -0.34448819,
  0.52972402 -1.0817984 -0.34448819,0.52972402 -0.87366181 -0.34448819,
  0.52836063 -0.86680669 -0.34448819,0.51866575 -0.85711181 -0.34448819,
  0.50495551 -0.85711181 -0.34448819,0.49526063 -0.86680669 -0.34448819,
  0.49389724 -0.87366181 -0.34448819,0.49389724 -1.1492524 -0.34448819,
  0.49526063 -1.1561075 -0.34448819,0.497 -1.1578469 -0.34448819,
  0.49764764 -1.1602209 -0.34448819,0.50167559 -1.1625224 -0.34448819,
  0.50495551 -1.1658024 -0.34448819,0.50741575 -1.1658024 -0.34448819,
  0.50955157 -1.1670228 -0.34448819,0.51402677 -1.1658024 -0.34448819,
  0.51866575 -1.1658024 -0.34448819,0.52040512 -1.1640626 -0.34448819,
  0.52277913 -1.1634154 -0.34448819,0.52736378 -1.1581398 -0.34448819,
  0.65137756 -0.94111535 -0.34448819,0.65137756 -1.1492524 -0.34448819,
  1.4511264 0.94875591 -0.34448819,1.4664673 0.93341496 -0.34448819,
  1.4881626 0.93341496 -0.34448819,1.5035035 0.94875591 -0.34448819,
  1.5056614 0.95960354 -0.34448819,1.5056614 1.2745642 -0.34448819,
  1.5035035 1.2854118 -0.34448819,1.4881626 1.3007528 -0.34448819,
  1.477315 1.3029106 -0.34448819,1.3573299 1.3029106 -0.34448819,
  1.3559366 1.3026339 -0.34448819,1.3553205 1.302839 -0.34448819,
  1.3509394 1.3016398 -0.34448819,1.3464823 1.3007528 -0.34448819,
  1.3460224 1.3002933 -0.34448819,1.3446531 1.2999181 -0.34448819,
  1.3146571 1.2849201 -0.34448819,1.3110673 1.2821343 -0.34448819,
  1.3072898 1.2796098 -0.34448819,1.2922917 1.2646122 -0.34448819,
  1.2897661 1.2608323 -0.34448819,1.2869819 1.2572449 -0.34448819,
  1.2719835 1.2272488 -0.34448819,1.2716083 1.2258791 -0.34448819,
  1.2711488 1.2254193 -0.34448819,1.2702622 1.2209626 -0.34448819,
  1.2690626 1.2165811 -0.34448819,1.2692677 1.215965 -0.34448819,
  1.2689909 1.2145717 -0.34448819,1.2689909 1.2078799 -0.34448819,
  1.2689909 1.1695776 -0.34448819,1.2692677 1.1681846 -0.34448819,
  1.2690626 1.1675681 -0.34448819,1.2702622 1.163187 -0.34448819,
  1.2711488 1.1587299 -0.34448819,1.2716083 1.1582705 -0.34448819,
  1.2719835 1.1569004 -0.34448819,1.2869819 1.1269043 -0.34448819,
  1.2897661 1.1233173 -0.34448819,1.2922917 1.119537 -0.34448819,
  1.3072898 1.1045394 -0.34448819,1.3110673 1.1020154 -0.34448819,
  1.3146571 1.0992291 -0.34448819,1.3446531 1.0842311 -0.34448819,
  1.3460224 1.0838563 -0.34448819,1.3464823 1.0833965 -0.34448819,
  1.3490354 1.0828886 -0.34448819,1.274115 0.97585906 -0.34448819,
  1.2696622 0.96573504 -0.34448819,1.2734327 0.94436969 -0.34448819,
  1.2912059 0.93192835 -0.34448819,1.3125713 0.93569882 -0.34448819,
  1.3205598 0.94334803 -0.34448819,1.4170835 1.0812386 -0.34448819,
  1.4489685 1.0812386 -0.34448819,1.4489685 0.95960354 -0.34448819,
  1.4489685 1.2462177 -0.34448819,1.4489685 1.1379315 -0.34448819,
  1.3640217 1.1379315 -0.34448819,1.3441248 1.1478799 -0.34448819,
  1.3356319 1.1563732 -0.34448819,1.3256839 1.1762697 -0.34448819,
  1.3256839 1.2078799 -0.34448819,1.3356319 1.2277764 -0.34448819,
  1.3441248 1.2362697 -0.34448819,1.3640217 1.2462177 -0.34448819,
  -1.8522689 0.93125709 -0.34448819,-1.8414213 0.93341496 -0.34448819,
  -1.8260803 0.94875591 -0.34448819,-1.8239224 0.95960354 -0.34448819,
  -1.8239224 1.2745642 -0.34448819,-1.8260803 1.2854118 -0.34448819,
  -1.8414213 1.3007528 -0.34448819,-1.8522689 1.3029106 -0.34448819,
  -2.00225 1.3029106 -0.34448819,-2.0130976 1.3007528 -0.34448819,
  -2.0284386 1.2854118 -0.34448819,-2.0284386 1.2637165 -0.34448819,
  -2.0130976 1.2483756 -0.34448819,-2.00225 1.2462177 -0.34448819,
  -1.8806154 1.2462177 -0.34448819,-1.8806154 1.1529295 -0.34448819,
  -1.9572555 1.1529295 -0.34448819,-1.9681031 1.1507717 -0.34448819,
  -1.9834441 1.1354307 -0.34448819,-1.9834441 1.1137354 -0.34448819,
  -1.9681031 1.0983945 -0.34448819,-1.9572555 1.0962366 -0.34448819,
  -1.8806154 1.0962366 -0.34448819,-1.8806154 0.98795 -0.34448819,
  -2.00225 0.98795 -0.34448819,-2.0130976 0.98579213 -0.34448819,
  -2.0284386 0.97045118 -0.34448819,-2.0284386 0.94875591 -0.34448819,
  -2.0130976 0.93341496 -0.34448819,-2.00225 0.93125709 -0.34448819,
  -1.5322622 0.98455433 -0.34448819,-1.5297386 0.9883315 -0.34448819,
  -1.5269524 0.99192126 -0.34448819,-1.5119543 1.0219173 -0.34448819,
  -1.5111346 1.0249122 -0.34448819,-1.5098083 1.0277189 -0.34448819,
  -1.4948098 1.0877114 -0.34448819,-1.4946413 1.0911807 -0.34448819,
  -1.4939634 1.0945866 -0.34448819,-1.4939634 1.1395811 -0.34448819,
  -1.4946413 1.1429874 -0.34448819,-1.4948098 1.1464563 -0.34448819,
  -1.5098083 1.2064488 -0.34448819,-1.5111343 1.2092555 -0.34448819,
  -1.5119543 1.2122504 -0.34448819,-1.5269524 1.2422469 -0.34448819,
  -1.5297378 1.2458358 -0.34448819,-1.5322622 1.2496142 -0.34448819,
  -1.5622583 1.2796102 -0.34448819,-1.5634394 1.2803996 -0.34448819,
  -1.5637299 1.2809807 -0.34448819,-1.5676768 1.2832307 -0.34448819,
  -1.5714547 1.2857547 -0.34448819,-1.5721051 1.2857547 -0.34448819,
  -1.5733386 1.2864579 -0.34448819,-1.6183331 1.3014559 -0.34448819,
  -1.622839 1.302024 -0.34448819,-1.6272969 1.3029106 -0.34448819,
  -1.6572933 1.3029106 -0.34448819,-1.6617516 1.302024 -0.34448819,
  -1.6662571 1.3014559 -0.34448819,-1.7112512 1.2864579 -0.34448819,
  -1.712485 1.2857547 -0.34448819,-1.7131346 1.2857547 -0.34448819,
  -1.716913 1.2832303 -0.34448819,-1.7208598 1.2809803 -0.34448819,
  -1.7211508 1.2803992 -0.34448819,-1.7223311 1.2796102 -0.34448819,
  -1.7373295 1.2646122 -0.34448819,-1.7434744 1.2554161 -0.34448819,
  -1.7434744 1.2337209 -0.34448819,-1.7281339 1.2183795 -0.34448819,
  -1.7064386 1.2183795 -0.34448819,-1.6972421 1.224524 -0.34448819,
  -1.6869756 1.2347906 -0.34448819,-1.6526937 1.2462177 -0.34448819,
  -1.6318965 1.2462177 -0.34448819,-1.5976154 1.2347909 -0.34448819,
  -1.5756031 1.2127787 -0.34448819,-1.5640535 1.1896799 -0.34448819,
  -1.5506563 1.1360917 -0.34448819,-1.5506563 1.0980764 -0.34448819,
  -1.5640535 1.0444886 -0.34448819,-1.5756031 1.0213898 -0.34448819,
  -1.597615 0.99937717 -0.34448819,-1.6318965 0.98795 -0.34448819,
  -1.6526937 0.98795 -0.34448819,-1.6869748 0.99937717 -0.34448819,
  -1.6972417 1.0096441 -0.34448819,-1.7064382 1.0157886 -0.34448819,
  -1.7281335 1.0157886 -0.34448819,-1.7434744 1.0004476 -0.34448819,
  -1.7434744 0.97875236 -0.34448819,-1.7373299 0.96955591 -0.34448819,
  -1.7223315 0.95455748 -0.34448819,-1.7211504 0.9537685 -0.34448819,
  -1.7208598 0.9531874 -0.34448819,-1.7169157 0.95093898 -0.34448819,
  -1.713135 0.94841299 -0.34448819,-1.7124846 0.94841299 -0.34448819,
  -1.7112512 0.94770984 -0.34448819,-1.6662571 0.93271181 -0.34448819,
  -1.6617516 0.93214409 -0.34448819,-1.6572933 0.93125709 -0.34448819,
  -1.6272969 0.93125709 -0.34448819,-1.622839 0.93214409 -0.34448819,
  -1.6183331 0.93271181 -0.34448819,-1.5733386 0.94770984 -0.34448819,
  -1.5721051 0.94841299 -0.34448819,-1.5714543 0.94841299 -0.34448819,
  -1.5676768 0.9509374 -0.34448819,-1.5637299 0.95318701 -0.34448819,
  -1.563439 0.95376929 -0.34448819,-1.5622583 0.95455787 -0.34448819,
  -0.39745079 0.93125709 -0.34448819,-0.38660315 0.93341496 -0.34448819,
  -0.3712622 0.94875591 -0.34448819,-0.36910433 0.95960354 -0.34448819,
  -0.36910433 1.2745642 -0.34448819,-0.3712622 1.2854118 -0.34448819,
  -0.38660315 1.3007528 -0.34448819,-0.39745079 1.3029106 -0.34448819,
  -0.54743189 1.3029106 -0.34448819,-0.55827953 1.3007528 -0.34448819,
  -0.57362047 1.2854118 -0.34448819,-0.57362047 1.2637165 -0.34448819,
  -0.55827953 1.2483756 -0.34448819,-0.54743189 1.2462177 -0.34448819,
  -0.42579724 1.2462177 -0.34448819,-0.42579724 1.1529295 -0.34448819,
  -0.5024374 1.1529295 -0.34448819,-0.51328504 1.1507717 -0.34448819,
  -0.52862598 1.1354307 -0.34448819,-0.52862598 1.1137354 -0.34448819,
  -0.51328504 1.0983945 -0.34448819,-0.5024374 1.0962366 -0.34448819,
  -0.42579724 1.0962366 -0.34448819,-0.42579724 0.98795 -0.34448819,
  -0.54743189 0.98795 -0.34448819,-0.55827953 0.98579213 -0.34448819,
  -0.57362047 0.97045118 -0.34448819,-0.57362047 0.94875591 -0.34448819,
  -0.55827953 0.93341496 -0.34448819,-0.54743189 0.93125709 -0.34448819,
  0.87738976 0.93125709 -0.34448819,0.8882374 0.93341496 -0.34448819,
  0.90357835 0.94875591 -0.34448819,0.90573622 0.95960354 -0.34448819,
  0.90573622 1.2745642 -0.34448819,0.90357835 1.2854118 -0.34448819,
  0.8882374 1.3007528 -0.34448819,0.87738976 1.3029106 -0.34448819,
  0.80239921 1.3029106 -0.34448819,0.79794331 1.3020244 -0.34448819,
  0.79343543 1.3014559 -0.34448819,0.74844094 1.2864579 -0.34448819,
  0.74720748 1.2857547 -0.34448819,0.74655709 1.2857547 -0.34448819,
  0.74277874 1.2832307 -0.34448819,0.73883228 1.2809807 -0.34448819,
  0.73854134 1.2803996 -0.34448819,0.73736063 1.2796102 -0.34448819,
  0.70736457 1.2496142 -0.34448819,0.70483976 1.2458358 -0.34448819,
  0.70205472 1.2422469 -0.34448819,0.68705669 1.2122504 -0.34448819,
  0.68623622 1.2092555 -0.34448819,0.68491063 1.2064488 -0.34448819,
  0.6699122 1.1464563 -0.34448819,0.66974331 1.1429874 -0.34448819,
  0.66906575 1.1395811 -0.34448819,0.66906575 1.1360917 -0.34448819,
  0.66906575 1.0945866 -0.34448819,0.66974331 1.0911807 -0.34448819,
  0.6699122 1.0877114 -0.34448819,0.68491063 1.0277189 -0.34448819,
  0.68623661 1.0249122 -0.34448819,0.68705669 1.0219173 -0.34448819,
  0.70205472 0.99192126 -0.34448819,0.70483976 0.98833268 -0.34448819,
  0.70736457 0.98455433 -0.34448819,0.73736063 0.95455748 -0.34448819,
  0.73854134 0.9537685 -0.34448819,0.73883228 0.95318701 -0.34448819,
  0.74277874 0.9509374 -0.34448819,0.74655709 0.94841299 -0.34448819,
  0.74720748 0.94841299 -0.34448819,0.74844094 0.94770984 -0.34448819,
  0.79343543 0.93271181 -0.34448819,0.79794331 0.9321437 -0.34448819,
  0.80239921 0.93125709 -0.34448819,0.84904331 1.2462177 -0.34448819,
  0.84904331 0.98795 -0.34448819,0.80699882 0.98795 -0.34448819,
  0.77271693 0.99937717 -0.34448819,0.75070551 1.021389 -0.34448819,
  0.73915551 1.0444886 -0.34448819,0.72575866 1.0980764 -0.34448819,
  0.72575866 1.1360917 -0.34448819,0.73915551 1.1896799 -0.34448819,
  0.75070512 1.2127787 -0.34448819,0.77271732 1.2347909 -0.34448819,
  0.80699882 1.2462177 -0.34448819,-1.2727748 1.0212461 -0.34448819,
  -1.2492394 0.95063976 -0.34448819,-1.2437618 0.9410311 -0.34448819,
  -1.2243571 0.93132874 -0.34448819,-1.2037752 0.93818937 -0.34448819,
  -1.1940728 0.95759409 -0.34448819,-1.1954559 0.96856772 -0.34448819,
  -1.3004429 1.283528 -0.34448819,-1.3059205 1.2931366 -0.34448819,
  -1.307815 1.2940839 -0.34448819,-1.3087622 1.2959787 -0.34448819,
  -1.3172898 1.2988213 -0.34448819,-1.3253252 1.302839 -0.34448819,
  -1.3273343 1.3021697 -0.34448819,-1.3293441 1.3028394 -0.34448819,
  -1.3373835 1.2988197 -0.34448819,-1.3459071 1.2959783 -0.34448819,
  -1.3468543 1.2940843 -0.34448819,-1.3487488 1.2931366 -0.34448819,
  -1.3542264 1.2835283 -0.34448819,-1.4227559 1.077939 -0.34448819,
  -1.459213 0.96856732 -0.34448819,-1.4605961 0.95759409 -0.34448819,
  -1.4508937 0.93818937 -0.34448819,-1.4303118 0.93132874 -0.34448819,
  -1.4109071 0.9410311 -0.34448819,-1.4054295 0.95063976 -0.34448819,
  -1.3818941 1.0212461 -0.34448819,-1.2916724 1.077939 -0.34448819,
  -1.3629965 1.077939 -0.34448819,-1.3273346 1.1849252 -0.34448819,
  0.14628937 0.94875591 -0.34448819,0.16163031 0.93341496 -0.34448819,
  0.18332559 0.93341496 -0.34448819,0.19866654 0.94875591 -0.34448819,
  0.20082441 0.95960354 -0.34448819,0.20082441 1.2745642 -0.34448819,
  0.19866654 1.2854118 -0.34448819,0.19591339 1.288165 -0.34448819,
  0.19488937 1.2919205 -0.34448819,0.18851575 1.2955626 -0.34448819,
  0.18332559 1.3007528 -0.34448819,0.17943268 1.3007528 -0.34448819,
  0.17605276 1.3026843 -0.34448819,0.16897087 1.3007528 -0.34448819,
  0.16163031 1.3007528 -0.34448819,0.15887717 1.298 -0.34448819,
  0.15512165 1.2969756 -0.34448819,0.14786654 1.288628 -0.34448819,
  0.02084685 1.0663441 -0.34448819,0.02084685 1.2745642 -0.34448819,
  0.018688976 1.2854118 -0.34448819,0.0033480315 1.3007528 -0.34448819,
  -0.018347244 1.3007528 -0.34448819,-0.033688189 1.2854118 -0.34448819,
  -0.035846063 1.2745642 -0.34448819,-0.035846063 0.95960354 -0.34448819,
  -0.033688189 0.94875591 -0.34448819,-0.030935433 0.94600315 -0.34448819,
  -0.029911024 0.94224724 -0.34448819,-0.023537795 0.93860551 -0.34448819,
  -0.018347244 0.93341496 -0.34448819,-0.014454724 0.93341496 -0.34448819,
  -0.011074409 0.93148346 -0.34448819,-0.0039925197 0.93341496 -0.34448819,
  0.0033480315 0.93341496 -0.34448819,0.0061007874 0.93616811 -0.34448819,
  0.0098566929 0.93719213 -0.34448819,0.017112205 0.94553976 -0.34448819,
  0.1441315 1.1678236 -0.34448819,0.1441315 0.95960354 -0.34448819,
  2.0452366 1.2790508 -0.34448819,2.0338661 1.297528 -0.34448819,
  2.0127606 1.3025531 -0.34448819,1.9942839 1.2911827 -0.34448819,
  1.989672 1.2811299 -0.34448819,1.9407012 1.0754524 -0.34448819,
  1.9096539 1.1918795 -0.34448819,1.904774 1.2018047 -0.34448819,
  1.9014295 1.2037409 -0.34448819,1.8994937 1.207085 -0.34448819,
  1.8923732 1.2089839 -0.34448819,1.885998 1.2126748 -0.34448819,
  1.882265 1.2116795 -0.34448819,1.8785311 1.2126752 -0.34448819,
  1.8721539 1.2089835 -0.34448819,1.8650354 1.207085 -0.34448819,
  1.8630992 1.2037413 -0.34448819,1.8597555 1.2018051 -0.34448819,
  1.8548752 1.1918795 -0.34448819,1.8238276 1.0754524 -0.34448819,
  1.7748571 1.2811299 -0.34448819,1.7702453 1.2911827 -0.34448819,
  1.7517685 1.3025531 -0.34448819,1.730663 1.297528 -0.34448819,
  1.7192925 1.2790512 -0.34448819,1.7197059 1.2679984 -0.34448819,
  1.7946965 0.9530378 -0.34448819,1.7993083 0.94298504 -0.34448819,
  1.8029185 0.94076339 -0.34448819,1.8050429 0.93709409 -0.34448819,
  1.8118154 0.93528819 -0.34448819,1.817785 0.93161457 -0.34448819,
  1.8219091 0.93259685 -0.34448819,1.8260055 0.93150433 -0.34448819,
  1.8320713 0.93501654 -0.34448819,1.8388906 0.93663976 -0.34448819,
  1.8411122 0.94025039 -0.34448819,1.8447815 0.94237441 -0.34448819,
  1.8496614 0.95229961 -0.34448819,1.8822642 1.0745618 -0.34448819,
  1.9148677 0.95229961 -0.34448819,1.919748 0.94237402 -0.34448819,
  1.9234165 0.94025 -0.34448819,1.9256386 0.93663976 -0.34448819,
  1.9324563 0.93501654 -0.34448819,1.9385236 0.93150394 -0.34448819,
  1.9426201 0.93259646 -0.34448819,1.9467441 0.93161457 -0.34448819,
  1.952713 0.93528819 -0.34448819,1.9594862 0.93709409 -0.34448819,
  1.9616102 0.94076339 -0.34448819,1.9652209 0.94298504 -0.34448819,
  1.9698327 0.9530378 -0.34448819,2.0448232 1.2679984 -0.34448819,
  -0.70860394 0.94875591 -0.34448819,-0.69326299 0.93341496 -0.34448819,
  -0.67156772 0.93341496 -0.34448819,-0.65622677 0.94875591 -0.34448819,
  -0.6540689 0.95960354 -0.34448819,-0.6540689 1.2745642 -0.34448819,
  -0.65622677 1.2854118 -0.34448819,-0.67156772 1.3007528 -0.34448819,
  -0.68241535 1.3029106 -0.34448819,-0.80240039 1.3029106 -0.34448819,
  -0.8037937 1.3026339 -0.34448819,-0.80440984 1.302839 -0.34448819,
  -0.80879094 1.3016398 -0.34448819,-0.81324803 1.3007528 -0.34448819,
  -0.81370787 1.3002933 -0.34448819,-0.81507717 1.2999181 -0.34448819,
  -0.84507323 1.2849201 -0.34448819,-0.84866299 1.2821343 -0.34448819,
  -0.85244055 1.2796098 -0.34448819,-0.86743858 1.2646122 -0.34448819,
  -0.86996417 1.2608323 -0.34448819,-0.87274843 1.2572449 -0.34448819,
  -0.88774685 1.2272488 -0.34448819,-0.88812205 1.2258791 -0.34448819,
  -0.8885815 1.2254193 -0.34448819,-0.88946811 1.2209626 -0.34448819,
  -0.89066772 1.2165811 -0.34448819,-0.8904626 1.215965 -0.34448819,
  -0.89073937 1.2145717 -0.34448819,-0.89073937 1.2078799 -0.34448819,
  -0.89073937 1.1695776 -0.34448819,-0.8904626 1.1681846 -0.34448819,
  -0.89066772 1.1675681 -0.34448819,-0.88946811 1.163187 -0.34448819,
  -0.8885815 1.1587299 -0.34448819,-0.88812205 1.1582705 -0.34448819,
  -0.88774685 1.1569004 -0.34448819,-0.87274843 1.1269043 -0.34448819,
  -0.86996417 1.1233173 -0.34448819,-0.86743858 1.119537 -0.34448819,
  -0.85244055 1.1045394 -0.34448819,-0.84866299 1.1020154 -0.34448819,
  -0.84507323 1.0992291 -0.34448819,-0.81507717 1.0842311 -0.34448819,
  -0.81370787 1.0838563 -0.34448819,-0.81324803 1.0833965 -0.34448819,
  -0.81069488 1.0828886 -0.34448819,-0.88561535 0.97585906 -0.34448819,
  -0.89006811 0.96573504 -0.34448819,-0.88629764 0.94436969 -0.34448819,
  -0.86852441 0.93192835 -0.34448819,-0.84715906 0.93569882 -0.34448819,
  -0.83917047 0.94334803 -0.34448819,-0.74264685 1.0812386 -0.34448819,
  -0.71076181 1.0812386 -0.34448819,-0.71076181 0.95960354 -0.34448819,
  -0.71076181 1.2462177 -0.34448819,-0.71076181 1.1379315 -0.34448819,
  -0.79570866 1.1379315 -0.34448819,-0.81560551 1.1478799 -0.34448819,
  -0.82409843 1.1563732 -0.34448819,-0.83404646 1.1762697 -0.34448819,
  -0.83404646 1.2078799 -0.34448819,-0.82409843 1.2277764 -0.34448819,
  -0.81560551 1.2362697 -0.34448819,-0.79570866 1.2462177 -0.34448819,
  -1.0235646 0.94875591 -0.34448819,-1.0082236 0.93341496 -0.34448819,
  -0.98652835 0.93341496 -0.34448819,-0.9711874 0.94875591 -0.34448819,
  -0.96902953 0.95960354 -0.34448819,-0.96902953 1.2745642 -0.34448819,
  -0.9711874 1.2854118 -0.34448819,-0.98652835 1.3007528 -0.34448819,
  -0.99737598 1.3029106 -0.34448819,-1.1473571 1.3029106 -0.34448819,
  -1.1582047 1.3007528 -0.34448819,-1.1735457 1.2854118 -0.34448819,
  -1.1735457 1.2637165 -0.34448819,-1.1582047 1.2483756 -0.34448819,
  -1.1473571 1.2462177 -0.34448819,-1.0257224 1.2462177 -0.34448819,
  -1.0257224 1.1529295 -0.34448819,-1.1023626 1.1529295 -0.34448819,
  -1.1132102 1.1507717 -0.34448819,-1.1285512 1.1354307 -0.34448819,
  -1.1285512 1.1137354 -0.34448819,-1.1132102 1.0983945 -0.34448819,
  -1.1023626 1.0962366 -0.34448819,-1.0257224 1.0962366 -0.34448819,
  -1.0257224 0.95960354 -0.34448819,0.35080551 1.2745642 -0.34448819,
  0.34864764 1.2854118 -0.34448819,0.33330669 1.3007528 -0.34448819,
  0.31161142 1.3007528 -0.34448819,0.29627047 1.2854118 -0.34448819,
  0.2941126 1.2745642 -0.34448819,0.2941126 0.95960354 -0.34448819,
  0.29627047 0.94875591 -0.34448819,0.31161142 0.93341496 -0.34448819,
  0.33330669 0.93341496 -0.34448819,0.34864764 0.94875591 -0.34448819,
  0.35080551 0.95960354 -0.34448819] }
 coordIndex [
  6,5,11,-1,6,11,7,-1,7,11,10,-1,7,10,8,-1,8,10,9,-1,11,5,18,-1,18,5,0,-1,0,5,1,-1,
  1,5,2,-1,2,5,3,-1,3,5,4,-1,16,14,13,-1,16,13,17,-1,17,13,12,-1,17,12,18,-1,18,12,11,-1,
  27,26,48,-1,48,26,20,-1,20,26,21,-1,21,26,22,-1,22,26,23,-1,23,26,24,-1,24,26,25,-1,27,48,28,-1,
  28,48,29,-1,29,48,30,-1,30,48,31,-1,31,48,32,-1,32,48,33,-1,33,48,50,-1,33,50,34,-1,34,50,35,-1,
  35,50,36,-1,36,50,37,-1,37,50,38,-1,38,50,39,-1,39,50,49,-1,46,45,39,-1,46,39,47,-1,47,39,49,-1,
  47,49,20,-1,20,49,48,-1,41,40,43,-1,43,40,44,-1,44,40,45,-1,45,40,39,-1,58,57,54,-1,54,57,55,-1,
  55,57,56,-1,58,54,59,-1,59,54,60,-1,60,54,61,-1,61,54,53,-1,61,53,62,-1,62,53,63,-1,63,53,64,-1,
  64,53,65,-1,65,53,52,-1,65,52,66,-1,66,52,67,-1,67,52,68,-1,68,52,51,-1,69,68,97,-1,97,68,98,-1,
  98,68,99,-1,99,68,100,-1,100,68,101,-1,101,68,102,-1,102,68,103,-1,103,68,104,-1,104,68,105,-1,105,68,51,-1,
  70,69,89,-1,89,69,90,-1,90,69,91,-1,91,69,92,-1,92,69,93,-1,93,69,94,-1,94,69,95,-1,95,69,96,-1,
  96,69,97,-1,88,87,89,-1,89,87,70,-1,70,87,71,-1,71,87,72,-1,72,87,73,-1,73,87,86,-1,73,86,74,-1,
  74,86,75,-1,75,86,76,-1,76,86,77,-1,77,86,85,-1,77,85,78,-1,78,85,79,-1,79,85,80,-1,80,85,81,-1,
  81,85,84,-1,83,82,84,-1,84,82,81,-1,114,113,135,-1,135,113,107,-1,107,113,108,-1,108,113,109,-1,109,113,110,-1,
  110,113,111,-1,111,113,112,-1,114,135,115,-1,115,135,116,-1,116,135,117,-1,117,135,118,-1,118,135,119,-1,119,135,120,-1,
  120,135,137,-1,120,137,121,-1,121,137,122,-1,122,137,123,-1,123,137,124,-1,124,137,125,-1,125,137,126,-1,126,137,136,-1,
  133,132,126,-1,133,126,134,-1,134,126,136,-1,134,136,107,-1,107,136,135,-1,128,127,130,-1,130,127,131,-1,131,127,132,-1,
  132,127,126,-1,145,144,166,-1,166,144,138,-1,138,144,139,-1,139,144,140,-1,140,144,141,-1,141,144,142,-1,142,144,143,-1,
  145,166,146,-1,146,166,147,-1,147,166,148,-1,148,166,149,-1,149,166,150,-1,150,166,151,-1,151,166,168,-1,151,168,152,-1,
  152,168,153,-1,153,168,154,-1,154,168,155,-1,155,168,156,-1,156,168,157,-1,157,168,167,-1,164,163,157,-1,164,157,165,-1,
  165,157,167,-1,165,167,138,-1,138,167,166,-1,159,158,161,-1,161,158,162,-1,162,158,163,-1,163,158,157,-1,169,216,176,-1,
  169,176,170,-1,170,176,175,-1,170,175,171,-1,171,175,174,-1,171,174,172,-1,172,174,173,-1,216,227,176,-1,176,227,177,-1,
  177,227,178,-1,178,227,179,-1,179,227,226,-1,179,226,180,-1,180,226,181,-1,181,226,182,-1,182,226,183,-1,183,226,225,-1,
  183,225,184,-1,184,225,185,-1,185,225,186,-1,186,225,224,-1,186,224,223,-1,186,223,187,-1,187,223,222,-1,187,222,205,-1,
  205,222,206,-1,215,214,218,-1,215,218,169,-1,169,218,217,-1,169,217,216,-1,212,211,219,-1,212,219,213,-1,213,219,218,-1,
  213,218,214,-1,208,207,220,-1,208,220,209,-1,209,220,219,-1,209,219,210,-1,210,219,211,-1,207,206,220,-1,220,206,221,-1,
  221,206,222,-1,198,195,194,-1,198,194,199,-1,199,194,193,-1,199,193,200,-1,200,193,192,-1,200,192,201,-1,201,192,191,-1,
  201,191,202,-1,202,191,190,-1,202,190,203,-1,203,190,189,-1,203,189,204,-1,204,189,188,-1,204,188,205,-1,205,188,187,-1,
  197,196,198,-1,198,196,195,-1,251,250,252,-1,252,250,253,-1,253,250,254,-1,254,250,255,-1,255,250,249,-1,229,228,235,-1,
  235,228,242,-1,242,228,243,-1,243,228,249,-1,249,228,255,-1,249,248,243,-1,243,248,244,-1,244,248,245,-1,245,248,246,-1,
  246,248,247,-1,229,235,230,-1,230,235,231,-1,231,235,232,-1,232,235,234,-1,236,235,238,-1,238,235,239,-1,239,235,240,-1,
  240,235,241,-1,241,235,242,-1,262,261,267,-1,262,267,263,-1,263,267,266,-1,263,266,264,-1,264,266,265,-1,267,261,274,-1,
  274,261,256,-1,256,261,257,-1,257,261,258,-1,258,261,259,-1,259,261,260,-1,272,270,269,-1,272,269,273,-1,273,269,268,-1,
  273,268,274,-1,274,268,267,-1,296,295,314,-1,296,314,297,-1,297,314,313,-1,297,313,298,-1,298,313,312,-1,298,312,299,-1,
  299,312,311,-1,299,311,300,-1,300,311,310,-1,300,310,301,-1,301,310,309,-1,301,309,303,-1,303,309,307,-1,303,307,304,-1,
  304,307,305,-1,339,338,319,-1,319,338,320,-1,320,338,321,-1,321,338,322,-1,322,338,323,-1,323,338,324,-1,324,338,325,-1,
  325,338,326,-1,326,338,333,-1,333,338,337,-1,340,339,319,-1,340,319,341,-1,341,319,318,-1,341,318,292,-1,292,318,293,-1,
  316,315,294,-1,316,294,317,-1,317,294,293,-1,317,293,318,-1,314,295,315,-1,315,295,294,-1,334,333,337,-1,334,337,276,-1,
  276,337,336,-1,276,336,284,-1,284,336,345,-1,284,345,285,-1,285,345,286,-1,327,326,330,-1,330,326,331,-1,331,326,332,-1,
  332,326,333,-1,328,327,329,-1,329,327,330,-1,277,276,284,-1,277,284,278,-1,278,284,283,-1,278,283,279,-1,279,283,282,-1,
  279,282,280,-1,280,282,281,-1,286,345,287,-1,287,345,288,-1,288,345,289,-1,289,345,290,-1,290,345,291,-1,291,345,344,-1,
  292,291,342,-1,342,291,343,-1,343,291,344,-1,353,351,350,-1,353,350,354,-1,354,350,349,-1,354,349,355,-1,355,349,348,-1,
  355,348,356,-1,356,348,347,-1,356,347,357,-1,357,347,346,-1,358,375,365,-1,358,365,359,-1,359,365,364,-1,359,364,360,-1,
  360,364,363,-1,360,363,361,-1,361,363,362,-1,365,375,378,-1,365,378,366,-1,366,378,377,-1,366,377,374,-1,374,377,358,-1,
  377,376,358,-1,358,376,375,-1,372,369,368,-1,372,368,373,-1,373,368,367,-1,373,367,374,-1,374,367,366,-1,371,370,372,-1,
  372,370,369,-1,379,426,386,-1,379,386,380,-1,380,386,385,-1,380,385,381,-1,381,385,384,-1,381,384,382,-1,382,384,383,-1,
  426,437,386,-1,386,437,387,-1,387,437,388,-1,388,437,389,-1,389,437,436,-1,389,436,390,-1,390,436,391,-1,391,436,392,-1,
  392,436,393,-1,393,436,435,-1,393,435,394,-1,394,435,395,-1,395,435,396,-1,396,435,434,-1,396,434,433,-1,396,433,397,-1,
  397,433,432,-1,397,432,415,-1,415,432,416,-1,425,424,428,-1,425,428,379,-1,379,428,427,-1,379,427,426,-1,422,421,429,-1,
  422,429,423,-1,423,429,428,-1,423,428,424,-1,418,417,430,-1,418,430,419,-1,419,430,429,-1,419,429,420,-1,420,429,421,-1,
  417,416,430,-1,430,416,431,-1,431,416,432,-1,408,405,404,-1,408,404,409,-1,409,404,403,-1,409,403,410,-1,410,403,402,-1,
  410,402,411,-1,411,402,401,-1,411,401,412,-1,412,401,400,-1,412,400,413,-1,413,400,399,-1,413,399,414,-1,414,399,398,-1,
  414,398,415,-1,415,398,397,-1,407,406,408,-1,408,406,405,-1,469,468,492,-1,469,492,470,-1,470,492,491,-1,470,491,471,-1,
  471,491,490,-1,471,490,472,-1,472,490,489,-1,472,489,473,-1,473,489,488,-1,473,488,474,-1,474,488,487,-1,474,487,475,-1,
  475,487,486,-1,475,486,476,-1,476,486,485,-1,476,485,477,-1,477,485,484,-1,477,484,479,-1,479,484,482,-1,479,482,480,-1,
  480,482,481,-1,459,458,439,-1,459,439,460,-1,460,439,438,-1,460,438,523,-1,523,438,545,-1,523,545,524,-1,524,545,525,-1,
  439,458,440,-1,440,458,441,-1,441,458,442,-1,442,458,443,-1,443,458,444,-1,444,458,445,-1,445,458,446,-1,446,458,457,-1,
  457,456,446,-1,446,456,447,-1,447,456,448,-1,448,456,449,-1,449,456,455,-1,455,454,449,-1,449,454,450,-1,450,454,451,-1,
  451,454,453,-1,537,536,538,-1,538,536,531,-1,531,536,533,-1,533,536,534,-1,534,536,535,-1,528,527,541,-1,528,541,529,-1,
  529,541,540,-1,529,540,530,-1,530,540,539,-1,530,539,531,-1,531,539,538,-1,525,545,544,-1,525,544,526,-1,526,544,543,-1,
  526,543,527,-1,527,543,542,-1,527,542,541,-1,462,461,522,-1,522,461,523,-1,523,461,460,-1,464,463,519,-1,519,463,520,-1,
  520,463,521,-1,521,463,522,-1,522,463,462,-1,519,518,464,-1,464,518,465,-1,465,518,466,-1,466,518,467,-1,467,518,517,-1,
  512,511,494,-1,512,494,513,-1,513,494,493,-1,513,493,514,-1,514,493,492,-1,514,492,515,-1,515,492,468,-1,515,468,516,-1,
  516,468,467,-1,516,467,517,-1,508,507,504,-1,504,507,505,-1,505,507,506,-1,510,509,501,-1,501,509,502,-1,502,509,503,-1,
  503,509,504,-1,504,509,508,-1,494,511,495,-1,495,511,496,-1,496,511,497,-1,497,511,498,-1,498,511,499,-1,499,511,500,-1,
  500,511,501,-1,501,511,510,-1,560,559,548,-1,560,548,561,-1,561,548,547,-1,561,547,562,-1,562,547,546,-1,548,559,549,-1,
  549,559,550,-1,550,559,551,-1,551,559,552,-1,552,559,553,-1,553,559,558,-1,555,554,557,-1,557,554,558,-1,558,554,553,-1,
  563,613,580,-1,563,580,564,-1,564,580,579,-1,564,579,565,-1,565,579,578,-1,565,578,566,-1,566,578,577,-1,566,577,567,-1,
  567,577,576,-1,567,576,568,-1,568,576,575,-1,568,575,569,-1,569,575,574,-1,569,574,570,-1,570,574,573,-1,570,573,571,-1,
  571,573,572,-1,613,612,580,-1,580,612,581,-1,581,612,582,-1,582,612,583,-1,583,612,611,-1,583,611,584,-1,584,611,585,-1,
  585,611,586,-1,586,611,587,-1,587,611,610,-1,587,610,588,-1,588,610,589,-1,589,610,590,-1,590,610,609,-1,609,608,590,-1,
  590,608,591,-1,591,608,592,-1,592,608,593,-1,593,608,607,-1,593,607,606,-1,593,606,594,-1,594,606,605,-1,594,605,595,-1,
  595,605,596,-1,596,605,597,-1,597,605,598,-1,598,605,599,-1,599,605,600,-1,600,605,604,-1,600,604,601,-1,601,604,602,-1,
  602,604,603,-1,646,645,615,-1,646,615,563,-1,563,615,614,-1,563,614,613,-1,643,642,616,-1,643,616,644,-1,644,616,615,-1,
  644,615,645,-1,639,638,617,-1,639,617,640,-1,640,617,616,-1,640,616,641,-1,641,616,642,-1,638,637,617,-1,617,637,618,-1,
  618,637,619,-1,619,637,636,-1,620,619,634,-1,634,619,635,-1,635,619,636,-1,632,631,622,-1,632,622,633,-1,633,622,621,-1,
  633,621,634,-1,634,621,620,-1,623,622,627,-1,627,622,628,-1,628,622,629,-1,629,622,630,-1,630,622,631,-1,627,626,623,-1,
  623,626,624,-1,624,626,625,-1,653,652,658,-1,653,658,654,-1,654,658,657,-1,654,657,655,-1,655,657,656,-1,658,652,665,-1,
  665,652,647,-1,647,652,648,-1,648,652,649,-1,649,652,650,-1,650,652,651,-1,663,661,660,-1,663,660,664,-1,664,660,659,-1,
  664,659,665,-1,665,659,658,-1,698,697,721,-1,698,721,699,-1,699,721,720,-1,699,720,700,-1,700,720,719,-1,700,719,701,-1,
  701,719,718,-1,701,718,702,-1,702,718,717,-1,702,717,703,-1,703,717,716,-1,703,716,704,-1,704,716,715,-1,704,715,705,-1,
  705,715,714,-1,705,714,706,-1,706,714,713,-1,706,713,708,-1,708,713,711,-1,708,711,709,-1,709,711,710,-1,688,687,668,-1,
  688,668,689,-1,689,668,667,-1,689,667,752,-1,752,667,774,-1,752,774,753,-1,753,774,754,-1,668,687,669,-1,669,687,670,-1,
  670,687,671,-1,671,687,672,-1,672,687,673,-1,673,687,674,-1,674,687,675,-1,675,687,686,-1,686,685,675,-1,675,685,676,-1,
  676,685,677,-1,677,685,678,-1,678,685,684,-1,684,683,678,-1,678,683,679,-1,679,683,680,-1,680,683,682,-1,766,765,767,-1,
  767,765,760,-1,760,765,762,-1,762,765,763,-1,763,765,764,-1,757,756,770,-1,757,770,758,-1,758,770,769,-1,758,769,759,-1,
  759,769,768,-1,759,768,760,-1,760,768,767,-1,754,774,773,-1,754,773,755,-1,755,773,772,-1,755,772,756,-1,756,772,771,-1,
  756,771,770,-1,691,690,751,-1,751,690,752,-1,752,690,689,-1,693,692,748,-1,748,692,749,-1,749,692,750,-1,750,692,751,-1,
  751,692,691,-1,748,747,693,-1,693,747,694,-1,694,747,695,-1,695,747,696,-1,696,747,746,-1,741,740,723,-1,741,723,742,-1,
  742,723,722,-1,742,722,743,-1,743,722,721,-1,743,721,744,-1,744,721,697,-1,744,697,745,-1,745,697,696,-1,745,696,746,-1,
  737,736,733,-1,733,736,734,-1,734,736,735,-1,739,738,730,-1,730,738,731,-1,731,738,732,-1,732,738,733,-1,733,738,737,-1,
  723,740,724,-1,724,740,725,-1,725,740,726,-1,726,740,727,-1,727,740,728,-1,728,740,729,-1,729,740,730,-1,730,740,739,-1,
  775,822,782,-1,775,782,776,-1,776,782,781,-1,776,781,777,-1,777,781,780,-1,777,780,778,-1,778,780,779,-1,822,833,782,-1,
  782,833,783,-1,783,833,784,-1,784,833,785,-1,785,833,832,-1,785,832,786,-1,786,832,787,-1,787,832,788,-1,788,832,789,-1,
  789,832,831,-1,789,831,790,-1,790,831,791,-1,791,831,792,-1,792,831,830,-1,792,830,829,-1,792,829,793,-1,793,829,828,-1,
  793,828,811,-1,811,828,812,-1,821,820,824,-1,821,824,775,-1,775,824,823,-1,775,823,822,-1,818,817,825,-1,818,825,819,-1,
  819,825,824,-1,819,824,820,-1,814,813,826,-1,814,826,815,-1,815,826,825,-1,815,825,816,-1,816,825,817,-1,813,812,826,-1,
  826,812,827,-1,827,812,828,-1,804,801,800,-1,804,800,805,-1,805,800,799,-1,805,799,806,-1,806,799,798,-1,806,798,807,-1,
  807,798,797,-1,807,797,808,-1,808,797,796,-1,808,796,809,-1,809,796,795,-1,809,795,810,-1,810,795,794,-1,810,794,811,-1,
  811,794,793,-1,803,802,804,-1,804,802,801,-1,890,889,895,-1,890,895,891,-1,891,895,894,-1,891,894,892,-1,892,894,893,-1,
  895,889,896,-1,896,889,903,-1,903,889,904,-1,904,889,905,-1,905,889,906,-1,906,889,907,-1,907,889,908,-1,908,889,909,-1,
  909,889,888,-1,901,899,898,-1,901,898,902,-1,902,898,897,-1,902,897,903,-1,903,897,896,-1,834,880,851,-1,834,851,835,-1,
  835,851,850,-1,835,850,836,-1,836,850,849,-1,836,849,837,-1,837,849,848,-1,837,848,838,-1,838,848,847,-1,838,847,839,-1,
  839,847,846,-1,839,846,840,-1,840,846,845,-1,840,845,841,-1,841,845,844,-1,841,844,842,-1,842,844,843,-1,880,879,851,-1,
  851,879,852,-1,852,879,853,-1,853,879,854,-1,854,879,878,-1,854,878,855,-1,855,878,856,-1,856,878,857,-1,857,878,858,-1,
  858,878,877,-1,858,877,859,-1,859,877,860,-1,860,877,861,-1,861,877,876,-1,876,875,861,-1,861,875,862,-1,862,875,863,-1,
  863,875,864,-1,864,875,865,-1,865,875,866,-1,866,875,867,-1,867,875,868,-1,868,875,874,-1,868,874,873,-1,868,873,869,-1,
  869,873,872,-1,869,872,870,-1,870,872,871,-1,922,921,882,-1,922,882,834,-1,834,882,881,-1,834,881,880,-1,919,918,883,-1,
  919,883,920,-1,920,883,882,-1,920,882,921,-1,915,914,884,-1,915,884,916,-1,916,884,883,-1,916,883,917,-1,917,883,918,-1,
  914,913,884,-1,884,913,885,-1,885,913,886,-1,886,913,912,-1,887,886,910,-1,910,886,911,-1,911,886,912,-1,909,888,910,-1,
  910,888,887,-1,1011,1010,1016,-1,1011,1016,1012,-1,1012,1016,1015,-1,1012,1015,1013,-1,1013,1015,1014,-1,1017,1016,1010,-1,1017,1010,929,-1,
  929,1010,1009,-1,929,1009,994,-1,994,1009,995,-1,1008,1007,1001,-1,1001,1007,1002,-1,1002,1007,1003,-1,1003,1007,1004,-1,1004,1007,1006,-1,
  995,1009,996,-1,996,1009,997,-1,997,1009,998,-1,998,1009,999,-1,999,1009,1000,-1,1000,1009,1001,-1,1001,1009,1008,-1,1017,929,1018,-1,
  1018,929,1019,-1,1019,929,1020,-1,1020,929,1021,-1,1021,929,1022,-1,1022,929,928,-1,928,927,1022,-1,1022,927,1023,-1,1023,927,1024,-1,
  1024,927,1025,-1,1025,927,923,-1,923,927,925,-1,925,927,926,-1,929,994,930,-1,930,994,931,-1,931,994,932,-1,932,994,933,-1,
  933,994,934,-1,934,994,935,-1,935,994,993,-1,988,987,962,-1,988,962,989,-1,989,962,961,-1,989,961,990,-1,990,961,960,-1,
  990,960,991,-1,991,960,936,-1,991,936,992,-1,992,936,935,-1,992,935,993,-1,937,936,960,-1,937,960,938,-1,938,960,959,-1,
  938,959,939,-1,939,959,958,-1,939,958,940,-1,940,958,957,-1,940,957,941,-1,941,957,956,-1,941,956,942,-1,942,956,955,-1,
  942,955,943,-1,943,955,954,-1,943,954,944,-1,944,954,953,-1,944,953,945,-1,945,953,952,-1,945,952,947,-1,947,952,950,-1,
  947,950,948,-1,948,950,949,-1,978,977,982,-1,978,982,979,-1,979,982,981,-1,979,981,980,-1,977,976,982,-1,982,976,983,-1,
  983,976,984,-1,984,976,985,-1,985,976,975,-1,986,985,969,-1,969,985,970,-1,970,985,971,-1,971,985,972,-1,972,985,973,-1,
  973,985,974,-1,974,985,975,-1,962,987,963,-1,963,987,964,-1,964,987,965,-1,965,987,966,-1,966,987,967,-1,967,987,968,-1,
  968,987,969,-1,969,987,986,-1,1114,1113,1119,-1,1114,1119,1115,-1,1115,1119,1118,-1,1115,1118,1116,-1,1116,1118,1117,-1,1120,1119,1113,-1,
  1120,1113,1032,-1,1032,1113,1112,-1,1032,1112,1097,-1,1097,1112,1098,-1,1111,1110,1104,-1,1104,1110,1105,-1,1105,1110,1106,-1,1106,1110,1107,-1,
  1107,1110,1109,-1,1098,1112,1099,-1,1099,1112,1100,-1,1100,1112,1101,-1,1101,1112,1102,-1,1102,1112,1103,-1,1103,1112,1104,-1,1104,1112,1111,-1,
  1120,1032,1121,-1,1121,1032,1122,-1,1122,1032,1123,-1,1123,1032,1124,-1,1124,1032,1125,-1,1125,1032,1031,-1,1031,1030,1125,-1,1125,1030,1126,-1,
  1126,1030,1127,-1,1127,1030,1128,-1,1128,1030,1026,-1,1026,1030,1028,-1,1028,1030,1029,-1,1032,1097,1033,-1,1033,1097,1034,-1,1034,1097,1035,-1,
  1035,1097,1036,-1,1036,1097,1037,-1,1037,1097,1038,-1,1038,1097,1096,-1,1091,1090,1065,-1,1091,1065,1092,-1,1092,1065,1064,-1,1092,1064,1093,-1,
  1093,1064,1063,-1,1093,1063,1094,-1,1094,1063,1039,-1,1094,1039,1095,-1,1095,1039,1038,-1,1095,1038,1096,-1,1040,1039,1063,-1,1040,1063,1041,-1,
  1041,1063,1062,-1,1041,1062,1042,-1,1042,1062,1061,-1,1042,1061,1043,-1,1043,1061,1060,-1,1043,1060,1044,-1,1044,1060,1059,-1,1044,1059,1045,-1,
  1045,1059,1058,-1,1045,1058,1046,-1,1046,1058,1057,-1,1046,1057,1047,-1,1047,1057,1056,-1,1047,1056,1048,-1,1048,1056,1055,-1,1048,1055,1050,-1,
  1050,1055,1053,-1,1050,1053,1051,-1,1051,1053,1052,-1,1081,1080,1085,-1,1081,1085,1082,-1,1082,1085,1084,-1,1082,1084,1083,-1,1080,1079,1085,-1,
  1085,1079,1086,-1,1086,1079,1087,-1,1087,1079,1088,-1,1088,1079,1078,-1,1089,1088,1072,-1,1072,1088,1073,-1,1073,1088,1074,-1,1074,1088,1075,-1,
  1075,1088,1076,-1,1076,1088,1077,-1,1077,1088,1078,-1,1065,1090,1066,-1,1066,1090,1067,-1,1067,1090,1068,-1,1068,1090,1069,-1,1069,1090,1070,-1,
  1070,1090,1071,-1,1071,1090,1072,-1,1072,1090,1089,-1,1136,1135,1157,-1,1157,1135,1129,-1,1129,1135,1130,-1,1130,1135,1131,-1,1131,1135,1132,-1,
  1132,1135,1133,-1,1133,1135,1134,-1,1136,1157,1137,-1,1137,1157,1138,-1,1138,1157,1139,-1,1139,1157,1140,-1,1140,1157,1141,-1,1141,1157,1142,-1,
  1142,1157,1159,-1,1142,1159,1143,-1,1143,1159,1144,-1,1144,1159,1145,-1,1145,1159,1146,-1,1146,1159,1147,-1,1147,1159,1148,-1,1148,1159,1158,-1,
  1155,1154,1148,-1,1155,1148,1156,-1,1156,1148,1158,-1,1156,1158,1129,-1,1129,1158,1157,-1,1150,1149,1152,-1,1152,1149,1153,-1,1153,1149,1154,-1,
  1154,1149,1148,-1,1160,1185,1161,-1,1161,1185,1162,-1,1162,1185,1163,-1,1163,1185,1164,-1,1164,1185,1184,-1,1165,1164,1178,-1,1178,1164,1179,-1,
  1179,1164,1180,-1,1180,1164,1181,-1,1181,1164,1182,-1,1182,1164,1183,-1,1183,1164,1184,-1,1166,1165,1172,-1,1172,1165,1173,-1,1173,1165,1174,-1,
  1174,1165,1175,-1,1175,1165,1176,-1,1176,1165,1177,-1,1177,1165,1178,-1,1166,1172,1167,-1,1167,1172,1168,-1,1168,1172,1169,-1,1169,1172,1171,-1,
  1249,1248,1263,-1,1263,1248,1264,-1,1264,1248,1265,-1,1265,1248,1246,-1,1246,1248,1247,-1,1193,1191,1190,-1,1193,1190,1194,-1,1194,1190,1189,-1,
  1194,1189,1195,-1,1195,1189,1188,-1,1195,1188,1196,-1,1196,1188,1187,-1,1196,1187,1197,-1,1197,1187,1186,-1,1299,1296,1295,-1,1299,1295,1301,-1,
  1301,1295,1293,-1,1301,1293,1302,-1,1302,1293,1292,-1,1302,1292,1303,-1,1303,1292,1291,-1,1303,1291,1304,-1,1304,1291,1290,-1,1304,1290,1305,-1,
  1305,1290,1289,-1,1305,1289,1306,-1,1306,1289,1288,-1,1306,1288,1307,-1,1307,1288,1287,-1,1307,1287,1308,-1,1308,1287,1286,-1,1308,1286,1309,-1,
  1309,1286,1285,-1,1309,1285,1310,-1,1310,1285,1284,-1,1310,1284,1329,-1,1329,1284,1330,-1,1298,1297,1299,-1,1299,1297,1296,-1,1218,1216,1215,-1,
  1218,1215,1219,-1,1219,1215,1214,-1,1219,1214,1220,-1,1220,1214,1213,-1,1220,1213,1198,-1,1198,1213,1212,-1,1198,1212,1205,-1,1205,1212,1206,-1,
  1199,1205,1204,-1,1199,1204,1200,-1,1200,1204,1203,-1,1200,1203,1201,-1,1201,1203,1202,-1,1206,1212,1211,-1,1206,1211,1207,-1,1207,1211,1210,-1,
  1207,1210,1208,-1,1208,1210,1209,-1,1221,1220,1198,-1,1221,1198,1222,-1,1222,1198,1227,-1,1222,1227,1223,-1,1223,1227,1226,-1,1223,1226,1224,-1,
  1224,1226,1225,-1,1235,1234,1231,-1,1231,1234,1232,-1,1232,1234,1233,-1,1235,1231,1236,-1,1236,1231,1237,-1,1237,1231,1238,-1,1238,1231,1230,-1,
  1238,1230,1239,-1,1239,1230,1240,-1,1240,1230,1241,-1,1241,1230,1242,-1,1242,1230,1229,-1,1242,1229,1243,-1,1243,1229,1244,-1,1244,1229,1245,-1,
  1245,1229,1228,-1,1267,1266,1228,-1,1228,1266,1245,-1,1245,1266,1246,-1,1246,1266,1265,-1,1250,1249,1259,-1,1259,1249,1260,-1,1260,1249,1261,-1,
  1261,1249,1262,-1,1262,1249,1263,-1,1251,1250,1255,-1,1255,1250,1256,-1,1256,1250,1257,-1,1257,1250,1258,-1,1258,1250,1259,-1,1255,1254,1251,-1,
  1251,1254,1252,-1,1252,1254,1253,-1,1327,1326,1311,-1,1311,1326,1312,-1,1312,1326,1313,-1,1313,1326,1314,-1,1314,1326,1321,-1,1321,1326,1325,-1,
  1327,1311,1328,-1,1328,1311,1329,-1,1329,1311,1310,-1,1322,1321,1325,-1,1322,1325,1268,-1,1268,1325,1324,-1,1268,1324,1276,-1,1276,1324,1333,-1,
  1276,1333,1277,-1,1277,1333,1278,-1,1315,1314,1318,-1,1318,1314,1319,-1,1319,1314,1320,-1,1320,1314,1321,-1,1316,1315,1317,-1,1317,1315,1318,-1,
  1269,1268,1276,-1,1269,1276,1270,-1,1270,1276,1275,-1,1270,1275,1271,-1,1271,1275,1274,-1,1271,1274,1272,-1,1272,1274,1273,-1,1278,1333,1279,-1,
  1279,1333,1280,-1,1280,1333,1281,-1,1281,1333,1282,-1,1282,1333,1283,-1,1283,1333,1332,-1,1284,1283,1330,-1,1330,1283,1331,-1,1331,1283,1332,-1,
  1354,1352,1351,-1,1354,1351,1355,-1,1355,1351,1350,-1,1355,1350,1356,-1,1356,1350,1349,-1,1356,1349,1334,-1,1334,1349,1348,-1,1334,1348,1341,-1,
  1341,1348,1342,-1,1335,1341,1340,-1,1335,1340,1336,-1,1336,1340,1339,-1,1336,1339,1337,-1,1337,1339,1338,-1,1342,1348,1347,-1,1342,1347,1343,-1,
  1343,1347,1346,-1,1343,1346,1344,-1,1344,1346,1345,-1,1357,1356,1334,-1,1357,1334,1358,-1,1358,1334,1363,-1,1358,1363,1359,-1,1359,1363,1362,-1,
  1359,1362,1360,-1,1360,1362,1361,-1,1364,1414,1381,-1,1364,1381,1365,-1,1365,1381,1380,-1,1365,1380,1366,-1,1366,1380,1379,-1,1366,1379,1367,-1,
  1367,1379,1378,-1,1367,1378,1368,-1,1368,1378,1377,-1,1368,1377,1369,-1,1369,1377,1376,-1,1369,1376,1370,-1,1370,1376,1375,-1,1370,1375,1371,-1,
  1371,1375,1374,-1,1371,1374,1372,-1,1372,1374,1373,-1,1381,1414,1382,-1,1382,1414,1383,-1,1383,1414,1384,-1,1384,1414,1413,-1,1384,1413,1385,-1,
  1385,1413,1386,-1,1386,1413,1387,-1,1387,1413,1388,-1,1388,1413,1412,-1,1412,1411,1388,-1,1388,1411,1389,-1,1389,1411,1390,-1,1390,1411,1391,-1,
  1391,1411,1410,-1,1410,1409,1391,-1,1391,1409,1392,-1,1392,1409,1393,-1,1393,1409,1394,-1,1394,1409,1408,-1,1395,1394,1406,-1,1406,1394,1407,-1,
  1407,1394,1408,-1,1395,1406,1396,-1,1396,1406,1397,-1,1397,1406,1398,-1,1398,1406,1399,-1,1399,1406,1400,-1,1400,1406,1401,-1,1401,1406,1405,-1,
  1401,1405,1402,-1,1402,1405,1403,-1,1403,1405,1404,-1,1416,1415,1445,-1,1445,1415,1446,-1,1446,1415,1447,-1,1447,1415,1364,-1,1364,1415,1414,-1,
  1417,1416,1441,-1,1441,1416,1442,-1,1442,1416,1443,-1,1443,1416,1444,-1,1444,1416,1445,-1,1419,1418,1438,-1,1438,1418,1439,-1,1439,1418,1440,-1,
  1440,1418,1441,-1,1441,1418,1417,-1,1421,1420,1435,-1,1435,1420,1436,-1,1436,1420,1437,-1,1437,1420,1438,-1,1438,1420,1419,-1,1434,1433,1423,-1,
  1434,1423,1435,-1,1435,1423,1422,-1,1435,1422,1421,-1,1424,1423,1428,-1,1428,1423,1429,-1,1429,1423,1430,-1,1430,1423,1431,-1,1431,1423,1432,-1,
  1432,1423,1433,-1,1428,1427,1424,-1,1424,1427,1425,-1,1425,1427,1426,-1,1468,1466,1465,-1,1468,1465,1469,-1,1469,1465,1464,-1,1469,1464,1470,-1,
  1470,1464,1463,-1,1470,1463,1448,-1,1448,1463,1462,-1,1448,1462,1455,-1,1455,1462,1456,-1,1449,1455,1454,-1,1449,1454,1450,-1,1450,1454,1453,-1,
  1450,1453,1451,-1,1451,1453,1452,-1,1456,1462,1461,-1,1456,1461,1457,-1,1457,1461,1460,-1,1457,1460,1458,-1,1458,1460,1459,-1,1471,1470,1448,-1,
  1471,1448,1472,-1,1472,1448,1477,-1,1472,1477,1473,-1,1473,1477,1476,-1,1473,1476,1474,-1,1474,1476,1475,-1,1478,1525,1485,-1,1478,1485,1479,-1,
  1479,1485,1484,-1,1479,1484,1480,-1,1480,1484,1483,-1,1480,1483,1481,-1,1481,1483,1482,-1,1525,1536,1485,-1,1485,1536,1486,-1,1486,1536,1487,-1,
  1487,1536,1488,-1,1488,1536,1535,-1,1535,1534,1488,-1,1488,1534,1489,-1,1489,1534,1490,-1,1490,1534,1491,-1,1491,1534,1492,-1,1492,1534,1533,-1,
  1492,1533,1493,-1,1493,1533,1494,-1,1494,1533,1495,-1,1495,1533,1532,-1,1497,1496,1514,-1,1514,1496,1515,-1,1515,1496,1531,-1,1531,1496,1532,-1,
  1532,1496,1495,-1,1524,1523,1527,-1,1524,1527,1478,-1,1478,1527,1526,-1,1478,1526,1525,-1,1523,1522,1527,-1,1527,1522,1528,-1,1528,1522,1529,-1,
  1529,1522,1521,-1,1530,1529,1518,-1,1518,1529,1519,-1,1519,1529,1520,-1,1520,1529,1521,-1,1531,1530,1515,-1,1515,1530,1516,-1,1516,1530,1517,-1,
  1517,1530,1518,-1,1511,1510,1499,-1,1511,1499,1512,-1,1512,1499,1498,-1,1512,1498,1513,-1,1513,1498,1497,-1,1513,1497,1514,-1,1500,1499,1510,-1,
  1500,1510,1501,-1,1501,1510,1509,-1,1501,1509,1502,-1,1502,1509,1508,-1,1502,1508,1503,-1,1503,1508,1507,-1,1503,1507,1504,-1,1504,1507,1505,-1,
  1544,1543,1565,-1,1565,1543,1537,-1,1537,1543,1538,-1,1538,1543,1539,-1,1539,1543,1540,-1,1540,1543,1541,-1,1541,1543,1542,-1,1544,1565,1545,-1,
  1545,1565,1546,-1,1546,1565,1547,-1,1547,1565,1548,-1,1548,1565,1549,-1,1549,1565,1550,-1,1550,1565,1567,-1,1550,1567,1551,-1,1551,1567,1552,-1,
  1552,1567,1553,-1,1553,1567,1554,-1,1554,1567,1555,-1,1555,1567,1556,-1,1556,1567,1566,-1,1563,1562,1556,-1,1563,1556,1564,-1,1564,1556,1566,-1,
  1564,1566,1537,-1,1537,1566,1565,-1,1558,1557,1560,-1,1560,1557,1561,-1,1561,1557,1562,-1,1562,1557,1556,-1,1589,1588,1603,-1,1603,1588,1604,-1,
  1604,1588,1605,-1,1605,1588,1586,-1,1586,1588,1587,-1,1575,1574,1571,-1,1571,1574,1572,-1,1572,1574,1573,-1,1575,1571,1576,-1,1576,1571,1577,-1,
  1577,1571,1578,-1,1578,1571,1570,-1,1578,1570,1579,-1,1579,1570,1580,-1,1580,1570,1581,-1,1581,1570,1582,-1,1582,1570,1569,-1,1582,1569,1583,-1,
  1583,1569,1584,-1,1584,1569,1585,-1,1585,1569,1568,-1,1607,1606,1568,-1,1568,1606,1585,-1,1585,1606,1586,-1,1586,1606,1605,-1,1590,1589,1599,-1,
  1599,1589,1600,-1,1600,1589,1601,-1,1601,1589,1602,-1,1602,1589,1603,-1,1591,1590,1595,-1,1595,1590,1596,-1,1596,1590,1597,-1,1597,1590,1598,-1,
  1598,1590,1599,-1,1595,1594,1591,-1,1591,1594,1592,-1,1592,1594,1593,-1,1608,1661,1609,-1,1609,1661,1610,-1,1610,1661,1611,-1,1611,1661,1612,-1,
  1612,1661,1660,-1,1613,1612,1654,-1,1654,1612,1655,-1,1655,1612,1656,-1,1656,1612,1657,-1,1657,1612,1658,-1,1658,1612,1659,-1,1659,1612,1660,-1,
  1614,1613,1648,-1,1648,1613,1649,-1,1649,1613,1650,-1,1650,1613,1651,-1,1651,1613,1652,-1,1652,1613,1653,-1,1653,1613,1654,-1,1614,1648,1615,-1,
  1615,1648,1616,-1,1616,1648,1617,-1,1617,1648,1618,-1,1618,1648,1619,-1,1619,1648,1620,-1,1620,1648,1647,-1,1620,1647,1621,-1,1621,1647,1622,-1,
  1622,1647,1623,-1,1623,1647,1624,-1,1624,1647,1625,-1,1625,1647,1626,-1,1626,1647,1646,-1,1627,1626,1641,-1,1641,1626,1642,-1,1642,1626,1643,-1,
  1643,1626,1644,-1,1644,1626,1645,-1,1645,1626,1646,-1,1628,1627,1634,-1,1634,1627,1635,-1,1635,1627,1636,-1,1636,1627,1637,-1,1637,1627,1638,-1,
  1638,1627,1639,-1,1639,1627,1640,-1,1640,1627,1641,-1,1628,1634,1629,-1,1629,1634,1630,-1,1630,1634,1631,-1,1631,1634,1633,-1,1693,1690,1689,-1,
  1693,1689,1695,-1,1695,1689,1687,-1,1695,1687,1696,-1,1696,1687,1686,-1,1696,1686,1697,-1,1697,1686,1685,-1,1697,1685,1698,-1,1698,1685,1684,-1,
  1698,1684,1699,-1,1699,1684,1683,-1,1699,1683,1700,-1,1700,1683,1682,-1,1700,1682,1701,-1,1701,1682,1681,-1,1701,1681,1702,-1,1702,1681,1680,-1,
  1702,1680,1703,-1,1703,1680,1679,-1,1703,1679,1704,-1,1704,1679,1678,-1,1704,1678,1723,-1,1723,1678,1724,-1,1692,1691,1693,-1,1693,1691,1690,-1,
  1721,1720,1705,-1,1705,1720,1706,-1,1706,1720,1707,-1,1707,1720,1708,-1,1708,1720,1715,-1,1715,1720,1719,-1,1721,1705,1722,-1,1722,1705,1723,-1,
  1723,1705,1704,-1,1716,1715,1719,-1,1716,1719,1662,-1,1662,1719,1718,-1,1662,1718,1670,-1,1670,1718,1727,-1,1670,1727,1671,-1,1671,1727,1672,-1,
  1709,1708,1712,-1,1712,1708,1713,-1,1713,1708,1714,-1,1714,1708,1715,-1,1710,1709,1711,-1,1711,1709,1712,-1,1663,1662,1670,-1,1663,1670,1664,-1,
  1664,1670,1669,-1,1664,1669,1665,-1,1665,1669,1668,-1,1665,1668,1666,-1,1666,1668,1667,-1,1672,1727,1673,-1,1673,1727,1674,-1,1674,1727,1675,-1,
  1675,1727,1676,-1,1676,1727,1677,-1,1677,1727,1726,-1,1678,1677,1724,-1,1724,1677,1725,-1,1725,1677,1726,-1,1749,1747,1746,-1,1749,1746,1750,-1,
  1750,1746,1745,-1,1750,1745,1751,-1,1751,1745,1744,-1,1751,1744,1728,-1,1728,1744,1743,-1,1728,1743,1736,-1,1736,1743,1737,-1,1729,1728,1736,-1,
  1729,1736,1730,-1,1730,1736,1735,-1,1730,1735,1731,-1,1731,1735,1734,-1,1731,1734,1732,-1,1732,1734,1733,-1,1737,1743,1742,-1,1737,1742,1738,-1,
  1738,1742,1741,-1,1738,1741,1739,-1,1739,1741,1740,-1,1760,1758,1757,-1,1760,1757,1761,-1,1761,1757,1756,-1,1761,1756,1762,-1,1762,1756,1755,-1,
  1762,1755,1763,-1,1763,1755,1754,-1,1763,1754,1764,-1,1764,1754,1753,-1,1758,1760,1759,-1,1751,1728,1752,-1,1747,1749,1748,-1,1716,1662,1717,-1,
  1687,1689,1688,-1,1693,1695,1694,-1,1631,1633,1632,-1,1558,1560,1559,-1,1505,1507,1506,-1,1448,1455,1449,-1,1466,1468,1467,-1,1334,1341,1335,-1,
  1352,1354,1353,-1,1322,1268,1323,-1,1293,1295,1294,-1,1198,1205,1199,-1,1216,1218,1217,-1,1299,1301,1300,-1,1191,1193,1192,-1,1169,1171,1170,-1,
  1150,1152,1151,-1,1053,1055,1054,-1,1027,1026,1028,-1,1048,1050,1049,-1,1109,1108,1107,-1,950,952,951,-1,924,923,925,-1,945,947,946,-1,
  1006,1005,1004,-1,899,901,900,-1,711,713,712,-1,762,761,760,-1,706,708,707,-1,680,682,681,-1,665,647,666,-1,661,663,662,-1,
  555,557,556,-1,482,484,483,-1,533,532,531,-1,477,479,478,-1,451,453,452,-1,351,353,352,-1,334,276,335,-1,292,342,341,-1,
  301,303,302,-1,307,309,308,-1,305,307,306,-1,274,256,275,-1,270,272,271,-1,236,238,237,-1,232,234,233,-1,159,161,160,-1,
  128,130,129,-1,105,51,106,-1,41,43,42,-1,18,0,19,-1,14,16,15,-1]
  normalPerVertex TRUE
  normal DEF NORM_15 Normal { vector [
  0 0 -1,0 0 -1,
  0 0 -1,0 0 -1,
  0 0 -1,0 0 -1,
  0 0 -1,0 0 -1,
  0 0 -1,0 0 -1,
  0 0 -1,0 0 -1,
  0 0 -1,0 0 -1,
  0 0 -1,0 0 -1,
  0 0 -1,0 0 -1,
  0 0 -1,0 0 -1,
  0 0 -1,0 0 -1,
  0 0 -1,0 0 -1,
  0 0 -1,0 0 -1,
  0 0 -1,0 0 -1,
  0 0 -1,0 0 -1,
  0 0 -1,0 0 -1,
  0 0 -1,0 0 -1,
  0 0 -1,0 0 -1,
  0 0 -1,0 0 -1,
  0 0 -1,0 0 -1,
  0 0 -1,0 0 -1,
  0 0 -1,0 0 -1,
  0 0 -1,0 0 -1,
  0 0 -1,0 0 -1,
  0 0 -1,0 0 -1,
  0 0 -1,0 0 -1,
  0 0 -1,0 0 -1,
  0 0 -1,0 0 -1,
  0 0 -1,0 0 -1,
  0 0 -1,0 0 -1,
  0 0 -1,0 0 -1,
  0 0 -1,0 0 -1,
  0 0 -1,0 0 -1,
  0 0 -1,0 0 -1,
  0 0 -1,0 0 -1,
  0 0 -1,0 0 -1,
  0 0 -1,0 0 -1,
  0 0 -1,0 0 -1,
  0 0 -1,0 0 -1,
  0 0 -1,0 0 -1,
  0 0 -1,0 0 -1,
  0 0 -1,0 0 -1,
  0 0 -1,0 0 -1,
  0 0 -1,0 0 -1,
  0 0 -1,0 0 -1,
  0 0 -1,0 0 -1,
  0 0 -1,0 0 -1,
  0 0 -1,0 0 -1,
  0 0 -1,0 0 -1,
  0 0 -1,0 0 -1,
  0 0 -1,0 0 -1,
  0 0 -1,0 0 -1,
  0 0 -1,0 0 -1,
  0 0 -1,0 0 -1,
  0 0 -1,0 0 -1,
  0 0 -1,0 0 -1,
  0 0 -1,0 0 -1,
  0 0 -1,0 0 -1,
  0 0 -1,0 0 -1,
  0 0 -1,0 0 -1,
  0 0 -1,0 0 -1,
  0 0 -1,0 0 -1,
  0 0 -1,0 0 -1,
  0 0 -1,0 0 -1,
  0 0 -1,0 0 -1,
  0 0 -1,0 0 -1,
  0 0 -1,0 0 -1,
  0 0 -1,0 0 -1,
  0 0 -1,0 0 -1,
  0 0 -1,0 0 -1,
  0 0 -1,0 0 -1,
  0 0 -1,0 0 -1,
  0 0 -1,0 0 -1,
  0 0 -1,0 0 -1,
  0 0 -1,0 0 -1,
  0 0 -1,0 0 -1,
  0 0 -1,0 0 -1,
  0 0 -1,0 0 -1,
  0 0 -1,0 0 -1,
  0 0 -1,0 0 -1,
  0 0 -1,0 0 -1,
  0 0 -1,0 0 -1,
  0 0 -1,0 0 -1,
  0 0 -1,0 0 -1,
  0 0 -1,0 0 -1,
  0 0 -1,0 0 -1,
  0 0 -1,0 0 -1,
  0 0 -1,0 0 -1,
  0 0 -1,0 0 -1,
  0 0 -1,0 0 -1,
  0 0 -1,0 0 -1,
  0 0 -1,0 0 -1,
  0 0 -1,0 0 -1,
  0 0 -1,0 0 -1,
  0 0 -1,0 0 -1,
  0 0 -1,0 0 -1,
  0 0 -1,0 0 -1,
  0 0 -1,0 0 -1,
  0 0 -1,0 0 -1,
  0 0 -1,0 0 -1,
  0 0 -1,0 0 -1,
  0 0 -1,0 0 -1,
  0 0 -1,0 0 -1,
  0 0 -1,0 0 -1,
  0 0 -1,0 0 -1,
  0 0 -1,0 0 -1,
  0 0 -1,0 0 -1,
  0 0 -1,0 0 -1,
  0 0 -1,0 0 -1,
  0 0 -1,0 0 -1,
  0 0 -1,0 0 -1,
  0 0 -1,0 0 -1,
  0 0 -1,0 0 -1,
  0 0 -1,0 0 -1,
  0 0 -1,0 0 -1,
  0 0 -1,0 0 -1,
  0 0 -1,0 0 -1,
  0 0 -1,0 0 -1,
  0 0 -1,0 0 -1,
  0 0 -1,0 0 -1,
  0 0 -1,0 0 -1,
  0 0 -1,0 0 -1,
  0 0 -1,0 0 -1,
  0 0 -1,0 0 -1,
  0 0 -1,0 0 -1,
  0 0 -1,0 0 -1,
  0 0 -1,0 0 -1,
  0 0 -1,0 0 -1,
  0 0 -1,0 0 -1,
  0 0 -1,0 0 -1,
  0 0 -1,0 0 -1,
  0 0 -1,0 0 -1,
  0 0 -1,0 0 -1,
  0 0 -1,0 0 -1,
  0 0 -1,0 0 -1,
  0 0 -1,0 0 -1,
  0 0 -1,0 0 -1,
  0 0 -1,0 0 -1,
  0 0 -1,0 0 -1,
  0 0 -1,0 0 -1,
  0 0 -1,0 0 -1,
  0 0 -1,0 0 -1,
  0 0 -1,0 0 -1,
  0 0 -1,0 0 -1,
  0 0 -1,0 0 -1,
  0 0 -1,0 0 -1,
  0 0 -1,0 0 -1,
  0 0 -1,0 0 -1,
  0 0 -1,0 0 -1,
  0 0 -1,0 0 -1,
  0 0 -1,0 0 -1,
  0 0 -1,0 0 -1,
  0 0 -1,0 0 -1,
  0 0 -1,0 0 -1,
  0 0 -1,0 0 -1,
  0 0 -1,0 0 -1,
  0 0 -1,0 0 -1,
  0 0 -1,0 0 -1,
  0 0 -1,0 0 -1,
  0 0 -1,0 0 -1,
  0 0 -1,0 0 -1,
  0 0 -1,0 0 -1,
  0 0 -1,0 0 -1,
  0 0 -1,0 0 -1,
  0 0 -1,0 0 -1,
  0 0 -1,0 0 -1,
  0 0 -1,0 0 -1,
  0 0 -1,0 0 -1,
  0 0 -1,0 0 -1,
  0 0 -1,0 0 -1,
  0 0 -1,0 0 -1,
  0 0 -1,0 0 -1,
  0 0 -1,0 0 -1,
  0 0 -1,0 0 -1,
  0 0 -1,0 0 -1,
  0 0 -1,0 0 -1,
  0 0 -1,0 0 -1,
  0 0 -1,0 0 -1,
  0 0 -1,0 0 -1,
  0 0 -1,0 0 -1,
  0 0 -1,0 0 -1,
  0 0 -1,0 0 -1,
  0 0 -1,0 0 -1,
  0 0 -1,0 0 -1,
  0 0 -1,0 0 -1,
  0 0 -1,0 0 -1,
  0 0 -1,0 0 -1,
  0 0 -1,0 0 -1,
  0 0 -1,0 0 -1,
  0 0 -1,0 0 -1,
  0 0 -1,0 0 -1,
  0 0 -1,0 0 -1,
  0 0 -1,0 0 -1,
  0 0 -1,0 0 -1,
  0 0 -1,0 0 -1,
  0 0 -1,0 0 -1,
  0 0 -1,0 0 -1,
  0 0 -1,0 0 -1,
  0 0 -1,0 0 -1,
  0 0 -1,0 0 -1,
  0 0 -1,0 0 -1,
  0 0 -1,0 0 -1,
  0 0 -1,0 0 -1,
  0 0 -1,0 0 -1,
  0 0 -1,0 0 -1,
  0 0 -1,0 0 -1,
  0 0 -1,0 0 -1,
  0 0 -1,0 0 -1,
  0 0 -1,0 0 -1,
  0 0 -1,0 0 -1,
  0 0 -1,0 0 -1,
  0 0 -1,0 0 -1,
  0 0 -1,0 0 -1,
  0 0 -1,0 0 -1,
  0 0 -1,0 0 -1,
  0 0 -1,0 0 -1,
  0 0 -1,0 0 -1,
  0 0 -1,0 0 -1,
  0 0 -1,0 0 -1,
  0 0 -1,0 0 -1,
  0 0 -1,0 0 -1,
  0 0 -1,0 0 -1,
  0 0 -1,0 0 -1,
  0 0 -1,0 0 -1,
  0 0 -1,0 0 -1,
  0 0 -1,0 0 -1,
  0 0 -1,0 0 -1,
  0 0 -1,0 0 -1,
  0 0 -1,0 0 -1,
  0 0 -1,0 0 -1,
  0 0 -1,0 0 -1,
  0 0 -1,0 0 -1,
  0 0 -1,0 0 -1,
  0 0 -1,0 0 -1,
  0 0 -1,0 0 -1,
  0 0 -1,0 0 -1,
  0 0 -1,0 0 -1,
  0 0 -1,0 0 -1,
  0 0 -1,0 0 -1,
  0 0 -1,0 0 -1,
  0 0 -1,0 0 -1,
  0 0 -1,0 0 -1,
  0 0 -1,0 0 -1,
  0 0 -1,0 0 -1,
  0 0 -1,0 0 -1,
  0 0 -1,0 0 -1,
  0 0 -1,0 0 -1,
  0 0 -1,0 0 -1,
  0 0 -1,0 0 -1,
  0 0 -1,0 0 -1,
  0 0 -1,0 0 -1,
  0 0 -1,0 0 -1,
  0 0 -1,0 0 -1,
  0 0 -1,0 0 -1,
  0 0 -1,0 0 -1,
  0 0 -1,0 0 -1,
  0 0 -1,0 0 -1,
  0 0 -1,0 0 -1,
  0 0 -1,0 0 -1,
  0 0 -1,0 0 -1,
  0 0 -1,0 0 -1,
  0 0 -1,0 0 -1,
  0 0 -1,0 0 -1,
  0 0 -1,0 0 -1,
  0 0 -1,0 0 -1,
  0 0 -1,0 0 -1,
  0 0 -1,0 0 -1,
  0 0 -1,0 0 -1,
  0 0 -1,0 0 -1,
  0 0 -1,0 0 -1,
  0 0 -1,0 0 -1,
  0 0 -1,0 0 -1,
  0 0 -1,0 0 -1,
  0 0 -1,0 0 -1,
  0 0 -1,0 0 -1,
  0 0 -1,0 0 -1,
  0 0 -1,0 0 -1,
  0 0 -1,0 0 -1,
  0 0 -1,0 0 -1,
  0 0 -1,0 0 -1,
  0 0 -1,0 0 -1,
  0 0 -1,0 0 -1,
  0 0 -1,0 0 -1,
  0 0 -1,0 0 -1,
  0 0 -1,0 0 -1,
  0 0 -1,0 0 -1,
  0 0 -1,0 0 -1,
  0 0 -1,0 0 -1,
  0 0 -1,0 0 -1,
  0 0 -1,0 0 -1,
  0 0 -1,0 0 -1,
  0 0 -1,0 0 -1,
  0 0 -1,0 0 -1,
  0 0 -1,0 0 -1,
  0 0 -1,0 0 -1,
  0 0 -1,0 0 -1,
  0 0 -1,0 0 -1,
  0 0 -1,0 0 -1,
  0 0 -1,0 0 -1,
  0 0 -1,0 0 -1,
  0 0 -1,0 0 -1,
  0 0 -1,0 0 -1,
  0 0 -1,0 0 -1,
  0 0 -1,0 0 -1,
  0 0 -1,0 0 -1,
  0 0 -1,0 0 -1,
  0 0 -1,0 0 -1,
  0 0 -1,0 0 -1,
  0 0 -1,0 0 -1,
  0 0 -1,0 0 -1,
  0 0 -1,0 0 -1,
  0 0 -1,0 0 -1,
  0 0 -1,0 0 -1,
  0 0 -1,0 0 -1,
  0 0 -1,0 0 -1,
  0 0 -1,0 0 -1,
  0 0 -1,0 0 -1,
  0 0 -1,0 0 -1,
  0 0 -1,0 0 -1,
  0 0 -1,0 0 -1,
  0 0 -1,0 0 -1,
  0 0 -1,0 0 -1,
  0 0 -1,0 0 -1,
  0 0 -1,0 0 -1,
  0 0 -1,0 0 -1,
  0 0 -1,0 0 -1,
  0 0 -1,0 0 -1,
  0 0 -1,0 0 -1,
  0 0 -1,0 0 -1,
  0 0 -1,0 0 -1,
  0 0 -1,0 0 -1,
  0 0 -1,0 0 -1,
  0 0 -1,0 0 -1,
  0 0 -1,0 0 -1,
  0 0 -1,0 0 -1,
  0 0 -1,0 0 -1,
  0 0 -1,0 0 -1,
  0 0 -1,0 0 -1,
  0 0 -1,0 0 -1,
  0 0 -1,0 0 -1,
  0 0 -1,0 0 -1,
  0 0 -1,0 0 -1,
  0 0 -1,0 0 -1,
  0 0 -1,0 0 -1,
  0 0 -1,0 0 -1,
  0 0 -1,0 0 -1,
  0 0 -1,0 0 -1,
  0 0 -1,0 0 -1,
  0 0 -1,0 0 -1,
  0 0 -1,0 0 -1,
  0 0 -1,0 0 -1,
  0 0 -1,0 0 -1,
  0 0 -1,0 0 -1,
  0 0 -1,0 0 -1,
  0 0 -1,0 0 -1,
  0 0 -1,0 0 -1,
  0 0 -1,0 0 -1,
  0 0 -1,0 0 -1,
  0 0 -1,0 0 -1,
  0 0 -1,0 0 -1,
  0 0 -1,0 0 -1,
  0 0 -1,0 0 -1,
  0 0 -1,0 0 -1,
  0 0 -1,0 0 -1,
  0 0 -1,0 0 -1,
  0 0 -1,0 0 -1,
  0 0 -1,0 0 -1,
  0 0 -1,0 0 -1,
  0 0 -1,0 0 -1,
  0 0 -1,0 0 -1,
  0 0 -1,0 0 -1,
  0 0 -1,0 0 -1,
  0 0 -1,0 0 -1,
  0 0 -1,0 0 -1,
  0 0 -1,0 0 -1,
  0 0 -1,0 0 -1,
  0 0 -1,0 0 -1,
  0 0 -1,0 0 -1,
  0 0 -1,0 0 -1,
  0 0 -1,0 0 -1,
  0 0 -1,0 0 -1,
  0 0 -1,0 0 -1,
  0 0 -1,0 0 -1,
  0 0 -1,0 0 -1,
  0 0 -1,0 0 -1,
  0 0 -1,0 0 -1,
  0 0 -1,0 0 -1,
  0 0 -1,0 0 -1,
  0 0 -1,0 0 -1,
  0 0 -1,0 0 -1,
  0 0 -1,0 0 -1,
  0 0 -1,0 0 -1,
  0 0 -1,0 0 -1,
  0 0 -1,0 0 -1,
  0 0 -1,0 0 -1,
  0 0 -1,0 0 -1,
  0 0 -1,0 0 -1,
  0 0 -1,0 0 -1,
  0 0 -1,0 0 -1,
  0 0 -1,0 0 -1,
  0 0 -1,0 0 -1,
  0 0 -1,0 0 -1,
  0 0 -1,0 0 -1,
  0 0 -1,0 0 -1,
  0 0 -1,0 0 -1,
  0 0 -1,0 0 -1,
  0 0 -1,0 0 -1,
  0 0 -1,0 0 -1,
  0 0 -1,0 0 -1,
  0 0 -1,0 0 -1,
  0 0 -1,0 0 -1,
  0 0 -1,0 0 -1,
  0 0 -1,0 0 -1,
  0 0 -1,0 0 -1,
  0 0 -1,0 0 -1,
  0 0 -1,0 0 -1,
  0 0 -1,0 0 -1,
  0 0 -1,0 0 -1,
  0 0 -1,0 0 -1,
  0 0 -1,0 0 -1,
  0 0 -1,0 0 -1,
  0 0 -1,0 0 -1,
  0 0 -1,0 0 -1,
  0 0 -1,0 0 -1,
  0 0 -1,0 0 -1,
  0 0 -1,0 0 -1,
  0 0 -1,0 0 -1,
  0 0 -1,0 0 -1,
  0 0 -1,0 0 -1,
  0 0 -1,0 0 -1,
  0 0 -1,0 0 -1,
  0 0 -1,0 0 -1,
  0 0 -1,0 0 -1,
  0 0 -1,0 0 -1,
  0 0 -1,0 0 -1,
  0 0 -1,0 0 -1,
  0 0 -1,0 0 -1,
  0 0 -1,0 0 -1,
  0 0 -1,0 0 -1,
  0 0 -1,0 0 -1,
  0 0 -1,0 0 -1,
  0 0 -1,0 0 -1,
  0 0 -1,0 0 -1,
  0 0 -1,0 0 -1,
  0 0 -1,0 0 -1,
  0 0 -1,0 0 -1,
  0 0 -1,0 0 -1,
  0 0 -1,0 0 -1,
  0 0 -1,0 0 -1,
  0 0 -1,0 0 -1,
  0 0 -1,0 0 -1,
  0 0 -1,0 0 -1,
  0 0 -1,0 0 -1,
  0 0 -1,0 0 -1,
  0 0 -1,0 0 -1,
  0 0 -1,0 0 -1,
  0 0 -1,0 0 -1,
  0 0 -1,0 0 -1,
  0 0 -1,0 0 -1,
  0 0 -1,0 0 -1,
  0 0 -1,0 0 -1,
  0 0 -1,0 0 -1,
  0 0 -1,0 0 -1,
  0 0 -1,0 0 -1,
  0 0 -1,0 0 -1,
  0 0 -1,0 0 -1,
  0 0 -1,0 0 -1,
  0 0 -1,0 0 -1,
  0 0 -1,0 0 -1,
  0 0 -1,0 0 -1,
  0 0 -1,0 0 -1,
  0 0 -1,0 0 -1,
  0 0 -1,0 0 -1,
  0 0 -1,0 0 -1,
  0 0 -1,0 0 -1,
  0 0 -1,0 0 -1,
  0 0 -1,0 0 -1,
  0 0 -1,0 0 -1,
  0 0 -1,0 0 -1,
  0 0 -1,0 0 -1,
  0 0 -1,0 0 -1,
  0 0 -1,0 0 -1,
  0 0 -1,0 0 -1,
  0 0 -1,0 0 -1,
  0 0 -1,0 0 -1,
  0 0 -1,0 0 -1,
  0 0 -1,0 0 -1,
  0 0 -1,0 0 -1,
  0 0 -1,0 0 -1,
  0 0 -1,0 0 -1,
  0 0 -1,0 0 -1,
  0 0 -1,0 0 -1,
  0 0 -1,0 0 -1,
  0 0 -1,0 0 -1,
  0 0 -1,0 0 -1,
  0 0 -1,0 0 -1,
  0 0 -1,0 0 -1,
  0 0 -1,0 0 -1,
  0 0 -1,0 0 -1,
  0 0 -1,0 0 -1,
  0 0 -1,0 0 -1,
  0 0 -1,0 0 -1,
  0 0 -1,0 0 -1,
  0 0 -1,0 0 -1,
  0 0 -1,0 0 -1,
  0 0 -1,0 0 -1,
  0 0 -1,0 0 -1,
  0 0 -1,0 0 -1,
  0 0 -1,0 0 -1,
  0 0 -1,0 0 -1,
  0 0 -1,0 0 -1,
  0 0 -1,0 0 -1,
  0 0 -1,0 0 -1,
  0 0 -1,0 0 -1,
  0 0 -1,0 0 -1,
  0 0 -1,0 0 -1,
  0 0 -1,0 0 -1,
  0 0 -1,0 0 -1,
  0 0 -1,0 0 -1,
  0 0 -1,0 0 -1,
  0 0 -1,0 0 -1,
  0 0 -1,0 0 -1,
  0 0 -1,0 0 -1,
  0 0 -1,0 0 -1,
  0 0 -1,0 0 -1,
  0 0 -1,0 0 -1,
  0 0 -1,0 0 -1,
  0 0 -1,0 0 -1,
  0 0 -1,0 0 -1,
  0 0 -1,0 0 -1,
  0 0 -1,0 0 -1,
  0 0 -1,0 0 -1,
  0 0 -1,0 0 -1,
  0 0 -1,0 0 -1,
  0 0 -1,0 0 -1,
  0 0 -1,0 0 -1,
  0 0 -1,0 0 -1,
  0 0 -1,0 0 -1,
  0 0 -1,0 0 -1,
  0 0 -1,0 0 -1,
  0 0 -1,0 0 -1,
  0 0 -1,0 0 -1,
  0 0 -1,0 0 -1,
  0 0 -1,0 0 -1,
  0 0 -1,0 0 -1,
  0 0 -1,0 0 -1,
  0 0 -1,0 0 -1,
  0 0 -1,0 0 -1,
  0 0 -1,0 0 -1,
  0 0 -1,0 0 -1,
  0 0 -1,0 0 -1,
  0 0 -1,0 0 -1,
  0 0 -1,0 0 -1,
  0 0 -1,0 0 -1,
  0 0 -1,0 0 -1,
  0 0 -1,0 0 -1,
  0 0 -1,0 0 -1,
  0 0 -1,0 0 -1,
  0 0 -1,0 0 -1,
  0 0 -1,0 0 -1,
  0 0 -1,0 0 -1,
  0 0 -1,0 0 -1,
  0 0 -1,0 0 -1,
  0 0 -1,0 0 -1,
  0 0 -1,0 0 -1,
  0 0 -1,0 0 -1,
  0 0 -1,0 0 -1,
  0 0 -1,0 0 -1,
  0 0 -1,0 0 -1,
  0 0 -1,0 0 -1,
  0 0 -1,0 0 -1,
  0 0 -1,0 0 -1,
  0 0 -1,0 0 -1,
  0 0 -1,0 0 -1,
  0 0 -1,0 0 -1,
  0 0 -1,0 0 -1,
  0 0 -1,0 0 -1,
  0 0 -1,0 0 -1,
  0 0 -1,0 0 -1,
  0 0 -1,0 0 -1,
  0 0 -1,0 0 -1,
  0 0 -1,0 0 -1,
  0 0 -1,0 0 -1,
  0 0 -1,0 0 -1,
  0 0 -1,0 0 -1,
  0 0 -1,0 0 -1,
  0 0 -1,0 0 -1,
  0 0 -1,0 0 -1,
  0 0 -1,0 0 -1,
  0 0 -1,0 0 -1,
  0 0 -1,0 0 -1,
  0 0 -1,0 0 -1,
  0 0 -1,0 0 -1,
  0 0 -1,0 0 -1,
  0 0 -1,0 0 -1,
  0 0 -1,0 0 -1,
  0 0 -1,0 0 -1,
  0 0 -1,0 0 -1,
  0 0 -1,0 0 -1,
  0 0 -1,0 0 -1,
  0 0 -1,0 0 -1,
  0 0 -1,0 0 -1,
  0 0 -1,0 0 -1,
  0 0 -1,0 0 -1,
  0 0 -1,0 0 -1,
  0 0 -1,0 0 -1,
  0 0 -1,0 0 -1,
  0 0 -1,0 0 -1,
  0 0 -1,0 0 -1,
  0 0 -1,0 0 -1,
  0 0 -1,0 0 -1,
  0 0 -1,0 0 -1,
  0 0 -1,0 0 -1,
  0 0 -1,0 0 -1,
  0 0 -1,0 0 -1,
  0 0 -1,0 0 -1,
  0 0 -1,0 0 -1,
  0 0 -1,0 0 -1,
  0 0 -1,0 0 -1,
  0 0 -1,0 0 -1,
  0 0 -1,0 0 -1,
  0 0 -1,0 0 -1,
  0 0 -1,0 0 -1,
  0 0 -1,0 0 -1,
  0 0 -1,0 0 -1,
  0 0 -1,0 0 -1,
  0 0 -1,0 0 -1,
  0 0 -1,0 0 -1,
  0 0 -1,0 0 -1,
  0 0 -1,0 0 -1,
  0 0 -1,0 0 -1,
  0 0 -1,0 0 -1,
  0 0 -1,0 0 -1,
  0 0 -1,0 0 -1,
  0 0 -1,0 0 -1,
  0 0 -1,0 0 -1,
  0 0 -1,0 0 -1,
  0 0 -1,0 0 -1,
  0 0 -1,0 0 -1,
  0 0 -1,0 0 -1,
  0 0 -1,0 0 -1,
  0 0 -1,0 0 -1,
  0 0 -1,0 0 -1,
  0 0 -1,0 0 -1,
  0 0 -1,0 0 -1,
  0 0 -1,0 0 -1,
  0 0 -1,0 0 -1,
  0 0 -1,0 0 -1,
  0 0 -1,0 0 -1,
  0 0 -1,0 0 -1,
  0 0 -1,0 0 -1,
  0 0 -1,0 0 -1,
  0 0 -1,0 0 -1,
  0 0 -1,0 0 -1,
  0 0 -1,0 0 -1,
  0 0 -1,0 0 -1,
  0 0 -1,0 0 -1,
  0 0 -1,0 0 -1,
  0 0 -1,0 0 -1,
  0 0 -1,0 0 -1,
  0 0 -1,0 0 -1,
  0 0 -1,0 0 -1,
  0 0 -1,0 0 -1,
  0 0 -1,0 0 -1,
  0 0 -1,0 0 -1,
  0 0 -1,0 0 -1,
  0 0 -1,0 0 -1,
  0 0 -1,0 0 -1,
  0 0 -1,0 0 -1,
  0 0 -1,0 0 -1,
  0 0 -1,0 0 -1,
  0 0 -1,0 0 -1,
  0 0 -1,0 0 -1,
  0 0 -1,0 0 -1,
  0 0 -1,0 0 -1,
  0 0 -1,0 0 -1,
  0 0 -1,0 0 -1,
  0 0 -1,0 0 -1,
  0 0 -1,0 0 -1,
  0 0 -1,0 0 -1,
  0 0 -1,0 0 -1,
  0 0 -1,0 0 -1,
  0 0 -1,0 0 -1,
  0 0 -1,0 0 -1,
  0 0 -1,0 0 -1,
  0 0 -1,0 0 -1,
  0 0 -1,0 0 -1,
  0 0 -1,0 0 -1,
  0 0 -1,0 0 -1,
  0 0 -1,0 0 -1,
  0 0 -1,0 0 -1,
  0 0 -1,0 0 -1,
  0 0 -1,0 0 -1,
  0 0 -1,0 0 -1,
  0 0 -1,0 0 -1,
  0 0 -1,0 0 -1,
  0 0 -1,0 0 -1,
  0 0 -1,0 0 -1,
  0 0 -1,0 0 -1,
  0 0 -1,0 0 -1,
  0 0 -1,0 0 -1,
  0 0 -1,0 0 -1,
  0 0 -1,0 0 -1,
  0 0 -1,0 0 -1,
  0 0 -1,0 0 -1,
  0 0 -1,0 0 -1,
  0 0 -1,0 0 -1,
  0 0 -1,0 0 -1,
  0 0 -1,0 0 -1,
  0 0 -1,0 0 -1,
  0 0 -1,0 0 -1,
  0 0 -1,0 0 -1,
  0 0 -1,0 0 -1,
  0 0 -1,0 0 -1,
  0 0 -1,0 0 -1,
  0 0 -1,0 0 -1,
  0 0 -1,0 0 -1,
  0 0 -1,0 0 -1,
  0 0 -1,0 0 -1,
  0 0 -1,0 0 -1,
  0 0 -1,0 0 -1,
  0 0 -1,0 0 -1,
  0 0 -1,0 0 -1,
  0 0 -1,0 0 -1,
  0 0 -1,0 0 -1,
  0 0 -1,0 0 -1,
  0 0 -1,0 0 -1,
  0 0 -1,0 0 -1,
  0 0 -1,0 0 -1,
  0 0 -1,0 0 -1,
  0 0 -1,0 0 -1,
  0 0 -1,0 0 -1,
  0 0 -1,0 0 -1,
  0 0 -1,0 0 -1,
  0 0 -1,0 0 -1,
  0 0 -1,0 0 -1,
  0 0 -1,0 0 -1,
  0 0 -1,0 0 -1,
  0 0 -1,0 0 -1,
  0 0 -1,0 0 -1,
  0 0 -1,0 0 -1,
  0 0 -1,0 0 -1,
  0 0 -1,0 0 -1,
  0 0 -1,0 0 -1,
  0 0 -1,0 0 -1,
  0 0 -1,0 0 -1,
  0 0 -1,0 0 -1,
  0 0 -1,0 0 -1,
  0 0 -1,0 0 -1,
  0 0 -1,0 0 -1,
  0 0 -1,0 0 -1,
  0 0 -1,0 0 -1,
  0 0 -1,0 0 -1,
  0 0 -1,0 0 -1,
  0 0 -1,0 0 -1,
  0 0 -1,0 0 -1,
  0 0 -1,0 0 -1,
  0 0 -1,0 0 -1,
  0 0 -1,0 0 -1,
  0 0 -1,0 0 -1,
  0 0 -1,0 0 -1,
  0 0 -1,0 0 -1,
  0 0 -1,0 0 -1,
  0 0 -1,0 0 -1,
  0 0 -1,0 0 -1,
  0 0 -1,0 0 -1,
  0 0 -1,0 0 -1,
  0 0 -1,0 0 -1,
  0 0 -1,0 0 -1,
  0 0 -1,0 0 -1,
  0 0 -1,0 0 -1,
  0 0 -1,0 0 -1,
  0 0 -1,0 0 -1,
  0 0 -1,0 0 -1,
  0 0 -1,0 0 -1,
  0 0 -1,0 0 -1,
  0 0 -1,0 0 -1,
  0 0 -1,0 0 -1,
  0 0 -1,0 0 -1,
  0 0 -1,0 0 -1,
  0 0 -1,0 0 -1,
  0 0 -1,0 0 -1,
  0 0 -1,0 0 -1,
  0 0 -1,0 0 -1,
  0 0 -1,0 0 -1,
  0 0 -1,0 0 -1,
  0 0 -1,0 0 -1,
  0 0 -1,0 0 -1,
  0 0 -1,0 0 -1,
  0 0 -1,0 0 -1,
  0 0 -1,0 0 -1,
  0 0 -1,0 0 -1,
  0 0 -1,0 0 -1,
  0 0 -1,0 0 -1,
  0 0 -1,0 0 -1,
  0 0 -1,0 0 -1,
  0 0 -1,0 0 -1,
  0 0 -1,0 0 -1,
  0 0 -1,0 0 -1,
  0 0 -1,0 0 -1,
  0 0 -1,0 0 -1,
  0 0 -1,0 0 -1,
  0 0 -1,0 0 -1,
  0 0 -1,0 0 -1,
  0 0 -1,0 0 -1,
  0 0 -1,0 0 -1,
  0 0 -1,0 0 -1,
  0 0 -1,0 0 -1,
  0 0 -1,0 0 -1,
  0 0 -1,0 0 -1,
  0 0 -1,0 0 -1,
  0 0 -1,0 0 -1,
  0 0 -1,0 0 -1,
  0 0 -1,0 0 -1,
  0 0 -1,0 0 -1,
  0 0 -1,0 0 -1,
  0 0 -1,0 0 -1,
  0 0 -1,0 0 -1,
  0 0 -1,0 0 -1,
  0 0 -1,0 0 -1,
  0 0 -1,0 0 -1,
  0 0 -1,0 0 -1,
  0 0 -1,0 0 -1,
  0 0 -1,0 0 -1,
  0 0 -1,0 0 -1,
  0 0 -1,0 0 -1,
  0 0 -1,0 0 -1,
  0 0 -1,0 0 -1,
  0 0 -1,0 0 -1,
  0 0 -1,0 0 -1,
  0 0 -1,0 0 -1,
  0 0 -1,0 0 -1,
  0 0 -1,0 0 -1,
  0 0 -1,0 0 -1,
  0 0 -1,0 0 -1,
  0 0 -1,0 0 -1,
  0 0 -1,0 0 -1,
  0 0 -1,0 0 -1,
  0 0 -1,0 0 -1,
  0 0 -1,0 0 -1,
  0 0 -1,0 0 -1,
  0 0 -1,0 0 -1,
  0 0 -1,0 0 -1,
  0 0 -1,0 0 -1,
  0 0 -1,0 0 -1,
  0 0 -1,0 0 -1,
  0 0 -1,0 0 -1,
  0 0 -1,0 0 -1,
  0 0 -1,0 0 -1,
  0 0 -1,0 0 -1,
  0 0 -1,0 0 -1,
  0 0 -1,0 0 -1,
  0 0 -1,0 0 -1,
  0 0 -1,0 0 -1,
  0 0 -1,0 0 -1,
  0 0 -1,0 0 -1,
  0 0 -1,0 0 -1,
  0 0 -1,0 0 -1,
  0 0 -1,0 0 -1,
  0 0 -1,0 0 -1,
  0 0 -1,0 0 -1,
  0 0 -1,0 0 -1,
  0 0 -1,0 0 -1,
  0 0 -1,0 0 -1,
  0 0 -1,0 0 -1,
  0 0 -1,0 0 -1,
  0 0 -1,0 0 -1,
  0 0 -1,0 0 -1,
  0 0 -1,0 0 -1,
  0 0 -1,0 0 -1,
  0 0 -1,0 0 -1,
  0 0 -1,0 0 -1,
  0 0 -1,0 0 -1,
  0 0 -1,0 0 -1,
  0 0 -1,0 0 -1,
  0 0 -1,0 0 -1,
  0 0 -1,0 0 -1,
  0 0 -1,0 0 -1,
  0 0 -1,0 0 -1,
  0 0 -1,0 0 -1,
  0 0 -1,0 0 -1,
  0 0 -1,0 0 -1,
  0 0 -1] }
}
}
] }
] }
